epoch,train_loss,train_recon,train_kl,train_phys,val_loss,val_recon,val_kl,val_phys,phys_weight
1,0.5766145236351911,0.5741811990737915,0.03818227504106129,8.206027395585004,0.5418915271759033,0.5394603252410889,0.03767511546611786,8.217797660827637,0.00025
2,0.5413018324795891,0.5369931634734658,0.033347530071349704,7.950370900771198,0.5105389058589935,0.5062976598739624,0.03563196137547493,7.7698619842529295,0.0005
3,0.5235868061290068,0.5176664064912235,0.03492228270453565,7.428244366365321,0.5093384146690368,0.5037731170654297,0.04142120778560639,6.868101501464844,0.00075
4,0.5134830019053291,0.5060816407203674,0.04280305040233275,6.9733208207523125,0.51777663230896,0.5103322982788085,0.052013003081083295,6.924206924438477,0.001
5,0.5044982275542091,0.49570033129523783,0.05383539791492855,6.6076421176686,0.5047591924667358,0.4958082139492035,0.06475804522633552,6.642717552185059,0.0012500000000000002
6,0.4920474974548115,0.48216112922219667,0.06883517652750015,6.132009646471809,0.4923067629337311,0.4821796238422394,0.0851479560136795,6.183771800994873,0.0015
7,0.4861085905748255,0.4742965224911185,0.09252626098254148,6.221032338983872,0.4874941349029541,0.47615923285484313,0.11401873230934143,5.825554275512696,0.0017500000000000003
8,0.476603907697341,0.46365344699691324,0.12629256134524064,5.843768456402947,0.46665562987327575,0.4533862411975861,0.1559707522392273,5.854845809936523,0.002
9,0.45619622398825255,0.44191434278207664,0.174042309031767,5.573981088750503,0.45670364499092103,0.4412970066070557,0.21276360750198364,5.901775646209717,0.00225
10,0.43876028060913086,0.42243917198742137,0.23908312618732452,5.572110652923584,0.4350699961185455,0.41837915778160095,0.28830491900444033,5.523117256164551,0.0025000000000000005
11,0.42421594963354226,0.40573878673946157,0.3231259225045933,5.543963825001436,0.39480961561203004,0.37611008286476133,0.38033026456832886,5.416810607910156,0.0027500000000000003
12,0.3936068100087783,0.3732549548149109,0.4242728913531584,5.369708650252399,0.393588000535965,0.37325126528739927,0.48882777094841,5.149484920501709,0.003
13,0.3722803417374106,0.34939656888737397,0.536571823498782,5.390169788809383,0.3666369140148163,0.3426169455051422,0.6085960745811463,5.5181537628173825,0.0032500000000000003
14,0.35386345491689797,0.3286268868867089,0.6505749856724459,5.35166140163646,0.3479629158973694,0.3222927451133728,0.7148731708526611,5.291841125488281,0.0035000000000000005
15,0.34049562145681944,0.3122505773516262,0.7605912895763621,5.503768191618078,0.34342321157455447,0.3150122582912445,0.8334725975990296,5.353663492202759,0.00375
16,0.3256772721514982,0.29507165270693164,0.8869195440236259,5.434106995077694,0.32443991899490354,0.2923369467258453,0.9580088973045349,5.630720615386963,0.004
17,0.3098173351848827,0.27592050327974205,1.0010658923317404,5.620277152341955,0.30798978805541993,0.27415767312049866,1.066541612148285,5.450986576080322,0.00425
18,0.30115798466345844,0.2654399416025947,1.1144699138753555,5.460744156556971,0.2989304900169373,0.26187987327575685,1.1879318475723266,5.593624496459961,0.0045
19,0.28826571036787596,0.25101086760268493,1.2354711855159086,5.242133393007166,0.2908051013946533,0.253031924366951,1.2912914276123046,5.233740997314453,0.004750000000000001
20,0.27560505270957947,0.235988892176572,1.3409108063753914,5.2414110969094665,0.2727223515510559,0.23312731385231017,1.3920310497283936,5.134944152832031,0.005000000000000001
21,0.26045311724438386,0.21876693648450515,1.4522947002859676,5.173948961145737,0.2602869838476181,0.2176404505968094,1.5039120435714721,5.258555126190186,0.00525
22,0.2467736154794693,0.20167681487167582,1.568597442963544,5.347422515644746,0.24735698401927947,0.20213766098022462,1.6284144639968872,5.260942077636718,0.0055000000000000005
23,0.2293154947897967,0.18168191436459036,1.716290782479679,5.29924805024091,0.22975349128246308,0.18018812239170073,1.7863387584686279,5.513387870788574,0.005750000000000001
24,0.21295694568577936,0.16123497398460612,1.8672134455512552,5.508305914261761,0.2183767020702362,0.16428563594818116,1.94289231300354,5.7770233154296875,0.006
25,0.2019652356119717,0.14639492902685614,2.0018802250132843,5.688240415909711,0.20363557934761048,0.14635575115680693,2.057056021690369,5.873482990264892,0.00625
26,0.1969331178595038,0.1377325689091402,2.120347829426036,5.8457028725567985,0.20240024328231812,0.14201186150312423,2.1689693927764893,5.953644752502441,0.006500000000000001
27,0.19147668691242442,0.12994934486992218,2.219518072464887,5.826986901900348,0.20107294619083405,0.138813753426075,2.2465781688690187,5.895320034027099,0.006750000000000001
28,0.18964281152276433,0.1250316413009868,2.271393243004294,5.98531967050889,0.20065327882766723,0.13669870495796205,2.2947801113128663,5.858110046386718,0.007000000000000001
29,0.18766799656783834,0.12128977784339119,2.315983113120584,5.961157181683709,0.19782531261444092,0.1308201313018799,2.3149399280548097,6.049073123931885,0.0072499999999999995
30,0.18530753868467667,0.1170762102393543,2.3382469485787785,5.979848076315487,0.1949734181165695,0.12536164075136186,2.3495243072509764,6.148870944976807,0.0075
31,0.18367238956339219,0.11447400029967814,2.3667311528149773,5.8749775886535645,0.19770321547985076,0.12718860507011415,2.366533899307251,6.045068073272705,0.00775
32,0.18397827095845165,0.11287905188167796,2.3789462201735554,5.913719317492316,0.1916895627975464,0.11979428231716156,2.3766128540039064,6.016143703460694,0.008
33,0.181119186036727,0.10875965873984729,2.3827191100401035,5.882707567775951,0.18986427485942842,0.11646425873041152,2.377904939651489,6.014662647247315,0.00825
34,0.18106717046569376,0.10711191200158175,2.395040792577407,5.8829234908608825,0.19090550839900972,0.11553477495908737,2.396154356002808,6.048139381408691,0.0085
35,0.179794942631441,0.10406933944014941,2.4069161274853874,5.903593680437873,0.187217116355896,0.11057034432888031,2.3974003314971926,6.019744491577148,0.008749999999999999
36,0.17735329182708964,0.10033251432811513,2.4065056688645305,5.883969166699578,0.18873671293258668,0.11089401841163635,2.4098658084869387,5.971559810638428,0.009
37,0.17580223434111653,0.09783446964095621,2.4135998978334317,5.819650201236501,0.1857028216123581,0.10577314049005508,2.409952163696289,6.035692977905273,0.00925
38,0.1740320771932602,0.09391845762729645,2.4161651414983414,5.889681255116182,0.18195731341838836,0.10017960667610168,2.416199493408203,6.064812278747558,0.009500000000000001
39,0.17134822466794183,0.09014662618146223,2.424217658884385,5.841991761151482,0.17831573784351348,0.09546868950128555,2.434108591079712,6.00061149597168,0.009750000000000002
40,0.16809535114204183,0.08501166280578165,2.4304443808162914,5.8779244703405045,0.17254411578178405,0.08703499138355256,2.4375957012176515,6.11331729888916,0.010000000000000002
41,0.1636591045295491,0.07844115771791514,2.4574124532587387,5.916470471550436,0.16955997049808502,0.08232987970113755,2.477851963043213,6.092836189270019,0.01025
42,0.15775488930590012,0.0702364462263444,2.470591334735646,5.98214584238389,0.1631149858236313,0.07269936501979828,2.4823330879211425,6.246884346008301,0.0105
43,0.1530072601402507,0.0631589260609711,2.488779671051923,6.042840424705954,0.15218102037906647,0.059045912325382234,2.5200156688690187,6.319530200958252,0.010750000000000001
44,0.14563879107727723,0.05312074457897859,2.534838171566234,6.106333452112534,0.1483438491821289,0.051642457395792006,2.575247573852539,6.449901294708252,0.011000000000000001
45,0.14084553630913005,0.04476380501599873,2.5748280497158276,6.251861880807316,0.1405649244785309,0.041053254157304764,2.6252456665039063,6.511930084228515,0.011250000000000001
46,0.13700763442937067,0.03799085702527972,2.6130844705245075,6.337907258202048,0.13879842162132264,0.03658149912953377,2.641614580154419,6.591372108459472,0.011500000000000002
47,0.13604185423430273,0.03460244264672784,2.6243812196394978,6.399625609902775,0.13591172695159912,0.03242557533085346,2.659040021896362,6.544319820404053,0.01175
48,0.1349794566631317,0.03175769691519877,2.634863530888277,6.406093709609088,0.1358730226755142,0.031032196432352065,2.65973219871521,6.520291709899903,0.012
49,0.13386008757002213,0.029227364698753637,2.629123701768763,6.395223477307488,0.13603048622608185,0.028648228198289872,2.6584689617156982,6.595720005035401,0.01225
50,0.1344030762419981,0.02697535286493161,2.621019012787763,6.4974024716545555,0.13537119328975677,0.02734234891831875,2.645184564590454,6.526159763336182,0.0125
51,0.13430286461816116,0.026588860789642614,2.613370376474717,6.398455114925609,0.13630435466766358,0.026955367252230644,2.6482381343841555,6.499341678619385,0.012750000000000001
52,0.1341012501541306,0.025357056299553198,2.6039869224323944,6.3618711303262145,0.13434182107448578,0.02486950308084488,2.62990345954895,6.397944927215576,0.013000000000000001
53,0.13426491749637268,0.023654204957625446,2.5838949820574593,6.397869025959688,0.13464498221874238,0.02235686928033829,2.601159858703613,6.511435317993164,0.013250000000000001
54,0.13497281337485595,0.023536879897994155,2.5590725085314583,6.358904277577119,0.13683394193649293,0.023418892174959183,2.5887258529663084,6.483539962768555,0.013500000000000002
55,0.13620121777057648,0.023312554201659036,2.547424077987671,6.357412618749282,0.14014996886253356,0.025522682070732116,2.571823978424072,6.466112518310547,0.013750000000000002
56,0.13605585957274718,0.022200252422515082,2.5283109019784367,6.326606946832993,0.1386075049638748,0.022468682378530502,2.558800983428955,6.467914867401123,0.014000000000000002
57,0.13660137223846772,0.022031141006771254,2.51859047833611,6.272584438323975,0.13974686861038207,0.02160101868212223,2.5319204807281492,6.514150714874267,0.014249999999999999
58,0.1374791211941663,0.02176808423417456,2.4905323841992546,6.262463289148667,0.1405422180891037,0.02173459865152836,2.522445249557495,6.454011631011963,0.014499999999999999
59,0.13803117941407597,0.021004698403617916,2.4792453120736515,6.253154333900003,0.1407575011253357,0.022418157383799552,2.501021718978882,6.327398109436035,0.01475
60,0.13961108730119817,0.020923743134035784,2.4558800108292522,6.275236410253188,0.14167044162750245,0.02143554873764515,2.480129289627075,6.362240409851074,0.015
61,0.14025695709621205,0.020871867042253998,2.4367888815262737,6.230636175941019,0.14281605780124665,0.020671869069337843,2.4559391021728514,6.399003219604492,0.01525
62,0.14113493439029245,0.02108962680487072,2.4197458659901336,6.18373228521908,0.14342117309570312,0.02164275087416172,2.442007875442505,6.281183815002441,0.0155
63,0.14218592556083903,0.020733381895457998,2.4048685606788185,6.184371892143698,0.144833505153656,0.020209287479519843,2.429058837890625,6.3703892707824705,0.01575
64,0.1439981741063735,0.019741228288587404,2.3868498661938835,6.274277574875775,0.14593524634838104,0.020087886974215506,2.4135269641876222,6.357005405426025,0.016
65,0.14423280779053183,0.01998284020844628,2.3749303397010353,6.184656620025635,0.1473197430372238,0.022374698892235756,2.3976895332336428,6.213424968719482,0.01625
66,0.14535562431111054,0.020886127015247065,2.3611935587490307,6.112579542047837,0.14726539552211762,0.021926653012633322,2.3829730987548827,6.1520613670349125,0.0165
67,0.14666007985087,0.020551912048283744,2.3440429463106045,6.129417138941148,0.14960782825946808,0.021292214468121528,2.3657718658447267,6.248232173919678,0.01675
68,0.1476802317535176,0.02099783411797355,2.334499513401705,6.07867047365974,0.15062117874622344,0.02096743360161781,2.35532546043396,6.241204929351807,0.017
69,0.14935898693168864,0.021550597622990608,2.319726397009457,6.0644131267772,0.15169722139835357,0.02217230424284935,2.334385347366333,6.155423927307129,0.017249999999999998
70,0.1501655911698061,0.021862458875950647,2.3031701480641082,6.01551025054034,0.1526155650615692,0.02263096980750561,2.3275612354278565,6.0976560592651365,0.017499999999999998
71,0.15166095688062556,0.021413302925579688,2.296584227505852,6.044045420253978,0.15395269095897673,0.020301704294979572,2.315536642074585,6.225105094909668,0.01775
72,0.15281297441791086,0.021679701393141466,2.282612576204188,6.017064066494212,0.1551735907793045,0.022863130643963815,2.3086828708648683,6.06797981262207,0.018
73,0.15362121427760406,0.02088769558159744,2.2844009118921615,6.021343090954949,0.15621742010116577,0.020506290905177593,2.303170156478882,6.17421522140503,0.01825
74,0.15464869404540343,0.021584988188217667,2.269795347662533,5.965716333950267,0.15759459137916565,0.022888972237706185,2.288104772567749,6.044571304321289,0.0185
75,0.15689960648031795,0.022793740472372842,2.268431270823759,5.942482611712287,0.15992429554462434,0.02097521536052227,2.297101306915283,6.185496616363525,0.018750000000000003
76,0.15768675944384405,0.020836344427045655,2.262663616853602,6.011778074152329,0.16048329770565034,0.02320047654211521,2.279206562042236,6.02582950592041,0.019000000000000003
77,0.1589177741723902,0.02246930274893256,2.2538122429567227,5.91742083605598,0.16055306494235994,0.023725945875048636,2.2753923892974854,5.925880432128906,0.019250000000000003
78,0.1594136506319046,0.02288804542930687,2.250905569861917,5.847002478206859,0.1616901934146881,0.023095420375466347,2.2701343536376952,5.9432525634765625,0.019500000000000003
79,0.16234654275810018,0.022887938710696557,2.2415724922628963,5.926221398746266,0.162443208694458,0.024837223067879676,2.262827444076538,5.821656131744385,0.019750000000000004
80,0.16307157365714803,0.022141455837032375,2.2440920857822193,5.9244599903331085,0.16526634693145753,0.023463089764118195,2.267037200927734,5.956644344329834,0.020000000000000004
81,0.1643055300502216,0.02253121751196244,2.2398278572980095,5.895112766939051,0.16610615849494934,0.024985115602612497,2.252415132522583,5.856636810302734,0.020250000000000004
82,0.16536948172485127,0.023480234010254637,2.2342332811916576,5.831556544584386,0.16861963272094727,0.02430185452103615,2.2489938735961914,5.942821407318116,0.0205
83,0.16684628935421214,0.02403180706588661,2.2348508834838867,5.805589339312385,0.16833401024341582,0.02482648678123951,2.253319263458252,5.830088806152344,0.02075
84,0.1676507732447456,0.0242150176097365,2.2358437846688664,5.765586628633387,0.1713941901922226,0.023852310329675674,2.2549506187438966,5.952017879486084,0.021
85,0.16872797818744883,0.024755556245937067,2.229510615853702,5.725991333232207,0.17245828807353974,0.024369949474930763,2.241937446594238,5.913833427429199,0.02125
86,0.17034888793440425,0.024695875890114728,2.221498363158282,5.74130355610567,0.17373315691947938,0.02394569031894207,2.2327521800994874,5.928369235992432,0.021500000000000002
87,0.17094788042938008,0.02424717289121712,2.2122742148006664,5.727722785052131,0.1728758007287979,0.02488734424114227,2.221614456176758,5.78263521194458,0.021750000000000002
88,0.1732302255490247,0.024707086165161693,2.199653485242058,5.751209259033203,0.17462539970874785,0.024238847941160203,2.208414316177368,5.8319275856018065,0.022000000000000002
89,0.1741908403003917,0.026051332626272652,2.1952808885013355,5.671312191907098,0.17604476809501649,0.028514433652162552,2.202044200897217,5.640893936157227,0.022250000000000002
90,0.17561726009144502,0.02526652517125887,2.184619468801162,5.711312574498794,0.1780361384153366,0.027839667350053787,2.204644250869751,5.695556735992431,0.022500000000000003
91,0.176795334500425,0.025779375368181395,2.1851009621339688,5.677580468794879,0.18208478689193724,0.028688853979110716,2.192371654510498,5.778998374938965,0.022750000000000003
92,0.1780790809322806,0.02832800248528228,2.1786908121669994,5.563659611870261,0.18022312521934508,0.02977035380899906,2.1949412345886232,5.5871025085449215,0.023000000000000003
93,0.17882048294824712,0.02697685536216287,2.1822003056021297,5.592327931348016,0.1825853168964386,0.029036322981119154,2.185871410369873,5.6640979766845705,0.023250000000000003
94,0.18012198542847352,0.026494835667750415,2.171975528492647,5.613080866196576,0.18340302407741546,0.027716733515262604,2.195410060882568,5.6907319068908695,0.0235
95,0.18183145715909846,0.026422305470880342,2.1790199139538933,5.626061271218693,0.18501910865306853,0.02881488613784313,2.1912511825561523,5.654388046264648,0.02375
96,0.18292312411700978,0.028026750749524904,2.173577238531674,5.548358300152947,0.18428559303283693,0.029686833545565606,2.185095262527466,5.53115873336792,0.024
97,0.18404549973852494,0.02888852029162295,2.1725903959835278,5.502312211429372,0.18473073542118074,0.03127864114940167,2.183347702026367,5.4275716781616214,0.02425
98,0.18529369024669423,0.028589132187121055,2.167462068445542,5.511426140280331,0.1870512992143631,0.03134951218962669,2.173060941696167,5.468211555480957,0.0245
99,0.18716724392245798,0.029475636889829356,2.1582216655506805,5.499369312735165,0.1902887374162674,0.028726159036159514,2.1702852725982664,5.650898265838623,0.02475
100,0.18906535646494696,0.028522052856929162,2.167407105950748,5.5547691513510316,0.19023739397525788,0.03316410519182682,2.18951210975647,5.407126426696777,0.025
101,0.1897871082319933,0.030424293240203577,2.181505189222448,5.447435911963968,0.19133304357528685,0.03281035572290421,2.190164089202881,5.410734367370606,0.02525
102,0.18933979027411518,0.029252318994087333,2.178996913573321,5.423431564779842,0.19186085760593413,0.03331933468580246,2.180550384521484,5.362196922302246,0.025500000000000002
103,0.19035299823564641,0.031190631034619668,2.164661968455595,5.340417216805851,0.19406131505966187,0.032992280647158624,2.162062406539917,5.41547212600708,0.025750000000000002
104,0.1921099520781461,0.03121520031024428,2.147987534018124,5.362110530628877,0.19596475660800933,0.032644211500883105,2.157552194595337,5.451731586456299,0.026000000000000002
105,0.19364754505017223,0.031067102818804627,2.1501552076900707,5.374434050391702,0.19692533314228058,0.03158193081617355,2.1646149158477783,5.474181365966797,0.026250000000000002
106,0.19555184508071227,0.03216837357510539,2.1560875668245205,5.3517961502075195,0.19805013239383698,0.03286965079605579,2.1627991676330565,5.417075347900391,0.026500000000000003
107,0.1957916573566549,0.03283872159526629,2.1536990334005917,5.286577336928424,0.19836561381816864,0.03501737788319588,2.168918180465698,5.295665645599366,0.026750000000000003
108,0.19709859963725596,0.03257388577741735,2.167523748734418,5.290721164030187,0.19975287318229676,0.03341441005468369,2.1774600982666015,5.35421724319458,0.027000000000000003
109,0.19888055236900554,0.033824921202133686,2.1742436745587517,5.259199815637925,0.20092304944992065,0.03381169550120831,2.1759381771087645,5.3340174674987795,0.027250000000000003
110,0.19925044389332042,0.033152639975442606,2.1721701201270607,5.250040194567512,0.20590152740478515,0.03593631684780121,2.184474754333496,5.386198711395264,0.027500000000000004
111,0.20110661054358764,0.03308427892625332,2.1711722402011646,5.272454373976764,0.20263290107250215,0.03335814848542214,2.173056173324585,5.316907596588135,0.027750000000000004
112,0.20196348954649532,0.03207794127657133,2.165958278319415,5.293784337885239,0.20506938993930818,0.03643942549824715,2.171586608886719,5.246932125091552,0.028000000000000004
113,0.20370922281461604,0.035971439717447054,2.167649072759292,5.170311366810518,0.20413410067558288,0.03676714226603508,2.182187557220459,5.152038478851319,0.028249999999999997
114,0.20433421695933623,0.03608805751975845,2.1721669365377987,5.141210163340849,0.209164822101593,0.039388997852802275,2.169291543960571,5.195891666412353,0.028499999999999998
115,0.20589049598749945,0.03680357030209373,2.163931355756872,5.128612518310547,0.21056433916091918,0.04003468677401543,2.1673988819122316,5.177588272094726,0.028749999999999998
116,0.20680932437672334,0.03661853075027466,2.1604994745815502,5.123648391050451,0.21054479479789734,0.03797738179564476,2.167506551742554,5.203184604644775,0.028999999999999998
117,0.20832720048287334,0.03637767254429705,2.1671147907481476,5.1377224080702835,0.2109047383069992,0.03611377291381359,2.172592210769653,5.232993125915527,0.029249999999999998
118,0.20854143710697398,0.0365014383021523,2.161542163175695,5.0991381476907165,0.21068520843982697,0.03955558091402054,2.1639509201049805,5.0674614906311035,0.0295
119,0.20871494622791514,0.03962457114282776,2.1479874358457676,4.961697354036219,0.21252077221870422,0.03884498029947281,2.1439655303955076,5.117180919647216,0.02975
120,0.21226352102616253,0.03763790121849846,2.1430884529562557,5.106491257162655,0.21577995121479035,0.04147508665919304,2.148863935470581,5.09387435913086,0.03
121,0.2141399935764425,0.04132515433080056,2.143583704443539,5.004264635198257,0.21686344146728515,0.0431055374443531,2.153222751617432,5.032253837585449,0.03025
122,0.21344374733812668,0.03915824905476149,2.1536271992851708,5.008171277887681,0.21656555235385894,0.03989067450165749,2.1568980693817137,5.085439205169678,0.0305
123,0.21443281103582942,0.04032602051601691,2.1559617940117333,4.960883589351878,0.21917712688446045,0.04221776947379112,2.1624372482299803,5.0515439987182615,0.03075
124,0.21669924697455237,0.0397257837740814,2.162497744840734,5.011241492103128,0.21939363777637483,0.04154848530888557,2.1672613620758057,5.037824058532715,0.031
125,0.21679222496116862,0.039850951117627764,2.1602158967186424,4.970851701848647,0.22020960450172425,0.04179782941937447,2.1534777164459227,5.020063972473144,0.03125
126,0.21766479576335235,0.0407332153443028,2.145825680564432,4.935661035425523,0.22179026901721954,0.0424613893032074,2.1480197429656984,5.011069202423096,0.0315
127,0.21830947083585403,0.04039378025952507,2.140961072024177,4.929325159858255,0.22371337711811065,0.04160697013139725,2.1429251194000245,5.0606976509094235,0.03175
128,0.22087514400482178,0.041039473870221305,2.1413548132952522,4.950691110947552,0.22494985163211823,0.0457662507891655,2.144768762588501,4.929247093200684,0.032
129,0.22107502642799826,0.04088270488907309,2.144755377488978,4.922318682951086,0.22661464512348176,0.04448374062776565,2.152574634552002,4.980005168914795,0.03225
130,0.22195391619906707,0.04289679842836717,2.146355727139641,4.849032850826488,0.22551220655441284,0.04548431932926178,2.1482279300689697,4.8783266067504885,0.0325
131,0.22243304287686066,0.042761412832666844,2.1397854861091163,4.832787177141975,0.2293708086013794,0.043557402491569516,2.1426804065704346,5.019438362121582,0.03275
132,0.22466161584152894,0.04403316755505169,2.132509133395027,4.827374486362233,0.2286536931991577,0.04850665479898453,2.133433389663696,4.812506198883057,0.033
133,0.22556713135803447,0.04535715194309459,2.132586717605591,4.778469436308917,0.22919351756572723,0.04554807543754578,2.138246440887451,4.880089378356933,0.03325
134,0.22676919751307545,0.04580116973203771,2.1321970715242275,4.765553909189561,0.23050437569618226,0.05169940292835236,2.1361395359039306,4.69980821609497,0.0335
135,0.22737166723784277,0.045627144329688125,2.132880884058335,4.753058012794046,0.229668328166008,0.05099547356367111,2.1346859455108644,4.661510848999024,0.03375
136,0.2277252156944836,0.04905433229663793,2.132654176038854,4.627774547128117,0.2322143316268921,0.049140225350856784,2.1324902534484864,4.757329273223877,0.034
137,0.22894704341888428,0.04775145408861777,2.1299704243155086,4.668493158677045,0.2329904854297638,0.048156663030385974,2.1411688327789307,4.771449375152588,0.03425
138,0.23113138798405142,0.047524397425791794,2.135593189912684,4.702929356518914,0.23680892884731292,0.048597875982522964,2.1458722591400146,4.833401012420654,0.034499999999999996
139,0.2314390382345985,0.04751722142100334,2.1439392847173355,4.675753242829266,0.2337503045797348,0.04985668361186981,2.150006628036499,4.673195838928223,0.034749999999999996
140,0.23395814790445216,0.04794467503533644,2.1405179220087387,4.703094103757073,0.23562623262405397,0.047905953228473665,2.1466922760009766,4.7500957489013675,0.034999999999999996
141,0.23426894054693334,0.049366139313753915,2.140220137203441,4.638314836165485,0.2368442565202713,0.05032218918204308,2.1477007389068605,4.682129287719727,0.03525
142,0.23540247012587154,0.048670432804261934,2.151159300523646,4.654096897910623,0.23966786861419678,0.04860829934477806,2.153850030899048,4.775241184234619,0.0355
143,0.2367710225722369,0.04917986208901686,2.148842965855318,4.646230024449966,0.2422427475452423,0.05288748890161514,2.150268077850342,4.695176792144776,0.03575
144,0.23680121232481563,0.05014227286857717,2.1401510098401237,4.590484352672801,0.24104731678962707,0.05103721022605896,2.1392934799194334,4.683810520172119,0.036
145,0.2400207405581194,0.0487352736732539,2.137396616094253,4.6872139117297005,0.23988839387893676,0.05438346117734909,2.14674334526062,4.525172567367553,0.03625
146,0.23959464711301467,0.05218533032080706,2.1465039814219757,4.546418680864222,0.24426519870758057,0.05108174309134483,2.1488826274871826,4.703962421417236,0.0365
147,0.23949259519577026,0.051684089881532336,2.140879574943991,4.527883361367619,0.2422375798225403,0.04977479055523872,2.141518545150757,4.654356479644775,0.03675
148,0.24042239083963282,0.04993534679798519,2.1357138297137093,4.571078468771542,0.2464876353740692,0.05475734025239944,2.1376856327056886,4.604146814346313,0.037
149,0.24185700626934276,0.055055774090921175,2.135344519334681,4.441551250569961,0.24403526782989501,0.05397145971655846,2.1343704223632813,4.529398679733276,0.03725
150,0.24363452283775106,0.051770362783880794,2.140381981344784,4.545608885147992,0.24815871119499205,0.05705435648560524,2.1434090614318846,4.524540185928345,0.037500000000000006
151,0.24378042624277227,0.05325629123870064,2.142348948646994,4.479487517300774,0.24848928153514863,0.054941211640834806,2.142157793045044,4.559642505645752,0.037750000000000006
152,0.244286208468325,0.055360780042760516,2.1367099846110627,4.409429830663345,0.24977477192878722,0.05328863635659218,2.13041615486145,4.610052013397217,0.038000000000000006
153,0.24546254820683422,0.05477967485785484,2.1214182096369125,4.430554137510412,0.2511045396327972,0.059547512978315356,2.1167575836181642,4.4546263217926025,0.038250000000000006
154,0.24681230853585637,0.055830048725885505,2.113268487593707,4.411677276386934,0.2510959833860397,0.05517080649733543,2.106840801239014,4.541734313964843,0.038500000000000006
155,0.24756355496013865,0.05629089649985818,2.102002312155331,4.393616479985854,0.2526099681854248,0.0599836103618145,2.0995153903961183,4.429192447662354,0.03875000000000001
156,0.2477580536814297,0.058113608290167415,2.10091653992148,4.323981551563039,0.2543483406305313,0.059388945996761325,2.1026071548461913,4.459828662872314,0.03900000000000001
157,0.24899985685068018,0.05923330170266768,2.105788371142219,4.29831002740299,0.251656299829483,0.05949252247810364,2.107983446121216,4.358826446533203,0.03925000000000001
158,0.24973006283535676,0.05886325108654359,2.1043494308696076,4.299324288087733,0.2565021634101868,0.060636839270591734,2.1034493923187254,4.426096630096436,0.03950000000000001
159,0.2515922740978353,0.06022635934983983,2.1051431263194367,4.284641237819896,0.2583998620510101,0.06201912686228752,2.1047764301300047,4.410892629623413,0.03975000000000001
160,0.25195372630568114,0.06106156154590495,2.100916525896858,4.247075122945449,0.25888198614120483,0.06347470059990883,2.0981348037719725,4.360648345947266,0.04000000000000001
161,0.2523785741890178,0.061369422165786516,2.101402759552002,4.223481402677648,0.2585889667272568,0.05869396105408668,2.1003535747528077,4.444508647918701,0.04025000000000001
162,0.2545882656293757,0.05996490773909232,2.0983318861793068,4.287408422021305,0.2586219906806946,0.06166481152176857,2.1003698825836183,4.344530200958252,0.04050000000000001
163,0.2549504576360478,0.06246563463526614,2.1064675836002125,4.2066293043248795,0.2614018082618713,0.06491527929902077,2.1068443298339843,4.30473837852478,0.04075
164,0.2561505095047109,0.062483918140916264,2.1107540130615234,4.208757274291095,0.2620835155248642,0.06400306150317192,2.113303852081299,4.315790367126465,0.041
165,0.2565263492219588,0.06338686912375338,2.118925655589384,4.168490059235516,0.26360568404197693,0.06472361087799072,2.120538520812988,4.307313632965088,0.04125
166,0.25745690745465893,0.06279135429683853,2.122318239773021,4.179334430133595,0.2658284604549408,0.06589342281222343,2.119277238845825,4.30704288482666,0.0415
167,0.2581542151815751,0.06360088814707364,2.1150422236498665,4.153363087598016,0.26614188551902773,0.06501203998923302,2.110825252532959,4.311894416809082,0.04175
168,0.25995497054913463,0.06374163903734263,2.1102365746217617,4.16930871851304,0.26688762605190275,0.0633226402103901,2.104997491836548,4.345595455169677,0.042
169,0.2616870341932072,0.06574332166244001,2.106457976733937,4.139151068294749,0.2650329291820526,0.06608901396393776,2.112520694732666,4.20872688293457,0.04225
170,0.26140936683205995,0.06616050552795916,2.1145232845755184,4.096555990331313,0.267888206243515,0.06661058217287064,2.1168941974639894,4.2378514289855955,0.0425
171,0.2608337174443638,0.06619354074492174,2.1143187775331387,4.058408947551952,0.2702540934085846,0.0670053094625473,2.104210042953491,4.262144708633423,0.04275
172,0.2631705639993443,0.06646925452000954,2.1054916662328385,4.084799668368171,0.2706647217273712,0.06783898174762726,2.1085891246795656,4.226508092880249,0.043000000000000003
173,0.2634063135175144,0.06812061347505625,2.108209385591395,4.027829212300918,0.2728422164916992,0.0728317528963089,2.1084763050079345,4.13701057434082,0.043250000000000004
174,0.2647405643673504,0.06647018387037165,2.1121750158422135,4.072382408029893,0.27303180694580076,0.06645616888999939,2.109211778640747,4.263989067077636,0.043500000000000004
175,0.26656848367522745,0.06975890389260124,2.1164887091692757,4.0147358249215515,0.27345491051673887,0.07508132010698318,2.1137248516082763,4.051116561889648,0.043750000000000004
176,0.2638574295184192,0.07030302899725296,2.1100702426012825,3.9194023468915153,0.2721614897251129,0.07019213885068894,2.103145456314087,4.112224960327149,0.044000000000000004
177,0.26640311760060925,0.07066789532408994,2.104094477260814,3.9478931427001953,0.2766150861978531,0.07098768353462219,2.0979738235473633,4.172828578948975,0.044250000000000005
178,0.26696158156675454,0.07160551561152234,2.1118370785432705,3.915453742532169,0.2758490204811096,0.0733329713344574,2.1175724506378173,4.075063323974609,0.044500000000000005
179,0.267523591132725,0.07132010249530568,2.111772705526913,3.9125308569739845,0.2766744911670685,0.07093526571989059,2.1069427967071532,4.1266992568969725,0.044750000000000005
180,0.2687879607957952,0.07273589907323613,2.109754898968865,3.8878778990577247,0.27913275063037873,0.07383264601230621,2.111684036254883,4.092961168289184,0.045000000000000005
181,0.2713758112753139,0.0743867294753299,2.112611826728372,3.8864744270549103,0.27913182973861694,0.07381627708673477,2.103461503982544,4.0725071907043455,0.045250000000000005
182,0.2706396088880651,0.0729258104282267,2.1134412849650666,3.880865686080035,0.2801360547542572,0.07616659700870514,2.112782382965088,4.018497467041016,0.045500000000000006
183,0.2717625700375613,0.07554978439036537,2.1134469789617203,3.8268484227797566,0.2790951669216156,0.08030922412872314,2.1049094676971434,3.884958505630493,0.045750000000000006
184,0.2726521851385341,0.07538058521116481,2.1075048867393944,3.8303598796620086,0.2848217785358429,0.0816711038351059,2.105972909927368,3.9584987640380858,0.046000000000000006
185,0.2740436993977603,0.07581074842635323,2.1181605843936695,3.828137145322912,0.2826921284198761,0.08164587020874023,2.110677719116211,3.890583324432373,0.046250000000000006
186,0.27437952511450825,0.07738718346637838,2.1157329082489014,3.7813980298883774,0.286633563041687,0.07621914595365524,2.1098053455352783,4.071319484710694,0.04650000000000001
187,0.2750190899652593,0.07824162087019752,2.107813175986795,3.758274471058565,0.2838180840015411,0.08270526975393296,2.102566432952881,3.8521315097808837,0.04675000000000001
188,0.27493831602966085,0.07919510453939438,2.1168454254374787,3.7143567029167626,0.2868887782096863,0.08418026864528656,2.120103931427002,3.861861324310303,0.047
189,0.27580831506673026,0.07883182956891902,2.1213669917162727,3.7198481139014747,0.2865204453468323,0.07658437192440033,2.113818073272705,3.995722770690918,0.04725
190,0.27755014948985157,0.0796354855684673,2.114576451918658,3.721450455048505,0.29211361408233644,0.08152806162834167,2.113406467437744,3.988452339172363,0.0475
191,0.278476488940856,0.08175328899832333,2.125856315388399,3.6746521276586197,0.2923671543598175,0.08623130172491074,2.1297371864318846,3.870962905883789,0.04775
192,0.27868181291748495,0.08252467960119247,2.1304272483376896,3.642767976312076,0.28850687146186826,0.08509137481451035,2.1186538696289063,3.7964365482330322,0.048
193,0.27922281973502217,0.08073759035152547,2.1292560942032757,3.6723868005415974,0.2923202574253082,0.0813262477517128,2.128719997406006,3.931747245788574,0.04825
194,0.27943207586512847,0.08388138387133093,2.1444145651424633,3.589825560064877,0.2900535225868225,0.08893199265003204,2.144322919845581,3.7047070503234862,0.0485
195,0.2795431350960451,0.0827340770731954,2.151955983218025,3.5956821161157944,0.2962103486061096,0.08419040739536285,2.1508408546447755,3.9079291343688967,0.04875
196,0.28118475044474883,0.08385426945546094,2.1522105301127716,3.587926177417531,0.29365068674087524,0.0881576582789421,2.1375560760498047,3.757499265670776,0.049
197,0.28151799826061025,0.08561197975102593,2.1350129351896396,3.5442820016075585,0.29186092019081117,0.08905747979879379,2.124618911743164,3.686441659927368,0.04925
198,0.2827271661337684,0.08882629564579796,2.128317285986508,3.487226163639742,0.29231632351875303,0.0921189546585083,2.124885988235474,3.6151212215423585,0.0495
199,0.2834818818989922,0.08997309383224039,2.120473062290865,3.463398105957929,0.2913389354944229,0.09317933917045593,2.105406141281128,3.559910249710083,0.04975
200,0.28359977287404675,0.0897127249661614,2.120127832188326,3.453715380500345,0.2992431938648224,0.08561419695615768,2.130872392654419,3.8464054584503176,0.05
201,0.28283944901298075,0.08862794146818273,2.1425229521358715,3.4557255296146168,0.2913591146469116,0.09259555041790009,2.1316418647766113,3.548942756652832,0.05
202,0.28345490904415355,0.08888335175373975,2.136017785352819,3.464227564194623,0.2940943419933319,0.09263488799333572,2.1237416744232176,3.604440689086914,0.05
203,0.28201593896921945,0.09113799999741946,2.125103333417107,3.392538112752578,0.28845083713531494,0.09869552701711655,2.1136115074157713,3.372383689880371,0.05
204,0.28252913496073556,0.09105218026567907,2.118373800726498,3.405864252763636,0.28653834462165834,0.09731516093015671,2.120884895324707,3.3602867126464844,0.05
205,0.2813910061822218,0.0941629690282485,2.1390037256128647,3.316759880851297,0.2959854006767273,0.09502952545881271,2.1388469696044923,3.5913479804992674,0.05
206,0.2806430020753075,0.09105663483633715,2.1395550194908592,3.3638162893407486,0.29197720289230344,0.09487413913011551,2.116408348083496,3.518779420852661,0.05
207,0.2814336348982418,0.09000928787624135,2.116577751496259,3.4051714364220116,0.29262428879737856,0.08757054656744004,2.1043635845184325,3.680202102661133,0.05
208,0.28152670842759747,0.09239950995234882,2.107422071344712,3.361059483359842,0.29948480129241944,0.09642691016197205,2.098746633529663,3.6414084911346434,0.05
209,0.2823321503751418,0.09121776591329013,2.104206085205078,3.40144645466524,0.2888540744781494,0.09408656805753708,2.1002283573150633,3.4753043174743654,0.05
210,0.2803347549017738,0.09229525091016993,2.1163002883686737,3.3375299958621754,0.2882830142974854,0.09671304970979691,2.116220235824585,3.4081552982330323,0.05
211,0.27979933163698983,0.09175845016451444,2.128780729630414,3.33506142391878,0.2919404566287994,0.09547760784626007,2.130750322341919,3.50310697555542,0.05
212,0.2812820462619557,0.09131125404554255,2.1373103225932404,3.371953753864064,0.2916331350803375,0.09385095089673996,2.130926322937012,3.529458427429199,0.05
213,0.2788269844125299,0.09348098188638687,2.1387306942659268,3.2791739772347843,0.29339680075645447,0.09671807736158371,2.1316740989685057,3.507239580154419,0.05
214,0.2807616468738107,0.09190769800368477,2.140306977664723,3.3490175639881805,0.29298900365829467,0.08906922042369843,2.1349133968353273,3.6514128684997558,0.05
215,0.2815720929818995,0.09225775257629507,2.1345598837908577,3.3593748737783993,0.2879075646400452,0.10025618374347686,2.1188543796539308,3.3292566776275634,0.05
216,0.28063975186908946,0.09675449483534869,2.1289312138276943,3.251918876872343,0.28825466632843016,0.10169213563203812,2.122301197052002,3.306790256500244,0.05
217,0.27961599563851075,0.09490279590382296,2.1349907762864055,3.267265796661377,0.28875772953033446,0.10520799458026886,2.138985824584961,3.2431973934173586,0.05
218,0.28059697940069084,0.09741579346797045,2.1428107654347137,3.235061561360079,0.29355952739715574,0.09937347322702408,2.1376504421234133,3.4561909675598144,0.05
219,0.27974648773670197,0.09647715880590327,2.1373377687790813,3.2379190360798553,0.28841477632522583,0.10136476010084153,2.1319613456726074,3.3146081924438477,0.05
220,0.27871760901282816,0.09536959756823148,2.137458128087661,3.2394685184254364,0.2852972328662872,0.09964742362499238,2.136864757537842,3.2856234073638917,0.05
221,0.27799344062805176,0.09880941185881109,2.1499974306891945,3.1536810678594254,0.28833542466163636,0.10187339037656784,2.1417582988739015,3.3008891582489013,0.05
222,0.27841255945317883,0.09649763738407809,2.143804101382985,3.2095375902512493,0.2858979821205139,0.10482899099588394,2.1285266399383547,3.195674419403076,0.05
223,0.2783023136503556,0.0981625283465666,2.137217605815214,3.175352194729973,0.28856850862503053,0.0987902671098709,2.1320467472076414,3.3691554069519043,0.05
224,0.27920330622616935,0.09792439946356941,2.1350300592534683,3.1985720886903652,0.2815095067024231,0.10948755294084549,2.1379065990447996,3.012857723236084,0.05
225,0.27949794250376087,0.10001642870552399,2.157591763664694,3.1581118948319378,0.29638062715530394,0.09445771723985671,2.148166608810425,3.6088248252868653,0.05
226,0.2788742351181367,0.09784217880052679,2.1468685655032886,3.191267392214607,0.2926566183567047,0.09897848516702652,2.137831115722656,3.4459962368011476,0.05
227,0.27918893098831177,0.09922833127133987,2.129508509355433,3.1733101536245907,0.28390857577323914,0.10766135156154633,2.1141215801239013,3.102120113372803,0.05
228,0.27925290079677806,0.10125810170874876,2.1083183148327995,3.138232301263248,0.2849952757358551,0.10148995518684387,2.10080246925354,3.2499459266662596,0.05
229,0.27886424257474784,0.10077344100264941,2.116300681058098,3.1385557651519775,0.2812208205461502,0.10739592611789703,2.117819976806641,3.0529340267181397,0.05
230,0.27843984084970813,0.09964450054308947,2.1278174624723545,3.1503433059243595,0.283054393529892,0.10674953758716584,2.1216174602508544,3.1017736911773683,0.05
231,0.27807460988269134,0.1006680354475975,2.124787036110373,3.123173938078039,0.2801308900117874,0.10270163714885712,2.119821310043335,3.124620819091797,0.05
232,0.2761623245828292,0.09848045776872073,2.128367872799144,3.1279637392829445,0.28284829556941987,0.1028762087225914,2.1239102840423585,3.1746596336364745,0.05
233,0.2770880329258302,0.09984192120678284,2.1296991881202247,3.1189823150634766,0.28666770458221436,0.10347219854593277,2.124865770339966,3.238936948776245,0.05
234,0.2790093833909315,0.1031610509928535,2.123257735196282,3.0923150006462548,0.28462591767311096,0.10714539140462875,2.11179461479187,3.1272514343261717,0.05
235,0.2809099432300119,0.09973932934157989,2.1170076061697567,3.200010664322797,0.284171587228775,0.11109161674976349,2.1155352115631105,3.0384922504425047,0.05
236,0.27904052944744334,0.10208772122859955,2.1269233787761017,3.113671386943144,0.28684964776039124,0.11072203665971755,2.1269864559173586,3.097154998779297,0.05
237,0.2777630134540446,0.10120936132529203,2.1416460205526913,3.102743765887092,0.27938092947006227,0.10705746859312057,2.1422869205474853,3.0180116176605223,0.05
238,0.2774949056260726,0.09844122476437513,2.145391015445485,3.1519953082589542,0.2859323501586914,0.10216707736253738,2.142665481567383,3.2467724323272704,0.05
239,0.2758074087255141,0.10091700273401596,2.1521545017466828,3.0673771325279686,0.2854011356830597,0.10215217471122742,2.1517343044281008,3.2346325874328614,0.05
240,0.2758505695006427,0.09997253295253306,2.1547375566819134,3.0866131642285515,0.2822782188653946,0.10652349293231964,2.146570062637329,3.085780477523804,0.05
241,0.27564288237515616,0.10140918063766816,2.1547134904300465,3.0537313713746914,0.2819478094577789,0.10448289662599564,2.1510650157928466,3.1190853118896484,0.05
242,0.2760198379264158,0.10211243787232567,2.1479312111349667,3.0485617132747875,0.28100515604019166,0.10914681553840637,2.132825565338135,3.0106017112731935,0.05
243,0.27663516121752124,0.10102731340071734,2.1326409928938923,3.085628761964686,0.27969130873680115,0.10255827158689498,2.128841495513916,3.116892385482788,0.05
244,0.2810361569418627,0.10515048661652733,2.1400511264801025,3.089703181210686,0.2869447886943817,0.12526812702417373,2.155192804336548,2.802494764328003,0.05
245,0.28841598419582143,0.11517445962218677,2.165783910190358,3.031673753962797,0.2888934314250946,0.10641278922557831,2.1537819385528563,3.2188565254211428,0.05
246,0.28116730293806863,0.10442058522911633,2.1524847816018498,3.1044373512268066,0.283364337682724,0.11204737424850464,2.1413865089416504,2.9980618953704834,0.05
247,0.27898760753519397,0.10280103324090734,2.1474919459399056,3.0942329939673927,0.28549991846084594,0.10708564221858978,2.1446694850921633,3.139351558685303,0.05
248,0.278662853381213,0.10137825283934088,2.149312103495878,3.115829622044283,0.2843819737434387,0.11000649034976959,2.148465967178345,3.057816219329834,0.05
249,0.2762977060149698,0.10352640861974043,2.1547455226673797,3.0244766964631924,0.28693276047706606,0.10627107620239258,2.1474416255950928,3.183745193481445,0.05
250,0.27632231396787305,0.1067391178187202,2.157930289997774,2.960077874800738,0.2887873351573944,0.11216143667697906,2.164873743057251,3.0995432853698732,0.05
251,0.2764234078281066,0.10418997792636647,2.1771994759054745,3.0092287063598633,0.2845700979232788,0.10759829580783845,2.1804560661315917,3.1033445835113525,0.05
252,0.2747736327788409,0.10548212817486595,2.181146691827213,2.9496005843667423,0.2807715892791748,0.10942523330450057,2.1746683597564695,2.9919934272766113,0.05
253,0.27409200720927296,0.1028375069008154,2.179317193872788,2.9892265375922706,0.28021031618118286,0.11033898890018463,2.1772570610046387,2.9619750499725344,0.05
254,0.27503854036331177,0.1035889579969294,2.187972713919247,2.9913970442379223,0.28039267659187317,0.10373449325561523,2.1880703926086427,3.095549488067627,0.05
255,0.27479089182965893,0.10372017586932462,2.193379177766688,2.982738494873047,0.28258545994758605,0.10743107795715331,2.195820379257202,3.063923406600952,0.05
256,0.27354501976686363,0.1038442503880052,2.2046557314255657,2.9530842163983513,0.28785606026649474,0.1017018735408783,2.2027159690856934,3.282540464401245,0.05
257,0.2883809664670159,0.10105391065864001,2.2041410277871525,3.305712812087115,0.2924724221229553,0.11091442108154297,2.2193969249725343,3.187280464172363,0.05
258,0.2869638029266806,0.10434761731063619,2.205969207427081,3.2111298336702236,0.2966759443283081,0.10860665738582612,2.214200019836426,3.31854567527771,0.05
259,0.2796177338151371,0.10535292721846524,2.2045384014354035,3.0443883783677044,0.2808405995368958,0.1094761922955513,2.2107021808624268,2.9851476192474364,0.05
260,0.27941564251394835,0.10346589938682668,2.196959327248966,3.0796030409195843,0.27848820090293885,0.10889972448348999,2.199019527435303,2.9519657611846926,0.05
261,0.27665568099302407,0.10366024383727242,2.1864294164321003,3.022622921887566,0.28568363189697266,0.10837253332138061,2.189315986633301,3.10835862159729,0.05
262,0.27583646248368654,0.10192615012912189,2.1791164875030518,3.042382941526525,0.2886885583400726,0.10295218974351883,2.174294185638428,3.279868507385254,0.05
263,0.2746647421051474,0.10406785195364672,2.1637580114252426,2.9791861562167896,0.2772030830383301,0.10553130060434342,2.1679587841033934,2.999843788146973,0.05
264,0.27525098095921907,0.10186188711839564,2.1620076964883244,3.0353803354151108,0.2813746452331543,0.10709944516420364,2.1670891284942626,3.052086114883423,0.05
265,0.2752675764700946,0.10361975124653648,2.167345397612628,2.9994874000549316,0.28788702487945556,0.10666731297969818,2.168669319152832,3.190660285949707,0.05
266,0.2738674835247152,0.10449613762252472,2.1680826439576992,2.953810257070205,0.28940384089946747,0.10895306766033172,2.174605131149292,3.174094390869141,0.05
267,0.27322686419767495,0.10335240206297706,2.172372817993164,2.963014672784244,0.2771210610866547,0.10786824226379395,2.1717559814453127,2.9507050037384035,0.05
268,0.2742106090573704,0.10560239895301707,2.1706121669096103,2.9380416870117188,0.2784158319234848,0.10930966138839722,2.1787604808807375,2.9463713645935057,0.05
269,0.27475401145570416,0.10292284672751147,2.176539322909187,3.0013154254240146,0.27786192297935486,0.10773068964481354,2.179639148712158,2.966696786880493,0.05
270,0.2739604939432705,0.10203997746986501,2.1800802735721363,3.002394157297471,0.28121650218963623,0.10952551662921906,2.183964967727661,2.99702672958374,0.05
271,0.2728300287443049,0.10625834806877024,2.1774064232321346,2.895952168632956,0.28600404858589173,0.10971191376447678,2.1748443126678465,3.0908737659454344,0.05
272,0.27345072697190675,0.10267929469837862,2.168892776264864,2.9816499878378475,0.2797889709472656,0.10695852935314179,2.1682052612304688,3.02296781539917,0.05
273,0.27288903208339915,0.10250569485566195,2.164828889510211,2.9747009417589974,0.27839558124542235,0.10855820178985595,2.1656375885009767,2.9636200428009034,0.05
274,0.27223963158972125,0.10354957378962461,2.16356196123011,2.941088746575748,0.2772547245025635,0.10668488293886184,2.167032814025879,2.977990198135376,0.05
275,0.27455540352007923,0.10653631871237475,2.155389196732465,2.929303800358492,0.28185097575187684,0.11315423548221588,2.141688108444214,2.945597267150879,0.05
276,0.27485742639092836,0.10424683768959607,2.129853501039393,2.986241060144761,0.27970951795578003,0.10539019554853439,2.1283823013305665,3.060710000991821,0.05
277,0.27227967626908245,0.10542671864523608,2.124777120702407,2.912103624904857,0.2821433037519455,0.10571600496768951,2.1316943168640137,3.102207088470459,0.05
278,0.27257980669246,0.10397027783534106,2.126136962105246,2.9469630157246307,0.27628426551818847,0.1125717356801033,2.1228354930877686,2.849683475494385,0.05
279,0.27346817886128144,0.10533839595668457,2.1178769504322723,2.939020212958841,0.2761714577674866,0.11108255386352539,2.1207491874694826,2.877628231048584,0.05
280,0.2716297244324404,0.10273566403809715,2.1183161314795997,2.9542179949143352,0.27877943217754364,0.10681479722261429,2.1221909523010254,3.014854335784912,0.05
281,0.2719074400032268,0.10228455373469521,2.1194070787990795,2.968576234929702,0.2769154667854309,0.10838933140039445,2.1229076862335203,2.945941114425659,0.05
282,0.27053429098690257,0.1038600009153871,2.1071083124946144,2.912064089494593,0.2753940254449844,0.1090813159942627,2.0959426403045653,2.907065582275391,0.05
283,0.2730373985627118,0.10373467557570513,2.0827512600842644,2.969504047842587,0.286478853225708,0.10507729649543762,2.082312059402466,3.2115684032440184,0.05
284,0.27135848210138436,0.10363517351010267,2.0791720222024357,2.9386317168965057,0.28077389895915983,0.1070538803935051,2.0888109683990477,3.05663800239563,0.05
285,0.2735759370467242,0.10546145369024838,2.089591292773976,2.9443713356466854,0.27729907631874084,0.11316366046667099,2.0977492809295653,2.863158416748047,0.05
286,0.2708488431046991,0.10788757748463575,2.099446072297938,2.8393359464757584,0.27947535216808317,0.11060382574796676,2.107900381088257,2.9558505535125734,0.05
287,0.2721804634613149,0.10503966361284256,2.1086221863241756,2.921091486425961,0.28726646900177,0.10783311724662781,2.1210240840911867,3.164462089538574,0.05
288,0.2724808112663381,0.10268777345909792,2.117533809998456,2.972353921217077,0.2751782715320587,0.10709295272827149,2.12378306388855,2.9369497299194336,0.05
289,0.2719409570974462,0.10339273424709544,2.119451536851771,2.9470740767086254,0.28334593772888184,0.10615659356117249,2.1253780841827394,3.1187113761901855,0.05
290,0.27164041119463306,0.1044318180750398,2.1210425601286045,2.9199634019066307,0.28047479689121246,0.11046904176473618,2.128508520126343,2.974413347244263,0.05
291,0.2775125775267096,0.10954361628083621,2.131560381721048,2.9330671675064983,0.30228004455566404,0.13327083140611648,2.148041105270386,2.950575923919678,0.05
292,0.2907394959646113,0.1229412060450105,2.142062958549051,2.9275531628552605,0.29257158637046815,0.11152337044477463,2.1368171691894533,3.1936008453369142,0.05
293,0.2796168721774045,0.10700690483345705,2.134918212890625,3.025215681861429,0.2856009483337402,0.11112560480833053,2.1302635192871096,3.063454246520996,0.05
294,0.27553054252091574,0.10606123769984525,2.133438741459566,2.962698179132798,0.27870004773139956,0.11030320525169372,2.130234718322754,2.9418899536132814,0.05
295,0.2766229352530311,0.1100656881051905,2.1209953392253205,2.906945929807775,0.2857894659042358,0.120470230281353,2.111012601852417,2.8841821193695067,0.05
296,0.2738790266654071,0.10803455289672403,2.1085460466497086,2.895180239396937,0.27878056168556214,0.11186927109956742,2.1035038948059084,2.9175249099731446,0.05
297,0.2732068861232084,0.10494570434093475,2.106003901537727,2.944022809757906,0.28231754899024963,0.1058663085103035,2.106809377670288,3.107662725448608,0.05
298,0.2755269864026238,0.10454455894582412,2.1086749609778908,2.99791358498966,0.2785297244787216,0.1080317184329033,2.108713960647583,2.9882172107696534,0.05
299,0.27354465600322275,0.10446826280916438,2.1099095344543457,2.9595459068522736,0.27922115921974183,0.10807171761989594,2.1155308723449706,2.9998826503753664,0.05
300,0.27291583138353687,0.10418134577134076,2.118067138335284,2.951076213051291,0.2832714021205902,0.10830906182527542,2.1279796600341796,3.0736508846282957,0.05
301,0.27242568748838764,0.10628337369245641,2.1364972030415252,2.8955468149746166,0.2799287736415863,0.10910589247941971,2.145108222961426,2.9874359130859376,0.05
302,0.27200471478350025,0.10313588994390824,2.1430454534642838,2.948767395580516,0.280155873298645,0.10555662214756012,2.1404866218566894,3.0638877868652346,0.05
303,0.27183519216144786,0.10333922593032613,2.1362329791573917,2.942672645344454,0.27755374312400816,0.11045153588056564,2.1323843955993653,2.91556715965271,0.05
304,0.271972119808197,0.10475986407083623,2.114475460613475,2.9213500022888184,0.27757653295993806,0.10803408473730088,2.107655572891235,2.969317817687988,0.05
305,0.2713443847263561,0.10456158483729643,2.1057462832506966,2.914506659788244,0.2861621916294098,0.1057459607720375,2.111059045791626,3.1861127853393554,0.05
306,0.2734915701782002,0.10693185601164312,2.1097496958339916,2.9092442007625805,0.2764045536518097,0.11464817523956299,2.121515893936157,2.810824251174927,0.05
307,0.2723751418730792,0.10891847443931243,2.1172354221343994,2.845686211305506,0.28210721015930174,0.10745772421360016,2.1191967010498045,3.0691504001617433,0.05
308,0.2743616998195648,0.1039971805670682,2.121722361620735,2.9829458909876205,0.27974132597446444,0.10808915495872498,2.1316555023193358,3.0067124366760254,0.05
309,0.2706475634785259,0.10581965656841502,2.1300981325261734,2.870538501178517,0.27790939807891846,0.11136800795793533,2.134205627441406,2.9039867401123045,0.05
310,0.27221918982617993,0.10618117144879173,2.1281434227438534,2.8951317142037785,0.2766172826290131,0.10657689869403839,2.1278910636901855,2.9752294540405275,0.05
311,0.27200187216786775,0.10441493637421552,2.1231605726129867,2.9271065487581143,0.27729388475418093,0.11163614690303802,2.126139736175537,2.887926721572876,0.05
312,0.27316544599392834,0.10767222546479281,2.1245445363661823,2.884955518385943,0.27638405561447144,0.11148744970560073,2.126349925994873,2.8726622104644775,0.05
313,0.2721475134877598,0.10661246101645862,2.126047358793371,2.8854914833517635,0.28562223315238955,0.10552931278944015,2.127308464050293,3.1763966560363768,0.05
314,0.27037889992489533,0.10454438451458425,2.12453732771032,2.891782788669362,0.2806951433420181,0.1134836122393608,2.125174903869629,2.919195556640625,0.05
315,0.271209857043098,0.10680511199376162,2.122910317252664,2.8635127123664406,0.2784367322921753,0.10635695606470108,2.129900360107422,3.0156153202056886,0.05
316,0.27111874959048105,0.10350972151055056,2.131070810205796,2.9259663890389835,0.28454280495643614,0.11318956762552261,2.135453796386719,2.9999738693237306,0.05
317,0.27112143530565147,0.10610967830700033,2.1345536989324234,2.8733244082506966,0.2763459175825119,0.1061096653342247,2.136365032196045,2.9774520874023436,0.05
318,0.27114423495881695,0.10496342620428871,2.1404671528760124,2.8955227066488827,0.2810374677181244,0.1057976484298706,2.145279884338379,3.0757402420043944,0.05
319,0.2706524396643919,0.10479026989025228,2.147979259490967,2.8876475165872013,0.27881813049316406,0.11074947714805602,2.1534650325775146,2.9306800842285154,0.05
320,0.2703213025541866,0.10418832652709063,2.152526448754703,2.8921541326186238,0.28433364629745483,0.10652651935815811,2.156477212905884,3.124847078323364,0.05
321,0.27162451954448924,0.1029811944155132,2.1563626177170696,2.9415940396925984,0.2764944940805435,0.10903953313827515,2.1627853393554686,2.9165421962738036,0.05
322,0.2709243735846351,0.10444253639263265,2.1645476397346046,2.89672711316277,0.27765633463859557,0.10851677507162094,2.171549892425537,2.948481225967407,0.05
323,0.27034445369944854,0.10334457676200305,2.1706324885873234,2.905870928483851,0.2828110456466675,0.10758115351200104,2.173044490814209,3.0699888706207275,0.05
324,0.2710771928815281,0.10454938823685926,2.1655484928804287,2.8974464220159195,0.2848428785800934,0.11104047447443008,2.1683950424194336,3.042368936538696,0.05
325,0.2702416251687443,0.10440775007009506,2.1674824602463665,2.8831809128032013,0.27823681831359864,0.10647535473108291,2.173138904571533,3.0006014347076415,0.05
326,0.27119200808160443,0.10367808797780205,2.167056069654577,2.9168671439675724,0.27776265144348145,0.11039072126150132,2.172535943984985,2.9129312515258787,0.05
327,0.270808929029633,0.10258586003499873,2.173311345717486,2.929799093919642,0.2795188069343567,0.10660861879587173,2.182807207107544,3.0216421604156496,0.05
328,0.2705421588000129,0.10206081893514185,2.178180414087632,2.933990674860337,0.28430343270301817,0.10703927874565125,2.184207391738892,3.10844144821167,0.05
329,0.27009952769559975,0.10429805999293047,2.1801708305583283,2.8799951357000015,0.27825401425361634,0.10709262937307358,2.184019184112549,2.9864237308502197,0.05
330,0.27285951025345745,0.10408272462732651,2.1772228128769817,2.9400911190930534,0.2788766086101532,0.111891008913517,2.1828998565673827,2.9031317234039307,0.05
331,0.2681366538300234,0.10422880684628207,2.1845257562749527,2.841251864152796,0.2801161020994186,0.10728606432676316,2.188732147216797,3.0188544273376463,0.05
332,0.2691541769925286,0.10246180786805995,2.1834662802079143,2.897154078764074,0.2765357315540314,0.10712538659572601,2.1829380989074707,2.951619100570679,0.05
333,0.2717398790752186,0.10221280771143296,2.1805136484258316,2.9544385741738712,0.2822777688503265,0.10433317869901657,2.192844820022583,3.1203227996826173,0.05
334,0.2730497367241803,0.10319537012016072,2.1925911482642677,2.958569049835205,0.2793771684169769,0.10593925416469574,2.203829860687256,3.027992296218872,0.05
335,0.27154194695108075,0.10306979671997182,2.192911414539113,2.930860673680025,0.2783636122941971,0.1057277888059616,2.198387336730957,3.013038921356201,0.05
336,0.2691186447353924,0.10328759428332834,2.1866694618673885,2.8792869764215805,0.2745232343673706,0.10703386068344116,2.191621494293213,2.9114631175994874,0.05
337,0.2701400982982972,0.10214784609920838,2.1872466171489044,2.922395706176758,0.2828158468008041,0.10471420586109162,2.1963743686676027,3.1227579593658445,0.05
338,0.27194829723414254,0.10146575596402674,2.202188393648933,2.9692131070529713,0.2760899722576141,0.10960929691791535,2.21339807510376,2.8869338989257813,0.05
339,0.2689455467111924,0.10234545302741668,2.203727217281566,2.891256472643684,0.2757119596004486,0.10669871270656586,2.2029770851135253,2.939669466018677,0.05
340,0.2707378583795884,0.10215623457642163,2.1977082701290356,2.932090801351211,0.2811574339866638,0.10695957839488983,2.206849718093872,3.042587089538574,0.05
341,0.2710547254366033,0.1053959722904598,2.202460204853731,2.8726829781251797,0.2746304959058762,0.1071835458278656,2.2160643100738526,2.905725860595703,0.05
342,0.26954157562816844,0.10370050984270432,2.214213315178366,2.8739785446840176,0.2826951503753662,0.10454722195863723,2.2262232303619385,3.1177138328552245,0.05
343,0.26958579263266397,0.10355331880204818,2.222126876606661,2.876224069034352,0.2747327029705048,0.10527830123901367,2.234914493560791,2.9421051502227784,0.05
344,0.27737350323620963,0.10319003857233945,2.2510033074547264,3.033468681223252,0.2860224962234497,0.10962119698524475,2.27724232673645,3.0725775241851805,0.05
345,0.2759118833962609,0.10967111587524414,2.266939920537612,2.871427423813764,0.2797671318054199,0.11174125671386718,2.278297710418701,2.9048579216003416,0.05
346,0.27401426872786355,0.10727323547882192,2.2631787412306843,2.8821848280289593,0.2765007674694061,0.10974609553813934,2.2762341022491457,2.8798466682434083,0.05
347,0.27202531520058126,0.10639500004403732,2.2597499875461353,2.860656275468714,0.2767508625984192,0.11268924623727798,2.263089179992676,2.828614521026611,0.05
348,0.27088673237492056,0.10463029715944738,2.2471522162942326,2.8756981597227207,0.27593318223953245,0.10761595964431762,2.254859113693237,2.9153725147247314,0.05
349,0.2700384381939383,0.10535827805014218,2.238331303876989,2.845936845330631,0.27647743821144105,0.11001156866550446,2.2412972927093504,2.881057786941528,0.05
350,0.27086933746057396,0.10479452504831202,2.2317192834966324,2.875152307398179,0.2784439206123352,0.11076561212539673,2.239948558807373,2.905576467514038,0.05
351,0.27176638298174915,0.10622228682041168,2.2317606140585506,2.8645298340741325,0.2763254463672638,0.10708705484867095,2.239596128463745,2.936848497390747,0.05
352,0.27043578291640563,0.10411585779751048,2.2252230363733627,2.8813537990345672,0.27715659737586973,0.10657198280096054,2.2320204257965086,2.9652880668640136,0.05
353,0.2704291571589077,0.10376554420765709,2.2169431377859676,2.8898835743174835,0.27783783078193663,0.10517317056655884,2.227646255493164,3.007763719558716,0.05
354,0.2708614591289969,0.10565918026601567,2.2096805993248436,2.8621094787822052,0.27540246248245237,0.10672584027051926,2.2164422512054442,2.9302440166473387,0.05
355,0.2682273317785824,0.10151819621815401,2.2010215450735653,2.893978427438175,0.2772633910179138,0.10223125517368317,2.2095204830169677,3.0587387084960938,0.05
356,0.27084619508070107,0.10203574510181651,2.2000874771791348,2.9361915167640236,0.2777706265449524,0.1097366526722908,2.2154134273529054,2.91759672164917,0.05
357,0.27174844023059397,0.1055869442575118,2.2016628489774814,2.8828972087186924,0.2759518027305603,0.10986514687538147,2.2093294143676756,2.8798670768737793,0.05
358,0.2703496340443106,0.10566037980949178,2.1986020312589756,2.854064604815315,0.276130610704422,0.10446315705776214,2.2130109310150146,2.990747022628784,0.05
359,0.2694014258244458,0.10209910133305718,2.2015580850489,2.9057348195244286,0.27786574363708494,0.10598447024822236,2.2122824668884276,2.9951687812805177,0.05
360,0.26956000836456523,0.10350783169269562,2.19993976985707,2.88105564958909,0.27747089266777036,0.11060652881860733,2.212656593322754,2.8947559356689454,0.05
361,0.26929296991404367,0.10317833020406611,2.199546281029196,2.8823834166807285,0.2832395523786545,0.1053231805562973,2.209861087799072,3.116355228424072,0.05
362,0.2682149532963248,0.1026646284496083,2.1921450530781463,2.872577428817749,0.27994549870491026,0.10477852821350098,2.199472188949585,3.0634448528289795,0.05
363,0.26923397972303276,0.10329361435245066,2.181198106092565,2.8825676020453956,0.27557551860809326,0.10612171143293381,2.1866206169128417,2.951751947402954,0.05
364,0.2690820229404113,0.10305837804780286,2.169542032129624,2.8865644931793213,0.2834582567214966,0.10591242462396622,2.1817461013793946,3.114567232131958,0.05
365,0.26984472660457387,0.10461205594679888,2.17111172395594,2.870431002448587,0.2752634137868881,0.11175756305456161,2.1748034954071045,2.83515625,0.05
366,0.2684317467843785,0.10284392448032603,2.1588481454288257,2.8799867770251106,0.2784591406583786,0.10736227929592132,2.1636374473571776,2.989209604263306,0.05
367,0.26952291674473705,0.10354854166507721,2.1508808416478775,2.8893113557030174,0.27430927753448486,0.10937992483377457,2.1580156326293944,2.8669838905334473,0.05
368,0.2749156618819517,0.11015383986865773,2.1459983937880573,2.866036667543299,0.2732083022594452,0.11380119472742081,2.155679941177368,2.757006072998047,0.05
369,0.2764929270043093,0.10760939822477453,2.1427232517915615,2.9491259070003735,0.27544536590576174,0.10814091414213181,2.145555782318115,2.9169776916503904,0.05
370,0.2733449480112861,0.09903448338017744,2.1293786694021786,3.060333448297837,0.27624285221099854,0.10692407935857773,2.137505054473877,2.9588744163513185,0.05
371,0.27044038562213674,0.10516264596406151,2.126220324460198,2.880310759824865,0.27332626581192015,0.10956111401319504,2.1357834815979,2.848146343231201,0.05
372,0.26951024462195006,0.10097576677799225,2.126262440400965,2.9454369685229134,0.28200313448905945,0.10365438461303711,2.136380910873413,3.139698886871338,0.05
373,0.2699887209078845,0.10314480083830216,2.125474635292502,2.911783386679257,0.27490733563899994,0.1105473741889,2.1344768524169924,2.860303831100464,0.05
374,0.26913593271199393,0.10607285841422923,2.1234187238356648,2.8365776819341324,0.2755692183971405,0.10752391219139099,2.13136248588562,2.934633493423462,0.05
375,0.2712089805042042,0.11084871607668259,2.1209789865157185,2.783009585212259,0.2774463802576065,0.11752308905124664,2.1327277183532716,2.7719202518463133,0.05
376,0.27209269474534425,0.10927538749049692,2.123687183155733,2.8316085478838753,0.2753956615924835,0.10929372906684875,2.1341021060943604,2.8952182292938233,0.05
377,0.2709374988780302,0.10424984290319331,2.128208230523502,2.9081113478716683,0.270649653673172,0.10907631367444992,2.1370059490203857,2.8040656089782714,0.05
378,0.2697284125229892,0.10627586745163974,2.130619329564712,2.842926965040319,0.2759570926427841,0.11043322533369064,2.1477606773376463,2.8809250354766847,0.05
379,0.27100812862901125,0.10527996105306289,2.14775544054368,2.8850122620077694,0.2844384551048279,0.10877600759267807,2.1655818939208986,3.0801322937011717,0.05
380,0.2697963758426554,0.10655705762260101,2.1616731250987335,2.8324517362258015,0.27881174683570864,0.1164643257856369,2.1774528503417967,2.8114577770233153,0.05
381,0.2707368749029496,0.1088542153730112,2.1676330706652474,2.804126543157241,0.27574558556079865,0.11373585164546966,2.18053822517395,2.804086923599243,0.05
382,0.27023056675406065,0.10789387147216235,2.1733694918015423,2.812059963450712,0.28292593359947205,0.1083268329501152,2.183639478683472,3.0552541732788088,0.05
383,0.27031687866238985,0.10599904112956103,2.177471202962539,2.850862418904024,0.2739813268184662,0.11229318529367446,2.1944008827209474,2.79488263130188,0.05
384,0.27093833421959596,0.10755233159836601,2.183086830026963,2.831102595609777,0.2715353548526764,0.11455475836992264,2.1965145587921144,2.7003089427947997,0.05
385,0.2718949019908905,0.10732999663142596,2.1790617494022144,2.855485663694494,0.273253470659256,0.11164308935403824,2.1829288482666014,2.7956217765808105,0.05
386,0.2702297480667339,0.10946154112324995,2.1682295238270477,2.7817182821386,0.2741573840379715,0.11274834126234054,2.1721503257751467,2.7937508106231688,0.05
387,0.27199215398115273,0.10697333470863454,2.162286828545963,2.8679189682006836,0.28165408670902253,0.1097608134150505,2.170374298095703,3.0037904262542723,0.05
388,0.2697810013504589,0.10885009081924663,2.160320352105533,2.7865541402031395,0.2736071705818176,0.11175117492675782,2.169815921783447,2.8031568050384523,0.05
389,0.2691095296074362,0.10818137272315867,2.1556347678689396,2.787436148699592,0.27990548610687255,0.10752248913049697,2.163336896896362,3.014992618560791,0.05
390,0.2688267108272104,0.10754062761278714,2.1542453906115364,2.7948724382063923,0.2773017406463623,0.1077007845044136,2.16501522064209,2.959015893936157,0.05
391,0.26968346097890067,0.106894170098445,2.1558665528016934,2.8246122809017407,0.27470676600933075,0.10823638588190079,2.1667568683624268,2.8960562229156492,0.05
392,0.2669475017225041,0.10556399603100385,2.1565376730526196,2.7963625403011547,0.27669429779052734,0.11046213209629059,2.1667949199676513,2.891284227371216,0.05
393,0.266037709572736,0.10578105028937845,2.1548971709083107,2.7741536813623764,0.2733276665210724,0.11050140112638474,2.1618051528930664,2.824164056777954,0.05
394,0.2689948458881939,0.10785809860509984,2.1487538253559784,2.792984191109152,0.274659264087677,0.11267395466566085,2.159506845474243,2.8078048706054686,0.05
395,0.26838550848119397,0.10701568994451971,2.1511043801027188,2.7971754214342903,0.2740127146244049,0.11214987188577652,2.167414140701294,2.8037739276885985,0.05
396,0.26791942820829506,0.10598205029964447,2.1643822754130646,2.805871037875905,0.2720376938581467,0.11416573524475097,2.177446222305298,2.7219499588012694,0.05
397,0.2671569445553948,0.10539508523309932,2.1682361995472625,2.801589895697201,0.2753359079360962,0.11200360506772995,2.1764414310455322,2.8313576221466064,0.05
398,0.26831648893216076,0.10467392995077021,2.1607437835020176,2.840702351401834,0.27475079894065857,0.10954210758209229,2.1704076766967773,2.8700923919677734,0.05
399,0.2687656739178826,0.10665127591175191,2.157057327382705,2.8108764255748078,0.276480907201767,0.11288580298423767,2.1656940937042237,2.8387632369995117,0.05
400,0.267685212633189,0.1067008358590743,2.155572204028859,2.788573012632482,0.2792168021202087,0.11292259395122528,2.168238878250122,2.892236328125,0.05
401,0.26703259085907655,0.10541258971480762,2.15970973407521,2.8004579544067383,0.27722022533416746,0.10980510860681533,2.1686166763305663,2.9145790100097657,0.05
402,0.2679721879608491,0.10796642478774576,2.1594211494221405,2.7682310272665585,0.2720335781574249,0.11208323836326599,2.16690616607666,2.76562557220459,0.05
403,0.26815946838435006,0.10947550219648025,2.153987940619974,2.7428816206314983,0.27352972626686095,0.11135308295488358,2.1633300304412844,2.8108668327331543,0.05
404,0.26735644042491913,0.10838740056051928,2.155816442826215,2.7482174284317913,0.27333374619483947,0.11298187673091889,2.1607093811035156,2.7748953819274904,0.05
405,0.26700112048317404,0.10620093126507367,2.1501755854662727,2.7859686542959774,0.27744624614715574,0.11126838177442551,2.1597808837890624,2.891601037979126,0.05
406,0.2696875859709347,0.10960656404495239,2.152617005740895,2.771096986882827,0.27427147030830384,0.11231827735900879,2.1656824111938477,2.8059272289276125,0.05
407,0.2681404860580669,0.1068887934088707,2.160381190917071,2.7929576004252716,0.2752926290035248,0.1120259165763855,2.1721627712249756,2.8309017181396485,0.05
408,0.2682258206255296,0.10700999463305753,2.1652460659251496,2.791267240748686,0.27523285150527954,0.10790189802646637,2.1735819816589355,2.9119027614593507,0.05
409,0.26599205592099356,0.10778686053612653,2.165051965152516,2.7310933926526237,0.2750821113586426,0.1123818352818489,2.172143983840942,2.819576692581177,0.05
410,0.2685651612632415,0.1074393645805471,2.1613973449258244,2.7902364590588737,0.27435545027256014,0.1123759850859642,2.1679572105407714,2.805997943878174,0.05
411,0.26635870600447936,0.10918249891084783,2.1579045548158535,2.7119431074927833,0.27689023315906525,0.11059989482164383,2.1656660556793215,2.8926734924316406,0.05
412,0.26857639673878164,0.10722909823936574,2.155910856583539,2.7957636889289406,0.27547343373298644,0.10892190933227539,2.164475679397583,2.8981354236602783,0.05
413,0.267460839713321,0.10696034659357632,2.154068021213307,2.779196248334997,0.27390695810317994,0.11105797290802003,2.1643349170684814,2.824112558364868,0.05
414,0.2658196161775028,0.10856513021623387,2.152224330341115,2.7146448668311622,0.2741546005010605,0.11117306798696518,2.1574941635131837,2.8281317710876466,0.05
415,0.26791257455068473,0.10902881140218061,2.151345267015345,2.7474061601302204,0.2775486946105957,0.11712982952594757,2.1642014026641845,2.775537109375,0.05
416,0.26663534781512094,0.1081684617435231,2.153725680182962,2.7385926106396843,0.2744908332824707,0.11087130457162857,2.157973051071167,2.8407958984375,0.05
417,0.2661958599791807,0.10892207482281853,2.147095007054946,2.716056655435001,0.2743523299694061,0.11152084767818451,2.1530114650726317,2.8260271549224854,0.05
418,0.26687634341857014,0.10621224080815035,2.145811726065243,2.784119634067311,0.27346493005752565,0.11456123590469361,2.161444330215454,2.745785045623779,0.05
419,0.2669101339929244,0.10881580938311185,2.158706033931059,2.7301452720866486,0.2711940348148346,0.10977575331926345,2.168679046630859,2.794629955291748,0.05
420,0.2672501960221459,0.10671145512777216,2.1636313410366284,2.7780484872705795,0.276129549741745,0.11153608411550522,2.173320007324219,2.8572052478790284,0.05
421,0.26643958863090067,0.10677347244585261,2.165893694933723,2.760143518447876,0.2758593738079071,0.10790205299854279,2.174634075164795,2.924219751358032,0.05
422,0.2674112635500291,0.10787450960453819,2.1664864035213696,2.757437790141386,0.27554977536201475,0.11018429696559906,2.178226137161255,2.87166428565979,0.05
423,0.26887862822588754,0.10475331720183878,2.170737392762128,2.848358631134033,0.27688217759132383,0.1112478494644165,2.1859857559204103,2.875489377975464,0.05
424,0.2654470363084008,0.10995605850920957,2.1787711452035343,2.674065260326161,0.27655954360961915,0.11359187513589859,2.184417200088501,2.8224699020385744,0.05
425,0.2679349455763312,0.10895986548241447,2.168055730707505,2.7458903929766487,0.2717751979827881,0.10962967425584794,2.173561668395996,2.808198070526123,0.05
426,0.2666139742907356,0.10647416465422686,2.1583550397087548,2.7711250221028045,0.27540394365787507,0.10693430304527282,2.163881015777588,2.936616611480713,0.05
427,0.267362719949554,0.10542528418933644,2.1518947096431957,2.808369748732623,0.27454201579093934,0.10716643333435058,2.161163902282715,2.915278673171997,0.05
428,0.2662150544278762,0.10697989516398486,2.1494139503030216,2.754820332807653,0.27465773820877076,0.11124513447284698,2.167651653289795,2.834721899032593,0.05
429,0.2686116046765271,0.10600949867683299,2.165140109903672,2.8190140583935905,0.2732505977153778,0.10680884271860122,2.1827249050140383,2.892290163040161,0.05
430,0.26759688731502085,0.10909377871190801,2.1641527344198788,2.7372316472670613,0.28279741406440734,0.11303473860025406,2.165352964401245,2.962182855606079,0.05
431,0.2662052529699662,0.106800237122704,2.148290381712072,2.7584422756643856,0.273113426566124,0.11035258024930954,2.15572075843811,2.8240726470947264,0.05
432,0.2652866305673824,0.10940613334669787,2.1491188722498276,2.6877861303441666,0.2791826903820038,0.10723710656166077,2.1585577011108397,3.0072000503540037,0.05
433,0.26635664087884564,0.10662917880450978,2.1494358146891877,2.764662041383631,0.27511810660362246,0.10899152606725693,2.154470348358154,2.89163761138916,0.05
434,0.2664208692662856,0.10681287944316864,2.143614825080423,2.7634368503794953,0.27333652675151826,0.10644441246986389,2.150365972518921,2.9077690124511717,0.05
435,0.2644368094556472,0.10826646799550337,2.139235734939575,2.6955595998203052,0.2763843148946762,0.1082134947180748,2.146443176269531,2.934127855300903,0.05
436,0.26624097631258126,0.10757811104550082,2.1317897403941437,2.746899366378784,0.2759396076202393,0.1087605431675911,2.1380225658416747,2.915976715087891,0.05
437,0.2678070226136376,0.10839900900335873,2.1271762567407944,2.762724988600787,0.2734450280666351,0.10870321542024612,2.1385412216186523,2.8671278953552246,0.05
438,0.2652937436805052,0.10789253562688828,2.130153361488791,2.7219934042762306,0.27290658950805663,0.11307306438684464,2.1371182918548586,2.7692469120025636,0.05
439,0.26678157553953286,0.11130551818539114,2.1305655872120575,2.683407993877635,0.2730931282043457,0.11124628484249115,2.142489194869995,2.8084389686584474,0.05
440,0.26599683568758126,0.10828851776964524,2.1325460181516758,2.7276570937212776,0.2723413109779358,0.10914952456951141,2.1428173542022706,2.835272264480591,0.05
441,0.265518432154375,0.10730357468128204,2.1318570305319393,2.737925683750826,0.27280991673469546,0.11346447765827179,2.1400271892547607,2.7589032649993896,0.05
442,0.26497699407970204,0.1104785804362858,2.127705489887911,2.664427210302914,0.2726333916187286,0.10889349728822709,2.1361292362213136,2.8475720405578615,0.05
443,0.2645291203961653,0.1075541079044342,2.1236675907583797,2.7147667127497055,0.2705641329288483,0.11330794990062713,2.1328102111816407,2.7185615062713624,0.05
444,0.2656420101137722,0.10838599503040314,2.1231599415049835,2.720488323884852,0.27220912277698517,0.1078961357474327,2.133927822113037,2.8594740867614745,0.05
445,0.26556045255240274,0.10774841159582138,2.1228679909425625,2.731667168000165,0.27219347655773163,0.11251987516880035,2.137438917160034,2.7659842491149904,0.05
446,0.26552338985835805,0.10983770296854131,2.129597593756283,2.6877942646251007,0.2741782635450363,0.1097375512123108,2.1416011333465574,2.8604938983917236,0.05
447,0.2658036140834584,0.1079690570340437,2.131643996519201,2.7303623451906094,0.27305428087711336,0.10934298485517502,2.14550986289978,2.845123863220215,0.05
448,0.26498229714000926,0.10794605665347155,2.136248406241922,2.7134751151589787,0.27058102786540983,0.11070114970207215,2.1476022720336916,2.7680768966674805,0.05
449,0.26524482930407806,0.10787677721065633,2.1414528734543743,2.7190703083487118,0.27139788269996645,0.10856920927762985,2.1511714458465576,2.826339054107666,0.05
450,0.26717472602339354,0.10745240923236399,2.142214775085449,2.766003370285034,0.279067200422287,0.10863748490810395,2.1512778759002686,2.978338670730591,0.05
451,0.26853593482690696,0.10853070020675659,2.141628994661219,2.7717788920683017,0.2763691067695618,0.1141731783747673,2.1547327995300294,2.8129718780517576,0.05
452,0.2663240362616146,0.1075049621217391,2.143923927755917,2.747596628525678,0.27232609391212464,0.11451884955167771,2.1568839073181154,2.7247681617736816,0.05
453,0.265019169625114,0.10784885594073464,2.144516818663653,2.71450278338264,0.27336483597755434,0.10828034728765487,2.1539570331573485,2.8708982467651367,0.05
454,0.2691456780714147,0.10902175701716367,2.1506447651807,2.77234941370347,0.2774590879678726,0.11117414236068726,2.173043394088745,2.891090154647827,0.05
455,0.2702561546774471,0.10686097951496348,2.156930180156932,2.836517530329087,0.2770278811454773,0.1110442504286766,2.1717159748077393,2.885329484939575,0.05
456,0.2694325815228855,0.11002655414973989,2.1526998912586883,2.7575807571411133,0.27638639211654664,0.10987152606248855,2.1656250953674316,2.8971723079681397,0.05
457,0.2675342805245343,0.10675777363426545,2.14736813657424,2.78605653257931,0.2763721108436584,0.11329615861177444,2.1607970237731933,2.8293595790863035,0.05
458,0.26724892504074993,0.10843878064085455,2.145078420639038,2.747187207726871,0.2738862127065659,0.10879313796758652,2.1609524726867675,2.8696709156036375,0.05
459,0.2678215223200181,0.10988761572276845,2.1438654170316807,2.729904946158914,0.27409482598304746,0.11114209741353989,2.157324504852295,2.8275896072387696,0.05
460,0.26511817644624147,0.10918961772147347,2.1442229327033546,2.689726478913251,0.2711721837520599,0.10912630707025528,2.1563930988311766,2.809638738632202,0.05
461,0.26676921809420867,0.11042618926833658,2.1456406537224266,2.697732420528636,0.27134100198745725,0.11190792471170426,2.160228967666626,2.756615686416626,0.05
462,0.26606742336469535,0.11055020637371961,2.1456010341644287,2.6812240095699535,0.27909953594207765,0.1090847060084343,2.155790185928345,2.969138479232788,0.05
463,0.26527149186414833,0.11132942928987391,2.1467519928427303,2.6494907351101147,0.272734659910202,0.11066405028104782,2.159976005554199,2.809416913986206,0.05
464,0.2658306228763917,0.10766796241788303,2.1402172060573803,2.7352097034454346,0.27515760660171507,0.10917348712682724,2.144299602508545,2.8908223628997805,0.05
465,0.2656441085478839,0.10734839255318922,2.134536588893217,2.7390069400562957,0.27327318787574767,0.11110019385814666,2.1491372108459474,2.8136323928833007,0.05
466,0.2672312303501017,0.1098076574066106,2.139696948668536,2.720531940460205,0.2735060453414917,0.11729727685451508,2.1571452617645264,2.6927464485168455,0.05
467,0.270664162495557,0.11521928056198008,2.1564238632426544,2.6776127955492806,0.27308474779129027,0.11330349743366241,2.1696012020111084,2.7617045879364013,0.05
468,0.2682766581282896,0.10814316658412709,2.1542160090278175,2.7718266038333668,0.2760221779346466,0.11202011406421661,2.165868806838989,2.8468674182891847,0.05
469,0.26608244548825655,0.11104299522498075,2.1602910967434155,2.668730707729564,0.2753845453262329,0.11338614225387574,2.17299861907959,2.8053682804107667,0.05
470,0.2668930940768298,0.1128475736169254,2.172828057233025,2.646344815983492,0.2822625368833542,0.10720864832401275,2.1868919849395754,3.0636993408203126,0.05
471,0.2699204963796279,0.10961922608754214,2.183871998506434,2.769250855726354,0.2848143339157104,0.11615375578403472,2.2014769554138183,2.932916021347046,0.05
472,0.2712574022657731,0.11461369780933156,2.188167263479794,2.6952406027737785,0.27638899683952334,0.11465716660022736,2.1986505508422853,2.7949063301086428,0.05
473,0.2678437452105915,0.11020578137215446,2.1843149802264046,2.715896213755888,0.27465826869010923,0.11034702211618423,2.1942431926727295,2.847376251220703,0.05
474,0.2657302249880398,0.10981615457464666,2.1768128871917725,2.6829188290764305,0.2721635103225708,0.11085925549268723,2.186406660079956,2.7888036251068113,0.05
475,0.2650544345378876,0.1104100416688358,2.1706291226779713,2.65876207632177,0.27404612898826597,0.11158025413751602,2.1798996925354004,2.8133373260498047,0.05
476,0.265567330753102,0.10967515014550265,2.160302049973432,2.685783203910379,0.2727558255195618,0.11166998594999314,2.173320245742798,2.7870526790618895,0.05
477,0.2656956507879145,0.11128650605678558,2.1558860470266903,2.657005562501795,0.2757818788290024,0.11634831577539444,2.1739059925079345,2.7538900852203367,0.05
478,0.26667412940193624,0.1123034309814958,2.1578937698813045,2.655835179721608,0.27663723230361936,0.1143071934580803,2.172235441207886,2.812153768539429,0.05
479,0.2684728222734788,0.11165195221410078,2.1490375574897316,2.7066099012599274,0.27663854956626893,0.10276582837104797,2.1483286380767823,3.047788715362549,0.05
480,0.26809907836072583,0.10668828776654075,2.1290711515090046,2.802401542663574,0.2812998741865158,0.10727627724409103,2.144072484970093,3.051657485961914,0.05
481,0.2660170784767936,0.10808146262870115,2.1305882930755615,2.732594602248248,0.2763409912586212,0.11033384799957276,2.152150821685791,2.8897128105163574,0.05
482,0.2669338022961336,0.10847227319198496,2.1398045034969555,2.7412696585935703,0.27472964525222776,0.1146565243601799,2.1594966411590577,2.7695630550384522,0.05
483,0.2647320347673753,0.1108833603999194,2.1470099757699406,2.647571465548347,0.281285297870636,0.11627737134695053,2.1623191833496094,2.8676946640014647,0.05
484,0.2634087871102726,0.10986023133291918,2.1450033889097324,2.6419703399433807,0.2824374228715897,0.11147817224264145,2.1547314167022704,2.988238525390625,0.05
485,0.2657133936882019,0.10848051660201129,2.136423433528227,2.717372880262487,0.2735469490289688,0.10884867757558822,2.1491177082061768,2.8641417980194093,0.05
486,0.2665072977542877,0.10782006339115255,2.13568780001472,2.746607177397784,0.2700517028570175,0.11103588938713074,2.146508550643921,2.7510146617889406,0.05
487,0.26500355057856617,0.11330980193965576,2.129019765292897,2.60807100464316,0.2751988708972931,0.11620716005563736,2.1415131092071533,2.751531553268433,0.05
488,0.2660220791311825,0.10982901164714028,2.12472567838781,2.698916126700009,0.2738224685192108,0.10967885851860046,2.1397791862487794,2.8549163818359373,0.05
489,0.26539649069309235,0.11046495902187684,2.1219184959636017,2.674246914246503,0.2731837809085846,0.111131851375103,2.1403627395629883,2.8129661083221436,0.05
490,0.26523087392835054,0.11045859271989149,2.125978988759658,2.6702497005462646,0.27146812081336974,0.110935078561306,2.1430536270141602,2.7820501804351805,0.05
491,0.2642246309448691,0.10922194228452795,2.129432804444257,2.67416714219486,0.27781171500682833,0.11060747802257538,2.143879508972168,2.9153087615966795,0.05
492,0.2656349478399052,0.10767944025642731,2.1315315470975986,2.7328038215637207,0.2703399211168289,0.11212359666824341,2.1478672504425047,2.7347529411315916,0.05
493,0.26280299092040343,0.10909234469427782,2.1363967306473675,2.6469335556030273,0.2719230085611343,0.11332453787326813,2.149244785308838,2.742120313644409,0.05
494,0.2634989294935675,0.1079048273317954,2.1351350475760067,2.6848549983080696,0.2705602884292603,0.11137942969799042,2.1457779884338377,2.7544615268707275,0.05
495,0.264015810454593,0.10998575345558279,2.1361251578611484,2.6533760603736427,0.2725765287876129,0.11207451671361923,2.153006076812744,2.7794389724731445,0.05
496,0.2649359203436795,0.10793149997206296,2.1416004685794605,2.711768290575813,0.26957862377166747,0.11361950784921646,2.1595067501068117,2.6872809410095213,0.05
497,0.2653229560922174,0.11103232774664373,2.1413896364324234,2.6575345712549545,0.27660011649131777,0.11212574690580368,2.144779825210571,2.860531520843506,0.05
498,0.26538528940256906,0.10859880727880142,2.127242551130407,2.710281077553244,0.270941823720932,0.11026500910520554,2.138951873779297,2.78574595451355,0.05
499,0.2648280043812359,0.11036430386935964,2.1376907264485077,2.661735843209659,0.27405346632003785,0.11396670937538148,2.1573043346405028,2.770274353027344,0.05
500,0.2642723164137672,0.10986492782831192,2.147799295537612,2.658587834414314,0.27381241917610166,0.11058327555656433,2.1611914157867433,2.832344627380371,0.05
501,0.26448949820855083,0.11057983864756192,2.146914369919721,2.648810302509981,0.27335320711135863,0.10857987850904464,2.158387851715088,2.8637890338897707,0.05
502,0.2675907839747036,0.11160315222599927,2.1681294861961815,2.686126807156731,0.27541775703430177,0.11566179692745208,2.1963090896606445,2.755857229232788,0.05
503,0.270009168807198,0.10868806391954422,2.179541489657234,2.790513697792502,0.2858213484287262,0.1168467566370964,2.1880660533905028,2.9418785572052,0.05
504,0.26668722839916453,0.11100514320766225,2.1771597862243652,2.6782096834743725,0.27022055089473723,0.11367500424385071,2.1823609352111815,2.694438648223877,0.05
505,0.26434602982857647,0.10912830251104691,2.1719697503482593,2.669960625031415,0.27365232110023496,0.11482101678848267,2.182515573501587,2.740122890472412,0.05
506,0.2657380866653779,0.10991787998115315,2.1623864875120273,2.683926722582649,0.2740466892719269,0.11203794926404953,2.1682669162750243,2.806521415710449,0.05
507,0.26760007002774405,0.11251473558299682,2.1602394300348617,2.6696587169871613,0.27142736315727234,0.11016216278076171,2.185689926147461,2.78816614151001,0.05
508,0.2654761049677344,0.1080865873133435,2.1737920536714443,2.713031866971184,0.2719062834978104,0.10936549752950668,2.188109540939331,2.8131938934326173,0.05
509,0.2636457620298161,0.11084646906922846,2.1768594489378086,2.620613925597247,0.2755372107028961,0.11123134791851044,2.1859694004058836,2.8489232540130613,0.05
510,0.2651643297251533,0.1110098116538104,2.1728502021116367,2.6485203855177937,0.273934406042099,0.11474780738353729,2.184252119064331,2.7468815803527833,0.05
511,0.2640467435121536,0.11163546364097034,2.16998729986303,2.614228094325346,0.28043325841426847,0.11981281042098998,2.1840155601501463,2.7756056785583496,0.05
512,0.2694064413799959,0.1131968279095257,2.1691102981567383,2.690370138953714,0.2769612044095993,0.11111545711755752,2.171888017654419,2.882537364959717,0.05
513,0.2731804733767229,0.10864430841277628,2.1629349624409393,2.858136261210722,0.28665646314620974,0.11358303725719451,2.193159055709839,3.022836446762085,0.05
514,0.2772497683763504,0.1115342996576253,2.1766782648423137,2.878973638310152,0.28236391544342043,0.11400490999221802,2.193158674240112,2.9285483360290527,0.05
515,0.2739381369422464,0.10975782310261446,2.1742923119488884,2.848747772328994,0.27651630640029906,0.11698988378047943,2.2068987846374513,2.7491485118865966,0.05
516,0.2750915560652228,0.1119180308545337,2.193917625090655,2.824686933966244,0.27730327248573305,0.1124508872628212,2.215187931060791,2.854009914398193,0.05
517,0.2717336416244507,0.11178645316292257,2.1905397246865665,2.7608357738046085,0.2735038161277771,0.10750328302383423,2.2022793769836424,2.8795547485351562,0.05
518,0.26808031429262724,0.10861213505268097,2.1799808810738956,2.7533672977896297,0.27410698533058164,0.11521315425634385,2.191140127182007,2.739648628234863,0.05
519,0.2676001226200777,0.10916207161019831,2.1709429095773136,2.7345722983865177,0.27627589702606203,0.11249062567949294,2.1859833717346193,2.838508701324463,0.05
520,0.2687271640581243,0.11041268969283384,2.172198674258064,2.73184975455789,0.27710055112838744,0.11697746813297272,2.1927860260009764,2.763904333114624,0.05
521,0.2693108346532373,0.11303977054708145,2.178732058581184,2.689674868303187,0.2758856058120728,0.1138616070151329,2.1939260482788088,2.80169472694397,0.05
522,0.26731957056943106,0.11098525015746846,2.178622666527243,2.6909617816700653,0.276432865858078,0.11239886581897736,2.19360466003418,2.841959095001221,0.05
523,0.2658700969289331,0.11102302766898099,2.1725430769078873,2.6624327968148624,0.2740838289260864,0.11256788522005082,2.1846755504608155,2.793383836746216,0.05
524,0.26689279430052815,0.10998289111782522,2.169322799233829,2.704333459629732,0.2716702282428741,0.11085850596427918,2.185699939727783,2.779094409942627,0.05
525,0.26682254672050476,0.1095025311498081,2.173957446042229,2.7116087745217716,0.2738064885139465,0.11364511698484421,2.1900124073028566,2.765224838256836,0.05
526,0.26700713353998523,0.11065496022210401,2.177853401969461,2.6914727828081917,0.2745488077402115,0.11126140505075455,2.1931816577911376,2.8271116733551027,0.05
527,0.2680642175323823,0.10758763464058146,2.181511205785415,2.7732293325311996,0.2735667198896408,0.1078166201710701,2.1997375011444094,2.875054407119751,0.05
528,0.2657051524695228,0.10897268486373565,2.19151777379653,2.6963457219740925,0.2733887732028961,0.11174032390117646,2.206972122192383,2.7915746688842775,0.05
529,0.2657906307893641,0.10989458070081823,2.194998432608212,2.6789211806129005,0.2742519974708557,0.11512096077203751,2.2087310314178468,2.7408742904663086,0.05
530,0.26573459190480847,0.11113887061091031,2.197177662568934,2.652478877235861,0.2821230530738831,0.11234117597341538,2.2086613178253174,2.953905153274536,0.05
531,0.2667219358332017,0.11215970402254778,2.18832290873808,2.6535800905788647,0.2784816563129425,0.11171230375766754,2.1932157039642335,2.896743822097778,0.05
532,0.2654535726589315,0.10902566594236038,2.177756856469547,2.693006767946131,0.2792199730873108,0.1133842945098877,2.1871702671051025,2.8792795658111574,0.05
533,0.2684132342829424,0.10838154308936175,2.1750757413751938,2.7656186608707203,0.2757691442966461,0.1131114661693573,2.193097448348999,2.81453423500061,0.05
534,0.2645868860623416,0.11116142746280222,2.18053656465867,2.6324018310098087,0.2772161394357681,0.11053029894828796,2.1908043384552003,2.8955560684204102,0.05
535,0.26544571974698233,0.1091693162041552,2.169998715905582,2.6915282922632553,0.27034505605697634,0.11543707251548767,2.175222158432007,2.663115215301514,0.05
536,0.2659170592532438,0.11184554985340904,2.161866496591007,2.6490567992715275,0.27963381409645083,0.11421103477478027,2.1743295669555662,2.873589515686035,0.05
537,0.2648732451831593,0.10989379400716108,2.158632516860962,2.667862429338343,0.27077322006225585,0.11147629916667938,2.1679367065429687,2.752350950241089,0.05
538,0.26452723145484924,0.11096762778127894,2.151121868806727,2.640967565424302,0.277705591917038,0.11333318948745727,2.156445598602295,2.8561590194702147,0.05
539,0.2651556712739608,0.11110544642981361,2.1387282259324016,2.6532587023342358,0.2740489423274994,0.11312771141529084,2.1479466915130616,2.788835382461548,0.05
540,0.26518022575799155,0.11013637044850517,2.1360512060277603,2.673666897942038,0.27237454056739807,0.11497666239738465,2.148046588897705,2.718348264694214,0.05
541,0.2650858339141397,0.10997387942145853,2.135715190102072,2.675095992929795,0.27979589700698854,0.10780205577611923,2.142809343338013,3.0113148212432863,0.05
542,0.26371564935235414,0.10934138911611893,2.128300764981438,2.6618250257828655,0.27193242609500884,0.11453902274370194,2.1414375782012938,2.719580602645874,0.05
543,0.2636219815296285,0.11044877329293419,2.124554423724904,2.638553170596852,0.27158159017562866,0.11356914639472962,2.135685348510742,2.733111572265625,0.05
544,0.26306212649625893,0.10879649966955185,2.1253207992104923,2.660248405793134,0.27450892329216003,0.11111219078302384,2.1442214012145997,2.8390902042388917,0.05
545,0.2648521609166089,0.1099507839364164,2.1347101856680477,2.671085511936861,0.27315749526023864,0.10986370593309402,2.152285432815552,2.8354186534881594,0.05
546,0.263388999244746,0.10993738735423368,2.1413014075335335,2.640771851820104,0.2701077401638031,0.1126096710562706,2.152779483795166,2.719405508041382,0.05
547,0.26295600656200857,0.1109032459995326,2.142834831686581,2.612488227732041,0.2734075039625168,0.10969438850879669,2.155319404602051,2.8431984424591064,0.05
548,0.26393352624248057,0.10914722961537979,2.1421826867496265,2.667289341197294,0.27023242712020873,0.11391125917434693,2.155946636199951,2.6952340602874756,0.05
549,0.26325037900139303,0.10925169595900704,2.141301379484289,2.651713455424589,0.2709204912185669,0.11191386580467225,2.1525661945343018,2.7496190071105957,0.05
550,0.26179730103296395,0.10843417574377621,2.13731647940243,2.6397990899927475,0.2710820704698563,0.11038096249103546,2.1519383430480956,2.783634328842163,0.05
551,0.263179493301055,0.11008306066779529,2.1359990063835594,2.634728754267973,0.2764101892709732,0.11370775997638702,2.147880744934082,2.8244723796844484,0.05
552,0.2646595143220004,0.10880066717372221,2.131633758544922,2.690850145676557,0.27018049657344817,0.11035822331905365,2.1471198081970213,2.767021417617798,0.05
553,0.26442014908089356,0.10839091591975268,2.134256727555219,2.693733383627499,0.27315573394298553,0.11258336752653123,2.146668577194214,2.7821136474609376,0.05
554,0.26310642677194934,0.1109197604305604,2.1321516036987305,2.6173029647153965,0.2750520884990692,0.11384010761976242,2.1455121994018556,2.795137119293213,0.05
555,0.2676715842064689,0.10777615580488653,2.1339553664712345,2.771117462831385,0.27898758053779604,0.10747606754302978,2.1535724639892577,2.9995158672332765,0.05
556,0.26506540529868183,0.11038342381224912,2.1369759896222282,2.6662443665897144,0.27563060224056246,0.10996550619602204,2.150248908996582,2.8832521438598633,0.05
557,0.26554190411287193,0.10673148623284172,2.1309692719403435,2.7500144593855915,0.2719129115343094,0.10826889425516129,2.1403711795806886,2.8448060035705565,0.05
558,0.26429804370683785,0.11020377365981832,2.1247002096737133,2.6569452426012825,0.2720444530248642,0.1185944765806198,2.1335916996002195,2.642281198501587,0.05
559,0.26381691764382753,0.11159371190211352,2.120580729316263,2.6203480187584374,0.27291161119937896,0.11145871430635453,2.1314340591430665,2.80277099609375,0.05
560,0.2643462139017442,0.11100027271929909,2.124579864389756,2.642002778894761,0.27374171912670137,0.10943841934204102,2.1427393913269044,2.8575181007385253,0.05
561,0.2632722802021924,0.11045896787853803,2.133006123935475,2.629665024140302,0.27323301136493683,0.11367666274309159,2.146402359008789,2.76184663772583,0.05
562,0.2658387904658037,0.11086291118579752,2.135579123216517,2.672401652616613,0.269830983877182,0.11226014792919159,2.1514196395874023,2.7211326599121093,0.05
563,0.26479316283674803,0.11002471385633245,2.136175183688893,2.6681338478537167,0.2762434482574463,0.11006515324115754,2.144322061538696,2.894701433181763,0.05
564,0.26290714390137615,0.10950072153526194,2.1286597532384537,2.642396506141214,0.2751449316740036,0.118058343231678,2.1369311809539795,2.714345407485962,0.05
565,0.26290808530414805,0.10993830509045545,2.122230291366577,2.6349495018229767,0.27356593012809755,0.11323132812976837,2.1328975200653075,2.780112552642822,0.05
566,0.2626146121936686,0.11008101482601727,2.1171836993273567,2.627235258326811,0.2715118944644928,0.11167346388101577,2.129833221435547,2.7708017826080322,0.05
567,0.26455858437454,0.1102731837069287,2.11259126663208,2.6631897056803986,0.27039148807525637,0.1138385534286499,2.1248190879821776,2.706094741821289,0.05
568,0.26525932988699746,0.11499661557814654,2.121456230387968,2.580962868297801,0.2718626856803894,0.11650186628103257,2.134180450439453,2.6803802967071535,0.05
569,0.26372030377388,0.11109675467014313,2.1224515578326058,2.62798072310055,0.2726148009300232,0.11431043595075607,2.1347279071807863,2.739141654968262,0.05
570,0.26621580825132485,0.10999373390394099,2.126891711178948,2.699063132790958,0.27301249504089353,0.11228427588939667,2.1445619106292724,2.785651922225952,0.05
571,0.26535116048420176,0.1127918235519353,2.1271948113160977,2.625747862984152,0.2781750917434692,0.11391545832157135,2.134219598770142,2.8583487033843995,0.05
572,0.26568130184622374,0.11109381914138794,2.115876730750589,2.6685742630678067,0.2708068162202835,0.11005531251430511,2.129822301864624,2.789065456390381,0.05
573,0.2639947375830482,0.11073153509813197,2.1219841452205883,2.640867233276367,0.27320732474327086,0.11298738867044449,2.143965148925781,2.7756057739257813,0.05
574,0.26268576436183033,0.11122387121705447,2.1320866837221035,2.6028204805710735,0.27101982235908506,0.112709179520607,2.1500344276428223,2.7362058639526365,0.05
575,0.2643890223082374,0.10970544113832362,2.1359204404494343,2.6664875254911533,0.2706036984920502,0.11273723393678665,2.153973197937012,2.7265345573425295,0.05
576,0.26588809840819416,0.11266333478338578,2.136705019894768,2.6371541093377506,0.27241948843002317,0.11320715695619583,2.155893564224243,2.7530677795410154,0.05
577,0.2645944672472337,0.11116405620294459,2.142318515216603,2.6401445444892433,0.27869105339050293,0.11054821908473969,2.1620269298553465,2.9304513931274414,0.05
578,0.2630901284077588,0.108852340018048,2.147843865787282,2.655186919605031,0.27069305181503295,0.11541011780500413,2.1614246368408203,2.67337384223938,0.05
579,0.26371997244217815,0.11186567562467911,2.144269115784589,2.6082321685903214,0.2704437613487244,0.11110264360904694,2.158786725997925,2.7550650119781492,0.05
580,0.2626494958120234,0.11015521778779871,2.1391561452080223,2.622054240282844,0.2710540235042572,0.11282716691493988,2.149530029296875,2.7346311092376707,0.05
581,0.26238761228673596,0.11132209090625539,2.130185141282923,2.59527325630188,0.2741118609905243,0.11459565460681916,2.1442798137664796,2.7614680767059325,0.05
582,0.2630605136646944,0.10960512389154996,2.1284463545855354,2.643418508417466,0.271710142493248,0.11368855834007263,2.1428425312042236,2.7318631172180177,0.05
583,0.2637450125287561,0.11213749165044111,2.1261020688449634,2.60692993332358,0.2724359095096588,0.11633832454681396,2.1382087230682374,2.694309949874878,0.05
584,0.26439136266708374,0.11032793101142435,2.121450199800379,2.656978593153112,0.2737984865903854,0.11181698888540267,2.1328674793243407,2.8130563735961913,0.05
585,0.26163965814253864,0.1116102364133386,2.117663902394912,2.57705563657424,0.2810309588909149,0.11444203853607178,2.1302090644836427,2.905736494064331,0.05
586,0.2627272202688105,0.11221386360771515,2.1145678688498104,2.587353552089018,0.2696640849113464,0.11302061080932617,2.1291962623596192,2.70703010559082,0.05
587,0.2625160550369936,0.11068922631880816,2.1119852346532486,2.6141393184661865,0.2720125257968903,0.11157093346118926,2.126902627944946,2.7834511280059813,0.05
588,0.26323257649646087,0.11145956551327425,2.1131365860209748,2.6128328547758213,0.27258811593055726,0.11553261131048202,2.133679246902466,2.71437406539917,0.05
589,0.263112906147452,0.11150808325585197,2.1223530348609474,2.6076258911805996,0.2673598974943161,0.11298324018716813,2.1404091835021974,2.6594512939453123,0.05
590,0.2624201634350945,0.11012712471625384,2.1267301475300506,2.6205147715175854,0.2724650323390961,0.11301803886890412,2.1403648376464846,2.7608670711517336,0.05
591,0.26335304361932416,0.11030588167555191,2.13105614045087,2.6347319518818573,0.27141691744327545,0.11221688985824585,2.15057578086853,2.7538854122161864,0.05
592,0.2630701012471143,0.11136015548425562,2.137777665082146,2.606643284068388,0.28152793645858765,0.10978759080171585,2.156257438659668,3.00355544090271,0.05
593,0.2635246594162548,0.11179094673956141,2.1449059458339916,2.605693017735201,0.2745485484600067,0.11380787938833237,2.1579678058624268,2.7832198619842528,0.05
594,0.2627798187382081,0.11282161141143125,2.144308132283828,2.570302542518167,0.2690321058034897,0.11412640810012817,2.1554643154144286,2.667021131515503,0.05
595,0.26261470335371356,0.1118302253239295,2.1412645788753735,2.5874366059022793,0.27008282840251924,0.10997661501169205,2.1529064178466797,2.7715427398681642,0.05
596,0.26291710050667033,0.10864939628278508,2.1381390655741974,2.6577262317433075,0.2811582684516907,0.11116705685853959,2.1497539043426515,2.969873476028442,0.05
597,0.2632518936606014,0.11073390219141455,2.1335287234362434,2.623654042973238,0.2705232083797455,0.10947010219097138,2.1489589691162108,2.7912702560424805,0.05
598,0.26168615765431347,0.11056299157002393,2.1354446130640365,2.5953743317547966,0.2761998355388641,0.10989939272403718,2.1520262241363524,2.895603561401367,0.05
599,0.26230589081259337,0.11009699456831988,2.1360581902896656,2.6169661914601043,0.27071880400180814,0.11316870450973511,2.147950315475464,2.721411943435669,0.05
600,0.26139724605223713,0.11216867452158648,2.1311816187465893,2.5583351499894085,0.2738793075084686,0.11517266035079957,2.1390612602233885,2.7463207244873047,0.05
601,0.2627950722680372,0.11010136192335802,2.122047606636496,2.6294646543615006,0.2815140187740326,0.11353625059127807,2.1338163375854493,2.932791996002197,0.05
602,0.2624533509506899,0.11130888277993482,2.116631676169003,2.5995630306356095,0.27128719091415404,0.11393216401338577,2.1270238399505614,2.7216957569122315,0.05
603,0.26398483444662657,0.10973373931996963,2.1113658652586094,2.6627486313090607,0.27245319485664365,0.1135974183678627,2.129830741882324,2.7511492729187013,0.05
604,0.263016230043243,0.11105541972553029,2.1223883628845215,2.614738478380091,0.2723452627658844,0.11399537026882171,2.145154619216919,2.73796706199646,0.05
605,0.26336951553821564,0.11010860301115934,2.1327433866613053,2.6386695048388313,0.2778618156909943,0.1131077378988266,2.1488348960876467,2.8653144359588625,0.05
606,0.26365655047052045,0.11002861708402634,2.1373763785642734,2.6450832941952873,0.27776803374290465,0.11180124580860137,2.1532979011535645,2.8886760234832765,0.05
607,0.26140863930477815,0.1115094120888149,2.1364488321192123,2.570694797179278,0.2672077715396881,0.11620774865150452,2.150173282623291,2.5899658679962156,0.05
608,0.2630266485845341,0.1129146735457813,2.127602086347692,2.576719073688283,0.2806166410446167,0.11440174281597137,2.1326178550720214,2.897774505615234,0.05
609,0.2633732548531364,0.11152422340477214,2.1145002982195686,2.614080541274127,0.2765209674835205,0.11510494649410248,2.1309157848358153,2.8021371841430662,0.05
610,0.2630847823970458,0.11210988286663504,2.128623373368207,2.5937733089222625,0.2702506482601166,0.11570430248975754,2.1494076251983643,2.6610453605651854,0.05
611,0.2632017924505122,0.11084685825249728,2.1358860941494213,2.6199215440189136,0.275552773475647,0.11385223716497421,2.149708604812622,2.804068946838379,0.05
612,0.2635687291622162,0.11224713702412213,2.136221675311818,2.599187507348902,0.2788876682519913,0.1147872805595398,2.155486059188843,2.8509106159210207,0.05
613,0.26297787620740776,0.11361666418173734,2.138512330896714,2.559521759257597,0.27604441046714784,0.11318458616733551,2.1475905418395995,2.8276784420013428,0.05
614,0.2633494936368045,0.11155544528189827,2.1296172422521256,2.609957540736479,0.27052201628684996,0.1178494319319725,2.1460824966430665,2.624235200881958,0.05
615,0.26305576019427357,0.11407933734795626,2.1300380931181064,2.5535207636216106,0.2705708146095276,0.11698631793260575,2.1474732398986816,2.6421952724456785,0.05
616,0.2631167874616735,0.11148211754420224,2.1329932914060703,2.6060946829178753,0.2810521602630615,0.11342310458421707,2.1511635780334473,2.9223484992980957,0.05
617,0.26262854565592375,0.11055707931518555,2.1381032466888428,2.6138086318969727,0.27323918640613554,0.11766666620969772,2.15690393447876,2.680069589614868,0.05
618,0.2631472533240038,0.11129935304908191,2.140654535854564,2.6088270720313576,0.27193324863910673,0.1145169898867607,2.156578207015991,2.717009496688843,0.05
619,0.26088491695768695,0.11116068722570643,2.1365609169006348,2.5671723940793205,0.2715494126081467,0.11352216452360153,2.1499609470367433,2.7305526733398438,0.05
620,0.2612161189317703,0.1116751607726602,2.1308759380789364,2.564643944011015,0.2684273660182953,0.11149293333292007,2.1443529605865477,2.7098180770874025,0.05
621,0.2629268274587743,0.11014114101143445,2.1281584010404697,2.630082032259773,0.2680050045251846,0.11221460551023484,2.1458985805511475,2.686628007888794,0.05
622,0.26290116502958183,0.11346133491572212,2.1321331893696502,2.5623699637020336,0.2695909798145294,0.11687772870063781,2.152795124053955,2.6237059593200684,0.05
623,0.26646746870349436,0.11447268110864303,2.1464384724112118,2.610608030768002,0.2744797348976135,0.11761944741010666,2.1693952560424803,2.70332670211792,0.05
624,0.26730479913599353,0.11364921226220973,2.1632691972395954,2.640457784428316,0.2681495726108551,0.11615211963653564,2.173388624191284,2.6052712917327883,0.05
625,0.2649591258343528,0.11256750410093981,2.158468765370986,2.616138654596665,0.26850004494190216,0.11706820577383041,2.1641897678375246,2.5957987785339354,0.05
626,0.26332622152917523,0.11109644043094971,2.146556714001824,2.615284232532277,0.26998406648635864,0.11246834844350814,2.150868129730225,2.720140504837036,0.05
627,0.26340723738950844,0.11226210085784688,2.138695899178,2.595163485583137,0.27086521983146666,0.11617418527603149,2.151712989807129,2.663478136062622,0.05
628,0.2638162392027238,0.10983429936801686,2.138374959721285,2.651963801944957,0.2704171657562256,0.11281648129224778,2.1469579696655274,2.722622108459473,0.05
629,0.263989681706709,0.11207307699848623,2.1283946598277375,2.6126531292410458,0.27058652341365813,0.11370298266410828,2.130488920211792,2.7115728855133057,0.05
630,0.26548324262394624,0.11042568043750875,2.1135564551633945,2.678439841550939,0.27165605425834655,0.113810496032238,2.1301284313201903,2.7308852672576904,0.05
631,0.2653205491164151,0.11108796824427213,2.1305152107687557,2.658548579496496,0.2748216688632965,0.11437619775533676,2.160404396057129,2.77682843208313,0.05
632,0.26496890888494606,0.11255282645716387,2.1512859428630158,2.6180644035339355,0.2688841879367828,0.11780714243650436,2.170915985107422,2.5873576641082763,0.05
633,0.2619905322790146,0.10903079983066111,2.1537561697118424,2.628443311242496,0.2674554854631424,0.11158027052879334,2.1683602809906004,2.683832120895386,0.05
634,0.26165107944432425,0.1111647136071149,2.155831407098209,2.578560983433443,0.2769764542579651,0.11577886790037155,2.1721333026885987,2.789525032043457,0.05
635,0.2637082443517797,0.11459867086480646,2.158001885694616,2.5505910761216106,0.2738767027854919,0.11894424855709076,2.1667553424835204,2.665297746658325,0.05
636,0.26245663621846366,0.11460417772040647,2.1531910615808822,2.526410888223087,0.2700050950050354,0.11793217360973358,2.1641446113586427,2.6086294174194338,0.05
637,0.26249635394881754,0.11251217959558263,2.1465779192307415,2.570367883233463,0.27258820831775665,0.11335091292858124,2.1485025882720947,2.7550453186035155,0.05
638,0.26248684788451476,0.11062322337837781,2.1323875258950626,2.610795021057129,0.2690325915813446,0.11900905072689057,2.1422890186309815,2.5720128536224367,0.05
639,0.2629060017711976,0.11214285475366256,2.1289835537181183,2.5894661650938144,0.2731582194566727,0.10904548615217209,2.138160800933838,2.854622507095337,0.05
640,0.2615479879519519,0.1120892544003094,2.1252281806048225,2.564129072077134,0.2689336001873016,0.1166609600186348,2.1366581439971926,2.6181212425231934,0.05
641,0.26277387843412514,0.11414879823432249,2.121039067997652,2.548293674693388,0.27198842763900755,0.11507962048053741,2.1302438735961915,2.712127208709717,0.05
642,0.26275462701040153,0.11076085883028366,2.1197888570673324,2.6159176125245938,0.27040224969387056,0.10856623649597168,2.1354842662811278,2.809623384475708,0.05
643,0.26295546661405,0.11148159118259654,2.1200593499576343,2.6054656505584717,0.2730684012174606,0.11479546278715133,2.1308074951171876,2.7392972469329835,0.05
644,0.26371243596076965,0.11197908967733383,2.1165631238152,2.6113541827482334,0.2697874218225479,0.11622870564460755,2.1365684032440186,2.6438605308532717,0.05
645,0.2631337756619734,0.1135156965431045,2.122151220546049,2.5679313014535343,0.2688635766506195,0.11663618534803391,2.1418593883514405,2.6161758422851564,0.05
646,0.2622064141666188,0.10949471768210917,2.12755293004653,2.628723340875962,0.2712033450603485,0.11181931644678116,2.143252468109131,2.7590301990509034,0.05
647,0.2613864137845881,0.11025782937512678,2.126087932025685,2.5973540474386776,0.26707481145858764,0.11340951174497604,2.1419546127319338,2.64491491317749,0.05
648,0.26148117289823647,0.11053571236484191,2.1272071950575886,2.5934678386239445,0.2683342516422272,0.11559908986091613,2.1442307472229003,2.62585711479187,0.05
649,0.26069247547317953,0.11082919862340479,2.1271423171548283,2.57183715876411,0.2678340971469879,0.11744683533906937,2.1411716461181642,2.5795108318328857,0.05
650,0.2608360972474603,0.11105394670191933,2.1253451599794277,2.57057383481194,0.26897682547569274,0.11056118905544281,2.1439632892608644,2.7395201206207274,0.05
651,0.2640800142989439,0.10969855461050482,2.129267468171961,2.6617757572847256,0.27152016162872317,0.11498632282018661,2.1536920070648193,2.699938154220581,0.05
652,0.265130852951723,0.11192427575588226,2.1339946213890526,2.637332649791942,0.27050439417362215,0.11818599700927734,2.150894212722778,2.6161890506744383,0.05
653,0.2634378662880729,0.11237661671989105,2.1290722734787884,2.595410473206464,0.2684142291545868,0.11259861886501313,2.1427409648895264,2.687763977050781,0.05
654,0.2617797886624056,0.11158394594402875,2.123507485670202,2.5792153232237873,0.27258340716362,0.11495749652385712,2.1409966468811037,2.72431902885437,0.05
655,0.2619018265429665,0.1106863929068341,2.123704391367295,2.5995678060195027,0.2731146335601807,0.11513901054859162,2.144426155090332,2.730627202987671,0.05
656,0.2633982388412251,0.11065373657380834,2.126866565031164,2.6295166646733,0.267321714758873,0.11146670132875443,2.14830322265625,2.6874396800994873,0.05
657,0.2632092535495758,0.11336745760020088,2.136632765040678,2.569509309880874,0.27138670086860656,0.11283649355173112,2.156248140335083,2.7397545337677003,0.05
658,0.26252952305709615,0.10997662211165708,2.140382977092967,2.622981309890747,0.2699742019176483,0.11016322672367096,2.1648929119110107,2.7632408142089844,0.05
659,0.2612124576288111,0.10944313468301997,2.1515587778652416,2.6050746300641228,0.26977883875370023,0.11176545470952988,2.16923303604126,2.726421070098877,0.05
660,0.2624242568717283,0.11098674816243789,2.1510985879337086,2.598530474831076,0.2698383778333664,0.1150508925318718,2.173035478591919,2.6611423969268797,0.05
661,0.26059578008511486,0.11026717634762034,2.154244493035709,2.5757231151356415,0.2700450778007507,0.1133515104651451,2.173264169692993,2.6992184638977053,0.05
662,0.26175664452945485,0.11303931781474282,2.155412898344152,2.5432638981763054,0.26825472712516785,0.11302709579467773,2.1787392616271974,2.668804740905762,0.05
663,0.26828590736669655,0.1158592560712029,2.1604303331936108,2.616446957868688,0.2798429489135742,0.12636291980743408,2.1595475673675537,2.637691068649292,0.05
664,0.27927465912173777,0.12058947060038061,2.1408751010894775,2.7455286138197956,0.2705453783273697,0.11978740394115447,2.1398838996887206,2.5871825218200684,0.05
665,0.2739059153725119,0.12096638583085116,2.1182401881498447,2.635142438551959,0.269975483417511,0.12379055619239807,2.129004430770874,2.497897672653198,0.05
666,0.2718508269856958,0.12415946406476638,2.122848216225119,2.529257479835959,0.2729593634605408,0.12234791368246078,2.135991430282593,2.5850305557250977,0.05
667,0.27008050241891074,0.12129050843855914,2.1238115114324234,2.5510375219232895,0.2710185110569,0.11826208531856537,2.1336837291717528,2.628391885757446,0.05
668,0.27108275364427004,0.11653171085259494,2.1156269241781795,2.667895373176126,0.27782747745513914,0.13041635006666183,2.145606184005737,2.5191012382507325,0.05
669,0.272344130803557,0.12292103819987353,2.1436428883496452,2.5597332084880158,0.2766160488128662,0.12381746172904969,2.1506189823150637,2.625847816467285,0.05
670,0.2675071113249835,0.1174048636766041,2.125447147032794,2.5769555428448845,0.2735308766365051,0.11796610653400422,2.1265740394592285,2.6859805583953857,0.05
671,0.2662317700245801,0.11387115103356979,2.1105903176700367,2.6250942875357235,0.26970604360103606,0.11753384470939636,2.1204108715057375,2.619361639022827,0.05
672,0.2657957480234258,0.11102561784141204,2.107219934463501,2.6739586241105022,0.2789528429508209,0.11483289301395416,2.1271159648895264,2.856975555419922,0.05
673,0.26615841511417837,0.11081703051048167,2.109379067140467,2.6849517822265625,0.278842431306839,0.11873858273029328,2.1246306896209717,2.7771506309509277,0.05
674,0.2646063645096386,0.11211920967873405,2.1097726821899414,2.6277885717504166,0.2765552937984467,0.11981186121702195,2.1428339958190916,2.706301736831665,0.05
675,0.26761037549551797,0.1154735110261861,2.1335307009079876,2.616031099768246,0.27303295135498046,0.1175406202673912,2.15897741317749,2.6780511379241942,0.05
676,0.26543474986272697,0.11365194443394155,2.138209988089169,2.608014092725866,0.26955942511558534,0.1177164226770401,2.152532196044922,2.6063535690307615,0.05
677,0.2639327645301819,0.11221832475241493,2.134393537745756,2.6074101083418904,0.2702220618724823,0.11372504830360412,2.1512731075286866,2.6996856212615965,0.05
678,0.2624637677389033,0.11130247002138811,2.133235777125639,2.5965787663179287,0.27162323594093324,0.11496875733137131,2.1500813961029053,2.7030731201171876,0.05
679,0.26321904799517465,0.11394121979965884,2.13336041394402,2.558884382247925,0.26990697979927064,0.11731521487236023,2.153718423843384,2.62109169960022,0.05
680,0.26245779237326455,0.11346379053943298,2.1375107484705307,2.5523778550765095,0.27049306929111483,0.11921191066503525,2.154861068725586,2.594650936126709,0.05
681,0.26140159806784463,0.11179675556281034,2.1422511549556957,2.563646540922277,0.2701756954193115,0.11649502664804459,2.164112377166748,2.6407907009124756,0.05
682,0.26254091630963716,0.11070318607723012,2.1454484743230484,2.6076649146921493,0.27099435925483706,0.1127616062760353,2.163677215576172,2.7319196701049804,0.05
683,0.261168245883549,0.1122308710918707,2.14414241734673,2.549919002196368,0.27217919528484347,0.11349183917045594,2.1580276012420656,2.742141532897949,0.05
684,0.2604391189182506,0.11178495209006702,2.1379656230702118,2.5454901807448445,0.27043966948986053,0.11413746178150178,2.151846170425415,2.6956748962402344,0.05
685,0.26342889315941753,0.11787941876579733,2.1347456258886,2.484040344462675,0.27343072891235354,0.1197070375084877,2.1470809459686278,2.645057535171509,0.05
686,0.263868048787117,0.11299530592034845,2.129474639892578,2.5915599009569954,0.2685816764831543,0.11395151913166046,2.1450071811676024,2.6636016368865967,0.05
687,0.26240697941359353,0.1139878223047537,2.1287329757914826,2.542636548771578,0.27416231036186217,0.1202037513256073,2.1546164035797117,2.648247766494751,0.05
688,0.26461295432904186,0.11712056529872558,2.142397740307976,2.521368195028866,0.2716525197029114,0.11713859438896179,2.1531742572784425,2.659643602371216,0.05
689,0.26457448479007273,0.11505694161443149,2.13879955516142,2.562590893577127,0.2726952850818634,0.12163464277982712,2.1668650627136232,2.5878398418426514,0.05
690,0.2667881355566137,0.11682668196804383,2.159732131397023,2.567282620598288,0.27176588773727417,0.11672893315553665,2.1697553157806397,2.66678786277771,0.05
691,0.26538702845573425,0.11301109633025001,2.1607103067285873,2.6153764444239,0.27322136163711547,0.11648990064859391,2.1749155044555666,2.6996460437774656,0.05
692,0.26423035211422863,0.11391370743513107,2.1635595349704517,2.5736209925483253,0.2712431222200394,0.11312852799892426,2.178185510635376,2.726654624938965,0.05
693,0.2629328668117523,0.11056207208072438,2.162989995058845,2.614817871766932,0.270014277100563,0.11139233261346818,2.174618673324585,2.737515163421631,0.05
694,0.26276924154337716,0.1102557353237096,2.158540543387918,2.618561870911542,0.26940253376960754,0.11153286546468735,2.1727434158325196,2.7228445529937746,0.05
695,0.2610880557228537,0.11037277780911502,2.154400993795956,2.5834254377028523,0.2687587678432465,0.11272571235895157,2.166102170944214,2.687440538406372,0.05
696,0.26269880550749164,0.11107909723239787,2.149839022580315,2.602426332585952,0.27019240856170657,0.11021609157323838,2.162059211730957,2.767114543914795,0.05
697,0.26310069683720083,0.11077525072238024,2.146622194963343,2.617184414583094,0.27830733060836793,0.11271327584981919,2.1622600078582765,2.8794289112091063,0.05
698,0.26358639405054207,0.11491351574659348,2.144791420768289,2.5444992149577423,0.2662597239017487,0.1137370616197586,2.156073522567749,2.619238567352295,0.05
699,0.2615991611691082,0.11060152553460177,2.1378150827744427,2.592389653710758,0.2701080679893494,0.1198924571275711,2.1426273822784423,2.5757866382598875,0.05
700,0.2903798467972699,0.15534105590161154,2.144132039126228,2.2719494174508488,0.31658554673194883,0.1757979065179825,2.172593688964844,2.381234073638916,0.05
701,0.3018989598049837,0.15117370118113124,2.1569276837741627,2.5831195817274204,0.29600864052772524,0.1632545620203018,2.143585443496704,2.226364493370056,0.05
702,0.2865035831928253,0.1427491495714468,2.1272394096150116,2.4496407368603874,0.28156633377075196,0.15006633698940278,2.1191043853759766,2.2061789512634276,0.05
703,0.2795730057884665,0.1405150566030951,2.1024399785434498,2.3606708891251507,0.29265124797821046,0.14870512783527373,2.0881339073181153,2.461295652389526,0.05
704,0.27538418857490315,0.13603439576485576,2.072709055507884,2.3724539981168857,0.2834757626056671,0.14158371090888977,2.0630415439605714,2.4252328395843508,0.05
705,0.2751939472030191,0.13440021784866557,2.058644743526683,2.4041455843869377,0.275960436463356,0.1388876497745514,2.051648569107056,2.331126070022583,0.05
706,0.270273737171117,0.132522195139352,2.048952614559847,2.345240319476408,0.278163868188858,0.1395449161529541,2.0532503604888914,2.3617290019989015,0.05
707,0.2694903252755894,0.1272528307402835,2.046376621021944,2.4354745500227986,0.2737112522125244,0.12894283086061478,2.0447708129882813,2.4864142417907713,0.05
708,0.2688622211708742,0.1259649286375326,2.042116501752068,2.4495225373436424,0.2800939202308655,0.13047754019498825,2.055592250823975,2.5812090396881104,0.05
709,0.26798704617163716,0.1245568929349675,2.0503008926615998,2.458542795742259,0.2694545716047287,0.13400278687477113,2.055451202392578,2.297945332527161,0.05
710,0.26626795267357545,0.12176113181254443,2.047026423846974,2.4807311086093677,0.2713391542434692,0.12237956821918487,2.0510580062866213,2.568980073928833,0.05
711,0.2659544594147626,0.11985433715231278,2.051541244282442,2.511694122763241,0.27347844541072847,0.1221586748957634,2.0663121223449705,2.613132858276367,0.05
712,0.26477839315638824,0.11998165398836136,2.0598613374373493,2.4839624096365536,0.2710982620716095,0.12251331359148025,2.0624974250793455,2.5591994285583497,0.05
713,0.2643402718445834,0.11803200928603902,2.0521977649015537,2.515725682763492,0.27369809746742246,0.11516937911510468,2.0506158828735352,2.7604512691497805,0.05
714,0.2726034066256355,0.11242015046231887,2.0402012712815227,2.7956248030943027,0.27454360723495486,0.1159248799085617,2.0480430126190186,2.7627657413482667,0.05
715,0.2690872173098957,0.11750245620222653,2.0343775889452766,2.624819713480332,0.27104774713516233,0.1154202327132225,2.043387269973755,2.703872632980347,0.05
716,0.26553553167511434,0.11493417883620542,2.030492796617396,2.605928322848152,0.27066185772418977,0.12146352380514144,2.0415194511413572,2.5756626605987547,0.05
717,0.2657981777892393,0.11749947202556274,2.0317508753608253,2.5596239005818084,0.2691490948200226,0.1186945766210556,2.0452287197113037,2.6000446319580077,0.05
718,0.26265639592619505,0.11626248105483897,2.032204095055075,2.5214373504414276,0.2664683938026428,0.11893648505210877,2.044215679168701,2.5417949199676513,0.05
719,0.26287583042593565,0.11615872733733233,2.030557113535264,2.5282306110157684,0.26832624077796935,0.12009807676076889,2.0434911251068115,2.555865001678467,0.05
720,0.2611143930869944,0.11635492347619113,2.0315992201075836,2.488869498757755,0.2688979536294937,0.11545637845993043,2.0394678115844727,2.660937786102295,0.05
721,0.26192713397390704,0.11460832111975726,2.0248104824739346,2.5414141907411465,0.26559309363365174,0.11866122782230377,2.034277153015137,2.531781768798828,0.05
722,0.26154066271641674,0.11521442234516144,2.024541076491861,2.5216165570651783,0.2699656546115875,0.11629992425441742,2.0375407695770265,2.665806436538696,0.05
723,0.26808588294421926,0.12521024837213404,2.0249907830182243,2.4525145642897663,0.27173120975494386,0.13164376616477966,2.037949228286743,2.394159173965454,0.05
724,0.26809163829859567,0.1217053142540595,2.0280798112644867,2.52211051828721,0.2711328685283661,0.12165582627058029,2.0301156520843504,2.583517551422119,0.05
725,0.260927553562557,0.11832341288819033,2.0215586493997013,2.4477710723876953,0.2655332267284393,0.11506017744541168,2.024716091156006,2.604517698287964,0.05
726,0.2625676305855022,0.11815880107529023,2.015522515072542,2.485072037752937,0.26905119717121123,0.11585099250078201,2.0196858406066895,2.6600669384002686,0.05
727,0.2642699138206594,0.11667833564912572,2.015195180388058,2.548792460385491,0.268743160367012,0.11923870593309402,2.02327675819397,2.5854334831237793,0.05
728,0.2627322051454993,0.11963887775645536,2.0217367901521572,2.4575191385605755,0.2696124464273453,0.11979201436042786,2.0345085144042967,2.589506912231445,0.05
729,0.26293959950699525,0.11861154349411235,2.0324631999520695,2.480068459230311,0.26529817581176757,0.11479474753141403,2.039103603363037,2.6022478103637696,0.05
730,0.2615705448038438,0.11730385001967936,2.0307929936577294,2.4791752450606404,0.2673510372638702,0.11901558190584183,2.031634473800659,2.5603822231292725,0.05
731,0.2621943871764576,0.11868571533876307,2.023529228042154,2.465467502089108,0.26687313318252565,0.11891900151968002,2.0247562885284425,2.5541314125061034,0.05
732,0.26315075071418986,0.11514403933987898,2.017510407111224,2.556632126078886,0.26804485321044924,0.11807254999876023,2.0217362880706786,2.595098781585693,0.05
733,0.2626578352030586,0.11818855825592489,2.015461199423846,2.486293301862829,0.2665807485580444,0.12573956698179245,2.021921896934509,2.412439203262329,0.05
734,0.2651326042764327,0.11879972149344052,2.019490767927731,2.5227594585979687,0.2656493246555328,0.1204596534371376,2.0249845027923583,2.498796319961548,0.05
735,0.26544352839974794,0.1213350392439786,2.019582180415883,2.478253392612233,0.26931882202625274,0.11680519133806229,2.0282827377319337,2.6446159362792967,0.05
736,0.2643657940275529,0.11752183691543691,2.0229671842911663,2.532285690307617,0.2727024912834167,0.12332084327936173,2.0242404460906984,2.58278489112854,0.05
737,0.26361917046939626,0.11962061550687342,2.018002664341646,2.476370559019201,0.26925375759601594,0.11789073497056961,2.024258327484131,2.6224085807800295,0.05
738,0.26429128997466145,0.11853607524843777,2.0201557383817783,2.5110730283400593,0.2685811460018158,0.11996218711137771,2.03163161277771,2.5660526752471924,0.05
739,0.264385428498773,0.12081535160541534,2.0247101222767547,2.4664595197228825,0.26783678531646726,0.11916204541921616,2.0398536205291746,2.565524101257324,0.05
740,0.2626071309342104,0.11890507664750605,2.030326983507942,2.467975658528945,0.2646116316318512,0.12182154506444931,2.0426758766174316,2.4472665786743164,0.05
741,0.26092208308332104,0.11837620814056958,2.0329815920661476,2.444321127498851,0.26753355860710143,0.11841704100370407,2.0446063041687013,2.5734090328216555,0.05
742,0.2626248019583085,0.11621223477756276,2.0338604309979607,2.5214791157666374,0.27087010741233825,0.11545132100582123,2.0450589656829834,2.699363851547241,0.05
743,0.2622587750939762,0.11536189431653303,2.0360971268485573,2.530718200347003,0.2663599669933319,0.12038570791482925,2.0488940715789794,2.5097063064575194,0.05
744,0.2632376095827888,0.11613003690453137,2.046768160427318,2.5327978274401497,0.27043030560016634,0.11413290798664093,2.060251808166504,2.7138975143432615,0.05
745,0.2608417491702473,0.11718269612859278,2.0481410587535187,2.4635528255911434,0.26475022435188295,0.11899078786373138,2.053550624847412,2.5044785022735594,0.05
746,0.2618776191683376,0.11542887459782993,2.0468666273004867,2.5196014993331013,0.27746870517730715,0.1257197603583336,2.067509984970093,2.621476745605469,0.05
747,0.2770664060817045,0.12880935476106756,2.079816411523258,2.5491777588339413,0.28178927302360535,0.12516952008008958,2.084016799926758,2.7155916690826416,0.05
748,0.2735869165729074,0.12647474250372717,2.0794039053075455,2.5263627276701084,0.2919170320034027,0.13346849232912064,2.075452423095703,2.753880167007446,0.05
749,0.26868688534287843,0.1210884359829566,2.0659246304455925,2.5387839289272534,0.28015504479408265,0.11938383877277374,2.055773162841797,2.8042695045471193,0.05
750,0.26766953485853534,0.11526761642273735,2.0503357859218823,2.637971274992999,0.27280744910240173,0.1165628433227539,2.048845100402832,2.715122842788696,0.05
751,0.265492221011835,0.11544773464693743,2.036626100540161,2.593564468271592,0.26892636716365814,0.11438385993242264,2.030477428436279,2.684754419326782,0.05
752,0.26352882823523355,0.117055562489173,2.020703813608955,2.525324498905855,0.26741988956928253,0.11821154356002808,2.0137448072433473,2.581418037414551,0.05
753,0.2653534780530369,0.11807500527185552,2.0076105384265674,2.544047411750345,0.2700933635234833,0.11226287931203842,2.010050082206726,2.7545995712280273,0.05
754,0.2634134406552595,0.11527461032657062,2.0083036983714386,2.5611157978282257,0.2694042384624481,0.11785711944103242,2.0131622314453126,2.6283100605010987,0.05
755,0.26293913318830375,0.11778428054907743,2.012849337914411,2.5005272276261272,0.26968066692352294,0.11810603737831116,2.0189775943756105,2.627696990966797,0.05
756,0.26442086608970866,0.11987651095670812,2.013846516609192,2.488117631743936,0.2710548102855682,0.1188628688454628,2.0212646484375,2.6395859241485597,0.05
757,0.2626902986975277,0.11698821362327128,2.017167596256032,2.5106081401600555,0.2782152533531189,0.11768024563789367,2.0225956439971924,2.8061810970306396,0.05
758,0.2646598447771633,0.1192365932990523,2.0193840545766495,2.504588141160853,0.27944871187210085,0.13165417760610582,2.021394968032837,2.551611566543579,0.05
759,0.2839059847242692,0.13497679899720585,2.0265576629077686,2.57327200384701,0.2802360713481903,0.13027780503034592,2.032196617126465,2.592725992202759,0.05
760,0.2799981315346325,0.1330035867936471,2.042543425279505,2.5313821960898006,0.2762298762798309,0.13412312418222427,2.0420570850372313,2.433723783493042,0.05
761,0.2767602100091822,0.1274728998541832,2.047082143671372,2.5763298062717213,0.27737889885902406,0.1248144805431366,2.0434610843658447,2.6425962448120117,0.05
762,0.2715960180058199,0.12653433663003585,2.047738510019639,2.4916859374326816,0.274684077501297,0.12436504811048507,2.048989772796631,2.5965825080871583,0.05
763,0.2703577069675221,0.1212588106008137,2.051856658037971,2.5716065518996296,0.27312480211257933,0.1225829154253006,2.0490850448608398,2.6010208129882812,0.05
764,0.2689897374195211,0.12271144591710147,2.047754077350392,2.5160149686476765,0.2723063349723816,0.12171286791563034,2.0449408531188964,2.602880907058716,0.05
765,0.2674703492837794,0.11825452262864393,2.044672559289371,2.5753820222966812,0.27331321835517886,0.1220833033323288,2.0463048458099364,2.61533727645874,0.05
766,0.2647753191344878,0.1189060925560839,2.0469181537628174,2.5080009488498463,0.27004486620426177,0.12181039303541183,2.047367572784424,2.5552157878875734,0.05
767,0.26664936542510986,0.12189520501038607,2.043614520746119,2.4863602554096893,0.2742229163646698,0.12200151085853576,2.0446688175201415,2.63549427986145,0.05
768,0.26646805686109204,0.12057689840302747,2.045550696990069,2.5087131051456226,0.26893010139465334,0.11899270713329316,2.050118398666382,2.5887241840362547,0.05
769,0.26505621654145856,0.11989402683342204,2.0487756588879753,2.4934885642107796,0.26996548771858214,0.11923586130142212,2.0527353286743164,2.604045534133911,0.05
770,0.26716344847398643,0.120544194298632,2.048574545804192,2.522670156815473,0.27277137637138366,0.1214417889714241,2.0500808715820313,2.6165756702423097,0.05
771,0.2669713698765811,0.1192030512234744,2.0432348882450775,2.5467193547417137,0.2710587739944458,0.1204650953412056,2.044307327270508,2.603012228012085,0.05
772,0.26497939404319315,0.11755192937219844,2.042913759455961,2.539966513128842,0.2700814366340637,0.1199790969491005,2.051673746109009,2.59171199798584,0.05
773,0.2651214669732487,0.12006417398943621,2.047257381327012,2.4916944223291733,0.2675109297037125,0.11630313098430634,2.0519924640655516,2.613757514953613,0.05
774,0.2626485114588457,0.11598283797502518,2.0467494515811695,2.523963619680966,0.2695298433303833,0.11700292080640792,2.050311803817749,2.6404762268066406,0.05
775,0.2623959823566325,0.11705371080075994,2.0437583923339844,2.4980937242507935,0.26802024245262146,0.12115078866481781,2.0460212230682373,2.5281848430633547,0.05
776,0.2637772393577239,0.11752083415494245,2.0398790275349334,2.517152253319235,0.2650762915611267,0.12036779522895813,2.0462285041809083,2.484924077987671,0.05
777,0.26177353280432086,0.1164800086442162,2.041734148474301,2.4975235742681168,0.26749669313430785,0.12268564850091934,2.052137565612793,2.4857932567596435,0.05
778,0.2617339824928957,0.11539820800809299,2.0471071495729336,2.5172939581029556,0.2681192964315414,0.11062402576208115,2.054314136505127,2.739042615890503,0.05
779,0.2642286612707026,0.1183830837116522,2.041887465645285,2.5085340107188507,0.2701112121343613,0.12251563370227814,2.0497056007385255,2.5419704914093018,0.05
780,0.2630775272846222,0.11942196067641764,2.0399253648870133,2.465126163819257,0.2748445153236389,0.12331705391407013,2.0446716785430907,2.6216148853302004,0.05
781,0.2646714825840557,0.1220416058512295,2.038269884446088,2.4449435121872845,0.2701513409614563,0.12353088557720185,2.047066497802734,2.522995662689209,0.05
782,0.2638420655446894,0.12085731239879832,2.0383312351563396,2.4520288214964023,0.26843752562999723,0.12257178276777267,2.049849843978882,2.5073447227478027,0.05
783,0.2664931100957534,0.12046308903133168,2.0455814950606404,2.5114839918473186,0.26773794889450075,0.12405594587326049,2.05385422706604,2.4628692626953126,0.05
784,0.26250117841888876,0.11965567925397087,2.044187307357788,2.448072489570169,0.27464002966880796,0.1214376762509346,2.054655981063843,2.6531159400939943,0.05
785,0.2703862330492805,0.12573528114487142,2.0608340291415943,2.480852204210618,0.2784025490283966,0.12799691110849382,2.07822322845459,2.5924681186676026,0.05
786,0.27769625712843504,0.12361066744608037,2.07896284496083,2.665919205721687,0.2785009264945984,0.1270357459783554,2.0772011280059814,2.6138633251190186,0.05
787,0.2708902420366512,0.12530906629912994,2.078374792547787,2.4959484408883488,0.2739823341369629,0.12222638875246047,2.0799309253692626,2.619132661819458,0.05
788,0.2666333151214263,0.11802030924488516,2.079904892865349,2.5562791123109707,0.27252982258796693,0.11903745085000991,2.0820932388305664,2.653428792953491,0.05
789,0.26633890937356386,0.11890628013540716,2.078955229590921,2.5328614361145916,0.27445748448371887,0.12020893394947052,2.080432081222534,2.6688844680786135,0.05
790,0.2675008686149822,0.11854585084845037,2.0793717047747444,2.5632260406718537,0.27095521688461305,0.12124049663543701,2.090268039703369,2.576240587234497,0.05
791,0.2685772084137973,0.1204355109263869,2.086923122406006,2.5454492989708397,0.27398419976234434,0.12468972504138946,2.0931815624237062,2.5672531127929688,0.05
792,0.26602090632214265,0.11747435480356216,2.0870909270118263,2.553512755562277,0.2690742313861847,0.11943364292383193,2.09013671875,2.5747844219207763,0.05
793,0.26600926413255577,0.11912220979438108,2.086173983181224,2.5205061926561245,0.27729378938674926,0.11971121281385422,2.0914958477020265,2.73335223197937,0.05
794,0.26534421741962433,0.11684443538679797,2.086580556981704,2.5526794966529396,0.2731043815612793,0.12182281166315079,2.0902340412139893,2.6075844287872316,0.05
795,0.265396551174276,0.11869925085236044,2.0854563432581283,2.516854720957139,0.2709886014461517,0.11834700852632522,2.0902607917785643,2.6347796440124513,0.05
796,0.26387954459470864,0.1199540500255192,2.084803160499124,2.461549197926241,0.27010912299156187,0.12256953418254853,2.089041996002197,2.5329833030700684,0.05
797,0.26728154105298657,0.11977335240911036,2.0850638221291935,2.533151023528155,0.2687109112739563,0.12044966071844102,2.0872095108032225,2.5477831840515135,0.05
798,0.2666990090818966,0.11498545548495125,2.083490441827213,2.617572924670051,0.26990571022033694,0.1199009284377098,2.090183448791504,2.582058906555176,0.05
799,0.2654467680874993,0.11839298071230159,2.0892749113195084,2.5232207214131073,0.26889216899871826,0.11985146403312683,2.099114418029785,2.5609912395477297,0.05
800,0.2644181374241324,0.11827928616720088,2.0957172197454117,2.503633569268619,0.2700297564268112,0.11934582591056823,2.1022278308868407,2.5932329177856444,0.05
801,0.26268622629782734,0.11752931291566175,2.0877145178177776,2.4855952543370865,0.27120848894119265,0.1196225106716156,2.083752679824829,2.6149690628051756,0.05
802,0.2636087352738661,0.11737863281193901,2.0767362538506005,2.5092546659357406,0.2680394113063812,0.11845099627971649,2.0839988231658935,2.574968671798706,0.05
803,0.2631669456467909,0.11769042821491466,2.077941628063426,2.493942008298986,0.2703976511955261,0.12151750326156616,2.085595417022705,2.5604837417602537,0.05
804,0.26204996512216683,0.11947562457884059,2.0820056270150578,2.435085661271039,0.2668537855148315,0.11877933144569397,2.0867316246032717,2.5441426753997805,0.05
805,0.26424427418147817,0.11840422232361401,2.082459155250998,2.5003091307247387,0.2663297414779663,0.1226315438747406,2.0883530616760253,2.456293296813965,0.05
806,0.263958958141944,0.12020361116703819,2.0820326384376076,2.4587003343245564,0.26912693679332733,0.12141572684049606,2.08102707862854,2.538018751144409,0.05
807,0.2637802301084294,0.12174845793667961,2.075787908890668,2.425477890407338,0.2687180995941162,0.1233267605304718,2.0767273902893066,2.4924814224243166,0.05
808,0.26329245111521554,0.11873049464295893,2.0740678310394287,2.4764254513908837,0.2711883783340454,0.12011776268482208,2.0868318557739256,2.604045867919922,0.05
809,0.2625130090643378,0.11784146901439219,2.0869488014894375,2.476041036493638,0.26506487727165223,0.12180588990449906,2.101976728439331,2.4447844982147218,0.05
810,0.2633371756357305,0.11656646956415738,2.0965828755322624,2.5160975456237793,0.2737832307815552,0.11389194875955581,2.1087304592132567,2.776079607009888,0.05
811,0.2675222281147452,0.11595707342905157,2.1026892101063446,2.610765204710119,0.26916606426239015,0.11633561104536057,2.113272762298584,2.6339542388916017,0.05
812,0.2643336881609524,0.115284523981459,2.102603126974667,2.5604626571430877,0.2691450297832489,0.11863936632871627,2.11256365776062,2.5876003742218017,0.05
813,0.2645331787712434,0.11800477390780169,2.1018384905422436,2.5102004023159252,0.27115507125854493,0.11998002380132675,2.1120511531829833,2.6010907649993897,0.05
814,0.2657402648645289,0.11572375367669498,2.1036244139951816,2.5796053269330192,0.26750625371932985,0.11881115436553955,2.1208674907684326,2.549728345870972,0.05
815,0.2664306163787842,0.11644216188613106,2.110544330933515,2.577660146881552,0.27021780610084534,0.12056348025798798,2.1267882347106934,2.567728853225708,0.05
816,0.2656424913336249,0.11736879979862887,2.1206552982330322,2.5413426932166603,0.27134358286857607,0.11585255116224288,2.1361812591552733,2.682584285736084,0.05
817,0.2660033808035009,0.1138910686268526,2.121257781982422,2.617994546890259,0.26933159232139586,0.11644842028617859,2.134653329849243,2.630732870101929,0.05
818,0.2665354136158438,0.10841232845011879,2.1267477484310375,2.737112087361953,0.2767495572566986,0.11439618617296218,2.1452985763549806,2.8180076122283935,0.05
819,0.2673235255129197,0.11056509745471618,2.1250514843884636,2.7101581797880283,0.27044395804405214,0.11498090773820877,2.138996458053589,2.6814616680145265,0.05
820,0.26560087940272165,0.11035595395985771,2.118427683325375,2.6812130282906925,0.27040496170520784,0.1149000033736229,2.1331316471099853,2.68347282409668,0.05
821,0.2650460802456912,0.11342775471070234,2.1133997019599464,2.6096865990582634,0.2715467125177383,0.11918458193540574,2.1253863334655763,2.622165489196777,0.05
822,0.26722438633441925,0.11253126885961084,2.105494835797478,2.672763291527243,0.2685686111450195,0.11706683933734893,2.117742395401001,2.606486988067627,0.05
823,0.2667502427802366,0.11550696851576076,2.102197534897748,2.6044259912827434,0.2727535396814346,0.11458606719970703,2.1147342681884767,2.7404024600982666,0.05
824,0.2662615618285011,0.11424423009157181,2.09895115740159,2.6205564667196835,0.27087377309799193,0.11519351005554199,2.1104220390319823,2.6915207386016844,0.05
825,0.26710934498730826,0.11293578323195963,2.0890500405255485,2.6656612087698544,0.27393649220466615,0.12040430456399917,2.1008960723876955,2.650464391708374,0.05
826,0.2688955015995923,0.1147020104176858,2.0855758891386142,2.666754638447481,0.2828012228012085,0.11503793895244599,2.1032963752746583,2.934606504440308,0.05
827,0.26906367084559274,0.1133013030185419,2.085574178134694,2.698132458855124,0.27031995356082916,0.1179815411567688,2.104868745803833,2.625794458389282,0.05
828,0.26574256051989165,0.11420926539336934,2.0904016775243424,2.612585516536937,0.26921648979187013,0.11771897226572037,2.115430307388306,2.606864356994629,0.05
829,0.2646424586282057,0.11422217856435214,2.098508498247932,2.5887039128471825,0.27122060060501096,0.1144501432776451,2.120608854293823,2.7112873077392576,0.05
830,0.2663121574065265,0.11528843334492515,2.099525143118466,2.6005695006426643,0.27043514847755434,0.12121904790401458,2.1182817935943605,2.560665655136108,0.05
831,0.2665947412743288,0.11655832914745107,2.0999586161445167,2.580736566992367,0.26754050254821776,0.1170707494020462,2.1180142879486086,2.5857921123504637,0.05
832,0.264397812240264,0.11396988086840686,2.096098717521219,2.58933882152333,0.2702091336250305,0.11809659153223037,2.114929437637329,2.6192647933959963,0.05
833,0.26399916410446167,0.11423193137435352,2.092507516636568,2.576843170558705,0.2682253420352936,0.12052282541990281,2.111818313598633,2.531686544418335,0.05
834,0.26329005202826333,0.11405192841501798,2.094190190820133,2.5659243920270134,0.2687472105026245,0.11990910917520523,2.1169474601745604,2.5533724784851075,0.05
835,0.2628072903436773,0.11442811480339836,2.0960419738993927,2.5483751016504623,0.26792187690734864,0.11754074692726135,2.1154222011566164,2.584538125991821,0.05
836,0.2641962643931894,0.11559095671948265,2.0926459256340477,2.5535769743077896,0.2695844233036041,0.11546077430248261,2.1086751937866213,2.660737895965576,0.05
837,0.2633088494048399,0.11901388887096853,2.0884445555069866,2.468210220336914,0.26777822375297544,0.12006716281175614,2.1102697372436525,2.5321671962738037,0.05
838,0.2651634601985707,0.11872149477986728,2.0927137206582462,2.510296534089481,0.2722178876399994,0.11937010288238525,2.1088733196258547,2.6351809024810793,0.05
839,0.2625327154117472,0.11623128941830467,2.08976552065681,2.508075370508082,0.2653394520282745,0.11577175110578537,2.1030903816223145,2.570735740661621,0.05
840,0.2685018462293288,0.12605693103636012,2.0929143288556267,2.430315375328064,0.2719803094863892,0.12489673495292664,2.1186044692993162,2.5179505348205566,0.05
841,0.2664432096130708,0.12483386037980809,2.100441203397863,2.4120987162870517,0.27101447582244875,0.12946712374687194,2.1130323886871336,2.40834059715271,0.05
842,0.26533733746584726,0.12495851604377523,2.0923329100889316,2.3891098779790543,0.27024796009063723,0.12177618891000748,2.100898265838623,2.549255704879761,0.05
843,0.2645693929756389,0.12055742039399989,2.0796101093292236,2.4643173568388996,0.26709105372428893,0.12113032341003419,2.0899099826812746,2.5012326717376707,0.05
844,0.26430605790194345,0.11932692895917331,2.072947347865385,2.4849930510801426,0.2649424850940704,0.11765339374542236,2.0901734828948975,2.5277469635009764,0.05
845,0.2635223856743644,0.11767009821008234,2.070570272557876,2.5029317491194782,0.2681166470050812,0.1280551314353943,2.082067537307739,2.3848166465759277,0.05
846,0.26470499529558067,0.12315424137255725,2.0608831433688892,2.418838388779584,0.27208214402198794,0.12215549051761627,2.07454833984375,2.583623266220093,0.05
847,0.26211292603436637,0.11925605070941589,2.0559045847724464,2.4459566088283764,0.26469619274139405,0.12124395668506623,2.0713307857513428,2.454778480529785,0.05
848,0.26164576148285584,0.11788406486020368,2.0548579552594353,2.4642623172086826,0.26693115234375,0.12115033715963364,2.071743202209473,2.5012678146362304,0.05
849,0.2612842461642097,0.11856692810268964,2.059751510620117,2.4423961499158073,0.2668334901332855,0.12055392861366272,2.0802069664001466,2.5095496654510496,0.05
850,0.26293881237506866,0.11827439595671262,2.0674712237189796,2.4797940324334538,0.2824212729930878,0.11510640233755112,2.086581325531006,2.9289809703826903,0.05
851,0.26805153664420633,0.11497537090497859,2.0716293980093563,2.6471974288716034,0.27346447110176086,0.12046858966350556,2.0839157104492188,2.6431342124938966,0.05
852,0.2656943447449628,0.11288960584822823,2.061000852023854,2.643894644344554,0.26995047330856325,0.11778406500816345,2.0721275806427,2.628902626037598,0.05
853,0.26538511584786806,0.11508607908206828,2.0555799147661995,2.5948648593005013,0.26992871761322024,0.1234589010477066,2.0790738105773925,2.513581323623657,0.05
854,0.2654800783185398,0.11769356666242375,2.0661555739010082,2.542499107473037,0.26981663703918457,0.12425856739282608,2.0932212829589845,2.4925172328948975,0.05
855,0.2643810081131318,0.11807338718105764,2.0780857731314266,2.5105352261487175,0.26758922040462496,0.11910649240016938,2.1002470016479493,2.549605131149292,0.05
856,0.26549304057570067,0.11465705142301671,2.082228660583496,2.6002739597769344,0.2672719329595566,0.11957046836614608,2.0996975898742676,2.5340896606445313,0.05
857,0.2632605468525606,0.11332435511490878,2.0813630188212677,2.582451175240909,0.2682195514440536,0.11451685726642609,2.099421977996826,2.6541694164276124,0.05
858,0.2622377951355541,0.11441606809111203,2.081422917983111,2.5401499271392822,0.2661628782749176,0.12072231769561767,2.1000085353851317,2.4888094425201417,0.05
859,0.2655044057789971,0.11391762381090838,2.085530870101031,2.61462945096633,0.2697002410888672,0.11905417889356613,2.111983394622803,2.5905246257781984,0.05
860,0.26407529150738435,0.11644178059171229,2.093047632890589,2.53406060443205,0.270951709151268,0.12327553033828735,2.103082847595215,2.5329070568084715,0.05
861,0.2639484536998412,0.11737309659228605,2.0748965179218963,2.5165277789620792,0.2707169592380524,0.1230578750371933,2.0748964309692384,2.538202428817749,0.05
862,0.2631291063392864,0.11979511292541728,2.0517011249766632,2.4563396117266487,0.273634672164917,0.12164556831121445,2.0586480617523195,2.6280524253845217,0.05
863,0.265804384561146,0.117112196105368,2.042285119785982,2.5653866739834057,0.27005300521850584,0.11704056859016418,2.0546142578125,2.649325942993164,0.05
864,0.26223250347025256,0.11413794931243448,2.040062336360707,2.553878601859598,0.2671366512775421,0.1186968594789505,2.0544190883636473,2.5579119682312013,0.05
865,0.26252208036534924,0.1158286740674692,2.040194202871884,2.52582927311168,0.27287092208862307,0.11933452486991883,2.054726076126099,2.6597827911376952,0.05
866,0.26109347448629494,0.1144230974947705,2.0396049583659455,2.525486483293421,0.2660290539264679,0.11626311242580414,2.0552355289459228,2.58427152633667,0.05
867,0.2634612111484303,0.11415321818169426,2.0372338435229134,2.578713164610021,0.2660563111305237,0.11915695369243622,2.049548053741455,2.5280773639678955,0.05
868,0.2628137916326523,0.1157511731281,2.0317148040322697,2.534909458721385,0.2639170527458191,0.11971164643764495,2.0510605812072753,2.4738958835601808,0.05
869,0.2632618020562565,0.1159659470705425,2.0358370051664463,2.53874970183653,0.26690582036972044,0.12340945899486541,2.057827043533325,2.4583617210388184,0.05
870,0.26221538992489085,0.1173099415267215,2.042284278308644,2.4896520025589886,0.273811537027359,0.11859365254640579,2.063707447052002,2.6916160583496094,0.05
871,0.2624441692057778,0.11652636045918745,2.0452489572412826,2.509306374718161,0.27126569449901583,0.12103877812623978,2.062813234329224,2.5919756412506105,0.05
872,0.26241990310304303,0.1158171848339193,2.043509202844956,2.5233524687149944,0.2687185972929001,0.11842050701379776,2.061224031448364,2.5937169551849366,0.05
873,0.2606673310784733,0.11396115273237228,2.0404124400194954,2.526040988809922,0.26766965389251707,0.11873835772275924,2.056201171875,2.5673855781555175,0.05
874,0.26241371298537536,0.11443669436609044,2.036952593747307,2.5521497866686653,0.2671641200780869,0.1180636703968048,2.051796245574951,2.571649742126465,0.05
875,0.2617658306570614,0.11372011374024783,2.0356185155756332,2.553790541256175,0.26941007375717163,0.11753411293029785,2.0553575992584228,2.626447868347168,0.05
876,0.2612071396673427,0.11263877635492998,2.038183001910939,2.563730674631455,0.2681181252002716,0.11945243030786515,2.0563580989837646,2.5620422840118406,0.05
877,0.26343432331786437,0.11326604555634891,2.0396008491516113,2.595445380491369,0.26746744513511655,0.11826899647712708,2.0507530689239504,2.5738183498382567,0.05
878,0.2607185227029464,0.11395606705371071,2.0315165519714355,2.5289457265068505,0.2653123289346695,0.11771540194749833,2.0457128047943116,2.5427961349487305,0.05
879,0.2639307134291705,0.1136104092001915,2.024945651783663,2.601416966494392,0.2715468168258667,0.11627927273511887,2.0309762001037597,2.699155569076538,0.05
880,0.2735343891031602,0.11625615638845108,2.0117582222994637,2.743212980382583,0.27508346140384676,0.12514843344688414,2.031639289855957,2.5923725605010985,0.05
881,0.2706274460343754,0.11810929021414589,2.0153053017223583,2.647302080603207,0.27097914814949037,0.12037685364484788,2.0382293701171874,2.6043999195098877,0.05
882,0.2667824853869045,0.11584714011234395,2.0202530412112965,2.6146562520195458,0.27174600660800935,0.12225035727024078,2.0405176639556886,2.581809425354004,0.05
883,0.26728784687378826,0.11767768377766889,2.0235368924982406,2.5874958949930527,0.27320913076400755,0.11756910234689713,2.049538803100586,2.7028928279876707,0.05
884,0.26641875856062947,0.11453314695288153,2.0331750687430885,2.6310772685443653,0.27306381464004514,0.11973924040794373,2.0563547134399416,2.655220460891724,0.05
885,0.2654138260027942,0.11511366989682703,2.0389017006930183,2.59822276059319,0.27401300966739656,0.12177894115447999,2.0658358097076417,2.6315140247344972,0.05
886,0.26605326287886677,0.11481910418061649,2.0466552481931797,2.615352111704209,0.27195956707000735,0.12110029757022858,2.0713977813720703,2.6029057025909426,0.05
887,0.2632548397078234,0.11350080721518573,2.0478118307450237,2.5855181637932274,0.2725668340921402,0.11530694514513015,2.0669541358947754,2.7318068504333497,0.05
888,0.2637401109232622,0.11351187746314441,2.0417669660904827,2.59621122304131,0.26947924494743347,0.11706339865922928,2.0622677326202394,2.6358633041381836,0.05
889,0.2651427738806781,0.11491421566290014,2.0424454913419834,2.5960820422453037,0.2657458961009979,0.11916759312152862,2.0642608642578124,2.5187138080596925,0.05
890,0.26225049004835244,0.11723160656059489,2.0431031760047462,2.4917570001938762,0.26454404294490813,0.11798817217350006,2.0612860679626466,2.518860101699829,0.05
891,0.26211730609921846,0.11635857469895307,2.039446466109332,2.5072853144477394,0.269271183013916,0.1216381773352623,2.0523608207702635,2.5421880722045898,0.05
892,0.2628614727188559,0.11873309927828171,2.0246287093443027,2.4776417648091034,0.26685846745967867,0.11982978582382202,2.0316309452056887,2.5342474460601805,0.05
893,0.2658145865973304,0.12172779616187601,2.001270658829633,2.4814815941978905,0.268138712644577,0.12203794866800308,2.0124762773513796,2.519520092010498,0.05
894,0.2615872235859142,0.1202899463036481,1.9893418129752665,2.4280771507936367,0.2633212864398956,0.11907104998826981,2.0052979707717897,2.4839452743530273,0.05
895,0.2613789518089855,0.11624959549483131,1.98386549949646,2.5058139632729923,0.2666122496128082,0.11860560476779938,1.9997570753097533,2.560181474685669,0.05
896,0.2627531325115877,0.11660712782074423,1.9805411521126242,2.5268118381500244,0.2662979602813721,0.11818192601203918,2.002559232711792,2.5618088722229,0.05
897,0.26344362865476045,0.1151801141745904,1.983672485632055,2.5685357206008015,0.2682085394859314,0.11603041887283325,2.006011486053467,2.642360210418701,0.05
898,0.26503050502608805,0.11454685382983264,1.9858352086123299,2.612506017965429,0.2726549029350281,0.11885856986045837,2.0121861696243286,2.673489141464233,0.05
899,0.26560194352093863,0.11588017554844127,1.9896787685506485,2.5964996393989113,0.2737616181373596,0.12075550705194474,2.010668182373047,2.6579887866973877,0.05
900,0.2659030977417441,0.11681934665231143,1.9854555200127995,2.584583745283239,0.2700900614261627,0.11757413595914841,2.0155241966247557,2.6472134590148926,0.05
901,0.263051779831157,0.11499547520104576,1.994426397716298,2.5622407268075382,0.26714791655540465,0.12345875203609466,2.016900086402893,2.4704030990600585,0.05
902,0.2643742561340332,0.11762368942008299,1.9933606526430916,2.5363391707925236,0.2685482889413834,0.1165456935763359,2.0170111894607543,2.636649560928345,0.05
903,0.2610909938812256,0.1144444762783892,1.9937267724205465,2.5341849747826073,0.26867812871932983,0.11847137957811356,2.0170076847076417,2.6007334709167482,0.05
904,0.26353155076503754,0.11399280499009525,1.9961356906329883,2.59154779770795,0.27290924787521365,0.11659808307886124,2.019046998023987,2.7224140644073485,0.05
905,0.26469113633913155,0.11438484139302198,1.9993505127289717,2.60625580479117,0.269453826546669,0.1197969600558281,2.0258203029632567,2.587973213195801,0.05
906,0.264224540661363,0.11662785095327041,2.0053505967645084,2.5508634903851677,0.268277108669281,0.11879034191370011,2.0300782918930054,2.583719491958618,0.05
907,0.26430687133003683,0.11644316815278109,2.0111840192009423,2.5550372881047867,0.2696378916501999,0.12044238746166229,2.036824607849121,2.5765451431274413,0.05
908,0.26239072925904217,0.11632735019221026,2.015701602487003,2.518127174938426,0.2725927710533142,0.11506149023771287,2.0437031030654906,2.7418848037719727,0.05
909,0.26415997918914347,0.11420759646331563,2.0226779124316048,2.5945120699265423,0.2676620572805405,0.11914524286985398,2.051842212677002,2.5599678993225097,0.05
910,0.2623866822789697,0.11422098384183996,2.0290321322048412,2.557507535990547,0.2669635474681854,0.11601063311100006,2.052635836601257,2.608531093597412,0.05
911,0.26322756532360525,0.11461217044030919,2.0254257286296173,2.5672227214364445,0.2767698645591736,0.12032188028097153,2.0490407943725586,2.7191514015197753,0.05
912,0.2628362722256604,0.11563472055337008,2.0240096064174877,2.5392290844636807,0.2710092604160309,0.118641696870327,2.048619794845581,2.6376271724700926,0.05
913,0.26258329433553357,0.11519339987460304,2.0239573997609757,2.543006378061631,0.26627783179283143,0.1175516277551651,2.0493295669555662,2.564658212661743,0.05
914,0.2641904205083847,0.11521781235933304,2.0244668020921597,2.574558734893799,0.26970903277397157,0.11558283120393753,2.05120792388916,2.6722824573516846,0.05
915,0.2632676433114445,0.11631038609672995,2.0298444804023292,2.5331762257744286,0.2690481871366501,0.12030022889375687,2.05950813293457,2.563057470321655,0.05
916,0.2650206921731724,0.11659557503812454,2.0356889682657577,2.5613646086524513,0.2725998669862747,0.1212533488869667,2.0628438711166384,2.614361572265625,0.05
917,0.26220601183526654,0.11560812241890851,2.039484837475945,2.524060810313505,0.26767277121543886,0.12240771949291229,2.0612887144088745,2.4930432796478272,0.05
918,0.26166552568183227,0.11483998552841299,2.0327274939593147,2.5299652464249553,0.2679524064064026,0.11633754670619964,2.047024941444397,2.622892236709595,0.05
919,0.26336901065181284,0.1150023069451837,2.0221846173791325,2.562897093155805,0.2714247703552246,0.11749823540449142,2.0418447971343996,2.670161819458008,0.05
920,0.2634509118164287,0.11374915478860631,2.0222402740927303,2.589587029288797,0.26867526173591616,0.11935595273971558,2.0438347101211547,2.577619123458862,0.05
921,0.26439910688821006,0.11378397661096909,2.023420396973105,2.6076185282538917,0.2694759458303452,0.1172458291053772,2.048177194595337,2.6349667072296143,0.05
922,0.262688093325671,0.11594596768126768,2.026248854749343,2.5295926963581756,0.2683006823062897,0.11813362538814545,2.049447751045227,2.593451642990112,0.05
923,0.2615019144380794,0.11523906404481214,2.027662796132705,2.519724453196806,0.2654717147350311,0.12063967436552048,2.052645206451416,2.486111879348755,0.05
924,0.2609054323504953,0.11422280046869726,2.0329413764617024,2.5270642533021817,0.26740449070930483,0.11739297360181808,2.0556049585342406,2.58910927772522,0.05
925,0.2607663817265454,0.11412803697235444,2.034444612615249,2.5258779525756836,0.2683670461177826,0.11931963562965393,2.0582324504852294,2.569301652908325,0.05
926,0.26165258270852704,0.11429369581096313,2.0362932822283577,2.5399190538069782,0.26993968784809114,0.11421335488557816,2.0603636264801026,2.702453851699829,0.05
927,0.2634090465657851,0.11427836821359746,2.0433878898620605,2.573935901417452,0.2714448243379593,0.11565342396497727,2.0762038230895996,2.700587272644043,0.05
928,0.2637895266799366,0.11821465194225311,2.0509135442621567,2.5013147522421444,0.26835026144981383,0.12603108286857606,2.067559909820557,2.4328714847564696,0.05
929,0.2631053871968213,0.11880217667888193,2.044616797391106,2.4771408053005444,0.26699437499046325,0.1189154714345932,2.0621585845947266,2.549146223068237,0.05
930,0.2635858225471833,0.12202517600620494,2.04423768380109,2.4223652657340553,0.26654799580574035,0.12468186914920806,2.060604381561279,2.425201749801636,0.05
931,0.26290592638885274,0.11640174730735667,2.037619520636166,2.5225595866932586,0.2674017667770386,0.12120015472173691,2.05164749622345,2.5137025833129885,0.05
932,0.2620724518509472,0.11849736772915896,2.0348576096927418,2.464530152433059,0.26617770195007323,0.11585252434015274,2.0547024726867678,2.5955629348754883,0.05
933,0.2616061655914082,0.1165637137258754,2.035941670922672,2.4936606884002686,0.26974460780620574,0.1190541848540306,2.0540910243988035,2.60299015045166,0.05
934,0.26870104670524597,0.11386984236100141,2.0265664282967064,2.6913107984206257,0.28472357988357544,0.1192931979894638,2.048313760757446,2.8989447593688964,0.05
935,0.2675873172633788,0.11842391859082614,2.0294856113546036,2.5773707277634563,0.28277105987071993,0.11682309955358505,2.054006791114807,2.9081578254699707,0.05
936,0.2646930182681364,0.11985698342323303,2.0340776443481445,2.489905132966883,0.26907569766044614,0.12076109051704406,2.0625295877456664,2.5537861824035644,0.05
937,0.26447880268096924,0.12220915976692648,2.044634594636805,2.43646581733928,0.2683211326599121,0.12505283057689667,2.065537619590759,2.45225830078125,0.05
938,0.2634132907671087,0.11983813827528673,2.0450784178341137,2.4624873329611385,0.2697099447250366,0.12066571265459061,2.0635788440704346,2.568168878555298,0.05
939,0.262159724445904,0.1193854817572762,2.046069481793572,2.4462709146387436,0.26992619037628174,0.12169287502765655,2.068503665924072,2.55096549987793,0.05
940,0.2616071928949917,0.11804871962350957,2.0502765739665314,2.4611140910316918,0.2681061178445816,0.1181520402431488,2.0713881492614745,2.584803819656372,0.05
941,0.26070287560715394,0.11674488774117302,2.0614555723526897,2.466868624967687,0.26760218739509584,0.12006867825984954,2.0928041458129885,2.5321093082427977,0.05
942,0.26017943024635315,0.1155510961132891,2.077795351252836,2.477007683585672,0.26678372621536256,0.11776282042264938,2.0961700916290282,2.561183977127075,0.05
943,0.2594921851859373,0.11536645845455282,2.073691354078405,2.46777624242446,0.26878929138183594,0.11563009172677993,2.0876859188079835,2.645646858215332,0.05
944,0.25941287244067474,0.11585703492164612,2.0698046684265137,2.4571558587691364,0.26572891473770144,0.11953477710485458,2.088895559310913,2.5061035633087156,0.05
945,0.26163985010455637,0.11423315195476308,2.0677982638863956,2.5345742421991684,0.2665948987007141,0.11831160634756088,2.085666561126709,2.548532485961914,0.05
946,0.2622600934084724,0.117897448294303,2.0644625355215633,2.4743604099049286,0.2729534685611725,0.11942741125822068,2.0821907043457033,2.654083013534546,0.05
947,0.262786304249483,0.11654672245768939,2.0624113784116855,2.512309368918924,0.26971757411956787,0.12099835127592087,2.082673263549805,2.5578497886657714,0.05
948,0.26200387144789977,0.11795831734643263,2.0620506791507496,2.4685009086833283,0.26581743359565735,0.1208244189620018,2.0809719562530518,2.4836660861968993,0.05
949,0.2615346452769111,0.11579714803134694,2.064183094922234,2.501913267023423,0.26963688135147096,0.116597481071949,2.0840145111083985,2.6439851760864257,0.05
950,0.26139333844184875,0.113515403779114,2.06580047046437,2.5443984550588272,0.2650280475616455,0.12178699225187302,2.0844468116760253,2.4479318618774415,0.05
951,0.26146036824759317,0.11573765426874161,2.062432611689848,2.5019677246318146,0.2663821876049042,0.12197494655847549,2.0791064739227294,2.472323417663574,0.05
952,0.26052556669010835,0.11915532455724828,2.05511913580053,2.4163810575709626,0.2635605543851852,0.12091635167598724,2.0725078105926515,2.4383824348449705,0.05
953,0.26068298255696015,0.11621171192211263,2.048396811765783,2.4797459770651424,0.2645659625530243,0.11902210563421249,2.066635847091675,2.497549819946289,0.05
954,0.2631123793475768,0.11626753298675313,2.046513823901906,2.5275941736557903,0.2677253603935242,0.11956867128610611,2.0706008434295655,2.5490134239196776,0.05
955,0.26417728907921734,0.11777503919952056,2.0536831967970905,2.5173083894393025,0.2674288094043732,0.11877935528755187,2.080403232574463,2.556908369064331,0.05
956,0.262779101729393,0.11483011526219986,2.0643208026885986,2.546115510603961,0.2696528255939484,0.11776885837316513,2.091218090057373,2.619435691833496,0.05
957,0.2621458172798157,0.11541007327682831,2.0683836095473347,2.521038153592278,0.26762073040008544,0.1194739043712616,2.0917434215545656,2.544587755203247,0.05
958,0.26210352252511415,0.12082858471309438,2.0679090724271885,2.411916830960442,0.26838111579418183,0.12040425688028336,2.0913838863372805,2.5412604331970217,0.05
959,0.26170234645114226,0.11635001836454167,2.068920752581428,2.493262431200813,0.26798664927482607,0.1251556694507599,2.09132776260376,2.4383537769317627,0.05
960,0.26214320081121784,0.12042829569648295,2.0731313228607178,2.419671787935145,0.26581197381019595,0.1206694409251213,2.089355945587158,2.48497953414917,0.05
961,0.2611514505218057,0.11760796913329293,2.0683665415819954,2.457196221632116,0.26677742004394533,0.12106045633554459,2.0851397037506105,2.4973113536834717,0.05
962,0.2636113727793974,0.11600097049685086,2.064297984628116,2.5393483919255875,0.27534019351005556,0.12674727737903596,2.084788465499878,2.5549005031585694,0.05
963,0.27049355822450977,0.12134826402453815,2.0655164157643036,2.5698025507085465,0.2778953194618225,0.12288581430912018,2.0884336948394777,2.682503414154053,0.05
964,0.26690903393661275,0.11907093796659918,2.066670165342443,2.543427789912504,0.27748361229896545,0.12564250081777573,2.0913510799407957,2.6185518741607665,0.05
965,0.2661404346718508,0.1181008500211379,2.0694831259110393,2.546895013136022,0.27115824818611145,0.12012807875871659,2.0943981647491454,2.6017239093780518,0.05
966,0.2643277312026304,0.1182946133262971,2.0713892263524674,2.5063845129574047,0.26765288412570953,0.12299423366785049,2.0919182300567627,2.4747893810272217,0.05
967,0.26221783196224885,0.11654303924125783,2.0700142243329216,2.4994929958792294,0.26732175052165985,0.12325463742017746,2.0939263343811034,2.462556982040405,0.05
968,0.26294247367802787,0.11754112734514124,2.0710920165566837,2.493808592067045,0.26985929608345033,0.11899257153272629,2.094527769088745,2.5984288692474364,0.05
969,0.26378558839068694,0.11617795684758354,2.075848425135893,2.536982943029965,0.2705690026283264,0.12056911438703537,2.1004310607910157,2.579911470413208,0.05
970,0.26400018614881177,0.11649827746783986,2.079826663522159,2.534072819878073,0.27084755301475527,0.11836500912904739,2.1051206588745117,2.628626823425293,0.05
971,0.26357226950280804,0.11626598326598897,2.0842317272635067,2.529279358246747,0.27144612073898317,0.11810361742973327,2.112861967086792,2.6442775249481203,0.05
972,0.2620076133924372,0.11490730240064509,2.090937277849983,2.523818619111005,0.2750586628913879,0.11800871938467025,2.1132765293121336,2.7183436870574953,0.05
973,0.26386163076933694,0.11699752334286184,2.0944779199712418,2.518386588377111,0.2749072790145874,0.11820978224277497,2.117773103713989,2.7103953838348387,0.05
974,0.2643825508215848,0.11758487233344246,2.0975362693562225,2.5164462959065155,0.2768365442752838,0.11706912517547607,2.1185294151306153,2.77164249420166,0.05
975,0.2617973045391195,0.11538876899901558,2.0957086507011864,2.509029037812177,0.2691345691680908,0.1159436747431755,2.1168819427490235,2.6404415130615235,0.05
976,0.26128603518009186,0.11221194574061562,2.0970423221588135,2.5620733709896313,0.26661393642425535,0.1158093735575676,2.117802095413208,2.5925308227539063,0.05
977,0.2633429090766346,0.11461697387344696,2.0930072840522316,2.5559172490063835,0.269862574338913,0.1183125540614128,2.10913348197937,2.6091736793518066,0.05
978,0.26210177120040445,0.11455374386380701,2.085154757780187,2.5339295583612778,0.26625064611434934,0.11595162004232407,2.1042004108428953,2.5851404666900635,0.05
979,0.2607509616543265,0.11401162822456921,2.078864336013794,2.519013713387882,0.2698623061180115,0.11788280457258224,2.0988184452056884,2.6198262691497805,0.05
980,0.26242182710591483,0.1173393025117762,2.0745705716750202,2.486736444865956,0.26596498489379883,0.12233509123325348,2.093042516708374,2.4539894104003905,0.05
981,0.26285282215651345,0.11860466091071858,2.0713782170239616,2.470687550656936,0.2689479410648346,0.11598728597164154,2.0916309356689453,2.640886974334717,0.05
982,0.2617751947220634,0.11610666136531268,2.0715243816375732,2.499065833933213,0.268255752325058,0.11753048449754715,2.089831304550171,2.5965389251708983,0.05
983,0.2601790787542568,0.11588477737763349,2.068644215078915,2.472157127716962,0.26370440125465394,0.11844829767942429,2.0876474380493164,2.487592601776123,0.05
984,0.26052307994926677,0.11610644223058925,2.066127706976498,2.4751071719562305,0.26354392170906066,0.1198871061205864,2.085805320739746,2.4559752464294435,0.05
985,0.25932317007990446,0.11401751155362409,2.0641449759988224,2.4932842745500454,0.2654158413410187,0.11658060550689697,2.083105278015137,2.560083532333374,0.05
986,0.2594991238678203,0.11712224036455154,2.063603765824262,2.4348169144462135,0.26477632224559783,0.123408742249012,2.090283489227295,2.4092949867248534,0.05
987,0.2650228467057733,0.12003232845488716,2.0729717787574318,2.485215986476225,0.270551997423172,0.11996655911207199,2.0937893390655518,2.59295072555542,0.05
988,0.2606932249139337,0.11976174046011533,2.066456668517169,2.405338399550494,0.26590425968170167,0.11919773519039153,2.0819053173065187,2.5177494049072267,0.05
989,0.2661909750279258,0.12473260918084313,2.075591872720157,2.4140487278209015,0.27097036838531496,0.12451525628566742,2.1119575977325438,2.5067107677459717,0.05
990,0.26636947428478913,0.12515961247331955,2.097660415312823,2.404665091458489,0.2704180836677551,0.1346491977572441,2.125945281982422,2.2901886701583862,0.05
991,0.2651684590998818,0.12541565824957454,2.103463243035709,2.374363324221443,0.2683656573295593,0.1336161434650421,2.120962715148926,2.2707974910736084,0.05
992,0.26334445792085986,0.12549690726925344,2.0976457175086525,2.3374218940734863,0.26522316932678225,0.1264554128050804,2.1138832569122314,2.35257830619812,0.05
993,0.25946125388145447,0.12234205314341713,2.0905277308295753,2.3242783686693977,0.2689043879508972,0.12581404596567153,2.1096584796905518,2.4398751735687254,0.05
994,0.26199451264213114,0.12106479792033925,2.0890531680163216,2.400783721138449,0.26727726459503176,0.11751524358987808,2.1080326557159426,2.573633909225464,0.05
995,0.2617884935701595,0.11680795602938708,2.081093802171595,2.483391930075253,0.26720002889633176,0.12211338579654693,2.0938506603240965,2.4829626083374023,0.05
996,0.2655203447622411,0.11913909018039703,2.072448562173282,2.5131353350246655,0.27308287024497985,0.12291469275951386,2.094574785232544,2.584448719024658,0.05
997,0.2689700433436562,0.11865309844998752,2.075471008525175,2.5912445713492,0.269846522808075,0.12537152767181398,2.1018324375152586,2.4691332817077636,0.05
998,0.26499291290255156,0.11820523309357026,2.0830603627597584,2.519141533795525,0.2697953701019287,0.12234580367803574,2.11122145652771,2.5267467498779297,0.05
999,0.2625412993571338,0.11506047888713725,2.0907310598036823,2.531470200594734,0.27022826075553896,0.12082056105136871,2.113708257675171,2.56541223526001,0.05
1000,0.26104461708489585,0.11556191172669916,2.0895958648008457,2.491734925438376,0.26817633509635924,0.12099929749965668,2.1102811336517333,2.5214844226837156,0.05
1001,0.26230040543219624,0.11519971840521868,2.0865900376263786,2.524695634841919,0.2674908101558685,0.12091746926307678,2.108387088775635,2.50978946685791,0.05
1002,0.26105131647166085,0.11720917593030368,2.0848214205573585,2.459878416622386,0.2661924332380295,0.1201913371682167,2.1076447010040282,2.4984929084777834,0.05
1003,0.2628532104632434,0.11637092732331332,2.086575662388521,2.5123305741478417,0.26860409379005434,0.12246835827827454,2.1176242351531984,2.499189853668213,0.05
1004,0.2628017453586354,0.11666634109090357,2.0990590908948112,2.5028962948743034,0.26598845720291137,0.11949499249458313,2.1265671253204346,2.5045559406280518,0.05
1005,0.26236770258230324,0.11660869288093903,2.101498701993157,2.494880388764774,0.2686066269874573,0.12431857138872146,2.1216847896575928,2.4614241123199463,0.05
1006,0.2613401009755976,0.11844879870905596,2.0918649505166447,2.4394529987783993,0.26841476559638977,0.12569114416837693,2.117461585998535,2.4309799671173096,0.05
1007,0.26141279585221233,0.11917139940402087,2.0918584571165195,2.426456184948192,0.26742982864379883,0.12206575274467468,2.1173181533813477,2.4838179111480714,0.05
1008,0.2610123139970443,0.11504627983359729,2.0933953593758976,2.500641514273251,0.26728111505508423,0.12056319415569305,2.121255302429199,2.5101073741912843,0.05
1009,0.2645287618917577,0.1237531247384408,2.1056236940271713,2.3943879323847153,0.27035892605781553,0.12707630246877671,2.1373777866363524,2.4381767749786376,0.05
1010,0.2653155134004705,0.12302567809820175,2.1167241124545826,2.4224518257028915,0.2708086848258972,0.1291324093937874,2.1398829936981203,2.4055487632751467,0.05
1011,0.2628372294061324,0.11960820634575452,2.1143445688135483,2.44171148889205,0.2698237419128418,0.12461721897125244,2.135207939147949,2.477088785171509,0.05
1012,0.26410188394434314,0.11805029388736277,2.1090319437139176,2.499225378036499,0.2699179589748383,0.12970151901245117,2.121565055847168,2.380015754699707,0.05
1013,0.264120654148214,0.1270972341299057,2.096486919066485,2.3211709892048553,0.270113205909729,0.12207146435976028,2.1122616291046143,2.5383824825286867,0.05
1014,0.2657371610403061,0.12437802071080488,2.0929516203263225,2.4085925396750953,0.26738898158073426,0.12280818670988083,2.1070141792297363,2.470212984085083,0.05
1015,0.26334111567805796,0.1217124523485408,2.089156852048986,2.4147417966057274,0.26857548356056216,0.12323063164949417,2.102821207046509,2.4863326072692873,0.05
1016,0.26500046866781574,0.12013343853109024,2.086091209860409,2.480122313779943,0.2707347393035889,0.11327480524778366,2.1013224124908447,2.728934097290039,0.05
1017,0.26802829170928283,0.12312497505370308,2.080775765811696,2.4819111543543197,0.2686400502920151,0.12554622143507005,2.095662784576416,2.4427439689636232,0.05
1018,0.2634651012280408,0.11647439967183505,2.070051431655884,2.5258037202498493,0.2677230715751648,0.11708298027515411,2.084264802932739,2.5959489345550537,0.05
1019,0.26239001838599935,0.11970344098175273,2.0676891383002785,2.440193709205179,0.26946831941604615,0.12175648510456086,2.090187501907349,2.5361992835998537,0.05
1020,0.2617991654311909,0.11590945019441493,2.072236888548907,2.5033469059888054,0.2665453374385834,0.11888328939676285,2.092234706878662,2.534794044494629,0.05
1021,0.26186571489362154,0.11842995005495408,2.073988395578721,2.453917475307689,0.2630926728248596,0.12280883938074112,2.0924871444702147,2.3871792793273925,0.05
1022,0.26112575390759635,0.11938119460554684,2.078911963631125,2.4191087273990406,0.26445095539093016,0.11765738278627395,2.098216009140015,2.516228199005127,0.05
1023,0.26052385743926554,0.11754968630916932,2.079468614914838,2.4435897364335903,0.26758346557617185,0.1224667713046074,2.0991090297698975,2.4825119495391847,0.05
1024,0.26159288427409005,0.11979354304425857,2.0791187426623177,2.420162986306583,0.2676732659339905,0.11961991041898727,2.1001830101013184,2.541030263900757,0.05
1025,0.26277262410696817,0.11884040166349973,2.0853637246524586,2.4615716653711655,0.27589972615242003,0.11996224373579026,2.11951584815979,2.694846487045288,0.05
1026,0.26819464564323425,0.11891399806036669,2.1083477244657627,2.563943386077881,0.2827410578727722,0.12365795820951461,2.1392297744750977,2.753816080093384,0.05
1027,0.26727501960361705,0.11924994605429032,2.1125244673560646,2.5379965585820816,0.2706255793571472,0.12151975333690643,2.137656736373901,2.554585075378418,0.05
1028,0.2639690199319054,0.11755830487784218,2.1102561950683594,2.50616296599893,0.2728969693183899,0.11951352208852768,2.1357614040374755,2.6405167102813722,0.05
1029,0.26197871390511007,0.11737859029980267,2.108735238804537,2.4702554169823143,0.2690895438194275,0.12075836956501007,2.1314340591430665,2.5403366565704344,0.05
1030,0.2638360595001894,0.1190242044189397,2.104648169349222,2.4753073804518757,0.2699919193983078,0.12159479409456253,2.1290366649627686,2.5421350479125975,0.05
1031,0.2619936317205429,0.11803845710614148,2.101091006222893,2.458885248969583,0.26805601716041566,0.12477407753467559,2.125770854949951,2.440484571456909,0.05
1032,0.26120060244027304,0.1166619202669929,2.099600399241728,2.4708535390741684,0.26501538753509524,0.11734805405139923,2.125904369354248,2.5281660079956056,0.05
1033,0.26078755014082966,0.11758856037083794,2.100322625216316,2.443915240904864,0.27013101279735563,0.12013850957155228,2.124231767654419,2.5750035762786867,0.05
1034,0.2626406199791852,0.11430854175020666,2.1016931533813477,2.5463028094347786,0.26727315187454226,0.11876959204673768,2.130116605758667,2.5440478801727293,0.05
1035,0.26229175224023704,0.11735436276477926,2.1052022401024315,2.4777071756475113,0.2692686378955841,0.12339007258415222,2.1343360424041746,2.490703821182251,0.05
1036,0.261167470146628,0.11633141251171336,2.110219015794642,2.4746772541719326,0.26425049006938933,0.11997228264808654,2.134394311904907,2.458685302734375,0.05
1037,0.2608065666521297,0.11675807877498515,2.111545674941119,2.4586605745203354,0.2652194559574127,0.11680698841810226,2.135946798324585,2.5410598278045655,0.05
1038,0.25958380541380716,0.11472003424868864,2.1130937688490925,2.474656708100263,0.2648763954639435,0.1184001699090004,2.1376391887664794,2.5019967555999756,0.05
1039,0.2610632672029383,0.11639585083021838,2.111928617253023,2.4709625875248626,0.2690105438232422,0.12272365242242814,2.1364313125610352,2.4984514236450197,0.05
1040,0.26210830141516295,0.11686298338805928,2.1113479558159325,2.482636774287504,0.26751521825790403,0.11505514681339264,2.137446975708008,2.6217118740081786,0.05
1041,0.2597665813039331,0.11477098833112155,2.1140425205230713,2.4771032894358918,0.26429314017295835,0.11905356049537659,2.1390693187713623,2.4769776344299315,0.05
1042,0.2610143773696002,0.11627776526352938,2.1117703634149887,2.4723781207028557,0.26473059356212614,0.11899381279945373,2.135006475448608,2.487734317779541,0.05
1043,0.26097294074647565,0.11560863344108357,2.1095825363607967,2.4853696402381447,0.26613318026065824,0.11952582597732545,2.1334081172943113,2.50546555519104,0.05
1044,0.26028798520565033,0.1156571503071224,2.1089712872224697,2.470822376363418,0.2650617629289627,0.11797111183404922,2.134474992752075,2.5149179458618165,0.05
1045,0.25986287436064553,0.1144280871924232,2.1135830177980313,2.4859791362986847,0.2664166152477264,0.12044117748737335,2.1385650634765625,2.491795778274536,0.05
1046,0.25939418989069324,0.1158812444876222,2.119103754267973,2.4464381161858055,0.2656876534223557,0.11937181055545806,2.1486813545227053,2.496580648422241,0.05
1047,0.2590763647766674,0.11501607167370179,2.1255680673262654,2.45609230854932,0.2640105664730072,0.11852624416351318,2.1467193603515624,2.4803425312042235,0.05
1048,0.26002058211494894,0.11338951175703722,2.1217952055089615,2.5082623537848976,0.26409660577774047,0.11652330756187439,2.143490695953369,2.5227677822113037,0.05
1049,0.2596105240723666,0.11434712874538758,2.12132721788743,2.4810024289523853,0.26688472628593446,0.11641574203968048,2.1459362506866455,2.580192279815674,0.05
1050,0.26155314375372496,0.11746013252174153,2.1230907440185547,2.457242054097793,0.2700922518968582,0.1235659435391426,2.149315690994263,2.500663089752197,0.05
1051,0.26327000120106864,0.11820483558318194,2.122489199918859,2.476805434507482,0.26584952473640444,0.12370598465204238,2.1454904079437256,2.41377272605896,0.05
1052,0.26081210374832153,0.11817941551699358,2.1183799014371982,2.428977798013126,0.2663287878036499,0.12185423821210861,2.141949272155762,2.4611011028289793,0.05
1053,0.2615044046850765,0.11643012656885035,2.1194525045507095,2.477594992693733,0.2654183566570282,0.12409836351871491,2.1415219783782957,2.3980955600738527,0.05
1054,0.2617053897941814,0.11682577869471382,2.117742468329037,2.4740436778349033,0.26631691455841067,0.120005664229393,2.1365063190460205,2.4989237785339355,0.05
1055,0.2614612754653482,0.11639558436239467,2.111743548337151,2.478965121157029,0.2684342324733734,0.11954418569803238,2.1344558715820314,2.550909662246704,0.05
1056,0.2627817155683742,0.11513316850451862,2.109747788485359,2.5310212864595303,0.2675312548875809,0.11691234111785889,2.1330598831176757,2.5857663631439207,0.05
1057,0.2618935301023371,0.1163516649428536,2.1084057162789738,2.4891561760621914,0.2691501647233963,0.11735122948884964,2.1325355529785157,2.609471654891968,0.05
1058,0.26046130674726825,0.11610824790071039,2.1077453669379738,2.4655120793510887,0.2671613097190857,0.11730967313051224,2.132831859588623,2.570466327667236,0.05
1059,0.2604653370731017,0.1141244830454097,2.111021841273588,2.5046127122991226,0.26623609066009524,0.11778444647789002,2.1376810550689695,2.5414966106414796,0.05
1060,0.25977680525358987,0.1149417363545474,2.114859328550451,2.473729512270759,0.26782108545303346,0.11769963055849075,2.1414046764373778,2.5741482734680177,0.05
1061,0.2600407302379608,0.11488593238241532,2.1180474477655746,2.479486451429479,0.2659419357776642,0.11731542199850083,2.1444941997528075,2.5436313152313232,0.05
1062,0.26037706872996164,0.11503117706845789,2.1214984585257137,2.4826181355644676,0.27200994491577146,0.11525300145149231,2.1426040649414064,2.7066180229187013,0.05
1063,0.2639916171045864,0.11300263466203914,2.1149840495165657,2.596782824572395,0.26700976490974426,0.12029262781143188,2.1412673473358153,2.5060892581939695,0.05
1064,0.26104362747248483,0.1149435586789075,2.114560702267815,2.4990891568800984,0.26616055965423585,0.11638633906841278,2.1387311458587646,2.567738246917725,0.05
1065,0.26010865498991576,0.11340376997695249,2.112870693206787,2.511523485183716,0.2663340777158737,0.11912167817354202,2.138128471374512,2.5166223526000975,0.05
1066,0.26008191003518943,0.11575882224475637,2.1123856095706715,2.4639846016378963,0.2637485921382904,0.11742253005504608,2.1375566482543946,2.4990100383758547,0.05
1067,0.2593643086798051,0.11488694872926264,2.111975038752836,2.4671522168552174,0.2661033391952515,0.11557582914829254,2.1378556728363036,2.582979106903076,0.05
1068,0.25860341682153587,0.1153996656922733,2.1116757252637077,2.4417398466783413,0.2656522274017334,0.1195650964975357,2.13675971031189,2.494390678405762,0.05
1069,0.2592662564095329,0.11562048030250213,2.117002108517815,2.4495151603923127,0.2659833014011383,0.1165209949016571,2.147237682342529,2.559798574447632,0.05
1070,0.259455606341362,0.11429434795590009,2.124311839832979,2.4783627776538624,0.26530507802963255,0.11773074120283127,2.1522361755371096,2.521039342880249,0.05
1071,0.2598538127015619,0.11410838234073975,2.1257871599758373,2.489751086515539,0.26519261598587035,0.1174512505531311,2.1502020835876463,2.5247867584228514,0.05
1072,0.2605726263102363,0.11384238434188507,2.125531617332907,2.509498399846694,0.2643439382314682,0.11627321243286133,2.151558589935303,2.531102705001831,0.05
1073,0.2604592845720403,0.11338153174694847,2.1251350851619946,2.516528038417592,0.2651765882968903,0.1157381847500801,2.149297904968262,2.5589082717895506,0.05
1074,0.2593098808737362,0.11409821974880555,2.120779500288122,2.4800772807177376,0.26253131330013274,0.11756263673305511,2.1439772605895997,2.4705780029296873,0.05
1075,0.2602650321581784,0.11326271646163043,2.1137632902930763,2.5172936215120205,0.26475210189819337,0.11770265251398086,2.13564395904541,2.5138601303100585,0.05
1076,0.2596583550467211,0.11459099369890549,2.1079270979937386,2.4797617687898525,0.2661422252655029,0.11966048181056976,2.1330609798431395,2.5030226707458496,0.05
1077,0.2597518729812959,0.1149373273639118,2.1052836530348835,2.4752341158249798,0.26288856863975524,0.11730121076107025,2.1297982692718507,2.4857874870300294,0.05
1078,0.2595370490761364,0.11551951485521653,2.1016832800472485,2.460013880449183,0.26499141454696656,0.11911905109882355,2.1270994663238527,2.4920273780822755,0.05
1079,0.2592070313060985,0.11504257558023229,2.099149647881003,2.4634590850156894,0.26568280458450316,0.11672824174165726,2.124026966094971,2.5542859077453612,0.05
1080,0.26147089986240163,0.11300020752584233,2.0992487598867977,2.549564053030575,0.26600784063339233,0.12043560892343522,2.1279735565185547,2.4858500480651857,0.05
1081,0.26113074053736296,0.11531117821440977,2.099975684109856,2.496396036709056,0.2657225400209427,0.11664570569992065,2.1297658920288085,2.555583381652832,0.05
1082,0.2608187610612196,0.11432824020876604,2.1012709982254925,2.509556209339815,0.26822556257247926,0.1201611801981926,2.130721187591553,2.535143518447876,0.05
1083,0.26257818586686077,0.11533535666325513,2.099218480727252,2.5250127876506134,0.2647517442703247,0.11734968721866608,2.121513605117798,2.5237386226654053,0.05
1084,0.26032229293795195,0.11459281733807396,2.090085029602051,2.496572452432969,0.2658839881420135,0.1216500461101532,2.1173200607299805,2.461214876174927,0.05
1085,0.2607872354633668,0.11459494031527463,2.0892802967744717,2.505989867098191,0.2682128846645355,0.11941714435815812,2.115562582015991,2.552802228927612,0.05
1086,0.2627682668321273,0.11454707866205889,2.0863340742447796,2.5471568808836094,0.2685102313756943,0.12011801898479461,2.1139532566070556,2.5450533390045167,0.05
1087,0.2634742067140691,0.11433284028488047,2.0870416164398193,2.565418979700874,0.2698268532752991,0.11788668334484101,2.118875789642334,2.615028142929077,0.05
1088,0.26546474064097686,0.11469318893025904,2.0891486897188076,2.5976012173820946,0.26982578039169314,0.1211629182100296,2.1153977870941163,2.550177526473999,0.05
1089,0.2612980656764087,0.11530301193980609,2.0865596462698544,2.5025890644858864,0.26588186621665955,0.12120072543621063,2.1133605003356934,2.470950698852539,0.05
1090,0.26174139801193685,0.11439042056308073,2.0881679759306064,2.5293859173269833,0.2675949215888977,0.12143923342227936,2.1208798408508303,2.498937749862671,0.05
1091,0.26427319207612204,0.11358757360893137,2.0946262023028206,2.594787120819092,0.27149820923805235,0.11689838767051697,2.1240517616271974,2.667185926437378,0.05
1092,0.2630215199554668,0.11532952680307276,2.0971355157739975,2.5344127206241382,0.26745548844337463,0.1192762479186058,2.1245311737060546,2.538678455352783,0.05
1093,0.26194825242547426,0.11364668695365682,2.0974902265212116,2.546533191905302,0.2701553523540497,0.11981011182069778,2.1246488094329834,2.5819750785827638,0.05
1094,0.26107994773808646,0.11271538453943589,2.095902541104485,2.548110667396994,0.27004382014274597,0.11674220860004425,2.1226259231567384,2.641507053375244,0.05
1095,0.26340841370470386,0.11356337587623035,2.0960075434516456,2.57769915636848,0.26560980677604673,0.12364563345909119,2.117743492126465,2.415734624862671,0.05
1096,0.262004529728609,0.11592189441708957,2.0921832533443676,2.503215986139634,0.2656572192907333,0.11562845706939698,2.1150920391082764,2.5775568008422853,0.05
1097,0.2623160341206719,0.11417085721212275,2.0905645033892464,2.5447905624614044,0.266787987947464,0.11703747510910034,2.115776252746582,2.571854829788208,0.05
1098,0.26189662866732655,0.11359394385534174,2.095028512618121,2.547047930605271,0.2671911746263504,0.11775691509246826,2.1220022678375243,2.5642847537994387,0.05
1099,0.2622973498176126,0.11381242205114926,2.0960389726302204,2.55049064580132,0.2741550147533417,0.11565481126308441,2.1181122779846193,2.7463816165924073,0.05
1100,0.2620271558270735,0.11430779713041642,2.094729689990773,2.5354411321527817,0.2667375147342682,0.11892678588628769,2.1176626682281494,2.5326821327209474,0.05
1101,0.2610327478717355,0.11329920064000522,2.093993257073795,2.535872263066909,0.26811325550079346,0.11464671790599823,2.1192065715789794,2.645489454269409,0.05
1102,0.26146111593526955,0.11322049358311821,2.0989385632907642,2.545024773653816,0.26435006260871885,0.11902337223291397,2.122367572784424,2.4820602893829347,0.05
1103,0.26058251717511344,0.11652486376902636,2.099379777908325,2.46127706415513,0.2666259199380875,0.11559058278799057,2.1274810314178465,2.595210599899292,0.05
1104,0.2609098939334645,0.11407525180017247,2.1006052634295296,2.5165717601776123,0.2745250344276428,0.11602216809988022,2.1220993518829347,2.7456375122070313,0.05
1105,0.25920388190185323,0.11572260497247472,2.0993547860313866,2.449754511608797,0.267946669459343,0.11928534805774689,2.1264977931976317,2.547926902770996,0.05
1106,0.2616614348748151,0.11514116166269078,2.107836877598482,2.508837980382583,0.26400170624256136,0.1155784472823143,2.1303834915161133,2.542388391494751,0.05
1107,0.2607272232280058,0.11315405587939655,2.1066186989054962,2.5301395374185898,0.2664394736289978,0.11960999369621277,2.1276852607727053,2.5110522747039794,0.05
1108,0.2614271351519753,0.11378102267489713,2.1031116317300236,2.5322999112746296,0.2682732313871384,0.11594047844409942,2.122214651107788,2.6222120761871337,0.05
1109,0.2587857483064427,0.11331714821212432,2.09577379507177,2.4902171948376823,0.2645784765481949,0.11715222746133805,2.11416277885437,2.525692367553711,0.05
1110,0.2599971785264857,0.11310810595750809,2.0903912993038403,2.519703009549309,0.2660121232271194,0.11885615736246109,2.107256317138672,2.5216679096221926,0.05
1111,0.2607705365209019,0.11700744576313916,2.078558753518497,2.4595499319188736,0.26147404313087463,0.11875757575035095,2.0947358131408693,2.4353822231292725,0.05
1112,0.2586376518011093,0.11499393906663447,2.071475898518282,2.458578986280105,0.26270784735679625,0.12019149065017701,2.0861499309539795,2.433097076416016,0.05
1113,0.2577216853113735,0.11443024479291018,2.06379454276141,2.4530697920743156,0.2656062304973602,0.11745566725730897,2.0811728477478026,2.5467767238616945,0.05
1114,0.2591574744266622,0.11393285279764849,2.0603721141815186,2.4924179315567017,0.264166796207428,0.11712494343519211,2.0786713123321534,2.525102710723877,0.05
1115,0.25900331314872294,0.11695870406487409,2.060182683608111,2.4288555874544033,0.2656777948141098,0.11718366742134094,2.0830632209777833,2.5532698154449465,0.05
1116,0.2623191879076116,0.11484695883358226,2.0659337464500878,2.5362578139585605,0.26421633958816526,0.11589274853467942,2.0915056228637696,2.5481707096099853,0.05
1117,0.26036589461214404,0.1169838629224721,2.0712589937097885,2.4533888031454647,0.2656884014606476,0.12233487665653228,2.089658832550049,2.4491387367248536,0.05
1118,0.2600579629926121,0.11432697974583682,2.0671126001021443,2.5011970716364242,0.2635470122098923,0.11923124492168427,2.0837252616882322,2.4695703029632567,0.05
1119,0.26382964674164266,0.11453519016504288,2.047696927014519,2.5763498684939217,0.26814966797828677,0.12032651901245117,2.059151458740234,2.544632387161255,0.05
1120,0.26285653605180626,0.11885033109608818,2.036059197257547,2.4729122414308438,0.26356506943702696,0.12346857041120529,2.0592724323272704,2.3900755405426026,0.05
1121,0.26089251830297355,0.11658783739103991,2.0421769128126255,2.4776581315433277,0.2692780762910843,0.11763418018817902,2.064112901687622,2.620055150985718,0.05
1122,0.26039735008688536,0.11766419428236344,2.046308194889742,2.44540140208076,0.2667840003967285,0.11999222934246064,2.0669156074523927,2.522452163696289,0.05
1123,0.26141755370532765,0.11437773178605472,2.0475878575268913,2.531278834623449,0.26413041949272154,0.11975438743829728,2.0678292751312255,2.473954916000366,0.05
1124,0.25934192275299744,0.11540014691212598,2.0519223353442024,2.468451093224918,0.264447021484375,0.1217195600271225,2.0776498317718506,2.4390191078186034,0.05
1125,0.2583290513824014,0.11633917952285093,2.061857686323278,2.427425833309398,0.26397555470466616,0.11748878508806229,2.082932138442993,2.5131489753723146,0.05
1126,0.2602105543893926,0.11520001336055644,2.0636959777158848,2.487471615566927,0.26459644436836244,0.11798794865608216,2.0830902576446535,2.515551710128784,0.05
1127,0.25910644320880666,0.11563223556560628,2.064914310679716,2.4565013086094574,0.26451950073242186,0.11659630388021469,2.0860114097595215,2.5412614345550537,0.05
1128,0.26094038872157826,0.11914442567264333,2.0649304530199837,2.42293314372792,0.2659051775932312,0.119026318192482,2.078754425048828,2.521826171875,0.05
1129,0.2643948881065144,0.12562911957502365,2.062922716140747,2.3627308046116546,0.2915602087974548,0.15839528441429138,2.0898563861846924,2.2453272104263307,0.05
1130,0.28231090482543497,0.14881427980521145,2.0934787778293384,2.2512366000343773,0.27899966239929197,0.13598701655864714,2.0979973316192626,2.440653610229492,0.05
1131,0.2736006028511945,0.1313379547175239,2.081844512154074,2.428884071462295,0.2758780479431152,0.13885360360145568,2.0817928314208984,2.3241302013397216,0.05
1132,0.26907745354315815,0.13062096650109573,2.0637082913342644,2.3563880499671486,0.2651025652885437,0.13606969118118287,2.061920642852783,2.168273448944092,0.05
1133,0.2653677691431606,0.1272627492161358,2.047925542382633,2.3525152066174675,0.2683189481496811,0.13309299498796462,2.04868483543396,2.2947819232940674,0.05
1134,0.2653402090072632,0.12769585278104334,2.0322454747031715,2.346438022220836,0.2658779382705688,0.1258244127035141,2.0363924980163572,2.393791913986206,0.05
1135,0.2624681241372052,0.12616337791961782,2.0305338046130013,2.3199881876216217,0.2657078802585602,0.13140416294336318,2.038878297805786,2.2782987117767335,0.05
1136,0.26042409153545604,0.12629698436049855,2.0335714326185337,2.275827835587894,0.26765882074832914,0.1247204527258873,2.0422800064086912,2.4503112554550173,0.05
1137,0.2618323371690862,0.123454749584198,2.0340644471785603,2.3607388314078834,0.26230809688568113,0.12560687512159346,2.0401843547821046,2.3259874820709228,0.05
1138,0.26034900195458355,0.12212867245954626,2.0285567536073574,2.358695282655604,0.2636657625436783,0.12551213353872298,2.032408571243286,2.356590986251831,0.05
1139,0.26106274916845207,0.1223109228646054,2.0248867203207577,2.3700591395883,0.2702347218990326,0.12195440381765366,2.036995458602905,2.5582072734832764,0.05
1140,0.25846799243898955,0.12069376777200137,2.037804224911858,2.347923531251795,0.26401160955429076,0.12252162545919418,2.049459362030029,2.419907808303833,0.05
1141,0.262949617470012,0.1200198224362205,2.0335584177690396,2.4518842416651108,0.2678066372871399,0.12161555886268616,2.042973184585571,2.515226888656616,0.05
1142,0.26284942556830015,0.11904442748602699,2.0330330063315,2.4694933470557716,0.2684811055660248,0.1224563330411911,2.0470974922180174,2.511076021194458,0.05
1143,0.2625248256851645,0.11991353026207756,2.0348536407246307,2.445255195393282,0.2658429354429245,0.1208526387810707,2.0472036838531493,2.490365171432495,0.05
1144,0.2614879616919686,0.11927846468546811,2.037027597427368,2.4367844707825603,0.2659564256668091,0.12299279570579529,2.050634813308716,2.4491455078125,0.05
1145,0.26043670755975384,0.11975114047527313,2.0405930631300984,2.4055927010143505,0.26390083134174347,0.12186361700296403,2.0502367973327638,2.4306970119476317,0.05
1146,0.2600955095361261,0.11874416207565981,2.036041687516605,2.419818604693693,0.26752175092697145,0.11687003374099732,2.0460755825042725,2.6038191318511963,0.05
1147,0.2608953258570503,0.12042421453139361,2.0337815284729004,2.4026658605126774,0.26378521919250486,0.12503111958503724,2.048805809020996,2.3653207778930665,0.05
1148,0.26064185096937065,0.11937111835269366,2.0364841994117286,2.418117775636561,0.26476310193538666,0.11920304298400879,2.048409843444824,2.501519298553467,0.05
1149,0.26005010219181285,0.1196433143580661,2.0331910217509552,2.401497518315035,0.2643144130706787,0.12097030729055405,2.0396965980529784,2.4589427947998046,0.05
1150,0.2589488923549652,0.11946450699778165,2.0254347534740673,2.384600709466373,0.26581687331199644,0.12142955660820007,2.03668212890625,2.48040976524353,0.05
1151,0.2591506111271241,0.12042645321172826,2.0229139047510483,2.369900436962352,0.26670739352703093,0.12404581606388092,2.0279019594192507,2.447650909423828,0.05
1152,0.26047370363684264,0.11909168564221438,2.012137125520145,2.4252128741320442,0.26465414762496947,0.12005133032798768,2.0191700935363768,2.488222122192383,0.05
1153,0.259620264172554,0.11886530939270468,2.0093877525890576,2.4132215345607086,0.2625088423490524,0.11805784404277801,2.0202656030654906,2.4849668025970457,0.05
1154,0.25818994816611796,0.11804691220031065,2.0073189595166374,2.401396870613098,0.26447396278381347,0.12030645906925201,2.0190708160400392,2.4795358180999756,0.05
1155,0.2590574701042736,0.11769847484195933,2.0070464470807243,2.4257707104963413,0.2629114806652069,0.12094521820545197,2.017007327079773,2.4359235763549805,0.05
1156,0.25993583833470063,0.11686262488365173,2.005746778319864,2.460314855856054,0.2648211419582367,0.11638836562633514,2.0177401542663573,2.565107488632202,0.05
1157,0.25946151070735035,0.11766676078824435,2.004845815546372,2.434925822650685,0.2650140881538391,0.12016836255788803,2.0201780796051025,2.492878866195679,0.05
1158,0.2588767961544149,0.11964648611405317,2.009995229103986,2.3826071234310375,0.26318074464797975,0.12092295438051223,2.029793691635132,2.4391969203948975,0.05
1159,0.2582591491587022,0.11795455348842285,2.016586857683518,2.4027744671877693,0.2643263876438141,0.11986581683158874,2.0275407791137696,2.4837033271789553,0.05
1160,0.2576863634235719,0.1185830139061984,2.0114415252909943,2.379778595531688,0.2663071870803833,0.1201773002743721,2.024110436439514,2.5177755832672117,0.05
1161,0.26036791503429413,0.12037242817528107,2.011295423788183,2.397650620516609,0.27110692858695984,0.12744876593351365,2.0237041473388673,2.4684224128723145,0.05
1162,0.2637378073790494,0.12329945713281631,2.007551207261927,2.4072567575118122,0.2712089419364929,0.12191415429115296,2.0142716646194456,2.583041286468506,0.05
1163,0.26257338681641745,0.11842517949202482,2.0039501120062435,2.482174087973202,0.26617561280727386,0.12135491520166397,2.018769955635071,2.4926599502563476,0.05
1164,0.25952544720733867,0.1168081571950632,2.0074653064503387,2.452852676896488,0.26123830676078796,0.12156596928834915,2.019405198097229,2.3895658016204835,0.05
1165,0.25915010361110463,0.11789066695115145,2.0071251462487614,2.4237636818605313,0.26471511721611024,0.11882538199424744,2.0221349477767943,2.513367795944214,0.05
1166,0.2587420186575721,0.1186093552147641,2.0110690383350147,2.4004394797717823,0.26522270441055296,0.12309549450874328,2.025227355957031,2.4374985218048097,0.05
1167,0.2593429097357918,0.11710342589546652,2.0095397023593677,2.442881668315214,0.2650204300880432,0.12120263427495956,2.0211642742156983,2.4721230030059815,0.05
1168,0.2589758301482481,0.11857408153660157,2.010268625091104,2.4059811339658848,0.26586893796920774,0.12447272837162018,2.024895763397217,2.422945022583008,0.05
1169,0.2626224116367452,0.11678968764403287,2.0117903667337753,2.5142963493571564,0.2722259908914566,0.12261925339698791,2.0303983211517336,2.586055040359497,0.05
1170,0.2623344914001577,0.1193871300886659,2.0155252498738907,2.4558421092874863,0.2642806738615036,0.12448116540908813,2.034743070602417,2.389041709899902,0.05
1171,0.2618706138694988,0.11779135115006391,2.0152021225760963,2.478544705054339,0.26342104077339173,0.12348995059728622,2.031231141090393,2.3923757076263428,0.05
1172,0.2612201133195092,0.11949046920327579,2.0127023458480835,2.432052352849175,0.26441610455513,0.12471075654029846,2.0311432600021364,2.3878783226013183,0.05
1173,0.25948355303091164,0.11841521894230563,2.010016118778902,2.4193634706384994,0.2643446743488312,0.1252214029431343,2.0274391889572145,2.376977491378784,0.05
1174,0.2621394501012914,0.11896401731406941,2.004732419462765,2.4625621963949764,0.26329676508903505,0.12386943399906158,2.022285270690918,2.3840894222259523,0.05
1175,0.26233428804313436,0.11831715220914167,1.9956950159633862,2.4812037103316364,0.26897384524345397,0.11860691159963607,2.0071019411087034,2.6059180736541747,0.05
1176,0.26135090694707985,0.11689844902823954,1.9929258893517887,2.490464014165542,0.26535109281539915,0.1201985865831375,2.014296793937683,2.5001906871795656,0.05
1177,0.2627978044397691,0.11730148424120511,1.9985969908097212,2.510206979863784,0.2646217107772827,0.12076613157987595,2.01988890171051,2.4731338024139404,0.05
1178,0.2611616411629845,0.11425319620791603,2.0034013145110188,2.537488670910106,0.26412569880485537,0.11914102733135223,2.0214866161346436,2.4953959941864015,0.05
1179,0.25893159035374136,0.11545215853873421,2.003956409061656,2.46879737517413,0.26378215551376344,0.11895784884691238,2.0229918003082275,2.4918877124786376,0.05
1180,0.2609558832996032,0.11539320472408743,2.001683901338016,2.5109167239245247,0.2676445335149765,0.11829531341791152,2.0212129592895507,2.582741689682007,0.05
1181,0.26190158198861513,0.11377569726284813,2.0017159546122834,2.562174446442548,0.266989466547966,0.11880152970552445,2.0212805032730103,2.559502696990967,0.05
1182,0.2590598779566148,0.114319408641142,2.0037156904444977,2.4940662384033203,0.26357741057872774,0.1189508855342865,2.022840213775635,2.487962532043457,0.05
1183,0.26067394281134887,0.11426072129431893,2.0031207028557274,2.527640230515424,0.264343923330307,0.12032394260168075,2.0249181985855103,2.4754160165786745,0.05
1184,0.26006903718499574,0.1136879579109304,2.005509804276859,2.5265195159351124,0.26522016525268555,0.12171698957681656,2.0285473585128786,2.464354085922241,0.05
1185,0.26117825595771565,0.11527964428943746,2.0056295605266796,2.516846208011403,0.2640325963497162,0.12035946100950241,2.027265930175781,2.468009614944458,0.05
1186,0.2615165973410887,0.11700243546682246,2.0095713208703434,2.488368974012487,0.26662707328796387,0.12154837399721145,2.0341625928878786,2.4947415828704833,0.05
1187,0.25916825322543874,0.11782674359924653,2.0161432097939884,2.4236014871036304,0.2637255072593689,0.12497712671756744,2.036917471885681,2.3675838708877563,0.05
1188,0.26035047629300284,0.11691684012903887,2.0197457004995907,2.46472362911,0.272927725315094,0.11918087154626847,2.039413070678711,2.667054319381714,0.05
1189,0.2619560527450898,0.11561552566640518,2.0213575222912956,2.522539026596967,0.2676404893398285,0.11801465302705764,2.0398884057998656,2.5845390796661376,0.05
1190,0.26139311843058644,0.11717795712106369,2.0208536176120533,2.4801325657788444,0.26711761951446533,0.1203235849738121,2.03767991065979,2.5283447265625,0.05
1191,0.26349232564954195,0.11691762989058214,2.019564860007342,2.5275809484369614,0.2699358403682709,0.12078623622655868,2.0412670135498048,2.574738788604736,0.05
1192,0.2647355794906616,0.1143245385850177,2.0246204558540795,2.603296770769007,0.27728429436683655,0.11672931760549546,2.047035884857178,2.8016922950744627,0.05
1193,0.26219096867477193,0.11345054472193998,2.026652455329895,2.569477964850033,0.2696481794118881,0.11430672407150269,2.0376328945159914,2.6993025302886964,0.05
1194,0.2628355876487844,0.11351641179884181,2.014036304810468,2.5835762164172005,0.273003089427948,0.1203964114189148,2.0290094137191774,2.6463316917419433,0.05
1195,0.2636980975375456,0.11587599401964861,2.0087961940204395,2.5546828017515293,0.27693159580230714,0.11859664916992188,2.0330577373504637,2.7600875377655028,0.05
1196,0.2630854547023773,0.11919654379872714,2.0222013066796696,2.4733379868900074,0.270639044046402,0.12462795078754425,2.0499239683151247,2.5102370738983155,0.05
1197,0.26238862644223604,0.11837911737315795,2.0279132338131176,2.474607551799101,0.27195022702217103,0.11839464604854584,2.0470580101013183,2.661699962615967,0.05
1198,0.2616177166209501,0.115305496051031,2.0301459817325367,2.5202152097926422,0.2665466845035553,0.11833150088787078,2.053768348693848,2.553549957275391,0.05
1199,0.2623904294827405,0.1160862783298773,2.03719559136559,2.518643813974717,0.2669399261474609,0.1187098816037178,2.059111213684082,2.5527785778045655,0.05
1200,0.260554964928066,0.1153119386119001,2.034720883649938,2.497916305766386,0.27099730372428893,0.11887995302677154,2.0520214319229124,2.631942701339722,0.05
1201,0.2600291485295576,0.11687805415952907,2.0276580137365006,2.4574902057647705,0.2672235071659088,0.12203537821769714,2.0499211311340333,2.4937782287597656,0.05
1202,0.25947071524227366,0.11726334121297388,2.0261264268089745,2.4389221527997185,0.26813248097896575,0.12276247292757034,2.0493170976638795,2.4975367546081544,0.05
1203,0.26053066288723664,0.11679902935729307,2.0267692383597877,2.46927877033458,0.26324338316917417,0.11681878417730332,2.049989128112793,2.51849422454834,0.05
1204,0.2700337364393122,0.12620482199332295,2.03648536345538,2.469281126471127,0.2741890370845795,0.12955122888088227,2.0616496562957765,2.480426216125488,0.05
1205,0.2710668733891319,0.119439637836288,2.038756482741412,2.6247933752396526,0.27044509947299955,0.12239904254674912,2.058451223373413,2.5492308139801025,0.05
1206,0.2652306451516993,0.11822392265586291,2.035589751075296,2.5330164011786964,0.26948715150356295,0.11733276546001434,2.057897996902466,2.631507968902588,0.05
1207,0.26230480565744285,0.11573716033907498,2.036598191541784,2.5240332379060635,0.269299590587616,0.11969037353992462,2.0622740268707274,2.579729509353638,0.05
1208,0.2624886702088749,0.1170043178340968,2.0424656727734734,2.501193944145651,0.2688228368759155,0.11818701773881912,2.0683084964752196,2.599054479598999,0.05
1209,0.26102555762319,0.11647861889180015,2.050072838278378,2.4809241855845734,0.2714341521263123,0.12210452556610107,2.077505922317505,2.5710911750793457,0.05
1210,0.260390043258667,0.11554940088706858,2.0537437831654266,2.486064069411334,0.2695522665977478,0.11685583144426345,2.065667009353638,2.640795087814331,0.05
1211,0.26171184024390054,0.11674703263184603,2.036375789081349,2.4920209155363193,0.26827252805233004,0.11791695505380631,2.052926206588745,2.5965261459350586,0.05
1212,0.2601343182956471,0.11882016325698179,2.02803568279042,2.420675796620986,0.26579253673553466,0.1220218926668167,2.0492863178253176,2.4655555725097655,0.05
1213,0.261839277604047,0.11857633555636686,2.030068649965174,2.45924516285167,0.2665181577205658,0.12013764679431915,2.0549338817596436,2.51662335395813,0.05
1214,0.2614467389443341,0.11863615758278791,2.035807357114904,2.449050181052264,0.2677583634853363,0.1205844447016716,2.060370588302612,2.531404161453247,0.05
1215,0.2593955248594284,0.1169148968423114,2.0411143863902375,2.4413895887487076,0.2665762424468994,0.11969446986913682,2.0670024394989013,2.524234962463379,0.05
1216,0.2629236640299068,0.11595049675773172,2.0454556661493637,2.5303722549887264,0.2714854896068573,0.11868009120225906,2.0797661781311034,2.6401546955108643,0.05
1217,0.266119320602978,0.11393328273997587,2.0683209896087646,2.6300566336687874,0.27741968631744385,0.11786523312330247,2.1003151416778563,2.771025848388672,0.05
1218,0.2647115640780505,0.11411409430644091,2.07533719960381,2.596881901516634,0.2732077717781067,0.11870585083961487,2.0950111865997316,2.671036148071289,0.05
1219,0.26307594600845785,0.11635338164427701,2.069798848208259,2.5204914457657757,0.27012470960617063,0.12024334222078323,2.091760015487671,2.5792753219604494,0.05
1220,0.2606678149279426,0.11570181566126206,2.0687974340775432,2.485560417175293,0.2690518260002136,0.11983397752046585,2.089306449890137,2.5664956092834474,0.05
1221,0.2620059593635447,0.1160990990260068,2.0663193534402287,2.5048733458799473,0.2675916850566864,0.12113349884748459,2.0867379665374757,2.511815977096558,0.05
1222,0.26003558495465445,0.1162587145672125,2.063755526262171,2.4627862958347095,0.2677337139844894,0.1161040335893631,2.0868932723999025,2.6152148246765137,0.05
1223,0.26436131491380577,0.12353415524258334,2.0510744908276726,2.406328285441679,0.26948087811470034,0.12268955707550049,2.060221719741821,2.5237820148468018,0.05
1224,0.26261480503222523,0.11834787182948169,2.0350797807469085,2.4783226952833286,0.2653337299823761,0.1226568803191185,2.046393346786499,2.4442584037780763,0.05
1225,0.26216524927055135,0.12057932904537987,2.031380471061258,2.42544223280514,0.2666859835386276,0.1192667618393898,2.0504302978515625,2.538298225402832,0.05
1226,0.26167626854251413,0.11856543228906744,2.0328826904296875,2.4556401897879208,0.26871761679649353,0.12444250434637069,2.047867250442505,2.475928783416748,0.05
1227,0.26210927612641277,0.11994145328507703,2.029687327497146,2.4374189867692837,0.2659104883670807,0.11879216432571411,2.047847032546997,2.5327970027923583,0.05
1228,0.26182211321942944,0.11721052580020007,2.0290208564085117,2.4864275595721077,0.2643513023853302,0.117524054646492,2.0454630851745605,2.5274523735046386,0.05
1229,0.2590017879710478,0.11750945361221538,2.026798023897059,2.424487085903392,0.26452454924583435,0.12180079519748688,2.043653964996338,2.4457443237304686,0.05
1230,0.2607802722383948,0.11759632299928104,2.0253976232865276,2.4585994482040405,0.2666000545024872,0.12310093939304352,2.040886116027832,2.461804962158203,0.05
1231,0.25967535814818216,0.11791744959705017,2.019333615022547,2.4312914469662834,0.266589891910553,0.12356142401695251,2.029311943054199,2.454706907272339,0.05
1232,0.25927162608679605,0.11662966582704992,2.0109245707007015,2.45065414204317,0.2660094439983368,0.11928702741861344,2.0216938734054564,2.53010950088501,0.05
1233,0.25957289951689105,0.1170486479121096,2.0044289266361908,2.4495992099537567,0.26962577998638154,0.1219700664281845,2.0162312746047975,2.549867868423462,0.05
1234,0.2590900957584381,0.12010468805537504,2.0018994036842797,2.3793281737495873,0.26809056997299197,0.1216804563999176,2.0155928134918213,2.5250836849212646,0.05
1235,0.2597568771418403,0.11864568556056303,2.002743089900297,2.4216751912060905,0.2615710854530334,0.12045452743768692,2.0168500900268556,2.4189610958099363,0.05
1236,0.2593010769170873,0.11826465059729184,2.001090175965253,2.4205104673610016,0.26539452075958253,0.12357158213853836,2.0154908418655397,2.4333604335784913,0.05
1237,0.2609817052588743,0.12107415365822174,2.0118156952016495,2.3957878210965324,0.2656857818365097,0.12617654353380203,2.053240346908569,2.379536581039429,0.05
1238,0.2637554985635421,0.12497562476817299,2.050007034750546,2.3655960700091194,0.2664273947477341,0.12619597613811492,2.0642993450164795,2.3917684078216555,0.05
1239,0.261239832815002,0.1195956578149515,2.0537938791162826,2.4221246242523193,0.2626770555973053,0.12238335460424424,2.0715919017791746,2.3915555477142334,0.05
1240,0.26084182104643655,0.11539564325528986,2.061311216915355,2.496661256341373,0.2632504403591156,0.12184235006570816,2.071924352645874,2.413776969909668,0.05
1241,0.26087337294045615,0.11868451404220917,2.0620555877685547,2.4313660369199863,0.2646770715713501,0.12053941786289216,2.072614908218384,2.4682300090789795,0.05
1242,0.2597590290448245,0.11642898575348012,2.059176206588745,2.454765698489021,0.27484822273254395,0.11610654443502426,2.0636534214019777,2.762102746963501,0.05
1243,0.26084771051126365,0.11793236127671074,2.0598445780137005,2.4463381627026726,0.2642049193382263,0.1189645692706108,2.0809014320373533,2.4886266708374025,0.05
1244,0.2686705273740432,0.12485253854709513,2.0663766440223243,2.4630843190585865,0.2789532899856567,0.13725640177726744,2.0799899101257324,2.4179397583007813,0.05
1245,0.27636774585527535,0.13703976483906016,2.0713074768290802,2.3722980793784645,0.27551843523979186,0.13603056967258453,2.0800274848937987,2.37375168800354,0.05
1246,0.2641366369584027,0.12219811932129018,2.066536510691923,2.425463073393878,0.2667596906423569,0.1247137039899826,2.0705126762390136,2.4268171787261963,0.05
1247,0.2612446748158511,0.12154698240406372,2.0597016530878403,2.3820135593414307,0.2638940900564194,0.12339208275079727,2.0659454345703123,2.3968509674072265,0.05
1248,0.2606865106260075,0.11928999423980713,2.0569594186895035,2.416538392796236,0.26452127695083616,0.12309020757675171,2.0614599704742433,2.416329336166382,0.05
1249,0.25857045019374175,0.12084012347109177,2.051749355652753,2.3442565903944126,0.26260157227516173,0.11787171065807342,2.0567766666412353,2.483241891860962,0.05
1250,0.26012549680822034,0.1178689388667836,2.040602543774773,2.4370105687309715,0.2639636516571045,0.12250796556472779,2.0465611934661867,2.4198015689849854,0.05
1251,0.2615571767091751,0.11779117540401571,2.035556169117198,2.46820873372695,0.2636601746082306,0.12022692263126374,2.052136278152466,2.458237552642822,0.05
1252,0.2593466920011184,0.11957961101742352,2.0429698369082283,2.3867475986480713,0.26452218294143676,0.12126492559909821,2.056108093261719,2.4539235115051268,0.05
1253,0.2587399289888494,0.11856484413146973,2.0438696636873135,2.3947277069091797,0.266687148809433,0.11619580537080765,2.0533430099487306,2.5991583824157716,0.05
1254,0.2616870534770629,0.11554982425535426,2.0372947103836956,2.515285674263449,0.2669682025909424,0.12084773331880569,2.04404764175415,2.5135998725891113,0.05
1255,0.2628799203564139,0.11638340836062151,2.0280639424043545,2.5243174889508415,0.26880745589733124,0.11792377978563309,2.0426352500915526,2.609146499633789,0.05
1256,0.2615804794956656,0.11631309635498945,2.028781960992252,2.4995912664076863,0.2699297368526459,0.12210671305656433,2.042500877380371,2.5479602336883547,0.05
1257,0.2613824255326215,0.11840740810422336,2.0282931958927826,2.4538416862487793,0.26812789440155027,0.12031365633010864,2.0444639682769776,2.547391891479492,0.05
1258,0.2621128155904658,0.11590060504043803,2.0318732191534603,2.5178696267745075,0.2660109132528305,0.11800152957439422,2.046777534484863,2.5508321285247804,0.05
1259,0.2609119266271591,0.11582692361929837,2.0356612836613373,2.4945677869460163,0.2691633880138397,0.11569623798131942,2.0536336421966555,2.6586163520812987,0.05
1260,0.26223012016100045,0.11489209006814395,2.0375837438246784,2.5392437401939842,0.2663954019546509,0.11693492233753204,2.054738092422485,2.5782619953155517,0.05
1261,0.2624603360891342,0.11394016050240573,2.039217472076416,2.5625599412357105,0.2698362946510315,0.11757855266332626,2.054512929916382,2.6342522621154787,0.05
1262,0.26139530276550965,0.11563264929196414,2.0384913893306957,2.5075547414667465,0.2648898720741272,0.12067774087190627,2.0440680503845217,2.4754289627075194,0.05
1263,0.26228842840475197,0.12306700120953952,2.0125037571963142,2.381927819812999,0.26070340275764464,0.12251001447439194,2.0155760288238525,2.360752534866333,0.05
1264,0.26103632239734426,0.11820767819881439,2.0012945708106544,2.4563138975816616,0.2643145680427551,0.1178869903087616,2.0083990812301638,2.5268716335296633,0.05
1265,0.25936727839357715,0.12109030520214754,2.0033257849076214,2.364874278797823,0.2679526388645172,0.12063762098550797,2.0161471605300902,2.54307074546814,0.05
1266,0.2590518418480368,0.11729852066320531,2.0081431094337914,2.4334377260769116,0.27041780948638916,0.11689115166664124,2.023062992095947,2.665920686721802,0.05
1267,0.259313983075759,0.11782150058185353,2.013507127761841,2.427148187861723,0.26421197652816775,0.1160820484161377,2.025009202957153,2.5575968265533446,0.05
1268,0.25765637264532204,0.11799682676792145,2.0185382225934196,2.389483185375438,0.2650825709104538,0.11889770030975341,2.0310250759124755,2.517492246627808,0.05
1269,0.25777603422894196,0.12037732233019437,2.024416166193345,2.3430909829981186,0.26127445995807647,0.11746190339326859,2.0379735469818114,2.468656396865845,0.05
1270,0.25890636970015135,0.11865475642330506,2.0331585547503304,2.398400474997128,0.26089921295642854,0.11896912455558777,2.053360652923584,2.427929735183716,0.05
1271,0.259844051564441,0.11834910117528018,2.0473289069007423,2.4204331426059498,0.2591871589422226,0.11824225336313247,2.062393236160278,2.4064194202423095,0.05
1272,0.2580654033843209,0.11779195026439779,2.0565068160786346,2.394167556482203,0.2679716646671295,0.1204212486743927,2.068812894821167,2.5372457027435305,0.05
1273,0.2573680421885322,0.11716959274867002,2.057568073272705,2.392455353456385,0.26362634897232057,0.12033893913030624,2.0661224842071535,2.4525235652923585,0.05
1274,0.25833948833100934,0.1198726046611281,2.0548807172214283,2.358361510669484,0.26363595128059386,0.1213638037443161,2.064690446853638,2.432504892349243,0.05
1275,0.2579144528683494,0.11844392602934557,2.056958983926212,2.378018666716183,0.2628645390272141,0.11968237608671188,2.0705742835998535,2.449528360366821,0.05
1276,0.25956666031304526,0.1187386460164014,2.057128709905288,2.4051344324560726,0.26245137155056,0.11806802600622177,2.066440963745117,2.474378728866577,0.05
1277,0.2594863290295881,0.11792014144799288,2.0532066962298225,2.4206823811811558,0.2617249101400375,0.11846128851175308,2.062355709075928,2.4528012752532957,0.05
1278,0.25939788011943593,0.12054689403842478,2.050567248288323,2.366906292298261,0.2641600430011749,0.1261122614145279,2.059238624572754,2.3491079330444338,0.05
1279,0.2621560052913778,0.12420331029330983,2.0474053691415226,2.3495727917727303,0.26255078315734864,0.12256258130073547,2.0547548294067384,2.3888129711151125,0.05
1280,0.2586963071542628,0.12174668951946147,2.0431947848376106,2.3303532740649056,0.26193482279777525,0.12040431499481201,2.0503602981567384,2.420538091659546,0.05
1281,0.25753260009429035,0.12041557141963173,2.040259235045489,2.3342887373531567,0.2620683491230011,0.11972935944795608,2.04986367225647,2.436807107925415,0.05
1282,0.2586903098751517,0.1190051489016589,2.041689437978408,2.385365324861863,0.26064191162586214,0.11922649145126343,2.053683853149414,2.417571687698364,0.05
1283,0.2602835104745977,0.11961021318155177,2.0462887778001675,2.404208078103907,0.26961950659751893,0.12252827286720276,2.0496734142303468,2.531889772415161,0.05
1284,0.2593039765077479,0.1215424954014666,2.039319459129782,2.347365617752075,0.2647828936576843,0.11699381917715072,2.0433114051818846,2.5471190929412844,0.05
1285,0.2587675399640027,0.1174298923681764,2.034482808674083,2.4198562958661247,0.26085086464881896,0.11969713866710663,2.0392441749572754,2.4152255058288574,0.05
1286,0.25873951175633597,0.12029598171220106,2.0308137430864224,2.3627077551449047,0.2609827220439911,0.1188113197684288,2.037102746963501,2.4360074520111086,0.05
1287,0.2593295942334568,0.11916965377681396,2.028664743199068,2.397465768982382,0.2645768761634827,0.12009689807891846,2.033525514602661,2.482894468307495,0.05
1288,0.25867685149697695,0.11786639821880004,2.022774983854855,2.411654058624716,0.2620342493057251,0.11953072398900985,2.025803470611572,2.444909906387329,0.05
1289,0.2587469526950051,0.11914221372674494,2.018123949275297,2.3884699625127457,0.26490193605422974,0.12478489726781845,2.0278898239135743,2.3967627048492433,0.05
1290,0.2597850499784245,0.11944235773647532,2.025151589337517,2.4018235346850227,0.2641755700111389,0.12013949155807495,2.0321382522583007,2.474293899536133,0.05
1291,0.259261272409383,0.11701966471531812,2.0248431528315827,2.439863548559301,0.26218626499176023,0.12066503763198852,2.0304996490478517,2.424324655532837,0.05
1292,0.26033564174876495,0.11709043427425272,2.023392354740816,2.4602255680981804,0.2680353581905365,0.121023291349411,2.029807376861572,2.534279727935791,0.05
1293,0.2600463523584254,0.11806271356694839,2.023266140152426,2.435019479078405,0.26686727404594424,0.12137802392244339,2.0287169933319094,2.5040414333343506,0.05
1294,0.2623487447991091,0.11653724838705624,2.016328173525193,2.5129642907310936,0.2665205419063568,0.12299714386463165,2.0250997304916383,2.4654480457305907,0.05
1295,0.26524485121755037,0.1200579146251959,2.015772910679088,2.500584139543421,0.26815987527370455,0.11595030128955841,2.0246668100357055,2.6392579555511473,0.05
1296,0.26092779636383057,0.11838626598610598,2.013901240685407,2.4480503587161793,0.2680882751941681,0.1181454375386238,2.022971200942993,2.594262456893921,0.05
1297,0.2631530358510859,0.11681280767216402,2.010783272631028,2.5246478810029873,0.2643694430589676,0.11912486255168915,2.0204907417297364,2.50079345703125,0.05
1298,0.2630344620522331,0.11745554208755493,2.009446754175074,2.509689022512997,0.2674566745758057,0.11840243339538574,2.016491341590881,2.5777864933013914,0.05
1299,0.2602143760989694,0.11577584901276756,2.005179482347825,2.4877345281488754,0.2657931327819824,0.12114736884832382,2.016481900215149,2.4896188735961915,0.05
1300,0.2617550983148463,0.11847732654389213,2.007710912648369,2.4640133100397446,0.2734381139278412,0.11860810220241547,2.019390106201172,2.692721891403198,0.05
1301,0.2619420737028122,0.11656021984184489,2.0127071212319767,2.5050956712049595,0.2647423386573792,0.1205364540219307,2.024723505973816,2.479172945022583,0.05
1302,0.2612168999279247,0.11498550676247653,2.0175029389998493,2.521127273054684,0.2674061477184296,0.11578804850578309,2.0316651821136475,2.626028823852539,0.05
1303,0.26314901429064136,0.11559497126761605,2.0234000402338364,2.5464008415446564,0.2673603713512421,0.11992098540067672,2.0329587936401365,2.5421958446502684,0.05
1304,0.26091093876782584,0.11734993405201856,2.0215023405411663,2.466919590445126,0.265546852350235,0.11723007559776306,2.031136679649353,2.5601082324981688,0.05
1305,0.26180271278409395,0.11545251046910006,2.021577835083008,2.5226885010214413,0.26689510345458983,0.11793020963668824,2.0356136322021485,2.572175312042236,0.05
1306,0.25950228904976563,0.11661035348387326,2.027639999109156,2.452310737441568,0.2682699054479599,0.1156491219997406,2.0435066699981688,2.6437143802642824,0.05
1307,0.26125074747730703,0.11515992090982549,2.0343750084147736,2.5149415380814495,0.265769961476326,0.11909806579351426,2.050830364227295,2.523271894454956,0.05
1308,0.26062174053753123,0.11527328938245773,2.039921522140503,2.498984757591696,0.2637249767780304,0.11920372545719146,2.053473949432373,2.4797300815582277,0.05
1309,0.2616496682167053,0.11572466220925837,2.044657777337467,2.5095685650320614,0.267701131105423,0.11700683683156968,2.0628864765167236,2.601308536529541,0.05
1310,0.2611626737258014,0.11658397930509903,2.0569324212915756,2.480187345953549,0.26505357027053833,0.1192244678735733,2.070899248123169,2.502402353286743,0.05
1311,0.2631501897292979,0.1156380649875192,2.0607304292566635,2.538096266634324,0.26756114363670347,0.11798976212739945,2.073458194732666,2.57673602104187,0.05
1312,0.2621259058223051,0.11591073125600815,2.067679124719956,2.510767558041741,0.2671761095523834,0.11670939326286316,2.078785467147827,2.593577194213867,0.05
1313,0.26196452274042015,0.11446481986957438,2.06831797431497,2.5363305035759423,0.2670978307723999,0.11788042932748795,2.07926607131958,2.5684947967529297,0.05
1314,0.27355007213704724,0.12170014881035861,2.0967600766350243,2.617646371617037,0.279235714673996,0.1261782705783844,2.1467560291290284,2.631797456741333,0.05
1315,0.2788598975714515,0.12280175528105568,2.1342287764829746,2.6943170182845173,0.2763799548149109,0.12420765459537506,2.1627684593200684,2.610892105102539,0.05
1316,0.2727576529278475,0.12033913153059342,2.136445354012882,2.6210813101600197,0.2789936184883118,0.12118534445762634,2.157455396652222,2.724674367904663,0.05
1317,0.2691596202990588,0.12037778514273026,2.13371436736163,2.5488938584047207,0.27649920582771303,0.11946057826280594,2.1520142555236816,2.7103696346282957,0.05
1318,0.26839034785242644,0.1162250239182921,2.123245393528658,2.6186574206632725,0.27335576713085175,0.11858886927366256,2.1382588863372805,2.667686128616333,0.05
1319,0.26862694761332345,0.11784731859669965,2.1116771697998047,2.5932571607477524,0.27167793214321134,0.11863242983818054,2.128966283798218,2.6351166725158692,0.05
1320,0.26389507335775036,0.11786587010411655,2.098734869676478,2.500836975434247,0.27140533924102783,0.11900525987148285,2.117210102081299,2.624559736251831,0.05
1321,0.26419541590354023,0.1187878123977605,2.0920260794022503,2.489746900165782,0.2696205645799637,0.12247318476438522,2.1135748863220214,2.5202324390411377,0.05
1322,0.26537327030125785,0.11761450329247643,2.0888212147881005,2.537411058650297,0.27140650153160095,0.11679738461971283,2.1084140300750733,2.6704994678497314,0.05
1323,0.26358549735125375,0.1166829764842987,2.0829065126531265,2.521469004013959,0.2682582825422287,0.1219675898551941,2.101482629776001,2.505517292022705,0.05
1324,0.2637357913395938,0.12094232264687033,2.076734318452723,2.440522446351893,0.2717518925666809,0.12527910023927688,2.097354793548584,2.5099848747253417,0.05
1325,0.26476935253423806,0.1224192779730348,2.0660057488609764,2.4338002976249244,0.26864988803863527,0.12278084009885788,2.0832080364227297,2.500739336013794,0.05
1326,0.26256993237663717,0.12075052147402483,2.057594727067386,2.4248693269841812,0.2667690098285675,0.12660036385059356,2.080301809310913,2.3873125076293946,0.05
1327,0.26088035194312825,0.11993243764428531,2.057777166366577,2.4074026837068447,0.2649947702884674,0.1218284010887146,2.0783347129821776,2.4476603984832765,0.05
1328,0.26062914992080016,0.12106744682087618,2.0559221576241886,2.3800495231852814,0.26861446499824526,0.12191404402256012,2.075480031967163,2.5189123153686523,0.05
1329,0.2597795093760771,0.11834279053351458,2.0539375333225025,2.417946871589212,0.2640926420688629,0.11963601410388947,2.0720145225524904,2.474729585647583,0.05
1330,0.2598675945225884,0.11885342133395813,2.0489087665782257,2.41050166943494,0.26596530675888064,0.12289481461048127,2.064223289489746,2.448565053939819,0.05
1331,0.26038387680754943,0.11931994688861511,2.040026307106018,2.4132733204785515,0.26810293197631835,0.12275890707969665,2.060818815231323,2.494716453552246,0.05
1332,0.2612089900409474,0.11778490157688365,2.039666582556332,2.460548386854284,0.26705593466758726,0.11973007172346115,2.0600278854370115,2.5345115661621094,0.05
1333,0.25988101608612957,0.1183778200955952,2.038627834881053,2.4223382613238167,0.2627982318401337,0.11957813948392867,2.06068902015686,2.45226411819458,0.05
1334,0.26064717681968913,0.11792691183440826,2.0419947960797478,2.446006277028252,0.267039030790329,0.1191806137561798,2.0634694576263426,2.5444742679595946,0.05
1335,0.2600850778467515,0.1181798476506682,2.041506192263435,2.429803399478688,0.2667984962463379,0.12139987200498581,2.0630528926849365,2.495361804962158,0.05
1336,0.26064734248554006,0.1176559824277373,2.0434158549589267,2.4511438257553997,0.2639534205198288,0.12108718752861022,2.065287637710571,2.4442671298980714,0.05
1337,0.25981682889601765,0.11999876315102857,2.0430827701793,2.387744840453653,0.26666584312915803,0.1246223583817482,2.0605468273162844,2.4287602424621584,0.05
1338,0.25910674123203054,0.11864327551687465,2.0398610199199005,2.401297120486989,0.2662035465240479,0.11977449655532837,2.056128168106079,2.5173552513122557,0.05
1339,0.2580782736048979,0.11969431665013819,2.034789772594676,2.3607211814207187,0.2665797919034958,0.11846558153629302,2.051768684387207,2.551930379867554,0.05
1340,0.2587953253703959,0.11766224792774986,2.0334004233865177,2.415981383884654,0.2673508882522583,0.11841160655021668,2.0497053623199464,2.568844270706177,0.05
1341,0.2599443337496589,0.11611715485067929,2.0300468416774975,2.4705341984243954,0.27037959098815917,0.11878813207149505,2.0421913385391237,2.6233909130096436,0.05
1342,0.25965865219340606,0.11956996602170608,2.0255603439667644,2.3966616602504955,0.2628304958343506,0.11716301292181015,2.041290831565857,2.5050915241241456,0.05
1343,0.25767210301230936,0.11746703745687709,2.0313162803649902,2.3978380666059604,0.2702736735343933,0.11376591622829438,2.054931402206421,2.7191689014434814,0.05
1344,0.26049276309854846,0.11605756773668177,2.046050085740931,2.479493870454676,0.26747238636016846,0.1188593104481697,2.068214464187622,2.5586186408996583,0.05
1345,0.25878241307595196,0.11756119877099991,2.0574397059047924,2.4129363508785473,0.26429790556430816,0.12217646241188049,2.0738826274871824,2.4276522636413573,0.05
1346,0.26045984292731567,0.11828585933236514,2.05555461434757,2.4323687272913315,0.26621500253677366,0.1190591424703598,2.0713200092315676,2.5288531303405763,0.05
1347,0.2589714316760792,0.11825848633752149,2.0539512213538673,2.403468566782334,0.26143365502357485,0.11935336738824845,2.071196985244751,2.427366352081299,0.05
1348,0.25822977108113904,0.11873520078027949,2.05511633087607,2.378868074978099,0.2634864777326584,0.1199166551232338,2.074459266662598,2.456504487991333,0.05
1349,0.25763651553322287,0.12005462015376371,2.062528736451093,2.3391321266398712,0.26340349316596984,0.12060230821371079,2.08544602394104,2.4389344215393067,0.05
1350,0.25751229419427757,0.11888240716036629,2.066707092172959,2.359256253522985,0.2618895411491394,0.11997545510530472,2.0818893909454346,2.4219038486480713,0.05
1351,0.259804203229792,0.1178381193210097,2.0641459156485165,2.4264925648184383,0.2605562150478363,0.11971258968114853,2.0773696899414062,2.401398515701294,0.05
1352,0.2581697939073338,0.1175462064497611,2.062273712719188,2.4000170791850373,0.2633811980485916,0.11652482450008392,2.079311990737915,2.52126522064209,0.05
1353,0.25906170466366935,0.11822662414873347,2.060086362502154,2.4046843332402847,0.271594825387001,0.11868673413991929,2.0665071487426756,2.6448604106903075,0.05
1354,0.25920281252440286,0.11839652762693517,2.0435229189255657,2.4074211681590363,0.2626632750034332,0.12190909087657928,2.0550541400909426,2.404072904586792,0.05
1355,0.2576235103256562,0.11938239809344797,2.0385422706604004,2.3571138311834896,0.26536641716957093,0.12220752984285355,2.052816295623779,2.4526143074035645,0.05
1356,0.25761981308460236,0.11929890338112326,2.0383732318878174,2.3587434432085823,0.2637883543968201,0.11532866209745407,2.055957221984863,2.558002233505249,0.05
1357,0.2584586686947766,0.11821639187195722,2.0403126197702743,2.396782973233391,0.26921965181827545,0.11856933087110519,2.056946134567261,2.601617193222046,0.05
1358,0.2576059181900585,0.11653109201613594,2.0443740872775806,2.412621673415689,0.26380468606948854,0.1203300639986992,2.061979150772095,2.4570966720581056,0.05
1359,0.25906265132567463,0.11873858159079272,2.0444563837612377,2.397590062197517,0.26858572065830233,0.1199296921491623,2.059149980545044,2.5612905502319334,0.05
1360,0.2593074291944504,0.11841264673892189,2.0387933254241943,2.410136952119715,0.2664784610271454,0.1194227859377861,2.046460723876953,2.531821346282959,0.05
1361,0.26389872764839845,0.1165937982937869,2.026505715706769,2.5407973878523884,0.2742919892072678,0.12176133990287781,2.0436819076538084,2.641876554489136,0.05
1362,0.265129639821894,0.11682086525594487,2.028502611552968,2.5604748445398666,0.2698627173900604,0.11998377740383148,2.0487141609191895,2.5878360748291014,0.05
1363,0.26121702264336977,0.11866840676349752,2.0456884889041675,2.4418345479404224,0.2820198893547058,0.12439985573291779,2.0803043365478517,2.7363399028778077,0.05
1364,0.2634030387682073,0.12513477004626217,2.069397856207455,2.3514857783037075,0.26752603650093076,0.13016878962516784,2.0825409412384035,2.330636739730835,0.05
1365,0.26303065874997306,0.12297615452724345,2.0633208751678467,2.3884259462356567,0.2687563538551331,0.1208086907863617,2.060746431350708,2.5468039989471434,0.05
1366,0.2602847306167378,0.12055463869782056,2.0479477293351116,2.3850122970693253,0.26889402270317075,0.12044953405857087,2.05441575050354,2.558006525039673,0.05
1367,0.2590859146679149,0.11898335814476013,2.0416070573470173,2.393729700761683,0.26382632851600646,0.12144248485565186,2.050335645675659,2.4376097202301024,0.05
1368,0.25691690953338847,0.11812594532966614,2.0416759042178882,2.3674840085646687,0.26806585788726806,0.12271559387445449,2.053737258911133,2.4962578296661375,0.05
1369,0.2586585072910084,0.11845263356671613,2.041757541544297,2.3957659496980557,0.2630688786506653,0.11962303668260574,2.049495553970337,2.4590177059173586,0.05
1370,0.2569653111345628,0.11771619144607992,2.039984296349918,2.376985458766713,0.26182656586170194,0.12105810791254043,2.049469327926636,2.405475378036499,0.05
1371,0.2551010286106783,0.11982770702418159,2.0395877641790054,2.2975487568799187,0.2646538525819778,0.11993934959173203,2.0490947723388673,2.4844711780548097,0.05
1372,0.25768379867076874,0.11868836292449166,2.0374146770028507,2.3724256613675285,0.2637946784496307,0.12183913439512253,2.0469007015228273,2.429730749130249,0.05
1373,0.25685684645877166,0.1194375126677401,2.036478463341208,2.3410910297842586,0.2608182609081268,0.12050693482160568,2.04704327583313,2.3968177318572996,0.05
1374,0.2575899678118089,0.11743419836549197,2.036070430980009,2.395901224192451,0.2678051382303238,0.1219148650765419,2.0462084770202638,2.5085638046264647,0.05
1375,0.25703735123662386,0.11713912425672307,2.035547270494349,2.3908549897810993,0.26240081489086153,0.11658228784799576,2.046003723144531,2.507169771194458,0.05
1376,0.2596502777408151,0.11971314382903717,2.034878225887523,2.3917669829200294,0.26182412505149844,0.12210411429405213,2.0490896701812744,2.3845820903778074,0.05
1377,0.2589372799677007,0.1221556181416792,2.044497910667868,2.3267336452708527,0.2667579114437103,0.12257108241319656,2.0558306217193603,2.4725704193115234,0.05
1378,0.26124415678136487,0.11898438939276863,2.059286215726067,2.4333380390616024,0.2616803705692291,0.12028419524431229,2.074276828765869,2.413068151473999,0.05
1379,0.2579818657215904,0.11858180735041113,2.0638368129730225,2.375233811490676,0.26356805562973024,0.11814047247171403,2.072557830810547,2.494040107727051,0.05
1380,0.25841144516187553,0.11810176556601244,2.061458643744974,2.393901796901927,0.26242972910404205,0.11937065273523331,2.0699034690856934,2.4472008228302,0.05
1381,0.26034992056734424,0.11554612789083929,2.0595792602090275,2.4841599464416504,0.2651353180408478,0.11828731447458267,2.067651462554932,2.5234297275543214,0.05
1382,0.2630271008786033,0.11736171824090622,2.0564615305732277,2.502015338224523,0.26602200269699094,0.12005424052476883,2.065794658660889,2.506196308135986,0.05
1383,0.2604510889333837,0.11709972558652654,2.049797114203958,2.4570677560918472,0.2668848395347595,0.11975558251142501,2.059412431716919,2.5307026863098145,0.05
1384,0.2609860765583375,0.11954516216236002,2.0430469232447006,2.4202088888953712,0.26373494863510133,0.11934891790151596,2.047085905075073,2.4783034801483153,0.05
1385,0.25896504784331603,0.11979964726111468,2.0317180857938877,2.3769643657347737,0.2637918323278427,0.12020714730024337,2.035906505584717,2.4645122051239015,0.05
1386,0.2580203676924986,0.1207311534706284,2.027484290740069,2.3402873768525967,0.2630059063434601,0.12078246921300888,2.0350314140319825,2.4374624252319337,0.05
1387,0.25829485321746154,0.11761829739107806,2.0260383030947517,2.4083233440623566,0.26697915196418764,0.12142973095178604,2.0362340450286864,2.5037415504455565,0.05
1388,0.25807304592693553,0.12261210513465545,2.033064463559319,2.3026060076320873,0.2645633965730667,0.12344657480716706,2.0397207260131838,2.414392280578613,0.05
1389,0.25970809775240283,0.11984894862946342,2.036169837502872,2.3899489711312687,0.26165791153907775,0.12017820924520492,2.0442816257476806,2.420737791061401,0.05
1390,0.26016417145729065,0.12134542097063626,2.041575221454396,2.3680599156547997,0.2634925484657288,0.1300065413117409,2.04925422668457,2.259869432449341,0.05
1391,0.26323240644791546,0.13125371626194784,2.0477834939956665,2.2300171291126922,0.2670858383178711,0.13264720588922502,2.0486119270324705,2.2790502548217773,0.05
1392,0.26059675391982584,0.12447308310691048,2.0452830651227165,2.3134167124243343,0.2643773227930069,0.12443252354860306,2.0465734958648683,2.389581298828125,0.05
1393,0.25778816728030934,0.12123105718809016,2.042025453904096,2.322737132801729,0.26013806462287903,0.12092519402503968,2.0448256969451903,2.375292444229126,0.05
1394,0.25796479074394,0.12205597320023705,2.042876397862154,2.309601033435148,0.26284011006355285,0.1174604207277298,2.0487811088562013,2.4978377342224123,0.05
1395,0.25882481126224294,0.12195280018974752,2.043893610729891,2.3286614908891567,0.26291821002960203,0.12176952958106994,2.045890378952026,2.4137953758239745,0.05
1396,0.2585609555244446,0.12258253115064957,2.040922669803395,2.311383976655848,0.2617060661315918,0.12070146352052688,2.0439515113830566,2.4113015651702883,0.05
1397,0.2570270299911499,0.11954066025860169,2.039998264873729,2.3417276985505047,0.2696500301361084,0.1145786240696907,2.0420841217041015,2.693011426925659,0.05
1398,0.27290431015631733,0.13196841101436055,2.060127945507274,2.4066924628089454,0.27537737488746644,0.15131641626358033,2.0848795413970946,2.064243221282959,0.05
1399,0.27040089579189525,0.13418523046900244,2.075943764518289,2.3091245398801914,0.2673773169517517,0.1368471086025238,2.084034633636475,2.193797206878662,0.05
1400,0.2629038235720466,0.12898309528827667,2.073804027893964,2.2636537622002995,0.2666802227497101,0.13785841166973115,2.077971363067627,2.1608418941497805,0.05
1401,0.26256676719469185,0.12900954879382076,2.0681412921232334,2.2575161036323097,0.2643299400806427,0.131257264316082,2.069792127609253,2.2474950313568116,0.05
1402,0.26148851128185496,0.1252445078947965,2.065656479667215,2.3117486589095173,0.26471689641475676,0.1356721743941307,2.071599912643433,2.1665744304656984,0.05
1403,0.26414981484413147,0.12739148473038392,2.0688146422891056,2.321403545491836,0.2731754153966904,0.1290966495871544,2.0786046981811523,2.465854215621948,0.05
1404,0.26456640573108897,0.12594223679865107,2.0780248221229103,2.3568783858243156,0.26889197826385497,0.13239144384860993,2.1017470359802246,2.3096612691879272,0.05
1405,0.26088939081220064,0.12590541033183827,2.100241787293378,2.2796311518725227,0.26644526720046996,0.12895625829696655,2.1112818717956543,2.3275237798690798,0.05
1406,0.26135752832188325,0.12496216463692048,2.1038477841545555,2.3071377487743603,0.2670192837715149,0.12675581127405167,2.107165718078613,2.3838361740112304,0.05
1407,0.2597540213781245,0.12226839845671374,2.096175334032844,2.330477434046128,0.26721259355545046,0.12170735597610474,2.0993035793304444,2.490244150161743,0.05
1408,0.25890357529415803,0.12383339203455869,2.0907172595753387,2.283260128077339,0.26600341200828553,0.1229676753282547,2.094228219985962,2.4418689727783205,0.05
1409,0.2612210643642089,0.12124601400950376,2.086533953161801,2.382194154402789,0.26357060074806216,0.12238336056470871,2.0923394203186034,2.405276918411255,0.05
1410,0.25936199724674225,0.12125775612452451,2.088977953966926,2.3442892046535717,0.267987322807312,0.12201539725065232,2.0925143718719483,2.5009355545043945,0.05
1411,0.2583521762314965,0.12252717947258669,2.0899721033432903,2.298505523625542,0.26753455996513364,0.13182514756917954,2.109877920150757,2.2922126770019533,0.05
1412,0.2617139053695342,0.12734301607398427,2.1101114188923553,2.2653954660191253,0.2655989706516266,0.13628936260938646,2.12187819480896,2.1618165016174316,0.05
1413,0.26168373227119446,0.129894960890798,2.107725914786844,2.214230207835927,0.2645001471042633,0.1317777618765831,2.1116175174713137,2.2321242332458495,0.05
1414,0.2632648304981344,0.13146386076422298,2.1005087459788605,2.215917664415696,0.2685105264186859,0.1355595037341118,2.1085165977478026,2.237317180633545,0.05
1415,0.2603260673144284,0.1267441953806316,2.097149610519409,2.2522075176239014,0.26637601256370547,0.1286038339138031,2.105278968811035,2.3343878746032716,0.05
1416,0.2589386587633806,0.12313653309555615,2.094050126917222,2.2972324595731846,0.26078311204910276,0.131499981880188,2.100164604187012,2.165629768371582,0.05
1417,0.2599842600962695,0.12606589978232102,2.08974149647881,2.26041877970976,0.263569974899292,0.1316897138953209,2.0965857028961183,2.2182878494262694,0.05
1418,0.25977366198511687,0.12707467114224152,2.0894925734576058,2.236081235549029,0.26881725788116456,0.14291572868824004,2.1233142852783202,2.0933674573898315,0.05
1419,0.27305911218418794,0.1437321993357995,2.1707473642685833,2.1523887760498943,0.27908025979995726,0.13896814584732056,2.2104319095611573,2.3601558685302733,0.05
1420,0.26977113941136527,0.1395378796493306,2.223504024393418,2.1599643230438232,0.2750789761543274,0.13803255409002305,2.2267106056213377,2.295586347579956,0.05
1421,0.2683841778951533,0.13839756872724085,2.2264671465929817,2.154438748079188,0.269323006272316,0.1422370582818985,2.215094709396362,2.0987000465393066,0.05
1422,0.26496247245984916,0.13341234054635553,2.2065861225128174,2.189685379757601,0.2658882260322571,0.1439630627632141,2.191679763793945,2.000167393684387,0.05
1423,0.26486344372524934,0.13254357041681514,2.1940781228682575,2.2075817514868343,0.26744348704814913,0.13755228519439697,2.1874473094940186,2.160334610939026,0.05
1424,0.2624414729721406,0.1293808423420962,2.188452454174266,2.2235221722546745,0.26587897539138794,0.1337395966053009,2.1697102546691895,2.2088456392288207,0.05
1425,0.264214087935055,0.12813952521366231,2.1611009625827564,2.2892710461336025,0.26640320420265196,0.13616426438093185,2.1515176773071287,2.174475002288818,0.05
1426,0.26297278702259064,0.13029506188981674,2.15371530196246,2.2228114464703728,0.2671381771564484,0.13422927260398865,2.1527568340301513,2.22762668132782,0.05
1427,0.26226730118779573,0.12788181006908417,2.157120522330789,2.2562857305302337,0.2635122001171112,0.13715424090623857,2.1563249111175535,2.095894122123718,0.05
1428,0.2609213844818227,0.1296766097931301,2.1578277980580047,2.193329965367037,0.2627449482679367,0.13107320815324783,2.1536325931549074,2.2027082443237305,0.05
1429,0.26121407747268677,0.12718797738061233,2.1520543939927044,2.250111039947061,0.26156871020793915,0.13043956309556962,2.145485591888428,2.1934858322143556,0.05
1430,0.25945336503141064,0.12690823919632854,2.145283446592443,2.2218457600649666,0.2650827825069427,0.13059284090995787,2.1396289825439454,2.2618728399276735,0.05
1431,0.2608797646620694,0.12805909619611852,2.14309183289023,2.2277949697831096,0.2728366732597351,0.12789981812238693,2.1386148929595947,2.471014070510864,0.05
1432,0.2606875230284298,0.12746979252380483,2.141404586679795,2.236073648228365,0.26378604471683503,0.13349068462848662,2.1439926624298096,2.1771085262298584,0.05
1433,0.25887341008466835,0.12452007391873528,2.1516353102291332,2.2567395953571094,0.2696590632200241,0.12315080761909485,2.145910120010376,2.5009830951690675,0.05
1434,0.2593547035666073,0.12221317037063487,2.142313746845021,2.3143678973702824,0.2651978492736816,0.13186356276273728,2.1391870975494385,2.2388484716415404,0.05
1435,0.25690649449825287,0.12282014243742999,2.138941596536075,2.2539387099883137,0.2646534502506256,0.12585748583078385,2.137354850769043,2.3484482765197754,0.05
1436,0.25798991760786844,0.12343558712917216,2.1338311784407673,2.2643203524982227,0.2668901801109314,0.12467192709445954,2.134200668334961,2.417525053024292,0.05
1437,0.25843387140947227,0.12396016892264872,2.1334413640639363,2.262785603018368,0.2657165706157684,0.13231995552778245,2.133567523956299,2.2412188768386843,0.05
1438,0.25952619138885946,0.12280338389032028,2.131105703466079,2.308234965100008,0.2646025657653809,0.12340784072875977,2.131862497329712,2.39752197265625,0.05
1439,0.26059429172207327,0.12199524088817484,2.1266073619618133,2.3466594569823322,0.264053213596344,0.12734343558549882,2.121892738342285,2.309816837310791,0.05
1440,0.25866231409942403,0.12483205339487861,2.1135041152729706,2.2539043636883007,0.2632484436035156,0.12757799178361892,2.1092137336730956,2.291565990447998,0.05
1441,0.25870685016407685,0.12638896221623702,2.1044337609234978,2.225470977671006,0.26255048513412477,0.1270463600754738,2.1029934883117676,2.2894834756851195,0.05
1442,0.25788582247846265,0.12474950709763695,2.100631643744076,2.242599943104912,0.26282279193401337,0.13241736292839051,2.0973705768585207,2.1886345386505126,0.05
1443,0.2608310054330265,0.13176671327913508,2.115766399046954,2.1581325460882748,0.2668278694152832,0.1427563801407814,2.1337117671966555,2.0546873807907104,0.05
1444,0.26112191116108613,0.132741618244087,2.1381380838506363,2.1399782054564533,0.26848275661468507,0.1429884374141693,2.1428994655609133,2.081306314468384,0.05
1445,0.261368305367582,0.12846021091236787,2.1410945303299846,2.2299429108114803,0.2649156659841537,0.13566606044769286,2.136393928527832,2.157713222503662,0.05
1446,0.25848279455128836,0.12826918372336557,2.1323591120102825,2.1778003818848553,0.263347390294075,0.13584744036197663,2.127398872375488,2.124519181251526,0.05
1447,0.2592177671544692,0.12581157991114786,2.130106911939733,2.2421022793825935,0.26033285856246946,0.13285931050777436,2.1385164737701414,2.121767687797546,0.05
1448,0.25990211613038006,0.1270458873580484,2.14073024076574,2.2289784725974586,0.2607965052127838,0.12551169991493225,2.1416462898254394,2.2773669004440307,0.05
1449,0.2598539906389573,0.12273299124310999,2.140337481218226,2.3143525193719303,0.26196688413619995,0.13196648359298707,2.139743137359619,2.172059512138367,0.05
1450,0.2591117112075581,0.1245244868537959,2.1379972906673657,2.2641449605717376,0.2616729557514191,0.12679346054792404,2.1364551067352293,2.2702988147735597,0.05
1451,0.26097727610784416,0.12768637958694906,2.131240956923541,2.2395696850383984,0.26655027866363523,0.12826959490776063,2.1224631309509276,2.341120958328247,0.05
1452,0.2620064309414695,0.12503982247675166,2.1204722628873935,2.315237704445334,0.2637294679880142,0.13088117390871049,2.118156623840332,2.233334517478943,0.05
1453,0.26176202034249024,0.12325527518987656,2.1175733734579647,2.3466201740152695,0.26224947571754453,0.12400328367948532,2.1172866344451906,2.3414665699005126,0.05
1454,0.25846512440372915,0.12264279276132584,2.1159747207865998,2.293251626631793,0.2670272469520569,0.12512208223342897,2.1145020008087156,2.4152029275894167,0.05
1455,0.2575837855829912,0.12384263206930722,2.11174012632931,2.2524750232696533,0.26214168071746824,0.12243409901857376,2.10957932472229,2.3722357749938965,0.05
1456,0.2576262521393159,0.12234324698939043,2.1060212219462677,2.2844558182884667,0.2674701541662216,0.12243146896362304,2.1026269435882567,2.480248284339905,0.05
1457,0.2586882903295405,0.12189695852644303,2.099434726378497,2.315939594717587,0.2632992923259735,0.12338377088308335,2.0959792613983153,2.3791146278381348,0.05
1458,0.25703130750095143,0.12123713861493503,2.0953598863938274,2.296811300165513,0.26613098978996275,0.12492109835147858,2.0959145545959474,2.4050148487091065,0.05
1459,0.2580387399477117,0.12196003733312383,2.094314266653622,2.302711178274716,0.2624696850776672,0.12838661819696426,2.1013253688812257,2.261396360397339,0.05
1460,0.2577313500292161,0.12429903316147187,2.1027940581826603,2.248087434207692,0.2587602257728577,0.1284581944346428,2.092314577102661,2.1875778675079345,0.05
1461,0.25937312315492067,0.12562481401597753,2.0869873692007626,2.257568597793579,0.2616477429866791,0.13233175575733186,2.0805714607238768,2.1702054262161257,0.05
1462,0.26003596712561217,0.12599905142012766,2.0791924280278824,2.2648998148301067,0.2670357346534729,0.13685437440872192,2.0918673038482667,2.185253715515137,0.05
1463,0.2731342666289386,0.14570802450180054,2.1404159630046173,2.120441668173846,0.2873030185699463,0.15599262118339538,2.1818955898284913,2.1898288488388062,0.05
1464,0.2773522857357474,0.14938785705496282,2.183994812123916,2.1224896346821502,0.27509684264659884,0.1542034238576889,2.1801525592803954,1.981837844848633,0.05
1465,0.2706069166169447,0.13956178067361608,2.176129846011891,2.1856766798916984,0.2730454742908478,0.14975386261940002,2.1772553443908693,2.0303809881210326,0.05
1466,0.2684808759128346,0.1397835489581613,2.179231713799869,2.1381001893211815,0.2713922917842865,0.1511699378490448,2.187335205078125,1.9669800281524659,0.05
1467,0.2699696465450175,0.14237889998099384,2.1897259459776035,2.113869737176334,0.27122640907764434,0.14652790129184723,2.1904390335083006,2.055882215499878,0.05
1468,0.26699168541852164,0.1381978874697405,2.185826960731955,2.138710519846748,0.27236815094947814,0.15057227313518523,2.1842933654785157,1.9990588903427124,0.05
1469,0.2671396644676433,0.13845494082745383,2.177658024956198,2.1381627741981957,0.26987913250923157,0.14849035143852235,2.1732964515686035,1.9931164026260375,0.05
1470,0.26463694256894726,0.13596095758325913,2.17067149106194,2.1393853425979614,0.26725620627403257,0.14345787465572357,2.169041156768799,2.042158317565918,0.05
1471,0.2634269489961512,0.13224386379999273,2.1661709476919735,2.1904274505727432,0.26542837023735044,0.14102477729320526,2.167065668106079,2.054658555984497,0.05
1472,0.2625678891644758,0.1331075749853078,2.1702355777516082,2.1551591508528767,0.2650090456008911,0.14045319855213165,2.16878719329834,2.057359457015991,0.05
1473,0.26290305923013124,0.1324899788288509,2.1672604644999787,2.1748095330070045,0.26703797578811644,0.139460751414299,2.1657636165618896,2.1183917045593263,0.05
1474,0.26065350367742424,0.13232543450944564,2.1706654324251065,2.1324282814474667,0.2652203530073166,0.14050390422344208,2.1705977439880373,2.060209274291992,0.05
1475,0.26252157898510203,0.13566042833468495,2.1731452801648308,2.1025938987731934,0.2719641745090485,0.15015808939933778,2.170168733596802,2.0020879983901976,0.05
1476,0.2691258244654712,0.1438150208662538,2.168945789337158,2.0724269291933846,0.27061240673065184,0.14467245042324067,2.1612247943878176,2.086554217338562,0.05
1477,0.2656652752090903,0.13607174333404093,2.160063477123485,2.159857862135943,0.26822918057441714,0.1397373855113983,2.153963088989258,2.1390433311462402,0.05
1478,0.2631162492667927,0.1337025152409778,2.157768221462474,2.1567210029153263,0.2629281282424927,0.13741723746061324,2.15106782913208,2.0800042152404785,0.05
1479,0.26077114483889413,0.1336489687947666,2.1601609342238484,2.110411244280198,0.2676034212112427,0.14611776024103165,2.180288887023926,1.9936554193496705,0.05
1480,0.26499920206911426,0.1370119356057223,2.190362481509938,2.121672742507037,0.270382821559906,0.14928931295871734,2.1970288276672365,1.98246431350708,0.05
1481,0.2645011509166044,0.1361915968796786,2.1963841494391945,2.1269142978331623,0.26677464246749877,0.14027257412672042,2.1945370197296143,2.091134214401245,0.05
1482,0.2624145448207855,0.13451434102128534,2.1944839673883774,2.1191072674358593,0.26742895841598513,0.14301732033491135,2.193553590774536,2.049522042274475,0.05
1483,0.2620715832009035,0.1331117867546923,2.1912846284754135,2.1409389832440544,0.2641830027103424,0.13714528679847718,2.1861825942993165,2.103517746925354,0.05
1484,0.2601449340581894,0.13054292473722906,2.1802349791807285,2.1559932091656853,0.2624697327613831,0.13936010897159576,2.176676607131958,2.0268572092056276,0.05
1485,0.25915251584614024,0.1321644888204687,2.1750184227438534,2.1047568671843586,0.26406376957893374,0.1376065880060196,2.172917127609253,2.0945600986480715,0.05
1486,0.26202335427789125,0.13272002909113378,2.172606440151439,2.1515451669692993,0.2652864634990692,0.13765058666467667,2.1787932872772218,2.116958999633789,0.05
1487,0.26077521548551674,0.13457762975903118,2.1806468402638153,2.087822346126332,0.26328687071800233,0.13817338794469833,2.1818399906158445,2.0659016609191894,0.05
1488,0.26081887238165913,0.13219799101352692,2.1646820236654842,2.139481137780582,0.2658775389194489,0.1366000935435295,2.1518880844116213,2.1551711320877076,0.05
1489,0.25912710761322694,0.13188489482683294,2.146600639118868,2.1155241868075203,0.2636273860931396,0.1378781169652939,2.144493055343628,2.0860867738723754,0.05
1490,0.2602934214998694,0.12984532643766963,2.138395716162289,2.181282744688146,0.2625927984714508,0.13514315336942673,2.1358826637268065,2.1218162298202516,0.05
1491,0.25875766400028677,0.12972884888158126,2.1305977877448585,2.1544568258173324,0.2650176346302032,0.13535468578338622,2.1299663543701173,2.167265510559082,0.05
1492,0.2623567703892203,0.12956402845242443,2.1261863708496094,2.2306175372179817,0.2727294504642487,0.1410474509000778,2.12448935508728,2.2087421894073485,0.05
1493,0.26263753017958474,0.13014896433143056,2.119968764922198,2.2257775629267975,0.2671978235244751,0.1390122264623642,2.119346284866333,2.1398425102233887,0.05
1494,0.2621394439655192,0.1347527464523035,2.1258057566250073,2.122572765630834,0.2682445466518402,0.1435297518968582,2.1386805534362794,2.0665597438812258,0.05
1495,0.2652053087949753,0.13661257528206883,2.1415453798630657,2.143545620581683,0.268764454126358,0.1482359915971756,2.150584030151367,1.9804525136947633,0.05
1496,0.26476021286319285,0.13541950986665838,2.1497853363261505,2.1568569505915924,0.26779723167419434,0.14254344403743743,2.146063756942749,2.075863003730774,0.05
1497,0.2618207028683494,0.13329574290443869,2.1435946576735554,2.1417801941142365,0.2633755087852478,0.13562984615564347,2.1410204410552978,2.1267091751098635,0.05
1498,0.261212475159589,0.13058003432610454,2.1394596380345963,2.1847568259519687,0.2653901517391205,0.13764993399381636,2.1362560272216795,2.1275532484054565,0.05
1499,0.25837868013802695,0.13131706811049404,2.137352564755608,2.1137617055107567,0.26316125988960265,0.1365275114774704,2.1363243579864504,2.105410122871399,0.05
1500,0.26061318814754486,0.133615440743811,2.1497394337373623,2.110007005579331,0.26784059703350066,0.1430546075105667,2.160706090927124,2.06357855796814,0.05
1501,0.26076264591778026,0.1314005641376271,2.159259291256175,2.155389806803535,0.2654939591884613,0.1388888970017433,2.157752799987793,2.1005505561828612,0.05
1502,0.26136190751019645,0.13251353318200393,2.153691796695485,2.1462290918125824,0.27272137999534607,0.13555373400449752,2.15167555809021,2.3130178451538086,0.05
1503,0.26079703516819897,0.13263397882966435,2.1471054553985596,2.1338400840759277,0.26395846009254453,0.1379324108362198,2.1457140922546385,2.091378021240234,0.05
1504,0.2605443281285903,0.1317737645962659,2.14877181894639,2.145656908259672,0.2680910646915436,0.14098961651325226,2.151924419403076,2.1116441249847413,0.05
1505,0.2612067618790795,0.13407112482716055,2.151095320196713,2.112493627211627,0.2660113573074341,0.14087013006210328,2.1550867557525635,2.0718072414398194,0.05
1506,0.2596739057232352,0.13076551915968165,2.1519746359656837,2.14777269784142,0.2660577207803726,0.1388817995786667,2.1528769016265867,2.1129430294036866,0.05
1507,0.26059269203859214,0.13100860574666193,2.1502785682678223,2.1616259743185604,0.2647359788417816,0.14043319523334502,2.1518571853637694,2.0556841135025024,0.05
1508,0.2604181363302119,0.12991986379903905,2.1474583008710075,2.1804737343507656,0.26300864219665526,0.13368500918149948,2.147915840148926,2.156889486312866,0.05
1509,0.25861891315263863,0.12953756179879694,2.144538963542265,2.1527191049912395,0.26078789234161376,0.13725860714912413,2.144764041900635,2.0416329145431518,0.05
1510,0.2599735356429044,0.12669440446531072,2.1472990232355453,2.2361227975172153,0.26534953713417053,0.13569866865873337,2.1546451091766357,2.162088418006897,0.05
1511,0.26103751711985645,0.13166088786195307,2.1617997393888584,2.155172544367173,0.2631717324256897,0.13957849591970445,2.1729912757873535,2.0372663259506227,0.05
1512,0.25922177556683035,0.13012935834772446,2.1713048850788788,2.147587313371546,0.26381232142448424,0.13787527680397033,2.1749078273773192,2.0837594747543333,0.05
1513,0.2628753027495216,0.1338387337677619,2.168537224040312,2.147023881182951,0.26643977761268617,0.13890641331672668,2.1729044914245605,2.1160863637924194,0.05
1514,0.27752238336731405,0.15227552021251006,2.210355702568503,2.0628661478267,0.3005440950393677,0.1753794729709625,2.2754509449005127,2.048202300071716,0.05
1515,0.28105568359879884,0.15421935127061956,2.2739092462203083,2.081944690031164,0.280343359708786,0.15089572370052337,2.2905782222747804,2.13083701133728,0.05
1516,0.27590571957476,0.1501615871401394,2.281005382537842,2.058681467000176,0.27610251903533933,0.15883846580982208,2.291746711730957,1.886931824684143,0.05
1517,0.2738087475299835,0.14728661714231267,2.280809150022619,2.074280794929056,0.27857444286346433,0.1542808324098587,2.297236919403076,2.0264248132705687,0.05
1518,0.27474118944476633,0.14670655481955586,2.286263143315035,2.1034399902119354,0.2808492869138718,0.15512630641460418,2.2951746463775633,2.0554248332977294,0.05
1519,0.2733734740930445,0.14486956684028401,2.2800151600557217,2.114075036609874,0.2702106088399887,0.14817924797534943,2.287646770477295,1.9830979347229003,0.05
1520,0.27039529558490305,0.1443542066742392,2.273356788298663,2.066150377778446,0.2704778552055359,0.14632757604122162,2.2829567432403564,2.026414179801941,0.05
1521,0.27192337372723746,0.14563179629690506,2.2771306458641503,2.070405357024249,0.27250648140907285,0.1516532778739929,2.28792519569397,1.9594790935516357,0.05
1522,0.27162835352561054,0.14296329722684972,2.2692665072048412,2.1194477852653053,0.26935608983039855,0.14900798201560975,2.2670177936553957,1.9535585165023803,0.05
1523,0.2679135799407959,0.14161293646868536,2.256383320864509,2.074736195452073,0.26807443499565126,0.1433384656906128,2.2591191291809083,2.0428954124450684,0.05
1524,0.2684067338705063,0.1418171722222777,2.254707729115206,2.080849703620462,0.28680590987205506,0.1570418357849121,2.2702164173126222,2.1412381172180175,0.05
1525,0.2801463148173164,0.15518197241951437,2.267440711750704,2.045798596213846,0.28128098249435424,0.16180928349494933,2.281786489486694,1.9330766677856446,0.05
1526,0.27480675192440257,0.15198491776690765,2.2661109531626984,2.0032145135542927,0.2792811989784241,0.1552588313817978,2.2713446617126465,2.0261783838272094,0.05
1527,0.28312481589177074,0.15273717484053442,2.257839988259708,2.156184799530927,0.2814418077468872,0.16188005208969117,2.2666017055511474,1.9379147291183472,0.05
1528,0.2762487670954536,0.1492591092691702,2.250712408738978,2.0896506239386166,0.2753314435482025,0.15433416962623597,2.2557560443878173,1.9687942266464233,0.05
1529,0.2723233094986747,0.14646907589014838,2.24278681418475,2.0685271725935093,0.27275841534137724,0.14961444437503815,2.2448726177215574,2.0139048099517822,0.05
1530,0.27160576511831847,0.14620554403347127,2.229201821719899,2.062164026148179,0.27403799295425413,0.1503560334444046,2.233061933517456,2.0270267724990845,0.05
1531,0.2709517812027651,0.1448983050444547,2.214941319297342,2.0780812291538013,0.26667326092720034,0.1464058429002762,2.215470552444458,1.96225426197052,0.05
1532,0.27079306016950044,0.14282729432863348,2.2033837402568146,2.118638613644768,0.2701237678527832,0.14922325909137726,2.210715913772583,1.9758668899536134,0.05
1533,0.2697096107637181,0.143312708419912,2.196529332329245,2.0886320927563835,0.2715870290994644,0.1469233125448227,2.203744077682495,2.052525544166565,0.05
1534,0.269873304402127,0.14598211383118348,2.192633306278902,2.0392971810172584,0.26812093555927274,0.1483047604560852,2.204304313659668,1.9554625034332276,0.05
1535,0.2667061984539032,0.14104096591472626,2.193099358502556,2.0746847671620987,0.26740847826004027,0.14583522081375122,2.197917175292969,1.9918816804885864,0.05
1536,0.26782214992186604,0.14108510928995469,2.188342977972592,2.097072208628935,0.2695319354534149,0.14686477482318877,2.193553113937378,2.014632487297058,0.05
1537,0.2677185149753795,0.14220036653911367,2.184577226638794,2.0734475710812736,0.2681780934333801,0.14488310515880584,2.1883264064788817,2.028234529495239,0.05
1538,0.26974377211402445,0.14525747299194336,2.1806017931769874,2.053605556488037,0.2721578270196915,0.15376144647598267,2.1864975452423097,1.9306278944015502,0.05
1539,0.2701028567903182,0.14249448609702728,2.1778085231781006,2.1166056043961468,0.2701245009899139,0.14372840523719788,2.184177827835083,2.0910862922668456,0.05
1540,0.2674565113642636,0.14230325598927104,2.1795711096595314,2.0671509013456455,0.27200487852096555,0.1504746377468109,2.19095892906189,1.9924128770828247,0.05
1541,0.2678651055868934,0.14052472789497936,2.186053191914278,2.1095967994016758,0.2690012097358704,0.14089324474334716,2.194287347793579,2.123301792144775,0.05
1542,0.2644723075277665,0.13904811836340847,2.1870314794428207,2.071077416924869,0.26739327907562255,0.1426752507686615,2.1922425746917726,2.0559120416641234,0.05
1543,0.2656681125654894,0.14030267955625758,2.183737362132353,2.0705611635656918,0.26938348412513735,0.14293156564235687,2.190160799026489,2.0910061836242675,0.05
1544,0.26763690745129304,0.14092226896215887,2.1826895124772014,2.097754857119392,0.26626318097114565,0.14730791449546815,2.1879791736602785,1.9415094375610351,0.05
1545,0.2670007619787665,0.14082300487686605,2.177043550154742,2.088146455147687,0.2673871129751205,0.1415135979652405,2.1808323860168457,2.081303930282593,0.05
1546,0.2645377323907964,0.1374907879268422,2.175410032272339,2.1058569445329556,0.26873457431793213,0.13909249603748322,2.180420970916748,2.156757354736328,0.05
1547,0.26358280111761656,0.13671436642899232,2.175232200061574,2.102322213789996,0.2684516102075577,0.14203870594501494,2.1773837089538572,2.0927812099456786,0.05
1548,0.2640465629451415,0.13851681789931128,2.16882763189428,2.076829391367295,0.2646562933921814,0.14049542248249053,2.1740034580230714,2.048416757583618,0.05
1549,0.2663664633736891,0.1380709427244523,2.165699664284201,2.1327704261330998,0.27003015875816344,0.13530414849519729,2.1665220260620117,2.2612156867980957,0.05
1550,0.26404279908713174,0.1360530651667539,2.1593339302960564,2.1279278222252342,0.26912064850330353,0.13786994516849518,2.1621493339538573,2.1925841569900513,0.05
1551,0.2649209043558906,0.13604580128894134,2.1538429120007683,2.146733564489028,0.266535210609436,0.13933272063732147,2.1591259002685548,2.112224578857422,0.05
1552,0.2642759505440207,0.13615830198806875,2.1517207903020523,2.1320087909698486,0.26686649918556216,0.13630929440259934,2.15143027305603,2.180857944488525,0.05
1553,0.2659859166425817,0.1362259988399113,2.145723679486443,2.166053575627944,0.2664694130420685,0.1409849226474762,2.150480318069458,2.07959361076355,0.05
1554,0.26596463077208576,0.13709005757289774,2.1601411174325382,2.145463130053352,0.2670572102069855,0.1423170179128647,2.1961325645446776,2.055577278137207,0.05
1555,0.26606986978474784,0.1390537010396228,2.2083719618180218,2.0986490109387566,0.2708371251821518,0.14300114214420317,2.218742561340332,2.1129711389541628,0.05
1556,0.26443316743654366,0.13252569472088532,2.2149346716263714,2.1951624435537003,0.26835504472255706,0.13672762215137482,2.2147164821624754,2.189605140686035,0.05
1557,0.26306672306621776,0.1328240405110752,2.206929136725033,2.163467701743631,0.2675825595855713,0.13814768940210342,2.2090165615081787,2.1468940019607543,0.05
1558,0.2629303844536052,0.13336798943140926,2.2047448298510384,2.150298833847046,0.26798192858695985,0.13893851339817048,2.2085251808166504,2.1391632080078127,0.05
1559,0.26350442626897025,0.13632712644689224,2.2027275983025048,2.103000472573673,0.26668705344200133,0.13512208461761474,2.2057612419128416,2.1901470899581907,0.05
1560,0.2629820546683143,0.13552894355619655,2.201864438898423,2.1086893642649933,0.26654507517814635,0.13664684742689132,2.2055925369262694,2.1568458557128904,0.05
1561,0.26338213331559124,0.13506239389671998,2.202595584532794,2.125875620280995,0.26649688482284545,0.13795069456100464,2.207214117050171,2.1294809341430665,0.05
1562,0.26244646486114054,0.13184636393014124,2.201023494496065,2.171797240481657,0.2662506699562073,0.13513674288988115,2.202016496658325,2.18187530040741,0.05
1563,0.26178404513527365,0.13173927016117992,2.1970567563000847,2.1614841783747956,0.26644318699836733,0.13980938196182252,2.1979630470275877,2.093083381652832,0.05
1564,0.26277830495553856,0.13069342120605357,2.1924208753249226,2.203213334083557,0.2675934135913849,0.13886720687150955,2.195580339431763,2.1354079723358153,0.05
1565,0.26381148222614736,0.13630661806639502,2.195927521761726,2.110911762013155,0.26962080001831057,0.14177365899085997,2.2003711700439452,2.116868591308594,0.05
1566,0.26730186273069945,0.14244580444167643,2.1942173032199634,2.0582776490379784,0.26742713451385497,0.1459031194448471,2.1922403812408446,1.9920321941375732,0.05
1567,0.2664624654194888,0.13890114558093689,2.191470749237958,2.112932198187884,0.27169407308101656,0.144867205619812,2.1951921939849854,2.097498893737793,0.05
1568,0.26267605143434863,0.13543793953516903,2.1921718681559845,2.1063277581158806,0.2650329887866974,0.14350806474685668,2.1920587062835692,1.9920867204666137,0.05
1569,0.26232900163706613,0.13365328092785442,2.1842901145710663,2.1366563825046314,0.2655876100063324,0.1395200788974762,2.1857909202575683,2.0841923475265505,0.05
1570,0.2611286403501735,0.13248229684198604,2.1795549392700195,2.137015805524938,0.26490055322647094,0.13576353937387467,2.180919361114502,2.146556329727173,0.05
1571,0.25954025019617644,0.13212132629226236,2.1779232726377598,2.112793719067293,0.264896297454834,0.1391096070408821,2.179079008102417,2.0799179077148438,0.05
1572,0.26066678762435913,0.13398819372934453,2.1771203489864575,2.0981477358761955,0.2668480038642883,0.13924186080694198,2.1791188716888428,2.1162991523742676,0.05
1573,0.2611886201535954,0.13047458976507187,2.1760907453649185,2.179062443621018,0.2669624090194702,0.13691002130508423,2.1789804458618165,2.1652518033981325,0.05
1574,0.2599460789385964,0.13132137147819295,2.1748426661771885,2.1375255584716797,0.2657050132751465,0.13850140273571016,2.1760886192321776,2.1088544368743896,0.05
1575,0.261044681948774,0.13394647310761845,2.171213388442993,2.1077214970308193,0.2657511830329895,0.13910296857357024,2.1743577480316163,2.098092460632324,0.05
1576,0.2603637777707156,0.1308933899683111,2.1689994896159455,2.1556078125448788,0.26699883937835694,0.1390041634440422,2.170316743850708,2.125830149650574,0.05
1577,0.2579577731735566,0.13083355786169276,2.1663628465989055,2.109211662236382,0.2630736768245697,0.1377571478486061,2.1679580211639404,2.0727389335632322,0.05
1578,0.25917094682945924,0.13254503248368993,2.1628152763142303,2.0999551450504974,0.267262214422226,0.1385233387351036,2.1655516624450684,2.141667294502258,0.05
1579,0.2588386728483088,0.12944241131053252,2.1628291186164406,2.1553594505085663,0.2659284293651581,0.13928821682929993,2.1642318248748778,2.099957799911499,0.05
1580,0.2597399844842799,0.13252333902260838,2.1614067975212548,2.1120515641044166,0.2625467896461487,0.1382632777094841,2.163850498199463,2.0529000997543334,0.05
1581,0.26017192794996147,0.1321818841730847,2.159263652913711,2.1279481368906357,0.26636756062507627,0.1389681041240692,2.1616318225860596,2.1156628131866455,0.05
1582,0.2597490619210636,0.12919634142342737,2.1580765387591194,2.179439004729776,0.2672374308109283,0.13876952230930328,2.1589253425598143,2.1375730514526365,0.05
1583,0.2598957121372223,0.1263249959139263,2.1433927451863006,2.2427357294980217,0.2627041459083557,0.13652138710021972,2.137741231918335,2.096106839179993,0.05
1584,0.25853900962016163,0.13020688514499104,2.1324024200439453,2.1401619770947624,0.26276180148124695,0.13989198505878447,2.134529781341553,2.0304904222488402,0.05
1585,0.25948866675881777,0.12940320284927592,2.12893606634701,2.17592198007247,0.2657268404960632,0.140252223610878,2.132968044281006,2.0828985452651976,0.05
1586,0.2598668538472232,0.12919633879381068,2.1281753568088306,2.187775135040283,0.27055923342704774,0.13785662800073623,2.1305906772613525,2.2279338598251344,0.05
1587,0.2589659112341264,0.12780208009130814,2.1257473019992603,2.19812712949865,0.26559340953826904,0.1348460629582405,2.1282068252563477,2.189305377006531,0.05
1588,0.25848650406388674,0.12766850257621093,2.1210090412813076,2.192158173112308,0.2629388153553009,0.1349271908402443,2.122314786911011,2.1357693672180176,0.05
1589,0.2600598519339281,0.12739338594324448,2.1165834314682903,2.2300126412335564,0.2645062029361725,0.13448904901742936,2.1203362464904787,2.17627592086792,0.05
1590,0.2575656824252185,0.12697752170702992,2.1159677225000717,2.188569622881272,0.26713353395462036,0.13479979038238527,2.1230875492095946,2.2220572948455812,0.05
1591,0.25930462426999035,0.12737586612210555,2.117333580465878,2.2151084156597363,0.26278822124004364,0.1335330054163933,2.124639463424683,2.1601763486862184,0.05
1592,0.2595050036907196,0.12752324298900716,2.1202179263619816,2.2155916270087745,0.26508164703845977,0.13480402678251266,2.1308444023132322,2.179383420944214,0.05
1593,0.2583799695267397,0.1268162389888483,2.1277495131773105,2.2057246881372787,0.2620964258909225,0.1377657637000084,2.1353131771087646,2.0595505475997924,0.05
1594,0.2601085647064097,0.12840215292047052,2.128780996098238,2.2083720319411335,0.2659392148256302,0.13368142247200013,2.1359216213226317,2.2179715633392334,0.05
1595,0.2600848911439671,0.12761365797589808,2.1352491238537956,2.2223747828427483,0.26521116495132446,0.13818784356117247,2.1552740573883056,2.1094115018844604,0.05
1596,0.25952787609661326,0.13178057661827872,2.1582704572116627,2.123291864114649,0.2650096952915192,0.1342952847480774,2.171738338470459,2.1799405097961424,0.05
1597,0.25949222200057087,0.12987634145161686,2.1646249154034782,2.159392658401938,0.26316397786140444,0.1370888352394104,2.170791482925415,2.08734450340271,0.05
1598,0.26001302897930145,0.130886650260757,2.161135393030503,2.1503005308263443,0.2669410049915314,0.13660955280065537,2.165556478500366,2.173517632484436,0.05
1599,0.25872379629050984,0.12912971657865188,2.1595000238979565,2.159981608390808,0.26540355682373046,0.13774204552173613,2.1661781311035155,2.119994616508484,0.05
1600,0.2596130458747639,0.12850689844173543,2.154244156444774,2.191274074947133,0.2652330964803696,0.1338273510336876,2.1575562000274657,2.1966036558151245,0.05
1601,0.25874803434399996,0.12796302884817123,2.1489688508650837,2.185906361131107,0.2661874443292618,0.13811223357915878,2.151354217529297,2.131233263015747,0.05
1602,0.2577749736168805,0.12974497456760967,2.141681292477776,2.1322637726278866,0.26500928997993467,0.13566072285175323,2.1485045909881593,2.1572705507278442,0.05
1603,0.2591481988920885,0.1280481144785881,2.1405741747687843,2.193886763909284,0.2672543704509735,0.13551769852638246,2.1485026836395265,2.2050328493118285,0.05
1604,0.25970979736131783,0.12939747948856914,2.1376992674434887,2.1787064916947307,0.26134862303733825,0.13739133030176162,2.1382086277008057,2.0515040874481203,0.05
1605,0.25873522372806773,0.1266295050873476,2.1284791862263397,2.2164184626410988,0.26415448188781737,0.13353329598903657,2.1331801891326903,2.1857876062393187,0.05
1606,0.25961043291232166,0.12925894909045277,2.127810898949118,2.181467462988461,0.26561618149280547,0.1364351600408554,2.140578031539917,2.1555047273635863,0.05
1607,0.25939450632123384,0.12908890229814193,2.1356788242564484,2.17897623426774,0.26384475231170657,0.13710583597421647,2.1484031200408937,2.1050976753234862,0.05
1608,0.2602529473164502,0.1292375352452783,2.141042569104363,2.1920997184865616,0.26013619303703306,0.13577798753976822,2.144895648956299,2.0581848859786986,0.05
1609,0.2595221321372425,0.12829620654092116,2.1330760226530185,2.1979031983543846,0.26471152901649475,0.13785760402679442,2.1384012699127197,2.109398102760315,0.05
1610,0.25828752535230975,0.12756009356063955,2.1276396022123447,2.1890206617467545,0.26582652926445005,0.13420738130807877,2.133724021911621,2.205637979507446,0.05
1611,0.2582052963621476,0.1264796200044015,2.122150042477776,2.210083484649658,0.2634103834629059,0.13392869830131532,2.1297487735748293,2.163683843612671,0.05
1612,0.2590470699702992,0.12780524352017572,2.1212714559891643,2.200582265853882,0.2638438165187836,0.13530117720365525,2.1312822341918944,2.144596290588379,0.05
1613,0.2579285730333889,0.12762128649389043,2.121399023953606,2.1818659445818733,0.26110097765922546,0.13323207795619965,2.131289529800415,2.1311201095581054,0.05
1614,0.25899722120341134,0.12660375894869075,2.1233159514034496,2.223205938058741,0.26456292569637296,0.133636911213398,2.1330631732940675,2.1919076204299928,0.05
1615,0.2571668326854706,0.12825462528887918,2.1279220160316017,2.152659766814288,0.26084689497947694,0.1320274740457535,2.137943458557129,2.1487998723983766,0.05
1616,0.2586596231250202,0.12664135983761618,2.1292779866386864,2.2145096764845005,0.26805585622787476,0.13730122447013854,2.138777256011963,2.1873370885848997,0.05
1617,0.25919536106726704,0.128527436624555,2.131867997786578,2.1869847704382503,0.2675528287887573,0.1333245024085045,2.1386935234069826,2.2568278074264527,0.05
1618,0.259533389526255,0.1291365746189566,2.1292661779067097,2.182083073784323,0.2657548666000366,0.13878338932991027,2.1327324390411375,2.1128831624984743,0.05
1619,0.25648415965192456,0.12878599762916565,2.1241857444538788,2.1291260298560646,0.26271931529045106,0.13631602227687836,2.127134656906128,2.102638840675354,0.05
1620,0.2579939794891021,0.13040871699066722,2.1191924880532658,2.1278667520074284,0.2611691504716873,0.13548649102449417,2.1234325885772707,2.088966655731201,0.05
1621,0.25748804649885965,0.12860657581511667,2.117849868886611,2.1540593960705925,0.26413480639457704,0.13516357392072678,2.1243568420410157,2.1545531511306764,0.05
1622,0.25840315047432394,0.12852225934757905,2.1217910682453827,2.1732596229104435,0.260533344745636,0.13935461342334748,2.130802059173584,1.997414231300354,0.05
1623,0.2586882727987626,0.1308733023264829,2.1258844628053555,2.1311224628897274,0.2645741105079651,0.14031687378883362,2.1306121349334717,2.0590221643447877,0.05
1624,0.2584674744045033,0.12812120116808834,2.1217059948865105,2.1825842366499058,0.26156148314476013,0.13474304229021072,2.12345175743103,2.1116785764694215,0.05
1625,0.2591894531951231,0.13205493592164097,2.1167853720047893,2.1193332461749805,0.2647511899471283,0.13515637516975404,2.1235083103179933,2.1671945571899416,0.05
1626,0.25906841719851775,0.12868437872213476,2.11711244022145,2.1842582085553337,0.26148416101932526,0.1349832996726036,2.121913194656372,2.105634665489197,0.05
1627,0.25740620143273296,0.12860887015567107,2.1165590706993553,2.1526347468881046,0.2634153962135315,0.1382901042699814,2.122700595855713,2.0779656171798706,0.05
1628,0.25695644757326913,0.13045280996490927,2.1188569770139805,2.1063013988382675,0.2619017481803894,0.1372665748000145,2.12267427444458,2.0681686401367188,0.05
1629,0.25735165704699126,0.1299557081040214,2.1168077693266025,2.1245573268217197,0.2639758765697479,0.13737494200468064,2.1204637050628663,2.107925844192505,0.05
1630,0.25687868893146515,0.12915563539547079,2.113514886182897,2.131758023710812,0.26424733400344846,0.1404601201415062,2.11537652015686,2.0526691198349,0.05
1631,0.2588090931668001,0.12981598780435674,2.1103454056908104,2.1577930590685677,0.2649891972541809,0.13752855360507965,2.1157492637634276,2.1260630607604982,0.05
1632,0.2593834487830891,0.1291793431429302,2.1128890374127556,2.18150428463431,0.26492364406585694,0.13934518098831178,2.1190637588500976,2.087756538391113,0.05
1633,0.25782980638391834,0.13022507332703648,2.1166443263783172,2.1287657022476196,0.2611378520727158,0.13714156448841094,2.120771074295044,2.0557714462280274,0.05
1634,0.25818389741813436,0.13185189532883027,2.115360778920791,2.103567775558023,0.2612629681825638,0.1346734032034874,2.118083429336548,2.108174681663513,0.05
1635,0.25791433541213765,0.1295604372725767,2.111599655712352,2.144758042167215,0.2614927113056183,0.14266518950462342,2.120541572570801,1.9524420738220214,0.05
1636,0.26072463919134703,0.13444704124156168,2.127782765556784,2.0999953816918766,0.2654599666595459,0.14424138367176056,2.137148141860962,1.9969419240951538,0.05
1637,0.25917819405303283,0.1343715497676064,2.1413892998414883,2.0678549864712883,0.26456246376037595,0.14328097701072692,2.147756052017212,1.9960784435272216,0.05
1638,0.2628057327340631,0.13520912387791803,2.1573899213005516,2.1204541781369377,0.2628279268741608,0.14192709922790528,2.1626891136169433,1.9854786157608033,0.05
1639,0.2674401113215615,0.14058984596939647,2.168528346454396,2.1032996458165787,0.2673924595117569,0.14301085770130156,2.1691569328308105,2.053800630569458,0.05
1640,0.2668683879515704,0.13742569658686132,2.169737605487599,2.154906244838939,0.26923544704914093,0.14170175194740295,2.1678191661834716,2.1171101093292237,0.05
1641,0.264706634423312,0.13534141200430252,2.1664753801682415,2.1540093492059147,0.26574901342391966,0.13987138867378235,2.1592007637023927,2.0857122421264647,0.05
1642,0.26405514513745026,0.1341040428070461,2.155454158782959,2.1679311990737915,0.26355754733085635,0.1391787588596344,2.150159406661987,2.0575440406799315,0.05
1643,0.2621777066413094,0.13243314711486592,2.1528989286983715,2.164311408996582,0.26947279572486876,0.13979553580284118,2.1483426094055176,2.1638766288757325,0.05
1644,0.2614516221425113,0.13180717913543477,2.1558804512023926,2.1617127166074863,0.2652787327766418,0.14276436269283294,2.152449941635132,2.019797348976135,0.05
1645,0.26091677739339714,0.1349652812761419,2.154827075846055,2.0880644461687874,0.2667990386486053,0.14319904446601867,2.153663444519043,2.0412671089172365,0.05
1646,0.2760742113870733,0.13467980658306794,2.1704948228948258,2.393789052963257,0.2844109058380127,0.1455802023410797,2.176543855667114,2.341305208206177,0.05
1647,0.27178263839553385,0.14030545906108968,2.178612063912784,2.1938211497138527,0.2694759875535965,0.14192855060100557,2.1754191875457765,2.1158648490905763,0.05
1648,0.2681163014734493,0.13596559228265986,2.171355401768404,2.2087430743610157,0.27016702890396116,0.14307334423065185,2.1661548137664797,2.1086426734924317,0.05
1649,0.26464173197746277,0.13342814454260996,2.1626186511095833,2.191748023033142,0.26447001099586487,0.1407063663005829,2.153990125656128,2.044474720954895,0.05
1650,0.26467958267997294,0.13389739613322652,2.144643040264354,2.1867150839637306,0.26435444951057435,0.13833719342947007,2.1368953704833986,2.0929660558700562,0.05
1651,0.26301486527218537,0.1308505241485203,2.1340010166168213,2.2164865381577434,0.2713761866092682,0.13816753923892974,2.116002082824707,2.2409723520278932,0.05
1652,0.2668983717175091,0.1332840901963851,2.1051840221180633,2.2512487804188446,0.2653582513332367,0.1386822998523712,2.103585624694824,2.11280198097229,0.05
1653,0.26221693438642163,0.13059384419637568,2.100910411161535,2.2122796493418075,0.2683726727962494,0.14432408809661865,2.122386837005615,2.0564943313598634,0.05
1654,0.2683642673141816,0.14126356515814276,2.1458240957821118,2.1128491654115567,0.2701956033706665,0.14719025790691376,2.161149787902832,2.0278769016265867,0.05
1655,0.26818617301828723,0.13885537359644384,2.160727921654196,2.1544704367132748,0.26892468333244324,0.14360051453113556,2.1620075702667236,2.0740819215774535,0.05
1656,0.26646118304308725,0.13639388978481293,2.159480375402114,2.1694496589548447,0.26621012985706327,0.14323598742485047,2.156422758102417,2.0281982898712156,0.05
1657,0.2655416613115984,0.1369507869376856,2.1607900507309856,2.1396594328038834,0.2687649935483932,0.14277568757534026,2.1621602058410643,2.087354040145874,0.05
1658,0.2649358808994293,0.13695361947312074,2.15961955575382,2.1277213236864876,0.26674707531929015,0.14544933438301086,2.155952787399292,1.9947641134262084,0.05
1659,0.2652876412167269,0.13559411553775563,2.154875965679393,2.162895314833697,0.26557020246982577,0.14141231328248977,2.1505170345306395,2.0530544757843017,0.05
1660,0.262918868485619,0.13332072294810238,2.149070894016939,2.1621487070532406,0.2662068009376526,0.13750795722007753,2.1427648067474365,2.1454240560531614,0.05
1661,0.26385606474736156,0.13334602599634843,2.1410100319806267,2.1819987226934994,0.2645419597625732,0.1407797634601593,2.1411316871643065,2.0470174312591554,0.05
1662,0.26535821311614094,0.13543101969887228,2.1350722172681023,2.1715293701957252,0.2684839189052582,0.14020109474658965,2.1266341686248778,2.1403295755386353,0.05
1663,0.26608430024455576,0.13580244998721516,2.127801726846134,2.180076641194961,0.2698586344718933,0.14591322541236879,2.128158950805664,2.0532764434814452,0.05
1664,0.26407094299793243,0.13511528732145534,2.1306001158321606,2.1529930970248055,0.26688337326049805,0.14599408507347106,2.1228997230529787,1.9932057857513428,0.05
1665,0.2644481290789211,0.13491665089831634,2.1192227672128117,2.1667849316316494,0.26941442787647246,0.14342222213745118,2.1108032703399657,2.0976834535598754,0.05
1666,0.2647755820961559,0.13328432905323365,2.1099148497861973,2.2078420204274796,0.266984760761261,0.14117575585842132,2.101961135864258,2.0957879066467284,0.05
1667,0.26423606101204367,0.13402013699798024,2.1025282915900734,2.183812779538772,0.26728742718696596,0.1416884332895279,2.0973382949829102,2.0925122499465942,0.05
1668,0.26521332737277536,0.13582270986893596,2.1010569544399487,2.1676008841570686,0.26838223040103915,0.1441018521785736,2.0959360122680666,2.066420245170593,0.05
1669,0.2637902419356739,0.13260915787780986,2.0947282314300537,2.2046760040171005,0.26487289667129515,0.14280054569244385,2.0907240867614747,2.023302125930786,0.05
1670,0.26300761103630066,0.1347811528865029,2.093479072346407,2.145833359045141,0.26568044126033785,0.13811486214399338,2.089545202255249,2.1334025144577025,0.05
1671,0.26193994809599486,0.13464255543316112,2.093056145836325,2.127336670370663,0.26484796702861785,0.14031791388988496,2.0945467948913574,2.0716915130615234,0.05
1672,0.26354889834628387,0.1363326955367537,2.1014152975643383,2.1240409332163193,0.26127922534942627,0.14103566110134125,2.0976406574249267,1.985343074798584,0.05
1673,0.2634831123492297,0.13356410536695928,2.100981530021219,2.178183822070851,0.2645132452249527,0.14092015624046325,2.0889607429504395,2.0540696382522583,0.05
1674,0.26342451221802654,0.1347494116600822,2.089841828626745,2.1555336854037117,0.27138020992279055,0.14512929916381836,2.0795950889587402,2.1090990543365478,0.05
1675,0.26256805483032675,0.1318827665903989,2.083417387569652,2.1970222066430485,0.26357099413871765,0.13849674463272094,2.078100490570068,2.085864806175232,0.05
1676,0.26060042924740734,0.12954750306466045,2.073805065716014,2.2062974957858814,0.26627684831619264,0.1358384072780609,2.057330083847046,2.1973026275634764,0.05
1677,0.2595228885903078,0.1293780794915031,2.058870357625625,2.1911220059675327,0.26632688045501707,0.13750975131988524,2.0514947891235353,2.1660436391830444,0.05
1678,0.2592690639636096,0.12947270493297017,2.056958521113676,2.184535461313584,0.26473352015018464,0.13541541546583175,2.0527400016784667,2.175814127922058,0.05
1679,0.2591087791849585,0.12913094855406704,2.0562743860132553,2.18830168948454,0.26393002867698667,0.13551172614097595,2.047462272644043,2.158873510360718,0.05
1680,0.26131336916895476,0.1297829427263316,2.0504909122691437,2.2205103705911076,0.2659101963043213,0.13386107832193375,2.046892213821411,2.231604051589966,0.05
1681,0.2602652933667688,0.12826495354666428,2.050097703933716,2.2299872356302597,0.265825492143631,0.13522902578115464,2.046173858642578,2.202694606781006,0.05
1682,0.26131509858019214,0.13259006379281774,2.0484720047782448,2.1648062116959514,0.2651465356349945,0.134239000082016,2.042234468460083,2.209703779220581,0.05
1683,0.26227382701985974,0.13185571966802373,2.042889524908627,2.19978428588194,0.2646519660949707,0.13784971833229065,2.033985137939453,2.1292479753494264,0.05
1684,0.2605699625085382,0.12901336699724197,2.0384021226097557,2.2234514110228596,0.2651584029197693,0.13736304491758347,2.0294049263000487,2.150026226043701,0.05
1685,0.2611626220100066,0.1283811536781928,2.034486027324901,2.2487321040209602,0.26189821064472196,0.1371065780520439,2.028466796875,2.090139102935791,0.05
1686,0.2604724116185132,0.13103120467242071,2.0373013229931103,2.1813638070050407,0.2674334287643433,0.13954091668128968,2.0354222774505617,2.1507657527923585,0.05
1687,0.2615542420569588,0.13376589031780467,2.0481395721435547,2.146139151909772,0.2679986536502838,0.14031219482421875,2.0522461414337156,2.1432798147201537,0.05
1688,0.2616547836976893,0.13231887230101755,2.059034922543694,2.174911246580236,0.2672607064247131,0.13955085575580597,2.0531891345977784,2.1435590505599977,0.05
1689,0.26164645131896525,0.1309297601966297,2.0581356847987458,2.202706680578344,0.267673534154892,0.13658199608325958,2.050417947769165,2.211747169494629,0.05
1690,0.2614564238225712,0.1309684856849558,2.052058956202339,2.1993469841340008,0.2668992668390274,0.13302571177482606,2.044618844985962,2.268547296524048,0.05
1691,0.2600090451100293,0.1290362297612078,2.0465864013223087,2.2101389730677887,0.26302672624588014,0.13552888929843904,2.0388251304626466,2.142191696166992,0.05
1692,0.25994330907569213,0.12978278714067795,2.0408520838793587,2.1950399665271534,0.2606722414493561,0.13309456706047057,2.0334001541137696,2.1448734521865847,0.05
1693,0.2595725638024947,0.13009845991345012,2.0377074199564316,2.1819404994740204,0.262383359670639,0.13445561230182648,2.031394529342651,2.1522759914398195,0.05
1694,0.2602222263813019,0.12893698495977066,2.0346801421221565,2.218768694821526,0.2661659836769104,0.13773623555898667,2.0251229286193846,2.163570261001587,0.05
1695,0.26119885199210224,0.13049087410464005,2.03091238526737,2.207977126626407,0.26472496390342715,0.1330296739935875,2.0300930023193358,2.22788724899292,0.05
1696,0.26044400912873883,0.12865066265358643,2.03342305912691,2.2291823134702793,0.2638253927230835,0.13521292060613632,2.031807041168213,2.165887880325317,0.05
1697,0.2595437914133072,0.12602760116843617,2.036428886301377,2.263037955059725,0.26951987147331236,0.13006315678358077,2.036230039596558,2.381888175010681,0.05
1698,0.2625292232807945,0.12926128813449075,2.0403284675934734,2.257293042014627,0.2641952097415924,0.12911558300256729,2.0500067234039308,2.2915910720825194,0.05
1699,0.25970662692013907,0.1266775749185506,2.0546759437112248,2.249645850237678,0.265566349029541,0.13472430109977723,2.056457281112671,2.205549430847168,0.05
1700,0.2583515845677432,0.12556607802124584,2.06050565663506,2.2436089585809147,0.2633148193359375,0.13231596052646638,2.0588098049163817,2.2082152366638184,0.05
1701,0.26184919651816874,0.12631142051780925,2.0580524416530834,2.2991449622546924,0.26446692645549774,0.13078685253858566,2.0543028354644775,2.262740898132324,0.05
1702,0.2603740315226948,0.12484394671285853,2.0541761622709385,2.2997664423549877,0.2604101151227951,0.1253352329134941,2.051085948944092,2.291280508041382,0.05
1703,0.25908931388574485,0.12513776298831492,2.05216188991771,2.2685986476785995,0.26238033175468445,0.1258921965956688,2.054609537124634,2.3188408851623534,0.05
1704,0.257824685643701,0.12519447286339366,2.057769312578089,2.2410504677716423,0.26184982657432554,0.1256423443555832,2.0580494880676268,2.3125397682189943,0.05
1705,0.2582034503712374,0.12547092052067027,2.0561838290270638,2.24341381297392,0.2721786856651306,0.13061103820800782,2.054827070236206,2.4203874826431275,0.05
1706,0.2589341139092165,0.12395018163849325,2.0551361476673797,2.2886514032588288,0.2633220136165619,0.12789489477872848,2.056571674346924,2.2972277879714964,0.05
1707,0.2596285869093502,0.1245891421156771,2.0514143915737377,2.2905060122994816,0.2645903468132019,0.12677886188030243,2.0496519565582276,2.346299076080322,0.05
1708,0.2585875278010088,0.1229451438959907,2.048319970860201,2.303183646763072,0.2658004105091095,0.12550591826438903,2.0474551200866697,2.396398687362671,0.05
1709,0.2593754249460557,0.12468470545376048,2.043888162164127,2.2850367461933807,0.26422132551670074,0.12431891858577729,2.0425655364990236,2.389534902572632,0.05
1710,0.2586930902565227,0.12312080754953272,2.0412581037072575,2.303194053032819,0.2624331682920456,0.12659164816141127,2.0442495822906492,2.3079804182052612,0.05
1711,0.25764239623266105,0.12372803293606814,2.049978214151719,2.2682915925979614,0.26342571079730986,0.1255255952477455,2.063702630996704,2.3452616691589356,0.05
1712,0.2594267813598408,0.1239334423752392,2.0649868179770077,2.2968693831387688,0.26092512011528013,0.12627293020486832,2.065458345413208,2.279952144622803,0.05
1713,0.25718677131568685,0.12265519491013359,2.0667050025042366,2.2772905546076156,0.2628261387348175,0.12545318007469178,2.0665871143341064,2.334141755104065,0.05
1714,0.25752872579237995,0.12447688816224828,2.068568131502937,2.247323092292337,0.26238787174224854,0.12896082252264024,2.0715217113494875,2.2542365312576296,0.05
1715,0.25959686058409076,0.12582074281047373,2.0891113421496224,2.2576999944799088,0.267247861623764,0.13147096037864686,2.094377613067627,2.2966625690460205,0.05
1716,0.2600071368848576,0.12743118186207378,2.0933534958783317,2.2328483497395233,0.26593360900878904,0.12729992270469664,2.0897024631500245,2.3547332286834717,0.05
1717,0.26068518792881684,0.12913724341813257,2.094169434379129,2.2121249507455265,0.26474716067314147,0.1343371421098709,2.092566967010498,2.189686965942383,0.05
1718,0.2598602359785753,0.12854848582954967,2.0896826491636387,2.208298444747925,0.2637807309627533,0.13553644716739655,2.0866904258728027,2.1475473403930665,0.05
1719,0.2604307532310486,0.12792618309750275,2.0861828747917626,2.2328547379549812,0.2637558996677399,0.1377546966075897,2.083275079727173,2.1033690690994264,0.05
1720,0.26038019446765676,0.12995203452951767,2.09280483862933,2.190002174938426,0.2639205753803253,0.13784450590610503,2.0999361515045165,2.1015340805053713,0.05
1721,0.2591296574648689,0.12895808894844615,2.1006881208980785,2.183293707230512,0.26626715064048767,0.1348319798707962,2.0970872402191163,2.2092859506607057,0.05
1722,0.25975966190590577,0.12885686536045635,2.096929662367877,2.198670001590953,0.2661173015832901,0.1343059331178665,2.0938762187957765,2.217452049255371,0.05
1723,0.2586379945278168,0.12735342628815594,2.0893919888664696,2.2078128982992733,0.26307736039161683,0.1365295171737671,2.085314989089966,2.1138938903808593,0.05
1724,0.25806666998302236,0.12746862672707615,2.0844141875996307,2.195078120512121,0.2626402020454407,0.13508671671152114,2.079002094268799,2.1352692365646364,0.05
1725,0.2568071230369456,0.12702111856025808,2.0778657969306495,2.1801469606511734,0.2640777289867401,0.1331832453608513,2.0700471878051756,2.2038801193237303,0.05
1726,0.25940308588392597,0.1276746501817423,2.0629764444687786,2.221973377115586,0.2629920721054077,0.13240031003952027,2.057093620300293,2.2004164457321167,0.05
1727,0.2577131802544874,0.1274176836013794,2.053157988716574,2.1952783149831436,0.26302099227905273,0.133113032579422,2.0537770271301268,2.1874037981033325,0.05
1728,0.2575971650726655,0.12598154036437764,2.055535639033598,2.221205304650699,0.2645560085773468,0.12475883662700653,2.0565781593322754,2.3846277713775637,0.05
1729,0.25906790792942047,0.1275440827012062,2.048150693669039,2.2208463023690617,0.2647035837173462,0.13331981897354125,2.035496377944946,2.2205759286880493,0.05
1730,0.2588253871482961,0.13044880812658982,2.0298992465524113,2.161551664857303,0.26361759305000304,0.13929832726716995,2.0267393350601197,2.081037473678589,0.05
1731,0.26025795585968914,0.12905738941010306,2.0257157367818497,2.2188681083567,0.26237745881080626,0.1279082328081131,2.0206825971603393,2.2852478504180906,0.05
1732,0.2562541777596754,0.1256356624995961,2.02216435881222,2.2079373668221867,0.25901038646698,0.12807951867580414,2.0218180656433105,2.214253568649292,0.05
1733,0.259628770105979,0.12651815396897934,2.0239008805331062,2.2574321662678436,0.2621009886264801,0.12827755361795426,2.0234660148620605,2.2717755794525147,0.05
1734,0.25916065976900216,0.12465613510678797,2.0257289970622345,2.2849446955849144,0.26405176520347595,0.12729071378707885,2.0251445531845094,2.330192136764526,0.05
1735,0.2569626017528422,0.12450889760957044,2.0258388308917774,2.243906294598299,0.2612744688987732,0.12557666301727294,2.024466848373413,2.3090627193450928,0.05
1736,0.257782205062754,0.12275099272237104,2.024614782894359,2.2957013354581943,0.2626738131046295,0.12386553287506104,2.0287250518798827,2.3704205989837646,0.05
1737,0.2596100638894474,0.12208488364430035,2.030295736649457,2.344444429173189,0.2631696581840515,0.1286165401339531,2.040782117843628,2.282905864715576,0.05
1738,0.25887472927570343,0.12213553488254547,2.038028226179235,2.3271781977485206,0.2604308664798737,0.1264563336968422,2.0432369232177736,2.2708433151245115,0.05
1739,0.25750093074405894,0.1258096944759874,2.0351644263548008,2.226791872697718,0.26608221530914306,0.12795708924531937,2.0379685878753664,2.354908752441406,0.05
1740,0.257432734265047,0.12449895415235968,2.0303330561693977,2.252609000486486,0.2601626724004745,0.12804729193449021,2.0353582382202147,2.2352359294891357,0.05
1741,0.25831548256032605,0.1229953415253583,2.034548794522005,2.299493018318625,0.260197377204895,0.1277257651090622,2.051723098754883,2.239087724685669,0.05
1742,0.2579912709839204,0.1251195226522053,2.0525053529178394,2.2469338248757755,0.2654747784137726,0.1310830071568489,2.062554216384888,2.275324487686157,0.05
1743,0.25903671804596395,0.12338180620880689,2.0537330122555004,2.3023515589096966,0.26167213916778564,0.12631465643644332,2.05952935218811,2.2952439069747923,0.05
1744,0.2585626191952649,0.12324161345467848,2.047821521759033,2.2968557722428264,0.26136300563812254,0.12823487371206282,2.0445769309997557,2.253646993637085,0.05
1745,0.2566499815267675,0.12251307990621119,2.033743556808023,2.275989244965946,0.25989113450050355,0.12517823725938798,2.037774586677551,2.286703109741211,0.05
1746,0.25697431231246276,0.12249134831568774,2.032133929869708,2.2832324855467854,0.2620479345321655,0.12489932328462601,2.041840982437134,2.3346039772033693,0.05
1747,0.25837066418984356,0.12136199588284773,2.0345120289746452,2.3332709003897274,0.2664869725704193,0.1302785411477089,2.0393768310546876,2.3162932872772215,0.05
1748,0.2577012926340103,0.12456948091002072,2.0345060264363006,2.255734962575576,0.2622273862361908,0.1303253784775734,2.0448748111724853,2.2290651321411135,0.05
1749,0.2596273658906712,0.12591598139089696,2.040996649686028,2.266028362161973,0.26734483540058135,0.1430499494075775,2.068745517730713,2.0721485137939455,0.05
1750,0.26063687135191527,0.13393600679495754,2.0777529968934902,2.1184666437261246,0.26597868502140043,0.13114935755729676,2.094830799102783,2.2776203632354735,0.05
1751,0.26308773633311777,0.13253380708834706,2.0861798033994785,2.193842621410594,0.2633612722158432,0.1398324579000473,2.087575912475586,2.053061079978943,0.05
1752,0.25862711580360637,0.1281830098699121,2.0785146881552303,2.193179165615755,0.2637623310089111,0.13717045783996581,2.080066776275635,2.1158242225646973,0.05
1753,0.25728249111596274,0.12868973481304505,2.074106454849243,2.1570338501649746,0.26366381645202636,0.13662418425083162,2.077740716934204,2.1252444267272947,0.05
1754,0.2579784007633434,0.13041585464687908,2.072550142512602,2.1367407896939445,0.26267014145851136,0.14320774376392365,2.0765881538391113,1.973930335044861,0.05
1755,0.2630549783215803,0.1347212922923705,2.0724021546980915,2.1521933289135204,0.2658027410507202,0.14372596740722657,2.0707700729370115,2.0273813247680663,0.05
1756,0.2613770523492028,0.13317374140024185,2.0659619359409107,2.1508737942751717,0.2651889264583588,0.14038024544715882,2.0610466480255125,2.083964157104492,0.05
1757,0.2600187247290331,0.1329532348934342,2.054045887554393,2.130500505952274,0.26354889273643495,0.1414841502904892,2.0496349334716797,2.0313679218292235,0.05
1758,0.26018738571335287,0.13215925281538682,2.0472852552638336,2.1511055721956143,0.2615574926137924,0.13955406248569488,2.0429594993591307,2.03147668838501,0.05
1759,0.25992365093792186,0.13200764489524505,2.0388630979201374,2.150547420277315,0.2632881134748459,0.13723673969507216,2.0341946125030517,2.114188480377197,0.05
1760,0.2603170442230561,0.13089637063881931,2.0279735607259415,2.182818756384008,0.26420930624008176,0.13684113919734955,2.023166847229004,2.1427299976348877,0.05
1761,0.25898395391071544,0.12676177875084035,2.02264062797322,2.239915398990407,0.26346893310546876,0.13170087337493896,2.0198799848556517,2.231385111808777,0.05
1762,0.25873783932012673,0.12663797157652237,2.0208888685002044,2.237819559433881,0.2609083831310272,0.13245119005441666,2.0186683893203736,2.1654102325439455,0.05
1763,0.2574156154604519,0.12714828682296417,2.019158594748553,2.2015147980521705,0.2592471957206726,0.13283391296863556,2.0149673938751222,2.1252722263336183,0.05
1764,0.25872986895196576,0.12736938499352513,2.016618286862093,2.223886027055628,0.26215424537658694,0.13569997400045394,2.0186821699142454,2.125349020957947,0.05
1765,0.2609671126393711,0.12507617385948405,2.022987555055057,2.313221244251027,0.26961847543716433,0.1272880807518959,2.0184085845947264,2.442926120758057,0.05
1766,0.2636406106107375,0.12753203204449484,2.0124001923729393,2.3196914546629963,0.26425617933273315,0.1325095608830452,2.0076189756393434,2.233408498764038,0.05
1767,0.2603974973454195,0.1267601365552229,2.0068726890227375,2.2713726688833797,0.262065178155899,0.13233621269464493,2.007144570350647,2.1931503057479858,0.05
1768,0.26004983747706695,0.12441073445712819,2.0060590926338646,2.3115702236399933,0.26193549036979674,0.13124097138643265,2.008508729934692,2.2121886014938354,0.05
1769,0.25911089427330913,0.12448147640508764,2.008839586201836,2.290820402257583,0.2627969115972519,0.13042355179786683,2.0100908279418945,2.245448923110962,0.05
1770,0.2581583471859203,0.12512837700984059,2.0083479741040398,2.2589297995847812,0.26242977380752563,0.12818596065044402,2.007183647155762,2.283439540863037,0.05
1771,0.2603333013899186,0.12253317938131444,2.000645209761227,2.3558733182794906,0.26111741960048673,0.1292177066206932,1.9987265348434449,2.238248920440674,0.05
1772,0.2599611107040854,0.12447105742552701,1.9954650121576645,2.310708059984095,0.26344469785690305,0.12812905460596086,1.999375295639038,2.3064377307891846,0.05
1773,0.2597319790545632,0.12554518352536595,1.9954880055259256,2.2846382155137905,0.26180791258811953,0.12831491976976395,1.9961018323898316,2.270639419555664,0.05
1774,0.2609639939139871,0.12389471513383529,1.9965694441514856,2.3420716804616593,0.2625492811203003,0.13093527257442475,1.9953853368759156,2.233202886581421,0.05
1775,0.2596212818342097,0.1259771629291422,1.9962747167138493,2.273627393385943,0.26179452836513517,0.12341132611036301,1.9989689111709594,2.367870044708252,0.05
1776,0.25930627829888286,0.12342418598778107,1.9991944607566385,2.3178029340856217,0.2708121478557587,0.12092194706201553,1.9906111478805542,2.5996817111968995,0.05
1777,0.2763792030951556,0.11813786099938785,1.9871934792574715,2.767388105392456,0.28696473240852355,0.12633284777402878,1.9911149740219116,2.814414691925049,0.05
1778,0.27590974113520456,0.1184218407553785,1.9881482264574837,2.7521283205817726,0.27806244492530824,0.12176350504159927,1.9950905084609984,2.726960563659668,0.05
1779,0.26857561574262734,0.11550053428201114,1.9889319504008574,2.663715124130249,0.2728410005569458,0.12195859998464584,1.992845392227173,2.6190789699554444,0.05
1780,0.26725773863932667,0.11702165182899027,1.9862435986013973,2.607472966699039,0.26602590680122373,0.1210616648197174,1.9970860004425048,2.499867582321167,0.05
1781,0.2662316850003074,0.11831097392474904,1.9932608113569372,2.559762071160709,0.26868030726909636,0.12180482000112533,2.000478911399841,2.537414073944092,0.05
1782,0.263158430947977,0.11912824169677846,1.9970906972885132,2.4811855905196247,0.2752704322338104,0.1306999757885933,2.0063016176223756,2.4901487827301025,0.05
1783,0.26608925356584434,0.12258508845287211,2.0033337508930877,2.4694164500517,0.27066373229026797,0.12587701231241227,2.006586289405823,2.4944170475006104,0.05
1784,0.2617434946929707,0.12144906117635615,1.9972254318349503,2.4064434977138744,0.2657065033912659,0.1238711953163147,1.9992263317108154,2.4368608951568604,0.05
1785,0.2621041124357897,0.12141037513228024,1.9929959844140446,2.415275552693535,0.26658511757850645,0.1251056671142578,2.0006317377090452,2.4294625759124755,0.05
1786,0.25955213431049795,0.1232718956821105,2.002852341708015,2.3250342397128834,0.2621025025844574,0.12631541043519973,2.011793375015259,2.313383197784424,0.05
1787,0.2606100387432996,0.12507801459116094,2.0067581639570347,2.309288838330437,0.26325910687446596,0.1256399393081665,2.0114620208740233,2.3500907897949217,0.05
1788,0.25902185457594257,0.12479011714458466,2.0052722271750953,2.2835802400813385,0.2642103910446167,0.12400055229663849,2.0092512130737306,2.4023462772369384,0.05
1789,0.2603949247037663,0.12525085140677059,2.005135459058425,2.301854400073781,0.263378781080246,0.130839067697525,2.0107996702194213,2.2486342906951906,0.05
1790,0.2612621617667815,0.1280484883224263,2.0093112622990326,2.262411222738378,0.26152958273887633,0.1329425245523453,2.0129004240036013,2.1691612720489504,0.05
1791,0.2596981060855529,0.12803848832845688,2.0169604736215927,2.229800224304199,0.2654199838638306,0.13370181620121002,2.021656131744385,2.2300320863723755,0.05
1792,0.2609667488757302,0.12954104253474405,2.0253666779574226,2.2234407593222225,0.2646388053894043,0.13824032694101335,2.031227445602417,2.1217241287231445,0.05
1793,0.2604586131432477,0.1291983004878549,2.0293789611143223,2.2193302827722885,0.263004732131958,0.1385345757007599,2.034344434738159,2.0825341939926147,0.05
1794,0.2600613359142752,0.1305103617555955,2.0320679790833416,2.1846058438805973,0.2656959414482117,0.13976212441921235,2.033300828933716,2.1120161533355715,0.05
1795,0.2590545836616965,0.12926468954366796,2.0281444787979126,2.19016889964833,0.26547940671443937,0.1380971074104309,2.0271936655044556,2.1422072410583497,0.05
1796,0.26040903435033913,0.12852907136959188,2.028216600418091,2.231955885887146,0.2661829352378845,0.13953658938407898,2.0343511581420897,2.126056671142578,0.05
1797,0.26118458456852855,0.13256940508590026,2.0317025535246906,2.165963053703308,0.2646300971508026,0.13987635672092438,2.033244562149048,2.0884257793426513,0.05
1798,0.2622056112569921,0.13201748009990244,2.0292038917541504,2.1979218160404876,0.26486324667930605,0.13787075281143188,2.027326822280884,2.13438458442688,0.05
1799,0.26037051397211414,0.12949090933098512,2.024327544605031,2.212726529906778,0.259975004196167,0.1368039667606354,2.015342354774475,2.0603522300720214,0.05
1800,0.2616572108338861,0.1254747378475526,2.013233374146854,2.3210027919096103,0.2657460868358612,0.13071325272321702,2.0198946475982664,2.296677827835083,0.05
1801,0.26149511074318604,0.1287001165397027,2.020500337376314,2.2517998078290153,0.26387556791305544,0.13450084030628204,2.0234411716461183,2.1828062772750854,0.05
1802,0.25936613538685965,0.12876199580290737,2.020477098577163,2.207987329539131,0.26178996860980985,0.1338166505098343,2.0217135429382322,2.155123567581177,0.05
1803,0.2610100858351764,0.12830753405304515,2.020305633544922,2.249989867210388,0.26349484324455263,0.13821807503700256,2.0301576614379884,2.099503827095032,0.05
1804,0.25980997699148517,0.13222216770929449,2.0321981205659756,2.145316579762627,0.26213244795799256,0.14503149688243866,2.0346348762512205,1.9350920915603638,0.05
1805,0.26303279838141275,0.13575202314292684,2.0340426318785725,2.138806847965016,0.2669274568557739,0.14115187227725984,2.031050109863281,2.1093015670776367,0.05
1806,0.26158837360494275,0.13398672684150584,2.0263171125860775,2.146769446485183,0.2623515188694,0.1374999165534973,2.0211658239364625,2.0927989006042482,0.05
1807,0.2622691340306226,0.13250046442536748,2.0255797891055836,2.1902573739781097,0.26308532655239103,0.14131586253643036,2.0331741333007813,2.0287544250488283,0.05
1808,0.2629048245794633,0.1362539687577416,2.033615834572736,2.1262939747642067,0.26341933012008667,0.14180395603179932,2.0317952632904053,2.025948476791382,0.05
1809,0.2593899474424474,0.13069447962676778,2.0286305161083447,2.1681832285488354,0.26484530568122866,0.14189870655536652,2.0251443147659303,2.0539031505584715,0.05
1810,0.26338241380803723,0.1336729232879246,2.0208188505733715,2.1900259606978474,0.2653994619846344,0.14359579980373383,2.0182000398635864,2.032433366775513,0.05
1811,0.25934260031756234,0.12960274561363108,2.017692607991836,2.1912585567025578,0.2611088156700134,0.1386214017868042,2.0159971714019775,2.046548843383789,0.05
1812,0.2585700881831786,0.1303875704898554,2.013109473621144,2.1610284342485317,0.2616605132818222,0.13760420680046082,2.011935806274414,2.078739047050476,0.05
1813,0.2601081588689019,0.1294132295776816,2.017197742181666,2.2104589588501873,0.26125200390815734,0.1375282049179077,2.019481325149536,2.070579671859741,0.05
1814,0.25842740781166973,0.1281165362280958,2.019062000162461,2.202405010952669,0.2631943941116333,0.13447801470756532,2.0190638303756714,2.17051477432251,0.05
1815,0.2588367751416038,0.1290493962519309,2.0198174715042114,2.191784101374009,0.26147151589393614,0.1391530990600586,2.0184123516082764,2.0426859140396116,0.05
1816,0.2577888001413906,0.1292274081531693,2.017558581688825,2.167716145515442,0.2598784029483795,0.13552000671625136,2.016731834411621,2.0838215589523315,0.05
1817,0.2585709068705054,0.12817896420464797,2.0160006705452416,2.204638719558716,0.2614486038684845,0.13830875754356384,2.0179475784301757,2.0592073440551757,0.05
1818,0.2579054394189049,0.13007296753280304,2.0165873765945435,2.15333195994882,0.26129705309867857,0.14012306332588195,2.0167118549346923,2.020137357711792,0.05
1819,0.2570348390761544,0.1286582398940535,2.011359312955071,2.165260118596694,0.2580271899700165,0.13766885697841644,2.006215715408325,2.005923533439636,0.05
1820,0.25706683537539315,0.12626807654605193,2.00472190099604,2.215030782362994,0.2599443972110748,0.13225665539503098,2.003130030632019,2.1531288862228393,0.05
1821,0.25619573277585644,0.1288790168131099,2.00319108542274,2.145696015918956,0.26057854294776917,0.13689261078834533,2.0044017791748048,2.0728384017944337,0.05
1822,0.25873951350941377,0.12719815399716883,2.0026569576824413,2.230295847443973,0.260337895154953,0.1346629947423935,2.004134702682495,2.1126710891723635,0.05
1823,0.25578034800641675,0.12642264979727127,2.0032845735549927,2.1864970641977646,0.2598513811826706,0.13743654787540435,2.0033578872680664,2.0476251363754274,0.05
1824,0.2579084047499825,0.12642453172627618,2.003637636409086,2.2289498623679664,0.2617845177650452,0.13207677453756334,2.0048194885253907,2.1931909561157226,0.05
1825,0.2571553342482623,0.12604335783159032,2.0050719064824722,2.22122524766361,0.26199197173118594,0.1292389824986458,2.0078192234039305,2.2534958124160767,0.05
1826,0.25654827496584726,0.12614581120364807,2.0089034403071686,2.206268591039321,0.2573476254940033,0.12883972227573395,2.0121653079986572,2.1677249908447265,0.05
1827,0.25634218840038075,0.1254312623949612,2.0100979314130893,2.2161989282159245,0.25777278542518617,0.1309557318687439,2.0130991697311402,2.133721208572388,0.05
1828,0.25741029925206127,0.1287645846605301,2.011441903955796,2.1706259040271534,0.2611903429031372,0.13306616246700287,2.0114131927490235,2.1602010250091555,0.05
1829,0.2587122075697955,0.12792916070012486,2.0092921958250156,2.213802505941952,0.25943285822868345,0.12527202367782592,2.0098522186279295,2.281246304512024,0.05
1830,0.2571217470309314,0.12512736811357386,2.0081092469832478,2.238265731755425,0.2598134517669678,0.12714677453041076,2.0091522216796873,2.251503014564514,0.05
1831,0.25789135694503784,0.12801142036914825,2.0064716619603775,2.1963044194614185,0.25791947543621063,0.13155909180641173,2.00389723777771,2.1264282941818236,0.05
1832,0.25705497229800506,0.12483993172645569,2.0027897077448227,2.2437429498223698,0.2574313282966614,0.12638528048992156,2.001801538467407,2.220560646057129,0.05
1833,0.25806548577897687,0.1241369795273332,2.0010852392982033,2.2783531020669376,0.2577578693628311,0.1264800488948822,2.003873515129089,2.224781703948975,0.05
1834,0.2574985369163401,0.12851498100687475,2.0160722662420834,2.176456668797661,0.26225590109825136,0.13124867379665375,2.028112864494324,2.2145219326019285,0.05
1835,0.2571789201568155,0.12767448933685527,2.0295140743255615,2.1841856661964867,0.26157847344875335,0.13661107867956163,2.031338024139404,2.0930803060531615,0.05
1836,0.2567919299883001,0.12971412741086064,2.031171910903033,2.135321715298821,0.265017905831337,0.13358535319566728,2.0334146499633787,2.221968102455139,0.05
1837,0.2561238697346519,0.1264675960821264,2.034834763583015,2.186158432680018,0.2577911585569382,0.12676173746585845,2.0354248523712157,2.2135032653808593,0.05
1838,0.2562567951048122,0.1261082111912615,2.0345423151465023,2.196063181933235,0.26090391278266906,0.13040782660245895,2.0356050968170165,2.202800750732422,0.05
1839,0.25666337679414186,0.1256212180151659,2.017633585368886,2.217316508293152,0.26219057738780976,0.1287016212940216,2.0065589427947996,2.268467330932617,0.05
1840,0.2584492511609021,0.12318648573230295,1.9979908676708447,2.3056570782380947,0.26254846453666686,0.12611209601163864,2.001648473739624,2.328397750854492,0.05
1841,0.2582366291214438,0.1244489791638711,1.9963573427761303,2.276481502196368,0.26092489361763,0.12633625268936158,2.002205657958984,2.291331672668457,0.05
1842,0.25853076226571026,0.122873995672254,1.9975929680992575,2.313616661464467,0.26084462404251096,0.1265432208776474,2.005739426612854,2.284880208969116,0.05
1843,0.25817007177016316,0.12313681183492436,2.000730879166547,2.3005189685260548,0.2616650342941284,0.12432372272014618,2.0103052854537964,2.3447650909423827,0.05
1844,0.25821712525451884,0.12377178362187218,2.0049521572449627,2.2879163587794586,0.2660882294178009,0.12516430467367173,2.0125838994979857,2.4159615993499757,0.05
1845,0.25990862180204954,0.12445071646395851,2.0077850468018474,2.307601164369022,0.2644190192222595,0.12567058205604553,2.018117141723633,2.371345376968384,0.05
1846,0.26196177303791046,0.12100081101936452,2.0143560451619766,2.41634799452389,0.2664490282535553,0.12241511642932892,2.0244479179382324,2.475788450241089,0.05
1847,0.25909098544541526,0.12315157099681742,2.02114743344924,2.3145587935167202,0.2620162546634674,0.12332685887813569,2.02834267616272,2.3681194305419924,0.05
1848,0.25783686690470753,0.12191654873244903,2.018094602753134,2.3147874018725227,0.26111558377742766,0.12469421327114105,2.024493908882141,2.3235285758972166,0.05
1849,0.2570812272674897,0.12319475237060995,2.0150811812456917,2.274713193669039,0.26219611167907714,0.12321752160787583,2.020984721183777,2.3753748893737794,0.05
1850,0.25756799648789797,0.12234085097032435,2.0138970262864055,2.3017633942996754,0.2617658257484436,0.12501773983240128,2.0206964015960693,2.3308224201202394,0.05
1851,0.25668415427207947,0.12098185761886485,2.0183927802478565,2.3103672406252693,0.2598519742488861,0.12453198879957199,2.0263017892837523,2.301139402389526,0.05
1852,0.2567361540654126,0.12214656524798449,2.021071847747354,2.2875772995107315,0.2614170849323273,0.1254498690366745,2.0263118982315063,2.314082145690918,0.05
1853,0.25573336552171144,0.12308996609028648,2.0191634683048023,2.2490352672689102,0.2587730407714844,0.12501227259635925,2.0239004373550413,2.270435118675232,0.05
1854,0.2569506098242367,0.12136468948686824,2.0188898058498608,2.307940398945528,0.26238774061203,0.12081642150878906,2.0276434421539307,2.425897645950317,0.05
1855,0.25715745985507965,0.1212621427634183,2.02142797498142,2.3136206725064445,0.26200214624404905,0.12555563896894456,2.0287374019622804,2.3231826305389403,0.05
1856,0.25858475706156564,0.12222867984982098,2.022191847071928,2.322683109956629,0.26188828945159914,0.12216406315565109,2.029246711730957,2.388635349273682,0.05
1857,0.25861526762737946,0.12346281549509834,2.017126847715939,2.299623699749217,0.26041409373283386,0.12422530800104141,2.0202728509902954,2.3197211265563964,0.05
1858,0.2584565597421983,0.12461093287257587,2.0089735564063576,2.27511770585004,0.2636693239212036,0.12532905489206314,2.0087175369262695,2.365061712265015,0.05
1859,0.2572491055025774,0.12247439430040472,2.0038059388889984,2.2947329773622402,0.26307749152183535,0.12588557600975037,2.008306074142456,2.342177152633667,0.05
1860,0.2567119160119225,0.12350983041174271,2.00522420686834,2.2629968839533188,0.25954060554504393,0.12736681699752808,2.014009618759155,2.240673851966858,0.05
1861,0.25455007658285256,0.12519068402402542,2.010855527485118,2.1850167022031894,0.26292561292648314,0.13733644634485245,2.0156429052352904,2.108654737472534,0.05
1862,0.25605135630158815,0.12810449039234834,2.011812792104833,2.15657481025247,0.25959634184837344,0.1318401038646698,2.019531011581421,2.15121853351593,0.05
1863,0.25734766616540794,0.12575958756839528,2.0114928904701683,2.2294630373225495,0.2650218218564987,0.12984923124313355,2.016657257080078,2.3001203775405883,0.05
1864,0.25872770828359265,0.1275504831882084,2.0093947298386516,2.2216654945822323,0.2608625411987305,0.13708018660545349,2.0143150329589843,2.0727839708328246,0.05
1865,0.2568034740055309,0.12657524513847687,2.0103133355869964,2.2025018720065845,0.2607617676258087,0.13688450157642365,2.013140106201172,2.07491717338562,0.05
1866,0.2550012451760909,0.126257981885882,2.0085501320221844,2.173155202585108,0.257065486907959,0.12752849459648133,2.008845019340515,2.1889708995819093,0.05
1867,0.25614244885304394,0.12796484459848964,2.005939904381247,2.16236412525177,0.2642828285694122,0.13020141422748566,2.007720875740051,2.280084156990051,0.05
1868,0.2625570192056544,0.12975461298928542,2.0209109152064606,2.251865912886227,0.2692429780960083,0.13330088555812836,2.0341609954833983,2.312009596824646,0.05
1869,0.2601415742846096,0.12893378033357508,2.033575654029846,2.217440633212819,0.26153255105018614,0.13416300266981124,2.0357290744781493,2.14024498462677,0.05
1870,0.2574392145170885,0.1283617698970963,2.0306108418632958,2.1754267005359424,0.26058303415775297,0.13022098690271378,2.036897659301758,2.199861431121826,0.05
1871,0.25626907804433036,0.1255304182277006,2.0332110348869774,2.2081309066099277,0.26120770871639254,0.13007165789604186,2.0382623195648195,2.2150684595108032,0.05
1872,0.25768592866028056,0.12488178207593806,2.035993625135983,2.248884116902071,0.2618309587240219,0.12370504587888717,2.0395198345184324,2.3546144008636474,0.05
1873,0.25725716878386107,0.12479499727487564,2.0327247381210327,2.2426983608919033,0.2637533903121948,0.13473066985607146,2.0291585683822633,2.1746227025985716,0.05
1874,0.2554443154264899,0.12736603354706483,2.018953905386083,2.157774806022644,0.2646995812654495,0.1329471543431282,2.0195852756500243,2.2311314582824706,0.05
1875,0.2574085558162016,0.1256524490959504,2.013473125065074,2.232427583021276,0.25913430452346803,0.13460810780525206,2.017099618911743,2.0871039628982544,0.05
1876,0.2564758342855117,0.1263071175883798,2.012274791212643,2.2009192635031307,0.2597041964530945,0.13469454050064086,2.0163278341293336,2.0969275712966917,0.05
1877,0.2583071028485018,0.1264694828320952,2.009494753444896,2.234853407915901,0.2580660194158554,0.12851450741291046,2.013327622413635,2.1883646488189696,0.05
1878,0.2560048883452135,0.1264429526293979,2.0081884650623096,2.189600979580599,0.2614796757698059,0.1273154780268669,2.0134192228317263,2.2806002140045165,0.05
1879,0.2553657416035147,0.12756051210796132,2.010286141844357,2.1540472928215477,0.26185308694839476,0.12929310500621796,2.01577627658844,2.2480443954467773,0.05
1880,0.25749827483121085,0.126547251115827,2.0102280378341675,2.2169748123954323,0.2625950038433075,0.13087895959615709,2.0158846855163572,2.2311438798904417,0.05
1881,0.2573484322604011,0.12519960938131108,2.009693475330577,2.2410377474392162,0.2633932173252106,0.12884432673454285,2.0159457445144655,2.2877886295318604,0.05
1882,0.2575524826260174,0.1264999434351921,2.003644922200371,2.2203218796673942,0.2624623984098434,0.13496032059192659,2.0070600748062133,2.148629665374756,0.05
1883,0.2574188174570308,0.1269545655916719,2.005374964545755,2.208209949381211,0.2588589727878571,0.13813780546188353,2.0119669675827025,2.0120298624038697,0.05
1884,0.2566861019415014,0.1292593812241274,2.0109030288808487,2.1463538758894978,0.2599324226379395,0.1302887350320816,2.015217328071594,2.1898303031921387,0.05
1885,0.25635914504528046,0.12712435380500905,2.0103573588763965,2.1826243610943066,0.26023911833763125,0.13425972759723664,2.0109253406524656,2.1174026012420653,0.05
1886,0.2554505151860854,0.12457547687432345,2.0074009194093594,2.216020570081823,0.2634828269481659,0.12451476007699966,2.009723496437073,2.377416658401489,0.05
1887,0.25558480970999775,0.12493058688500348,2.0078888430314907,2.211506759419161,0.25826290249824524,0.1300628364086151,2.010320043563843,2.1619373083114626,0.05
1888,0.2564649126108955,0.12658225482001023,2.0141247090171364,2.1948281596688664,0.2607344686985016,0.12935061156749725,2.021705150604248,2.223336172103882,0.05
1889,0.2558939798789866,0.12518960018368328,2.0207559150808,2.2099363803863525,0.2596087872982025,0.12614467293024062,2.0238086700439455,2.264520502090454,0.05
1890,0.2565610715571572,0.12415055010248632,2.0186938257778393,2.244471641147838,0.2608083844184875,0.13076784908771516,2.019079804420471,2.196994686126709,0.05
1891,0.25645648118327646,0.12493435074301328,2.016032478388618,2.227236137670629,0.2606857717037201,0.1263093411922455,2.0180897235870363,2.2839107513427734,0.05
1892,0.26139696205363555,0.12945931667790694,2.0165081795524147,2.2354511934168197,0.2675832748413086,0.13669710010290145,2.025071883201599,2.212709164619446,0.05
1893,0.2586965262889862,0.12509487744639902,2.0239556747324325,2.26724173040951,0.26046852469444276,0.12567080855369567,2.024667167663574,2.2910208702087402,0.05
1894,0.2557973300709444,0.12501226847662644,2.0191771773731007,2.2118657336515537,0.2606611728668213,0.12582058012485503,2.0195993423461913,2.2928919315338137,0.05
1895,0.2564448126975228,0.12411361801273682,2.0142700602026546,2.24376984203563,0.26219800114631653,0.12460807263851166,2.016035294532776,2.3485915660858154,0.05
1896,0.2565887929762111,0.12325042924460243,2.011841619715971,2.2643989745308373,0.2569174438714981,0.12594105452299117,2.0136168956756593,2.2168044567108156,0.05
1897,0.2568913663134855,0.1261514359537293,2.0079493312274708,2.2132087174583885,0.2610260248184204,0.13493826240301132,2.0031097412109373,2.1211333751678465,0.05
1898,0.25657042247407574,0.12635957274366827,1.9962934606215532,2.204958263565512,0.26002960801124575,0.12708914428949356,1.9962300062179565,2.259563136100769,0.05
1899,0.25611164114054513,0.12786343956694884,1.9950591325759888,2.165952170596403,0.26323596239089964,0.13499747216701508,1.9982347726821899,2.1651228427886964,0.05
1900,0.25941410310128155,0.1336752224494429,2.0024136585347794,2.11429482347825,0.2695308357477188,0.14127472341060637,1.9994384527206421,2.1652345657348633,0.05
1901,0.25820328382884755,0.1297064787324737,1.9976016914143282,2.170415717012742,0.2616287350654602,0.13568627536296846,1.9929333209991456,2.1202625036239624,0.05
1902,0.2564050318563686,0.12846631381441564,1.9926722189959358,2.1602398788227752,0.25901499688625335,0.1305031418800354,1.9897857189178467,2.172279977798462,0.05
1903,0.25774336211821613,0.12793306217474096,1.9901877641677856,2.1981684740851906,0.2582189977169037,0.12665703147649765,1.9923126697540283,2.2327768087387083,0.05
1904,0.25836706073845134,0.1259435336379444,1.9919934062396778,2.2500718481400432,0.2629846572875977,0.1294756591320038,1.9917817115783691,2.271823692321777,0.05
1905,0.25714602014597726,0.12566621426273794,1.989987296216628,2.2315987208310295,0.26378507614135743,0.12892278283834457,1.9888965845108033,2.2994666576385496,0.05
1906,0.2564998058711781,0.125537790796336,1.9888488264644848,2.221470468184527,0.2598431259393692,0.12691669464111327,1.9945888757705688,2.2596107482910157,0.05
1907,0.2560723397661658,0.12496976992663215,1.9957128061967737,2.222908784361447,0.25880174040794374,0.12659969329833984,2.002574992179871,2.243526077270508,0.05
1908,0.26774868982679706,0.14271971583366394,2.0312739470425774,2.094324630849502,0.2840123474597931,0.17126291394233703,2.08132061958313,1.838724684715271,0.05
1909,0.2721773648963255,0.14443668942241109,2.091015198651482,2.1366103957681095,0.26913798451423643,0.13943457007408142,2.100699710845947,2.1739281177520753,0.05
1910,0.2669107966563281,0.13815252526718028,2.096730681026683,2.15581933891072,0.2670433044433594,0.13808748722076417,2.097756862640381,2.159564971923828,0.05
1911,0.27208952079800997,0.14105424109627218,2.0879101753234863,2.2031235063777252,0.279021817445755,0.15259406566619874,2.0874272346496583,2.1110695600509644,0.05
1912,0.27036774947362785,0.14029157117885702,2.0871729570276596,2.1840889313641716,0.2723978281021118,0.15161057710647582,2.0888463973999025,1.997975754737854,0.05
1913,0.26500816906199737,0.1409472099998418,2.084751718184527,2.0642687853644874,0.2646831274032593,0.14387342035770417,2.0769773006439207,2.000798749923706,0.05
1914,0.26413673250114217,0.1372827418586787,2.070694551748388,2.122940883916967,0.264337158203125,0.14381458461284638,2.068319845199585,1.9967874526977538,0.05
1915,0.26330696747583504,0.13856318154755762,2.0673517199123608,2.08140535214368,0.2699777543544769,0.15250225961208344,2.0694820880889893,1.9356135606765748,0.05
1916,0.26906368925290947,0.1456242010873907,2.079181811388801,2.0529533554525936,0.26829621493816375,0.1527031421661377,2.0806337356567384,1.8957346439361573,0.05
1917,0.2677807842983919,0.14710677721921137,2.0825677899753345,1.99696665651658,0.26638773679733274,0.14529015719890595,2.075756072998047,2.00680034160614,0.05
1918,0.2675921741653891,0.14213009529254017,2.0770826620214127,2.0938249826431274,0.26741465330123904,0.1510330319404602,2.081531524658203,1.9113260984420777,0.05
1919,0.26740549855372486,0.1458598725935992,2.0915794793297264,2.012596712392919,0.27188982963562014,0.15444372296333314,2.0911840438842773,1.9306852579116822,0.05
1920,0.267861247939222,0.14490652741754756,2.0956148259779988,2.0399713656481575,0.2702415108680725,0.15226921439170837,2.1008368492126466,1.9392785549163818,0.05
1921,0.2698334665859447,0.14916002092992559,2.1127233505249023,1.9909241409862743,0.2746438145637512,0.15527647137641906,2.1175354957580566,1.9638398170471192,0.05
1922,0.2717154052327661,0.14905227019506342,2.1306718097013584,2.0271283598507153,0.2738234579563141,0.15929128229618073,2.133311939239502,1.8639811515808105,0.05
1923,0.27682779115789075,0.15843139676486745,2.158886053982903,1.9361506981008194,0.28075196743011477,0.15707662105560302,2.1647358894348145,2.0405597925186156,0.05
1924,0.2781849608701818,0.15906342250459335,2.1614315650042366,1.9501444311702953,0.27485177516937254,0.15700244009494782,2.1538870334625244,1.9262093305587769,0.05
1925,0.275252070497064,0.15517708834479838,2.150075042949003,1.9714846400653614,0.27942107915878295,0.16218831539154052,2.134507417678833,1.9177538633346558,0.05
1926,0.2741610214990728,0.1545163655982298,2.128403327044319,1.9672124806572409,0.2697549521923065,0.15304876863956451,2.117706060409546,1.9105823755264282,0.05
1927,0.27230193772736716,0.14995253612013423,2.1180686950683594,2.0233742629780487,0.27110480070114135,0.15492487847805023,2.116064739227295,1.9003854513168335,0.05
1928,0.2688292983700247,0.14936499823542201,2.1178057334002327,1.9657248609206255,0.2685286819934845,0.15016723275184632,2.111133670806885,1.9450022459030152,0.05
1929,0.26656948468264413,0.1440855645958115,2.1044646852156697,2.0287853830000935,0.2666777968406677,0.1404084175825119,2.0931816577911375,2.106751275062561,0.05
1930,0.265295395079781,0.14194241253768697,2.0924121772541717,2.048577168408562,0.2661810278892517,0.1479313611984253,2.0927709102630616,1.9464390754699707,0.05
1931,0.26171909185016856,0.13885692638509414,2.0961030090556427,2.0380226864534268,0.2634904682636261,0.14755205810070038,2.0938403606414795,1.900000023841858,0.05
1932,0.26269211137996,0.1394638826741892,2.1006645735572365,2.044431588229011,0.2655209362506866,0.14616066813468934,2.096176195144653,1.9679699420928956,0.05
1933,0.2630271271747701,0.14053083912414663,2.097308467416202,2.0304640812032364,0.2660998821258545,0.14534963369369508,2.086145114898682,1.9977760553359984,0.05
1934,0.26112593885730295,0.1373761410222334,2.0797919876435222,2.0590376082588646,0.2618759572505951,0.14387434273958205,2.073599910736084,1.9453121423721313,0.05
1935,0.2622794123256908,0.139023417059113,2.074501696754904,2.050219549852259,0.26381341814994813,0.14067010283470155,2.0685940742492677,2.049147343635559,0.05
1936,0.26123422208954306,0.1357331280322636,2.068174530478085,2.0963869725956634,0.2624970078468323,0.1386897921562195,2.0622854232788086,2.063687300682068,0.05
1937,0.2600003638688256,0.13556977887363994,2.0626482402577118,2.0760820332695458,0.2613341391086578,0.14211734831333162,2.0586673736572267,1.9726023912429809,0.05
1938,0.26042437115136313,0.1351202963029637,2.059928760809057,2.0940957840751198,0.26407885551452637,0.14655376374721527,2.0631216049194334,1.9378774642944336,0.05
1939,0.26183273073504953,0.13941264897584915,2.0730305068633137,2.033795525045956,0.2641488790512085,0.14333899319171906,2.0784019470214843,2.000517249107361,0.05
1940,0.26178700696019563,0.13931246408644846,2.077314446954166,2.034027948099024,0.2628097891807556,0.14222983717918397,2.0777804374694826,1.9960429191589355,0.05
1941,0.2607898589442758,0.13824566366041408,2.0792710921343636,2.035029747906853,0.26627219319343565,0.15007507503032685,2.077952337265015,1.908351993560791,0.05
1942,0.2600128370172837,0.13760617813643286,2.0746561639449177,2.033201946931727,0.2610239088535309,0.14232190549373627,2.0723498821258546,1.9595700740814208,0.05
1943,0.2618417739868164,0.13754932713859222,2.0670702737920426,2.0724347759695614,0.26424151062965395,0.14723797738552094,2.061156702041626,1.9278392314910888,0.05
1944,0.26010145159328685,0.1374518021064646,2.0555802934310017,2.041876940166249,0.26238977909088135,0.1465381383895874,2.0546956062316895,1.9060937643051148,0.05
1945,0.2603416828548207,0.1410477836342419,2.0543259732863484,1.9750127722235287,0.2643201231956482,0.14569615125656127,2.0579129219055177,1.9608968019485473,0.05
1946,0.26148521461907553,0.14013365568483577,2.0564238323884854,2.0157464392044964,0.2662220895290375,0.14930326938629152,2.060613989830017,1.9262535333633424,0.05
1947,0.2617788463830948,0.14200137993868658,2.0648544045055615,1.9825784318587358,0.2689704030752182,0.15197478830814362,2.087658405303955,1.9223805665969849,0.05
1948,0.26553140230038585,0.14654079780859106,2.096647150376264,1.960482681498808,0.2650492310523987,0.14968891739845275,2.1061906814575195,1.8859681367874146,0.05
1949,0.2651105601997936,0.14301431135219686,2.101238923914292,2.021677241605871,0.2640106439590454,0.1393953323364258,2.0974627494812013,2.07281379699707,0.05
1950,0.26336607161690206,0.13885102552526138,2.0885040760040283,2.072600203401902,0.2645632207393646,0.14578555822372435,2.0849911689758303,1.9585550546646118,0.05
1951,0.26094187883769765,0.13797112072215362,2.0888824462890625,2.0416386618333706,0.2634122222661972,0.14435438811779022,2.090903949737549,1.9629759073257447,0.05
1952,0.26100488094722524,0.13800353556871414,2.0824936277726116,2.043528164134306,0.26324506402015685,0.1441311866044998,2.069995641708374,1.9682785272598267,0.05
1953,0.2628066942972295,0.13940484471180858,2.0663857880760643,2.054759853026446,0.2716244637966156,0.14271678328514098,2.0610190868377685,2.165949749946594,0.05
1954,0.2634144425392151,0.13899757406290839,2.0569309066323673,2.0769510549657486,0.2661594390869141,0.13640109151601792,2.05060555934906,2.185045909881592,0.05
1955,0.26309874741470113,0.1388708694892771,2.046294429722954,2.075298645917107,0.26895177364349365,0.13803804516792298,2.039676642417908,2.2103391885757446,0.05
1956,0.25932060269748464,0.13369080511962667,2.039440021795385,2.1047079773510204,0.2628455996513367,0.1430908501148224,2.0383262395858766,1.9874297380447388,0.05
1957,0.25924305267193737,0.13647564456743352,2.0413747394786164,2.0470731048023,0.2605772078037262,0.14124922156333924,2.040254545211792,1.978508758544922,0.05
1958,0.25831322547267466,0.13466017868588953,2.041954180773567,2.0646700788946712,0.2653237283229828,0.1398789882659912,2.0410920143127442,2.100676345825195,0.05
1959,0.2592233603491503,0.1345618064789211,2.049958481508143,2.0832392678541294,0.26372347176074984,0.14372733235359192,2.052039051055908,1.9895150423049928,0.05
1960,0.2580621444127139,0.13395441542653477,2.0544150436625763,2.071271496660569,0.2650095224380493,0.14261986911296845,2.052304744720459,2.0373321056365965,0.05
1961,0.2583574678967981,0.132837254773168,2.0537108182907104,2.0996619813582478,0.26162306070327757,0.13647620379924774,2.049111032485962,2.0931147813796995,0.05
1962,0.2586127239115098,0.13270848726525025,2.050912057652193,2.1079022393507114,0.2613783717155457,0.13718917965888977,2.0481072902679442,2.074162483215332,0.05
1963,0.25777890051112456,0.13349522474934072,2.0515378923977123,2.0753659080056583,0.258212012052536,0.1385650545358658,2.0506337165832518,1.9828124046325684,0.05
1964,0.2572156909634085,0.13295919930233674,2.0528582404641544,2.0745582089704624,0.2605931967496872,0.13633303642272948,2.0512771606445312,2.0749478101730348,0.05
1965,0.25625495787929087,0.13137244082549038,2.053148402887232,2.0870206426171696,0.26279141306877135,0.13988861739635466,2.050457763671875,2.0479641199111938,0.05
1966,0.26125961629783406,0.1366320532910964,2.0522102187661564,2.082109170801499,0.2661926507949829,0.14824735820293428,2.0525325298309327,1.948399257659912,0.05
1967,0.25793076262754555,0.132425898576484,2.0537569102118995,2.0993458733839145,0.26145794689655305,0.1383437529206276,2.051623010635376,2.051959204673767,0.05
1968,0.257473893901881,0.1331021018764552,2.060976827845854,2.075240359586828,0.2693917155265808,0.13926518559455872,2.074410915374756,2.1876482486724855,0.05
1969,0.25792232594069314,0.1340086249744191,2.083925527684829,2.0614889229045197,0.26031857132911684,0.13999201059341432,2.0844693183898926,1.9896373510360719,0.05
1970,0.25809502426315756,0.13332492595209794,2.083546147626989,2.0786927587845745,0.266406974196434,0.13818933218717575,2.077346181869507,2.1488835334777834,0.05
1971,0.2574736230513629,0.1315461813526995,2.0785296524272248,2.102842863868265,0.26030548214912413,0.13756951242685317,2.0727768898010255,2.0401639699935914,0.05
1972,0.2580822776345646,0.13089022653944352,2.072903689216165,2.1292602595160988,0.2614101946353912,0.14064538329839707,2.0672659397125246,2.001842904090881,0.05
1973,0.25719837406102347,0.1321974217015154,2.0700628336738136,2.0860065362032723,0.25735972821712494,0.1357382908463478,2.066568946838379,2.019114875793457,0.05
1974,0.2569517274113262,0.13176392807680018,2.068893825306612,2.089977306478164,0.2606096684932709,0.14218451082706451,2.064846658706665,1.9555337190628053,0.05
1975,0.25591374407796297,0.13160204054678187,2.06808840527254,2.0726163457421696,0.25843061208724977,0.13564940094947814,2.0643741130828857,2.0427493333816527,0.05
1976,0.25486618893987995,0.12956096407245188,2.066602075801176,2.0927840681637035,0.25962483286857607,0.13884773701429368,2.0632837295532225,2.002885103225708,0.05
1977,0.2561299730749691,0.13007458912975647,2.0653291870565975,2.108041854465709,0.26062209010124204,0.13667652755975723,2.0630977630615233,2.066291666030884,0.05
1978,0.25733505014111013,0.1314684205195483,2.0650948075687183,2.1043135418611416,0.26047590374946594,0.13552818894386293,2.0621897697448732,2.0865164518356325,0.05
1979,0.2553299113231547,0.13123013298301137,2.0666224115035114,2.0686709810705746,0.25800532698631284,0.13813287615776063,2.0656620979309084,1.9843164682388306,0.05
1980,0.25589511762647066,0.1315856497077381,2.070811383864459,2.0720270311131195,0.2603075563907623,0.14165683686733246,2.0690659523010253,1.9592012882232666,0.05
1981,0.25722526364466725,0.13021904010983074,2.073672098271987,2.1253900598077213,0.26112995147705076,0.13827599436044694,2.070335578918457,2.043012022972107,0.05
1982,0.2569306019474478,0.13171976585598552,2.07257360570571,2.089701961068546,0.2605440020561218,0.13638237714767457,2.0690346240997313,2.069425654411316,0.05
1983,0.2569989001049715,0.1301870468784781,2.068966465837815,2.122443739105673,0.2607534468173981,0.14028238505125046,2.0632254600524904,1.9967759609222413,0.05
1984,0.2549034637563369,0.13099512282539816,2.0640451066634236,2.0653577341752896,0.2602692723274231,0.13726937770843506,2.056889533996582,2.04862003326416,0.05
1985,0.25740808686789346,0.13061506651780186,2.0586053764118866,2.124139336978688,0.26163961589336393,0.13854136168956757,2.050622081756592,2.0518405437469482,0.05
1986,0.2571701530148001,0.13139115186298594,2.049308384166044,2.105718325166141,0.25949135422706604,0.13345660120248795,2.0446231842041014,2.1117702960968017,0.05
1987,0.2564284722594654,0.13117091050919363,2.0478667231167065,2.095577920184416,0.25741854310035706,0.1343516781926155,2.0441857814788817,2.052500081062317,0.05
1988,0.25606849439003887,0.1293998632360907,2.047022917691399,2.123968005180359,0.260163688659668,0.13418545573949814,2.045809841156006,2.1104026794433595,0.05
1989,0.25580842792987823,0.1310645959833089,2.0469485310947193,2.085486881873187,0.2578480958938599,0.13582520186901093,2.0453064918518065,2.0313966989517214,0.05
1990,0.25944098304299745,0.12700440778451808,2.047581665656146,2.2392151285620296,0.28017536401748655,0.13229385614395142,2.053348350524902,2.5469604969024657,0.05
1991,0.27999983990893645,0.12771322271403143,2.0628382879145004,2.6331647564383114,0.28392563462257386,0.1346532553434372,2.0743600368499755,2.570575475692749,0.05
1992,0.2727152301984675,0.12745793777353623,2.0815169250263885,2.4888424172120938,0.27348422408103945,0.13126890808343888,2.0943142414093017,2.425443506240845,0.05
1993,0.26396747021114125,0.12668868198114283,2.08918955746819,2.3277378152398502,0.26919150948524473,0.13294506072998047,2.0932222843170165,2.3062843799591066,0.05
1994,0.2624148033997592,0.1269838998422903,2.0868028472451603,2.291257444550009,0.2668537676334381,0.1325452983379364,2.0927043914794923,2.2676282644271852,0.05
1995,0.2611445311237784,0.1286417653455454,2.0858346153708065,2.2328883619869457,0.2650641143321991,0.13497642129659654,2.0912349224090576,2.183506989479065,0.05
1996,0.25952890690635233,0.130035680883071,2.0878116663764503,2.172302204019883,0.26469287276268005,0.13817838281393052,2.092615747451782,2.1117666721343995,0.05
1997,0.2592415485311957,0.13011571326676538,2.089778619654038,2.164560977150412,0.26594358682632446,0.13773418366909027,2.0948566436767577,2.1452168226242065,0.05
1998,0.25836578186820536,0.1296580648597549,2.090289873235366,2.156096332213458,0.26272413432598113,0.13528793752193452,2.0983974933624268,2.1290442943573,0.05
1999,0.2585901863434735,0.129550361457993,2.092981254353243,2.1622002475401936,0.259939581155777,0.13474492281675338,2.098193120956421,2.0842544794082642,0.05
2000,0.2589188542436151,0.1311827319509843,2.090997583725873,2.1365229171865128,0.2607134997844696,0.135966956615448,2.0950153350830076,2.0759278297424317,0.05
