epoch,train_loss,train_recon,train_kl,train_phys,val_loss,val_recon,val_kl,val_phys,phys_weight
1,0.5656601516973405,0.5651952744949431,0.04648714574674765,0.0,0.5259524908932772,0.5255398750305176,0.041261991993947464,0.0,0.0
2,0.5143183022737503,0.5138307951745533,0.048750982309381165,0.0,0.49363549189134076,0.49301461198113183,0.06208831004121087,0.0,0.0
3,0.48822268275987535,0.4873537988889785,0.08688825918805032,0.0,0.4745471640066667,0.4732928086410869,0.12543511187488382,0.0,0.0
4,0.4508959750334422,0.44888693732874735,0.20090389251708984,0.0,0.41709433089603076,0.4138879179954529,0.3206409134648063,0.0,0.0
5,0.38145381212234497,0.3764168307894752,0.5036982056640443,0.0,0.3457582809708335,0.3383129022338174,0.7445378628644076,0.0,0.0
6,0.323424186025347,0.3139970125187011,0.9427172428085691,0.0,0.29501836137338117,0.2831915427337993,1.1826820915395564,0.0,0.0
7,0.27759316599085215,0.2641090225605738,1.3484144125665938,0.0,0.26443291116844525,0.24874756146561017,1.5685349919579246,0.0,0.0
8,0.24110169531334014,0.22368877984228588,1.741291738691784,0.0,0.22395773367448288,0.2042959061535922,1.9661825895309448,0.0,0.0
9,0.1951282127272515,0.17402090309631257,2.1107309318724132,0.0,0.18517229502851312,0.16211792149327017,2.305437434803356,0.0,0.0
10,0.16930654574008214,0.1456670548234667,2.36394902354195,0.0,0.1667547117580067,0.14224094084718011,2.4513771533966064,0.0,0.0
11,0.15427636993782862,0.1296505784349782,2.462579301425389,0.0,0.15438181839206003,0.12956199727275156,2.4819821661168877,0.0,0.0
12,0.14597049976388612,0.12117702141404152,2.479347819373721,0.0,0.14483675767074933,0.11971796981313011,2.5118788589130747,0.0,0.0
13,0.13744304169501578,0.11245194804810342,2.4991094384874617,0.0,0.13528525016524576,0.11005189608443867,2.5233356302434746,0.0,0.0
14,0.12582470175056232,0.10081684216856956,2.500786020642235,0.0,0.11963834545829079,0.09442055699500171,2.521778865294023,0.0,0.0
15,0.10985623335554487,0.08463500990044504,2.5221223887943087,0.0,0.10041461952707985,0.07469102977351709,2.572359020059759,0.0,0.0
16,0.08854514644259498,0.06254927060079007,2.599587639172872,0.0,0.07636683501980522,0.049856416542421685,2.651041876186024,0.0,0.0
17,0.06902658274131161,0.04245074590047201,2.657583707854861,0.0,0.061772428791631355,0.03480504927310077,2.6967380046844482,0.0,0.0
18,0.05777713603207043,0.03095587311933438,2.682126317705427,0.0,0.05382813039151105,0.026846183971925217,2.6981947855515913,0.0,0.0
19,0.050878233852840606,0.024257493604506766,2.66207408337366,0.0,0.04810121316801418,0.02161059579388662,2.6490617231889204,0.0,0.0
20,0.04601704595344407,0.020008398153420006,2.600864824794588,0.0,0.04426050931215286,0.018450527790595184,2.5809982039711694,0.0,0.0
21,0.04284177924550715,0.017393389251083136,2.544839092663356,0.0,0.04179221459410407,0.016566810198128223,2.5225405476310034,0.0,0.0
22,0.040282094141557104,0.015381094866565295,2.490099992070879,0.0,0.040141510692509735,0.015385371632874012,2.4756139625202525,0.0,0.0
23,0.03857384755143097,0.014189058183027166,2.438479014805385,0.0,0.038271747190843926,0.014087246476926586,2.4184501604600386,0.0,0.0
24,0.03776295536330768,0.013737825743321861,2.402513004484631,0.0,0.037714258852330124,0.013860254040495916,2.385400555350564,0.0,0.0
25,0.03672813499967257,0.0129841606443127,2.374397487867446,0.0,0.03685376827012409,0.013191939500922506,2.36618295582858,0.0,0.0
26,0.0354462702359472,0.011981723430965627,2.3464547395706177,0.0,0.03556757928295569,0.012124395421282812,2.344318454915827,0.0,0.0
27,0.03501302704569839,0.01183325695317416,2.3179770821616765,0.0,0.034769809381528335,0.011738394302400675,2.303141572258689,0.0,0.0
28,0.03456356722329344,0.011570985384640239,2.2992582548232305,0.0,0.034831507300788704,0.011900029145181179,2.2931478673761543,0.0,0.0
29,0.03407105235826401,0.011244938132308778,2.282611512002491,0.0,0.03350827724418857,0.010686975565146316,2.2821302630684595,0.0,0.0
30,0.03331966436512414,0.010643819125280493,2.2675845679782687,0.0,0.03360171683809974,0.01095763382247903,2.2644083499908447,0.0,0.0
31,0.03302570760604881,0.010496615276982387,2.2529092686516896,0.0,0.032738112421198326,0.010261582125994291,2.2476530725305732,0.0,0.0
32,0.03239925272230591,0.009975593204477004,2.2423660301026844,0.0,0.03233148089864037,0.009974289600822058,2.2357192039489746,0.0,0.0
33,0.03224908737909226,0.009993659066302436,2.2255428291502453,0.0,0.0321964853527871,0.010012684220617468,2.21838023445823,0.0,0.0
34,0.032127520734710355,0.009936732195672534,2.2190789041065035,0.0,0.03263128514994274,0.010420047762719068,2.2211237820712,0.0,0.0
35,0.03138420016815265,0.009263938924829875,2.2120261816751388,0.0,0.03170878778804432,0.009727951477874409,2.198083660819314,0.0,0.0
36,0.03124911737229143,0.009269096522725053,2.198002122697376,0.0,0.031248184767636387,0.009289975447410887,2.195821003480391,0.0,0.0
37,0.031154313745598,0.009277849635552792,2.187646445773897,0.0,0.03147122551771728,0.0096175527962094,2.185367302461104,0.0,0.0
38,0.03095884088959013,0.009092436404898763,2.186640489669073,0.0,0.031316129829395904,0.00953220749612559,2.1783922802318227,0.0,0.0
39,0.030714931276937325,0.008957270555020798,2.1757660933903287,0.0,0.03062750178981911,0.00889756911518899,2.172993313182484,0.0,0.0
40,0.03051107137330941,0.008751287036353634,2.175978490284511,0.0,0.03062379580329765,0.008906724947420034,2.171707131645896,0.0,0.0
41,0.03040142512569825,0.00874941686301359,2.1652008635657176,0.0,0.030561515045436947,0.00895895499905402,2.1602560606869785,0.0,0.0
42,0.03023111775872253,0.008654625598518621,2.1576492616108487,0.0,0.030041156844659286,0.008524010973897848,2.151714650067416,0.0,0.0
43,0.03002868623783191,0.008494919487496927,2.1533767325537547,0.0,0.030117971822619438,0.008635371034456924,2.148260138251565,0.0,0.0
44,0.02999654957758529,0.008453458481069123,2.1543091535568237,0.0,0.02993897907435894,0.008432654875584623,2.150632468136874,0.0,0.0
45,0.029808076364653453,0.008293466121401815,2.1514610733304704,0.0,0.029553033580834217,0.008076979059048674,2.147605527531017,0.0,0.0
46,0.02954639716162568,0.008114364452748782,2.143203298250834,0.0,0.029493745247071438,0.008116180500523611,2.1377565427259966,0.0,0.0
47,0.029591408203400317,0.008179554715752602,2.1411853971935453,0.0,0.02955871837382967,0.008157170547003096,2.140154795213179,0.0,0.0
48,0.029581867734945956,0.008163526221843702,2.1418342192967734,0.0,0.029411387206478554,0.007987854621288452,2.1423532962799072,0.0,0.0
49,0.02937128022313118,0.007937346474223193,2.143393459774199,0.0,0.029827976091341538,0.008488514333624731,2.1339462236924605,0.0,0.0
50,0.0294392958194727,0.008051451971931826,2.1387844369525,0.0,0.02963117645545439,0.008179635275155306,2.145154129375111,0.0,0.0
51,0.029064108307162922,0.007643572653510741,2.1420536154792424,0.0,0.02958023175597191,0.008231543004512787,2.1348689035935835,0.0,0.0
52,0.02924944172125487,0.00789095607719251,2.135848595982506,0.0,0.02943403646349907,0.008085002911023119,2.1349033659154717,0.0,0.0
53,0.028979088357161908,0.007649917144417053,2.1329171600795926,0.0,0.02889540334316817,0.007695424328134818,2.1199979565360327,0.0,0.0
54,0.02893763980162995,0.007772775555384301,2.116486498287746,0.0,0.0287100247700106,0.007565179966728796,2.1144845485687256,0.0,0.0
55,0.029078939131328037,0.007796570481289001,2.1282369068690707,0.0,0.028894518248059532,0.0076115187257528305,2.1282999949021773,0.0,0.0
56,0.02882554005121901,0.007537282282663952,2.1288258177893504,0.0,0.029109198600053787,0.007847378157417883,2.126182057640769,0.0,0.0
57,0.02879889810546523,0.0075121432698021335,2.1286755346116566,0.0,0.028760661794380707,0.007480948232114315,2.1279714107513428,0.0,0.0
58,0.028582862400937648,0.007290386439611514,2.1292476256688437,0.0,0.02850044925104488,0.007313123015178876,2.1187326691367407,0.0,0.0
59,0.028522241594535962,0.007334639307200199,2.118760267893473,0.0,0.028271465477618305,0.007178410252725536,2.1093055551702324,0.0,0.0
60,0.028625065904288066,0.007512968399428895,2.1112097955885387,0.0,0.028562464835968884,0.007431806742467664,2.1130658929998223,0.0,0.0
61,0.028427036390418096,0.007260526685665051,2.116651012783959,0.0,0.028525511649521915,0.007428132293915207,2.1097379597750576,0.0,0.0
62,0.028314463040303616,0.007244667614854518,2.1069795971825007,0.0,0.02834421277723529,0.007327684116634456,2.101652903990312,0.0,0.0
63,0.0284557801981767,0.007394585093217236,2.1061195589247204,0.0,0.028253003277561882,0.007125078954479911,2.1127924702384253,0.0,0.0
64,0.028155154193795863,0.007011765835895425,2.1143388861701604,0.0,0.028425403785976498,0.007352485321462154,2.1072918718511406,0.0,0.0
65,0.028254142341514427,0.007238019534963227,2.1016123238063993,0.0,0.028432152318683537,0.007438429588959975,2.099372321909124,0.0,0.0
66,0.028265536496681825,0.007223617728976976,2.1041918936229886,0.0,0.027994970537044785,0.006891252430663867,2.11037184975364,0.0,0.0
67,0.028241474757946673,0.007059374846340645,2.1182100148428056,0.0,0.027906667610461063,0.006743653127076951,2.116301493211226,0.0,0.0
68,0.028081854716652914,0.007031795457892474,2.105005979537964,0.0,0.028048184954307297,0.007043382872573354,2.100480231371793,0.0,0.0
69,0.028256066232210116,0.007221975807277929,2.103409074601673,0.0,0.028055791489102623,0.0070524492978372355,2.1003342758525503,0.0,0.0
70,0.02811515943280288,0.007067288815354307,2.1047870999290827,0.0,0.027774302796884018,0.006656385958194733,2.111791719089855,0.0,0.0
71,0.02785610199152004,0.006849273207730481,2.100682917095366,0.0,0.0282098457894542,0.007366504223847931,2.084334221753207,0.0,0.0
72,0.02809443905772198,0.0072029047268664555,2.0891534828004383,0.0,0.027969940480860798,0.007052082356742837,2.091785864396529,0.0,0.0
73,0.02803034832080205,0.00700816780417448,2.1022180886495683,0.0,0.027724303982474587,0.006756381131708622,2.0967923294414175,0.0,0.0
74,0.027858462229016282,0.006888082151168159,2.097038064684187,0.0,0.02797111343931068,0.007038317832418464,2.0932796001434326,0.0,0.0
75,0.02788394352509862,0.006952602682369096,2.0931341364270164,0.0,0.027775202454491096,0.006803221915933219,2.0971981178630483,0.0,0.0
76,0.027765786009175435,0.006784866541801464,2.098091971306574,0.0,0.027952532876621593,0.007039627483622594,2.0912905606356533,0.0,0.0
77,0.027754958940758592,0.006880568174113121,2.0874391056242443,0.0,0.027837976135990837,0.006939234931699254,2.0898741592060435,0.0,0.0
78,0.027749037990967434,0.006768789585857164,2.098024879183088,0.0,0.028232039206407288,0.007288065400313248,2.0943974148143423,0.0,0.0
79,0.028023957097459407,0.007076261243561194,2.094769614083426,0.0,0.027829499915242195,0.006856235717846589,2.09732647375627,0.0,0.0
80,0.027751708181486243,0.006783920306978481,2.096778841245742,0.0,0.02785638685930859,0.006971324116668918,2.0885063084689053,0.0,0.0
81,0.027749240974940005,0.006865906163251826,2.088333527247111,0.0,0.028046960857781498,0.007141620047729124,2.090534123507413,0.0,0.0
82,0.027960148196490037,0.007006701436780748,2.0953447137560164,0.0,0.02807726169174368,0.007034738463434306,2.104252403432673,0.0,0.0
83,0.027425298822068032,0.006459173225309877,2.0966126124064126,0.0,0.027519727295095272,0.006820697549053214,2.069903005253185,0.0,0.0
84,0.027566092443608102,0.006800912553444505,2.076518036070324,0.0,0.02796780334954912,0.007231531961059029,2.073627146807584,0.0,0.0
85,0.02747700877842449,0.006767981563739124,2.0709027846654258,0.0,0.027668299661441284,0.00698108577423475,2.0687214244495737,0.0,0.0
86,0.027525992842302435,0.006800950648972676,2.0725042536145164,0.0,0.027988857504996387,0.0072083082473413515,2.078054991635409,0.0,0.0
87,0.027568153815255278,0.006735287440408554,2.0832866714114235,0.0,0.02745226330377839,0.006634098689325831,2.0818165215578945,0.0,0.0
88,0.027440601782429786,0.0066218732168809285,2.081872888973781,0.0,0.02751210230317983,0.006753494751385667,2.075860782103105,0.0,0.0
89,0.027494640311314947,0.006728746994797673,2.076589379991804,0.0,0.02778592925857414,0.007024936885996299,2.076099330728704,0.0,0.0
90,0.02734864086267494,0.0065289105931740435,2.0819730701900663,0.0,0.028005250983617523,0.0072487329810180445,2.075651862404563,0.0,0.0
91,0.027458388979236286,0.006741654460451433,2.0716734670457386,0.0,0.028122741559689694,0.007356959437443452,2.0765782486308706,0.0,0.0
92,0.02748897441086315,0.00670291640840116,2.078605827831087,0.0,0.027524568140506744,0.006794125603681261,2.073044321753762,0.0,0.0
93,0.027598214557483083,0.006800970173485223,2.0797244821275984,0.0,0.02752121537923813,0.006660839415748011,2.0860376358032227,0.0,0.0
94,0.02743587585254794,0.006615291504810254,2.08205847513108,0.0,0.027606360444968395,0.0067861581813882695,2.082020304419778,0.0,0.0
95,0.02732407514538084,0.006540551781654358,2.0783523945581344,0.0,0.02749190547249534,0.006748184180733832,2.0743722048672764,0.0,0.0
96,0.027387566421003567,0.00656805951370015,2.0819507383164906,0.0,0.02739779143170877,0.006594387052411383,2.0803404938090932,0.0,0.0
97,0.0271753685194112,0.0064896466210484505,2.068572243054708,0.0,0.027024999938227913,0.006424419116228819,2.060058116912842,0.0,0.0
98,0.02746772939073188,0.006778718449086661,2.0689011414845786,0.0,0.027203381569548088,0.006444667973978953,2.0758714459159155,0.0,0.0
99,0.02725819019334657,0.006491396908781358,2.0766793602988836,0.0,0.027146864851767368,0.006448859475891699,2.0698005936362525,0.0,0.0
100,0.027312448248267174,0.006622942430632455,2.068950641722906,0.0,0.027301258661530235,0.006567264102738012,2.0733995004133745,0.0,0.0
101,0.02728471594552199,0.006599057643186478,2.0685658852259317,0.0,0.027660047974098812,0.007035033862021836,2.062501473860307,0.0,0.0
102,0.027130105444008394,0.006521517410874367,2.0608588513873873,0.0,0.02689198540015654,0.006259327754378319,2.0632658654993232,0.0,0.0
103,0.027600311762875036,0.006795862345911917,2.080444966043745,0.0,0.027344939044930718,0.006457947236909108,2.0886992541226475,0.0,0.0
104,0.027124258689582348,0.006333873984182165,2.079038529168992,0.0,0.027149175378409298,0.0064882310954007235,2.0660944418473677,0.0,0.0
105,0.027172691587890898,0.006533623018878556,2.0639069137119113,0.0,0.027084379880265755,0.00644651846960187,2.0637861598621714,0.0,0.0
106,0.027045132592320442,0.006407345467734905,2.0637787580490112,0.0,0.027313096618110485,0.006698049520227042,2.061504775827581,0.0,0.0
107,0.027125251878585135,0.006477975863076392,2.064727635610671,0.0,0.027414284646511078,0.006804892581633546,2.060939246957952,0.0,0.0
108,0.02724819617079837,0.006625074726928558,2.0623122113091603,0.0,0.027182759886438198,0.006496025969020345,2.0686734372919258,0.0,0.0
109,0.027069349551484698,0.006351772097072431,2.071757782073248,0.0,0.027192925187674435,0.006557744631374424,2.0635181123560127,0.0,0.0
110,0.02713464204931543,0.006582091795280576,2.055255066780817,0.0,0.026896229352463375,0.00630232420834628,2.059390566565774,0.0,0.0
111,0.027074149676731656,0.006416731225770144,2.0657418966293335,0.0,0.027272908525033432,0.006696084514260292,2.0576824708418413,0.0,0.0
112,0.02681050884226958,0.006289571069092268,2.052093812397548,0.0,0.02707815000956709,0.006640413225713101,2.043773716146296,0.0,0.0
113,0.02694480489229872,0.006474671109269063,2.0470134246917,0.0,0.027202687818895687,0.00662712829018181,2.0575560222972524,0.0,0.0
114,0.027221903071871827,0.006614698607119776,2.06072051184518,0.0,0.02695384215224873,0.006286863110620867,2.066697965968739,0.0,0.0
115,0.027045969452176775,0.0063950959925672835,2.0650873751867387,0.0,0.026983970098874786,0.00629607236690142,2.0687897855585273,0.0,0.0
116,0.026970306500082926,0.006362715070801122,2.060759192421323,0.0,0.027139123698527164,0.0066295450722629375,2.0509578748182817,0.0,0.0
117,0.02715968531334684,0.006564095350248473,2.0595590387071883,0.0,0.027253757146271793,0.0066494755870239305,2.0604282292452725,0.0,0.0
118,0.027017765678465366,0.006413538230671769,2.060422795159476,0.0,0.027439399199052292,0.006881960879333995,2.05574386770075,0.0,0.0
119,0.02708011000816311,0.006479330649155946,2.060077985127767,0.0,0.026803201403130184,0.006155676589432088,2.064752557060935,0.0,0.0
120,0.027037785432877996,0.0063839133806704055,2.0653872206097557,0.0,0.027401540936394173,0.006732660007070412,2.066888137297197,0.0,0.0
121,0.02691508430455412,0.006334833800792694,2.05802511601221,0.0,0.02685153077949177,0.006311867978762497,2.0539663054726343,0.0,0.0
122,0.027029590326405707,0.006467087360631142,2.0562503451392766,0.0,0.0269900822842663,0.0064425643702799625,2.0547518079931084,0.0,0.0
123,0.026822789217389766,0.00632235004256169,2.0500439632506597,0.0,0.02699078738012097,0.006570293398743326,2.0420494729822334,0.0,0.0
124,0.027094268284383275,0.006611793834183898,2.048247501963661,0.0,0.02703007784756747,0.006430526391010393,2.059955185109919,0.0,0.0
125,0.02692691077079092,0.006319352625203984,2.060755865914481,0.0,0.027044699950651688,0.0064251362769441175,2.0619564056396484,0.0,0.0
126,0.026896418693164986,0.006244219529132049,2.065219969976516,0.0,0.027394317598505455,0.006900205530903556,2.049411275170066,0.0,0.0
127,0.026919067925995306,0.006427314487241563,2.0491753703071955,0.0,0.02675877291370522,0.006316895723681559,2.0441877408461138,0.0,0.0
128,0.02671115304387751,0.006311916546630008,2.0399237076441445,0.0,0.02709057859399102,0.006783608770505948,2.0306970206173984,0.0,0.0
129,0.027127360614637535,0.00668186532510888,2.0445495673588345,0.0,0.026862135326320476,0.006247115194458853,2.0615020881999624,0.0,0.0
130,0.026754750471029962,0.0062032239178993875,2.05515270006089,0.0,0.02708718434653499,0.006602102678946473,2.0485082756389272,0.0,0.0
131,0.026659375411413964,0.006198988440224812,2.046038758187067,0.0,0.027170925316485493,0.0067839876494624396,2.03869383985346,0.0,0.0
132,0.026606196094126927,0.0063324974339810155,2.0273699192773726,0.0,0.027323596687479454,0.007048146587542512,2.0275450836528432,0.0,0.0
133,0.02685947986763148,0.006504081511160447,2.0355398768470403,0.0,0.02726547233760357,0.006769352296197956,2.049612045288086,0.0,0.0
134,0.02686388169725736,0.006352226870755355,2.051165523983183,0.0,0.026955532079393215,0.006428100338036364,2.0527432181618432,0.0,0.0
135,0.02664490571866433,0.006175440514371509,2.0469465596335277,0.0,0.02702506055886095,0.006631543605842374,2.0393516800620337,0.0,0.0
136,0.026708402183084262,0.006324447491871459,2.038395501318432,0.0,0.02682884613221342,0.006408511110666123,2.042033542286266,0.0,0.0
137,0.026757931602852687,0.006342963315546513,2.0414968672252836,0.0,0.026737066155130215,0.006347495681521567,2.038957118988037,0.0,0.0
138,0.026747095709045727,0.006318495597779041,2.042860048157828,0.0,0.02662456916137175,0.006208905315195972,2.0415664586153897,0.0,0.0
139,0.026873235280315082,0.0063416067887807175,2.053162898336138,0.0,0.026551243764432995,0.0059461030177772045,2.0605140816081655,0.0,0.0
140,0.02678356936112756,0.006247063200654728,2.053650668689183,0.0,0.026898907497525215,0.006433812943710523,2.046509525992654,0.0,0.0
141,0.026800871738010927,0.0063001612378727825,2.0500710805257163,0.0,0.026855256069790234,0.006419594145633958,2.0435662919824775,0.0,0.0
142,0.026711022880460535,0.006285260021243067,2.042576347078596,0.0,0.026894183152101257,0.0064534094946628266,2.044077439741655,0.0,0.0
143,0.026518121228686402,0.006127706241040002,2.0390415475482033,0.0,0.02687539431181821,0.006552050990814512,2.032334414395419,0.0,0.0
144,0.026740813938279945,0.0064227090971100895,2.0318105277561007,0.0,0.02722274342721159,0.006907203700393438,2.031554005362771,0.0,0.0
145,0.026620712219959215,0.006263323871064044,2.0357388712110973,0.0,0.02662782371044159,0.006274631881917065,2.035319198261608,0.0,0.0
146,0.026602692414252532,0.006261334632567707,2.0341358241580783,0.0,0.026671295816248112,0.006396077700297941,2.027521848678589,0.0,0.0
147,0.02658589787426449,0.006297103007368389,2.028879545983814,0.0,0.026940901509740135,0.006644549313932657,2.0296352993358266,0.0,0.0
148,0.026542796221162592,0.006267262423144919,2.0275534221104214,0.0,0.026706707748499783,0.006420085460624911,2.028662313114513,0.0,0.0
149,0.026784670627897696,0.006417355965822935,2.0367315326418196,0.0,0.0268330956724557,0.006348725916309791,2.048437010158192,0.0,0.0
150,0.026625439968137515,0.006161591925081753,2.0463848624910628,0.0,0.026953180235895245,0.0065403368578038435,2.0412844094363125,0.0,0.0
151,0.026268964322904747,0.0060831487755335515,2.0185816202844893,0.0,0.026676003567197105,0.0066255145198242235,2.0050489360635932,0.0,0.0
152,0.026609188832697413,0.006426040648615786,2.0183148639542714,0.0,0.026645942337133667,0.006250558632679961,2.0395384485071357,0.0,0.0
153,0.026614210479671045,0.006183730039213385,2.0430480922971452,0.0,0.02628201043063944,0.005997406530447982,2.0284604376012627,0.0,0.0
154,0.026721926051236335,0.006449306217421379,2.027262034870329,0.0,0.02697013115341013,0.006511469879610972,2.0458662076429888,0.0,0.0
155,0.026587315790709994,0.006117918118391009,2.0469398157937184,0.0,0.02723090249029073,0.006844770755957474,2.0386132326993076,0.0,0.0
156,0.026405359840109235,0.0060892613671187845,2.031609892845154,0.0,0.027018697593699802,0.006720753259618174,2.0297944979234175,0.0,0.0
157,0.026659533558856873,0.006337740425286549,2.0321793669746038,0.0,0.026582209224050694,0.0062315016984939575,2.0350708094510166,0.0,0.0
158,0.026625176847335837,0.00625087134540081,2.0374305929456438,0.0,0.0270103377036073,0.006551893851296468,2.0458444248546255,0.0,0.0
159,0.026599959514680364,0.006144343775564006,2.045561591784159,0.0,0.026748054576191036,0.006337014069272714,2.0411040782928467,0.0,0.0
160,0.02658760334764208,0.00617353662493683,2.0414067109425864,0.0,0.02656096795743162,0.006169751794500785,2.0391216494820337,0.0,0.0
161,0.02653257974556514,0.006141170094321881,2.0391410135087513,0.0,0.026462758467956024,0.006064793179658326,2.039796547456221,0.0,0.0
162,0.026673629879951477,0.006234286674520089,2.0439343679518926,0.0,0.0269092299382795,0.006447776347737421,2.046145439147949,0.0,0.0
163,0.02643050727922292,0.006029978549728791,2.040052913484119,0.0,0.026908403262495995,0.006608093834736131,2.0300310308283027,0.0,0.0
164,0.026371094752990064,0.00608661240853724,2.028448292187282,0.0,0.02687466059896079,0.006650377572937446,2.0224283825267446,0.0,0.0
165,0.02648673454920451,0.0063186482238095434,2.0168086914789107,0.0,0.026628570461815052,0.0063620722767981615,2.026649843562733,0.0,0.0
166,0.026320080893735092,0.006028547772162017,2.029153347015381,0.0,0.026870717887174,0.0066853621127930555,2.018535614013672,0.0,0.0
167,0.02644940385861056,0.00628192739428154,2.0167477130889893,0.0,0.02676360495388508,0.0065878703766925764,2.017573508349332,0.0,0.0
168,0.026408608825433822,0.0062174207553090085,2.019118856816065,0.0,0.026710813865065575,0.006442875813015483,2.0267938483845103,0.0,0.0
169,0.02657059384953408,0.00625080951223416,2.031978476615179,0.0,0.02680360729044134,0.006502138196744702,2.030146988955411,0.0,0.0
170,0.026715655323295368,0.0063483131539431355,2.0367342631022134,0.0,0.02635255811566656,0.005820343440229242,2.053221485831521,0.0,0.0
171,0.02655760646753368,0.00611136443469496,2.0446242491404214,0.0,0.026450256055051632,0.00611633024263111,2.033392624421553,0.0,0.0
172,0.02640989272012597,0.0061007163908687375,2.0309176672072637,0.0,0.026622907681898636,0.006326018112965606,2.029689008539373,0.0,0.0
173,0.026260389502914178,0.006044005553814627,2.021638450168428,0.0,0.027019492265853016,0.006849129006943919,2.0170363946394487,0.0,0.0
174,0.02643448438140608,0.006237727501207874,2.0196757117907205,0.0,0.026532526043328373,0.006272289605641907,2.026023734699596,0.0,0.0
175,0.02635619660750741,0.006155430261666576,2.0200767034576055,0.0,0.026449503885074097,0.0062364679761230946,2.0213036320426245,0.0,0.0
176,0.02641283946910075,0.006163653828913257,2.0249186016264415,0.0,0.026318751952864906,0.00601744143800302,2.03013107993386,0.0,0.0
177,0.026529230709586824,0.006137327158025333,2.039190405891055,0.0,0.02667021175677126,0.006308736787600951,2.0361475077542392,0.0,0.0
178,0.02645455203240826,0.006138945508393503,2.031560699144999,0.0,0.026598383249206978,0.006257509643381292,2.034087397835471,0.0,0.0
179,0.026336977302673318,0.006115745498044859,2.0221232232593356,0.0,0.0266233238984238,0.006490046454762871,2.013327793641524,0.0,0.0
180,0.026573814096904937,0.006363872094966826,2.0209942743891762,0.0,0.026298235593871636,0.006045063280246474,2.0253173221241343,0.0,0.0
181,0.026336270916674818,0.0060920626302027985,2.0244208744594028,0.0,0.026378124952316284,0.0061913362534886055,2.018678903579712,0.0,0.0
182,0.026356941044685386,0.006067201949744707,2.028973937034607,0.0,0.02648183195428415,0.006201979661868377,2.0279852476986973,0.0,0.0
183,0.026377835976225988,0.006104650408295649,2.0273186081931707,0.0,0.026226246560161762,0.0059255963530052795,2.0300650813362817,0.0,0.0
184,0.02623457931691692,0.006025711617742975,2.0208868214062283,0.0,0.02645983970300718,0.006339203523979945,2.012063665823503,0.0,0.0
185,0.026331828641039983,0.006165226134249852,2.0166602986199513,0.0,0.026276261630383404,0.0059742499566213655,2.0302012400193648,0.0,0.0
186,0.026220180449031648,0.006021695233704079,2.0198485737755183,0.0,0.026703647083856842,0.006532318551432003,2.0171328999779443,0.0,0.0
187,0.02630925967934586,0.006180508472468881,2.0128751567431857,0.0,0.026791324161670425,0.0065807778472927484,2.021054658022794,0.0,0.0
188,0.026399356446095874,0.006092434582699623,2.030692219734192,0.0,0.02676542221822522,0.006457562727684324,2.030785994096236,0.0,0.0
189,0.0263172798302202,0.006098464685713961,2.0218815491313027,0.0,0.02637406269257719,0.006165935742584142,2.0208127065138384,0.0,0.0
190,0.02635084225663117,0.00615894900900977,2.0191893691108342,0.0,0.0263845334676179,0.0061596110463142395,2.02249230038036,0.0,0.0
191,0.026226710040299667,0.006000964625162028,2.022574578012739,0.0,0.02629265578633005,0.006089731331237338,2.0202924771742388,0.0,0.0
192,0.026172763446257227,0.006037593098534714,2.0135170703842524,0.0,0.026252882893789898,0.0061645228415727615,2.008836041797291,0.0,0.0
193,0.026216643685031505,0.006095973841313805,2.0120670171011064,0.0,0.02602265893735669,0.005878567356954922,2.0144091952930796,0.0,0.0
194,0.0261811540417728,0.006040299366716118,2.014085502851577,0.0,0.02628726562993093,0.006065817380493338,2.022144924510609,0.0,0.0
195,0.026023285640847115,0.005886392423971778,2.013689350514185,0.0,0.026179519227959892,0.006152247205715288,2.0027272592891348,0.0,0.0
196,0.026105705027778942,0.006101952056356129,2.0003753503163657,0.0,0.026167390529404987,0.0060910756953737955,2.0076315619728784,0.0,0.0
197,0.026132960493365925,0.00601648162340834,2.0116479056222096,0.0,0.026498496024446053,0.006366193506189368,2.0132303021170874,0.0,0.0
198,0.026158543436654975,0.006133204581038583,2.0025339325269065,0.0,0.026197638362646103,0.006137939677997069,2.0059698820114136,0.0,0.0
199,0.02631108205588091,0.006061407604387828,2.0249674887884233,0.0,0.02640545181930065,0.006174034142697399,2.0231418176130815,0.0,0.0
200,0.0262296957274278,0.006062100087070749,2.0167596141497293,0.0,0.02635806290940805,0.006172204220836813,2.018585942008279,0.0,0.0
201,0.026252157453979765,0.005958357371301169,2.029380054700942,0.0,0.026689001613042572,0.006476019890132276,2.0212982351129707,0.0,0.0
202,0.026223973903272833,0.006006907316900435,2.0217067287081765,0.0,0.026112528856505047,0.0059235659427940845,2.018896319649436,0.0,0.0
203,0.026167088365625767,0.005982674248073073,2.0184414443515597,0.0,0.026491232047026806,0.006373047532344406,2.011818452314897,0.0,0.0
204,0.026150960563903765,0.006005259164209876,2.014570196469625,0.0,0.02612785944207148,0.006008617622269826,2.011924234303561,0.0,0.0
205,0.02612187633556979,0.006045841900188299,2.007603486378988,0.0,0.026249468157237225,0.006103546146980741,2.0145922249013726,0.0,0.0
206,0.026208171088780676,0.006083695007310737,2.012447660877591,0.0,0.025974877009337597,0.005860353100367568,2.0114524472843516,0.0,0.0
207,0.02617449304532437,0.005963836064828294,2.021065729004996,0.0,0.026235099204561928,0.006076858209615404,2.01582407951355,0.0,0.0
208,0.02598668537324383,0.00589853388789509,2.00881518636431,0.0,0.02607749453322454,0.006069544872099703,2.000795017589222,0.0,0.0
209,0.026042247590209757,0.006019101378374866,2.002314655553727,0.0,0.02629219926893711,0.006177975245836106,2.0114224390550093,0.0,0.0
210,0.026029026091453574,0.005995914750244646,2.003311174256461,0.0,0.026364760473370552,0.006275494074956937,2.008926651694558,0.0,0.0
211,0.02614646183238143,0.006051669495978526,2.00947927577155,0.0,0.026131724769418888,0.00603827592832121,2.009344913742759,0.0,0.0
212,0.026096425107902006,0.005969162309719693,2.0127263211068653,0.0,0.02591488357972015,0.005747259467501532,2.0167624191804365,0.0,0.0
213,0.026044269092381,0.005913842968376619,2.0130426656632197,0.0,0.02621045403859832,0.006192093715071678,2.0018360831520776,0.0,0.0
214,0.026127578247161137,0.006096757039250363,2.0030821703729176,0.0,0.02641002664511854,0.006325292062353004,2.0084734938361426,0.0,0.0
215,0.02608108006062962,0.005962467985227704,2.011861244837443,0.0,0.02616552822291851,0.00602930144999515,2.0136227065866645,0.0,0.0
216,0.026178994526465733,0.00603045976632053,2.0148535257294062,0.0,0.026393771848895332,0.0062873955308036375,2.010637640953064,0.0,0.0
217,0.02602523099631071,0.00594185249480818,2.008337903590429,0.0,0.026327022774653,0.006320408672433008,2.000661470673301,0.0,0.0
218,0.026109223209676288,0.006082039270993499,2.002718454315549,0.0,0.026353498582135548,0.006209140431813218,2.014435876499523,0.0,0.0
219,0.026081391078020846,0.005930659715973195,2.0150731660070873,0.0,0.026184041222388096,0.00603784764693542,2.01461940461939,0.0,0.0
220,0.026112963223741167,0.005970971026856985,2.0141992682502385,0.0,0.025971273468299347,0.005846924106167121,2.0124350027604536,0.0,0.0
221,0.02595369579891364,0.005897311660061989,2.005638451803298,0.0,0.02581343511966142,0.00581478090448813,1.999865477735346,0.0,0.0
222,0.026038252748548985,0.0060315357543350686,2.0006717273167203,0.0,0.026346536522561855,0.006264689801768823,2.0081847472624346,0.0,0.0
223,0.02587729532803808,0.005794801006448411,2.0082494701657976,0.0,0.026461187411438335,0.006499762985516678,1.9961424632505937,0.0,0.0
224,0.026038831543354762,0.006085381444011416,1.9953450560569763,0.0,0.02634990079836412,0.006295482585714622,2.0054418715563687,0.0,0.0
225,0.0259060427280409,0.00587478843295858,2.003125480243138,0.0,0.026099627498875965,0.006057274612513455,2.004235332662409,0.0,0.0
226,0.02614364449289583,0.006054136525129988,2.008950820990971,0.0,0.026125319640744816,0.005975645797496492,2.014967441558838,0.0,0.0
227,0.026061040970186394,0.006025909224436397,2.0035132340022495,0.0,0.026355558498339218,0.006312973416325721,2.004258556799455,0.0,0.0
228,0.025935789658909754,0.005923195320758082,2.0012594773655845,0.0,0.025882147252559662,0.005907282571900974,1.997486493804238,0.0,0.0
229,0.025897463428832236,0.005867526556054751,2.0029937284333363,0.0,0.02613897706297311,0.006119835359806364,2.0019142627716064,0.0,0.0
230,0.02590579552842038,0.005959229067056661,1.9946566763378324,0.0,0.025846577164801685,0.005918845957653089,1.9927731644023547,0.0,0.0
231,0.02589121704832429,0.005987129750705901,1.9904087696756636,0.0,0.026285730302333832,0.0063941493969072,1.9891581318595193,0.0,0.0
232,0.025979684798845222,0.00595218138325782,2.0027503825369335,0.0,0.025757997212084858,0.005730139684270729,2.002785801887512,0.0,0.0
233,0.025926057958886736,0.005941713539262612,1.9984344726517087,0.0,0.025637027553536675,0.005625895901837132,2.001113165508617,0.0,0.0
234,0.025871319297168936,0.005930785987792271,1.9940533865065801,0.0,0.026029058816758068,0.006036523517898538,1.9992535656148738,0.0,0.0
235,0.026056233793497086,0.005930731416724268,2.0125502887226285,0.0,0.026001768694682556,0.005940202115611596,2.006156726316972,0.0,0.0
236,0.025958494859791938,0.005940486588293598,2.0018008777073453,0.0,0.02610432187264616,0.006053384351120753,2.0050937912680884,0.0,0.0
237,0.026125679546523662,0.006025081744328851,2.0100598420415605,0.0,0.02634768628261306,0.006183937572958795,2.0163749131289395,0.0,0.0
238,0.02582837805329334,0.00571490075838353,2.0113477877208163,0.0,0.026053181087428875,0.006050423803654584,2.0002757852727715,0.0,0.0
239,0.02582974022343045,0.0058796213873262915,1.9950119398889088,0.0,0.025909389453855427,0.006006250750612129,1.9903139417821711,0.0,0.0
240,0.025972222288449604,0.006020668273170789,1.9951554536819458,0.0,0.025781381367282433,0.0057684553956443615,2.001292662187056,0.0,0.0
241,0.02597804128059319,0.005910712516023999,2.0067329094523476,0.0,0.026012141765518623,0.005966733421453021,2.004540866071528,0.0,0.0
242,0.025805874018087274,0.005810793078992339,1.999508159501212,0.0,0.02624526602978056,0.006256905215030367,1.9988361163572832,0.0,0.0
243,0.02576374054132473,0.005857164117818077,1.9906576815105619,0.0,0.02629383433271538,0.0063786024058407,1.9915232441642068,0.0,0.0
244,0.025750969847043354,0.005867446118610955,1.9883524236224948,0.0,0.02616676992990754,0.006284847770902244,1.9881922873583706,0.0,0.0
245,0.025871810592001394,0.005902199939425502,1.996961119629088,0.0,0.026301672343503345,0.006297423800622875,2.0004249052567915,0.0,0.0
246,0.025791105902975515,0.00581198648017432,1.9979119925271898,0.0,0.026154997673901646,0.006247384854677049,1.9907613667574795,0.0,0.0
247,0.025992851704359055,0.006110682684395995,1.9882169507798695,0.0,0.02645280652425506,0.006489340639249845,1.9963466145775535,0.0,0.0
248,0.025652813104291756,0.005729013721325568,1.992379986104511,0.0,0.026179709725759247,0.006345677358860319,1.9834032708948308,0.0,0.0
249,0.025790728495589325,0.005939821757021404,1.9850907013529824,0.0,0.0259873800995675,0.006104421505535191,1.988295858556574,0.0,0.0
250,0.02591320105074417,0.005941543539631225,1.9971657991409302,0.0,0.02568311413580721,0.0056812763637439775,2.0001838207244873,0.0,0.0
251,0.025730720366395655,0.005757203813464869,1.9973517060279846,0.0,0.0260595174675638,0.0061672267673367805,1.9892291047356345,0.0,0.0
252,0.02584921426716305,0.006001915483336363,1.9847299343063718,0.0,0.025655102492733436,0.005721869285811077,1.993323347785256,0.0,0.0
253,0.025787186498443287,0.00585160686057948,1.9935579952739535,0.0,0.026076233183795757,0.00613669136708433,1.9939542358571833,0.0,0.0
254,0.025765637334968363,0.005883157829798404,1.9882479906082153,0.0,0.02583729492669756,0.005935613912614909,1.9901681271466343,0.0,0.0
255,0.02581739297047967,0.0059212276357270425,1.9896165756952195,0.0,0.02588342655111443,0.005909143396737901,1.997428384694186,0.0,0.0
256,0.025669915113775504,0.0057861891996470235,1.9883726437886555,0.0,0.025693925097584724,0.00577764522114938,1.9916280074553057,0.0,0.0
257,0.02579709537149895,0.005848591437651997,1.9948504567146301,0.0,0.02585006911646236,0.005819073624231599,2.0030995932492344,0.0,0.0
258,0.02580735424444789,0.005859421599390251,1.9947933015369235,0.0,0.02588441917164759,0.005972338501702656,1.9912081089886753,0.0,0.0
259,0.025560904427298477,0.005694575629950989,1.9866329318001157,0.0,0.025731961327520283,0.005950655026192015,1.9781306873668323,0.0,0.0
260,0.025916285103275663,0.005980504576915077,1.9935780650093442,0.0,0.02605547264895656,0.006097337188707156,1.9958135973323474,0.0,0.0
261,0.025688021754225094,0.005817301482671783,1.9870720590863908,0.0,0.02591867067597129,0.006080582018264316,1.983808929269964,0.0,0.0
262,0.025739390136940137,0.005887658468314579,1.985173219726199,0.0,0.025518179617144844,0.005591960496861826,1.992621898651123,0.0,0.0
263,0.025800475895050027,0.005918270021322228,1.988220629237947,0.0,0.025833412158218296,0.005872742738574743,1.9960669712586836,0.0,0.0
264,0.025766775012016296,0.005747820228515636,2.0018955213682994,0.0,0.02588859877803109,0.005928463471884077,1.9960135980085894,0.0,0.0
265,0.025956352196988604,0.005998124091309451,1.9958228525661288,0.0,0.025848553092642265,0.005840546832504598,2.0008006637746636,0.0,0.0
266,0.025522244207206227,0.00566044723659399,1.9861797378176735,0.0,0.025781725787303665,0.005973326423290101,1.9808399243788286,0.0,0.0
267,0.025768081923680648,0.005898088216781616,1.9869994152159918,0.0,0.026070854033936153,0.006226081020114097,1.9844773465936834,0.0,0.0
268,0.02584873583345186,0.005979941559157201,1.9868794537725902,0.0,0.026206409219991077,0.006264017937196927,1.9942391460592097,0.0,0.0
269,0.025640299188948813,0.005723358353688603,1.991694118295397,0.0,0.026022941890087994,0.00611578787422993,1.9907154495065862,0.0,0.0
270,0.02577219060843899,0.00584672602070939,1.9925464874222165,0.0,0.025817567651922054,0.005885945844718001,1.9931622310118242,0.0,0.0
271,0.02567891776561737,0.005766008315341813,1.9912909836996169,0.0,0.02564576742323962,0.0057909442111849785,1.9854823676022617,0.0,0.0
272,0.025814794270055636,0.005917068770421403,1.9897725752421789,0.0,0.026095988736911255,0.006128239741718227,1.9967749552293257,0.0,0.0
273,0.025791386585860027,0.005770419047968019,2.0020968204452876,0.0,0.025812215256420048,0.005916227586567402,1.9895988377657803,0.0,0.0
274,0.025834357587709314,0.005921378343676527,1.9912979631196885,0.0,0.0257133985446258,0.005699236538599838,2.001416249708696,0.0,0.0
275,0.025784294431408245,0.005793603392140497,1.999069176969074,0.0,0.025614259595220738,0.005644002209671519,1.9970257715745405,0.0,0.0
276,0.02572954206594399,0.005776348180093226,1.9953194374129886,0.0,0.02590984512459148,0.00594757946038788,1.9962266033346003,0.0,0.0
277,0.025694801560824827,0.005725635481732232,1.9969166290192377,0.0,0.025588006458499214,0.005706364161927591,1.988164240663702,0.0,0.0
278,0.02576146594115666,0.00589209864847362,1.9869367820875985,0.0,0.02604755081913688,0.006145906422964551,1.9901644858446987,0.0,0.0
279,0.02557210140817222,0.005759564095309803,1.9812537743931724,0.0,0.026051183654503388,0.0062019886787642135,1.9849195371974597,0.0,0.0
280,0.02558515141052859,0.0057713499824915615,1.981380167461577,0.0,0.02578299797394059,0.005916184661063281,1.9866813746365635,0.0,0.0
281,0.02567567028814838,0.005895881170761727,1.9779789731616066,0.0,0.02630690959366885,0.0065141099674457855,1.9792800058018079,0.0,0.0
282,0.02555576330494313,0.005802320083603263,1.9753443683896745,0.0,0.02577874284576286,0.006035488141192632,1.9743255376815796,0.0,0.0
283,0.025748198275409993,0.0059264661921631726,1.9821732413201105,0.0,0.025846003470095722,0.005955983545969833,1.9890020218762485,0.0,0.0
284,0.025466928879419964,0.0056680551774445035,1.9798874258995056,0.0,0.026117003607479008,0.006391137542033737,1.9725866426121106,0.0,0.0
285,0.02563358594973882,0.005907655227929354,1.9725931144896007,0.0,0.025717706165530464,0.005890056321566755,1.9827650351957842,0.0,0.0
286,0.025574661259140288,0.005757785790289442,1.9816875826744806,0.0,0.025950495661659675,0.006209642922675068,1.9740852984515103,0.0,0.0
287,0.02564254336591278,0.005842099099286965,1.980044472785223,0.0,0.025615946982394566,0.005715979559516365,1.9899967908859253,0.0,0.0
288,0.025652664137028512,0.00577923504724389,1.987342967873528,0.0,0.025864563543688168,0.006017097060314633,1.984746683727611,0.0,0.0
289,0.025659415870904922,0.005841187689275969,1.9818228823798043,0.0,0.026052027094093235,0.0061917174607515335,1.986031012101607,0.0,0.0
290,0.02548318755413805,0.00571478673789118,1.976840146950313,0.0,0.025612336160107094,0.00594725984741341,1.966507684100758,0.0,0.0
291,0.025627460108981245,0.005928303602905501,1.9699156851995558,0.0,0.02569055218588222,0.005890153348445892,1.980039965022694,0.0,0.0
292,0.025403081661178953,0.005650455132126808,1.9752626844814845,0.0,0.02542715316469019,0.005832465492527594,1.9594687982039019,0.0,0.0
293,0.025643708051315377,0.005955030443146825,1.9688677872930254,0.0,0.02571765807541934,0.005899815142832019,1.9817842895334417,0.0,0.0
294,0.025529570034926848,0.00575598870359716,1.9773581624031067,0.0,0.026015313680876385,0.006267029876736077,1.9748284491625698,0.0,0.0
295,0.025697290276487667,0.005925967369139904,1.9771323260806857,0.0,0.025615397840738297,0.005750506100329486,1.9864892092618076,0.0,0.0
296,0.02550534340774729,0.005710212547065956,1.9795130917004176,0.0,0.025801653042435646,0.006008574696765704,1.979307922449979,0.0,0.0
297,0.025647210400728954,0.005825303372971359,1.9821907508940924,0.0,0.02595317770134319,0.00611672436141155,1.9836453632874922,0.0,0.0
298,0.025501444314916927,0.005641746068639415,1.9859698698634194,0.0,0.025582714344967495,0.0057663469660011206,1.9816367409446023,0.0,0.0
299,0.025432810896918887,0.005654563295787999,1.9778248100053697,0.0,0.025599240918051113,0.005825389388271354,1.9773852283304387,0.0,0.0
300,0.025498870183669385,0.005756293467822529,1.9742577104341417,0.0,0.025340123440731655,0.005582919301973147,1.975720459764654,0.0,0.0
301,0.025334070303610394,0.005620536826817053,1.9713533889679682,0.0,0.02560049126094038,0.00593231525272131,1.9668176065791736,0.0,0.0
302,0.02551697930764584,0.005778700201993897,1.9738279524303617,0.0,0.025738251649520615,0.005997426257553426,1.9740826216610996,0.0,0.0
303,0.025488521149825482,0.005703494573632876,1.9785026822771346,0.0,0.025413471866737713,0.005656701258637689,1.975677121769298,0.0,0.0
304,0.02543275324361665,0.005686990018667919,1.974576371056693,0.0,0.02598325586454435,0.00629842933267355,1.9684827002612026,0.0,0.0
305,0.025658634535613515,0.005866580542975238,1.9792054437455677,0.0,0.025376584042202343,0.005508592225272547,1.9867991967634722,0.0,0.0
306,0.02554697836084025,0.005721096925082661,1.9825882003420876,0.0,0.02560823359950022,0.005763869944282554,1.9844363711097024,0.0,0.0
307,0.02555176429450512,0.0056833815982653985,1.986838312376113,0.0,0.02549808743325147,0.0056738296354358845,1.9824258414181797,0.0,0.0
308,0.025653456426447348,0.0058366098285963135,1.9816847074599493,0.0,0.025424160232598133,0.005588367623700337,1.9835792779922485,0.0,0.0
309,0.025436534147177423,0.005714809078545798,1.972172541277749,0.0,0.025775189088149505,0.006053910548375411,1.9721278602426702,0.0,0.0
310,0.025547983390944346,0.0057585996996966145,1.9789384120986575,0.0,0.025703683326190167,0.005891110790385442,1.981257286938754,0.0,0.0
311,0.025520426709027516,0.005763835395641979,1.9756591774168468,0.0,0.025641738013787704,0.0058528139171275225,1.97889244556427,0.0,0.0
312,0.0253546227745357,0.0056707418545903195,1.9683881402015686,0.0,0.02566864290698008,0.006094843191518025,1.9573799805207686,0.0,0.0
313,0.02539247815452871,0.005844671966596728,1.9547806524095082,0.0,0.02576662210578268,0.006178582468154756,1.9588039896704934,0.0,0.0
314,0.025437892725070316,0.005733356855454899,1.9704536483401345,0.0,0.025565628131682224,0.005838432687927376,1.972719582644376,0.0,0.0
315,0.025428663185309796,0.005737617855802888,1.9691045738401867,0.0,0.025648083199154247,0.006001426203345711,1.9646657488562844,0.0,0.0
316,0.025672812059166886,0.005975250465174516,1.9697562002000355,0.0,0.025703641670671375,0.005875123241408305,1.9828519062562422,0.0,0.0
317,0.025464068122562907,0.00572007628423827,1.9743992203757876,0.0,0.02530438486825336,0.0056297062811526384,1.9674678607420488,0.0,0.0
318,0.025167298104081835,0.005551512597040052,1.9615785848526728,0.0,0.025364651090719482,0.005841747010973367,1.9522904699498957,0.0,0.0
319,0.025488186583277724,0.00586807981709994,1.9620107355571927,0.0,0.025739178400148045,0.006029310170561075,1.9709868431091309,0.0,0.0
320,0.02535992887403284,0.005653649213768187,1.9706279976027352,0.0,0.02552419663830237,0.005843997382643548,1.9680199731479993,0.0,0.0
321,0.025359010146487327,0.005717273213944975,1.9641737256731306,0.0,0.025263256986032833,0.005600418133491819,1.966283917427063,0.0,0.0
322,0.02539822707573573,0.005705336419244607,1.9692891240119934,0.0,0.02584454214031046,0.006089407738975503,1.9755134799263694,0.0,0.0
323,0.025462369212792033,0.005702872195148042,1.9759497500601269,0.0,0.02529138055714694,0.005524919071996754,1.9766461849212646,0.0,0.0
324,0.02535559166045416,0.005675996897653455,1.9679595260393052,0.0,0.025365672836249523,0.005748903124847196,1.9616770310835405,0.0,0.0
325,0.02545119884113471,0.005769537185274419,1.9681662179174877,0.0,0.025462039492347023,0.005837625612250783,1.9624414118853482,0.0,0.0
326,0.025120943696016355,0.005565956268193466,1.955498797552926,0.0,0.02546195855194872,0.0059828059324486685,1.94791532646526,0.0,0.0
327,0.02546276409356367,0.005826595294777127,1.9636169189498538,0.0,0.02533067779784853,0.005752269644290209,1.9578408653085881,0.0,0.0
328,0.025195948646536896,0.005657940714930494,1.9538008542287917,0.0,0.02558210441334681,0.006039120637896386,1.954298431223089,0.0,0.0
329,0.02555012840422846,0.0058666258229918425,1.9683502997670854,0.0,0.025281284004449844,0.005507522177967158,1.9773762117732654,0.0,0.0
330,0.025335730896109625,0.005636691692329589,1.969903982820965,0.0,0.02603308450091969,0.006400564558465372,1.963252067565918,0.0,0.0
331,0.02521152018258969,0.005704714329026285,1.950680633385976,0.0,0.02518310516395352,0.005689272868701003,1.9493832804939963,0.0,0.0
332,0.025313940387041794,0.005721134355380421,1.9592806753658114,0.0,0.02534010193564675,0.00578333865004507,1.9556763605637983,0.0,0.0
333,0.025437824782871064,0.005781986839359715,1.9655838324910118,0.0,0.02538682757453485,0.005611020775342529,1.977580731565302,0.0,0.0
334,0.025290299694807755,0.005615633313677141,1.9674666949680872,0.0,0.0255191641097719,0.005946989382871173,1.9572175307707353,0.0,0.0
335,0.025240675767972356,0.005585166370673548,1.9655509846551078,0.0,0.02520759200507944,0.0054953967390412636,1.9712195179679177,0.0,0.0
336,0.025381895225672496,0.005695280807447575,1.9686614729109264,0.0,0.025120153853839092,0.005491234827786684,1.9628919471393933,0.0,0.0
337,0.025335444935730526,0.005695060671617587,1.9640384515126545,0.0,0.025610233403064987,0.0059451456181705,1.9665088761936536,0.0,0.0
338,0.025402033258052098,0.005736661853180045,1.9665371576944988,0.0,0.025539023293690247,0.005863926839083433,1.9675096598538486,0.0,0.0
339,0.02518167541850181,0.005552426667972689,1.9629249147006445,0.0,0.02560317651792006,0.006071518175303936,1.953165812925859,0.0,0.0
340,0.025339672519337563,0.005745133163318748,1.959453977289654,0.0,0.02553652667186477,0.005922754379835996,1.9613772630691528,0.0,0.0
341,0.025071248899967896,0.005542359314858913,1.952888968445006,0.0,0.026112437756224113,0.006630611351945184,1.9481827237389304,0.0,0.0
342,0.02523379489069893,0.005728004433746848,1.9505790727479118,0.0,0.02545601756057956,0.005949354815212163,1.9506663300774314,0.0,0.0
343,0.025207184033379668,0.005725607652926729,1.9481577078501384,0.0,0.02570719424296509,0.00610933347012509,1.959786057472229,0.0,0.0
344,0.025187212086859204,0.005580708639518846,1.960650398617699,0.0,0.025239160284399986,0.005683152047409253,1.9556008685718884,0.0,0.0
345,0.025307428579600083,0.005680950391771538,1.9626478779883612,0.0,0.025577674196525055,0.00591575312004848,1.9661921587857334,0.0,0.0
346,0.025299146372292722,0.005613202406536965,1.9685944602603005,0.0,0.025181254202669315,0.005425302269445224,1.9755952683362095,0.0,0.0
347,0.025280699311267762,0.005584534235476028,1.969616535164061,0.0,0.025336424058133907,0.005742038557813926,1.9594386165792292,0.0,0.0
348,0.02515694671975715,0.005625549149477766,1.9531398160117013,0.0,0.025584973733533512,0.006095875985920429,1.9489098245447332,0.0,0.0
349,0.025329815312510447,0.005761694650919665,1.9568121007510595,0.0,0.025246469642628323,0.005652103615416722,1.9594366116957231,0.0,0.0
350,0.025192030528116794,0.005641790971692119,1.9550239755993797,0.0,0.024915403432466766,0.005414102649824185,1.9501301375302402,0.0,0.0
351,0.025125465843649136,0.005687171360477805,1.9438294995398748,0.0,0.025531692599708385,0.0060504322278906,1.9481260993263938,0.0,0.0
352,0.02521662689035847,0.005694453427124591,1.9522174000740051,0.0,0.025296649302948605,0.005811638071794401,1.948501175100153,0.0,0.0
353,0.025018665274339064,0.005645286879457888,1.9373378810428439,0.0,0.025680227713151413,0.006314211906018582,1.9366016387939453,0.0,0.0
354,0.025188111877512364,0.005695706455125695,1.949240607874734,0.0,0.02520102516494014,0.005721209105104208,1.9479816068302502,0.0,0.0
355,0.025066046753809565,0.005588464416740905,1.947758294287182,0.0,0.02527829428965395,0.005871628792109815,1.9406666213815862,0.0,0.0
356,0.025288052413435208,0.0057491408882751355,1.9538912205469041,0.0,0.02533487636934627,0.005737018983133815,1.9597858082164417,0.0,0.0
357,0.025364354164117857,0.005762742488600668,1.9601612289746602,0.0,0.025225070389834316,0.005659801038828763,1.956526983867992,0.0,0.0
358,0.025113927200436592,0.005639668997554552,1.9474258649916876,0.0,0.02510870485143228,0.005707273005761884,1.9401432059027932,0.0,0.0
359,0.024923883999387424,0.005606836051724497,1.9317048333940052,0.0,0.025275170464407314,0.0059910085136917505,1.9284161979501897,0.0,0.0
360,0.02507147281652405,0.005696068174161371,1.9375405198051816,0.0,0.02540018494156274,0.005898410369726745,1.9501775178042324,0.0,0.0
361,0.02511921870921339,0.00562772362138189,1.9491495518457322,0.0,0.025383394211530685,0.005991097624329003,1.9392297701402144,0.0,0.0
362,0.02527243395646413,0.005763478776706117,1.9508955478668213,0.0,0.025219882584430954,0.005641012071547183,1.9578870751641013,0.0,0.0
363,0.025018234382427874,0.005540025897235388,1.9478208905174619,0.0,0.025183879855004223,0.005772440736605363,1.9411439570513638,0.0,0.0
364,0.025270374137021247,0.0057932858333168994,1.9477088451385498,0.0,0.025763917883688755,0.006169897419485179,1.9594020626761697,0.0,0.0
365,0.02509539538905734,0.005512182423401447,1.9583213669913155,0.0,0.025337203659794548,0.005872316277501258,1.9464887922460383,0.0,0.0
366,0.025174968521155063,0.005701397678681782,1.9473571294829959,0.0,0.025172050026330082,0.005602257114581086,1.9569793180985884,0.0,0.0
367,0.02524640867930083,0.005668247916868755,1.9578161211240859,0.0,0.025517892769791863,0.005886794110252099,1.9631099159067327,0.0,0.0
368,0.0253714592240396,0.005717228255456402,1.9654231440453303,0.0,0.025101457299156624,0.005410229067572139,1.969122897494923,0.0,0.0
369,0.025076430157891343,0.005487643282062241,1.9588787243479775,0.0,0.02507075819779526,0.005599027541889386,1.947173086079684,0.0,0.0
370,0.025062957202040013,0.005571235381510286,1.9491722356705439,0.0,0.025241516361182385,0.005786543669687076,1.9454973177476362,0.0,0.0
371,0.025071758688205763,0.0055971396421747545,1.9474619428316753,0.0,0.025535114448178898,0.006122018168257041,1.941309636289423,0.0,0.0
372,0.025003041939011643,0.005562218039163521,1.9440824559756689,0.0,0.025275745513764294,0.0059079121036285705,1.9367833896116777,0.0,0.0
373,0.025204951786214395,0.005894471104035065,1.9310481122561864,0.0,0.02491511387581175,0.005441895114596595,1.9473219026218762,0.0,0.0
374,0.02493714097709883,0.005435382692320715,1.9501758643559046,0.0,0.02485172873870893,0.005483200477266853,1.9368528886274858,0.0,0.0
375,0.024910237950583298,0.0055616728939293395,1.9348565425191606,0.0,0.02475220828571103,0.005481457549401305,1.927075125954368,0.0,0.0
376,0.02488371335147392,0.0054919425109844835,1.93917711575826,0.0,0.025391944768753918,0.006079461256211454,1.9312484047629617,0.0,0.0
377,0.02497732284523192,0.005641021078363771,1.9336302166893369,0.0,0.025226723910732704,0.005811745385554704,1.9414979219436646,0.0,0.0
378,0.025114704322602068,0.005636773526757246,1.9477931402978443,0.0,0.025333656336773525,0.005816483997147192,1.9517172358252786,0.0,0.0
379,0.025071799311609494,0.005616218505782031,1.945558127902803,0.0,0.025244463404471226,0.005774855402044274,1.946960828521035,0.0,0.0
380,0.0249757884247672,0.0054587120899841895,1.951707700888316,0.0,0.02494554187763821,0.005553940607404167,1.9391601085662842,0.0,0.0
381,0.02499362032505728,0.005669492873407546,1.9324127804665339,0.0,0.025072558190334927,0.0056853830306367445,1.9387175603346392,0.0,0.0
382,0.025062123446592262,0.005604236497588101,1.9457887155669076,0.0,0.02513664977794344,0.005587397439574654,1.9549252770163796,0.0,0.0
383,0.024749979022003356,0.005380276646021576,1.9369702764919825,0.0,0.025205646387555382,0.005929705729200082,1.927594087340615,0.0,0.0
384,0.024943875237589792,0.005573754387331151,1.93701213882083,0.0,0.025385532358830624,0.0059674729339101095,1.941805969585072,0.0,0.0
385,0.025102956043112846,0.005709841714373657,1.9393114788191659,0.0,0.024988381192088127,0.0056347860108045015,1.9353595646944912,0.0,0.0
386,0.0249912774722491,0.005619055913051679,1.9372222139721824,0.0,0.02477012760937214,0.0053371725265275345,1.9432955330068415,0.0,0.0
387,0.024796077005919955,0.005468985542566294,1.9327092057182675,0.0,0.024994060735810886,0.005688692104410042,1.930536931211298,0.0,0.0
388,0.024943775807817776,0.0055270020938700155,1.941677417073931,0.0,0.024907165799628605,0.00565188251097094,1.9255283312364058,0.0,0.0
389,0.025086450656609877,0.005718107967238341,1.9368343069439842,0.0,0.025144739584489303,0.005589740647172386,1.955499898303639,0.0,0.0
390,0.024849583660917624,0.005439575417854246,1.941000875972566,0.0,0.025028644129633904,0.00574149110947143,1.9287153265692971,0.0,0.0
391,0.024888995280932812,0.005554885459354236,1.9334110362189156,0.0,0.024925720285285603,0.005532046779990196,1.9393673484975642,0.0,0.0
392,0.024867094920149872,0.005536607316961246,1.9330488187926156,0.0,0.02489989149299535,0.005530330098488114,1.9369561780582776,0.0,0.0
393,0.02507508164715199,0.005744464595669082,1.9330617444855827,0.0,0.02481704374605959,0.005348900671709667,1.946814320304177,0.0,0.0
394,0.024829658014433726,0.005333944523174848,1.9495713824317569,0.0,0.024858282540332188,0.005481062118302692,1.9377220977436413,0.0,0.0
395,0.025041673864637102,0.005658496803204928,1.938317738828205,0.0,0.024736513807014984,0.00537188918414441,1.9364625215530396,0.0,0.0
396,0.024872062639111563,0.005439134558574075,1.9432928306715829,0.0,0.024849457666277885,0.0054011612029915505,1.944829680702903,0.0,0.0
397,0.024962430642474265,0.005614689063458215,1.9347742143131437,0.0,0.025086359374902466,0.005733842961490154,1.935251691124656,0.0,0.0
398,0.024973436036989802,0.00553101600546922,1.9442420630227952,0.0,0.024859364567832512,0.005464354339479046,1.939501090483232,0.0,0.0
399,0.02478847714761893,0.005469544768510829,1.9318932777359372,0.0,0.025414276868104935,0.006116248116913167,1.929802959615534,0.0,0.0
400,0.024874763075439704,0.005609826218070728,1.9264937213488988,0.0,0.025326245549050243,0.005909406453032385,1.9416839642958208,0.0,0.0
401,0.025005136439133258,0.005519549051920573,1.9485587789898826,0.0,0.025004648518833248,0.00554359293627468,1.9461056210777976,0.0,0.0
402,0.02490860786998556,0.005549144787004306,1.9359463510059176,0.0,0.025094175372611393,0.005636095577342944,1.9458080313422463,0.0,0.0
403,0.02483171069373687,0.0053675252212477586,1.9464186032613118,0.0,0.025290860709818928,0.005959194153547287,1.9331666773015803,0.0,0.0
404,0.024779131458628745,0.005479323821851895,1.9299808116186232,0.0,0.02491156333549456,0.005647733722898093,1.9263829859820278,0.0,0.0
405,0.024922926555432025,0.005665330881518977,1.92575961067563,0.0,0.025040182200345127,0.005670038940892978,1.9370143630287864,0.0,0.0
406,0.02464649152188074,0.0053485975090769074,1.9297894551640464,0.0,0.025219237093221058,0.006037902510301633,1.9181334972381592,0.0,0.0
407,0.02488924576235669,0.005613005110284402,1.927624103568849,0.0,0.025301799008792095,0.005959681108255278,1.9342118284919045,0.0,0.0
408,0.024770356714725494,0.005447249061294964,1.9323108139492216,0.0,0.02475604550404982,0.005421045786616477,1.9335000189867886,0.0,0.0
409,0.024856974902961935,0.005509126676423918,1.9347848778679257,0.0,0.024904292246157474,0.005630085498771884,1.9274207028475674,0.0,0.0
410,0.02476008240843103,0.005514321571570777,1.9245761377470834,0.0,0.02469944107261571,0.0054481418972665615,1.925129922953519,0.0,0.0
411,0.024632217761661326,0.0054316445519881585,1.9200573478426253,0.0,0.024956000630151142,0.0058024796149270105,1.9153521602804011,0.0,0.0
412,0.024868839509075598,0.005687554300363574,1.9181285670825414,0.0,0.02499836158346046,0.005699152973565188,1.9299209334633567,0.0,0.0
413,0.02475707033382995,0.005396651636276927,1.9360419171197074,0.0,0.025071806359020146,0.0057767825201153755,1.9295024329965764,0.0,0.0
414,0.024849628719190758,0.005475821904838085,1.9373807452973866,0.0,0.025074028494683178,0.005704655862328681,1.9369372996416958,0.0,0.0
415,0.024716363421508243,0.005397880649460214,1.9318483301571436,0.0,0.024909547276117584,0.005742525173859162,1.9167022596706043,0.0,0.0
416,0.024791827247965904,0.005488603774990354,1.9303223831312997,0.0,0.024958993223580448,0.005692748818546534,1.9266245040026577,0.0,0.0
417,0.024747327014449098,0.0054540083787980535,1.9293318901743208,0.0,0.025028325109319252,0.0058142919601364565,1.9214033430272883,0.0,0.0
418,0.024792959736216636,0.005545889969826454,1.9247070181937445,0.0,0.025352153080430897,0.0060237784107977695,1.9328375187787143,0.0,0.0
419,0.02479599624694813,0.005489283795690253,1.9306712775003343,0.0,0.024882206693291664,0.005651188125325875,1.9231019453568892,0.0,0.0
420,0.02467293030626717,0.005510570714250207,1.9162360287847973,0.0,0.024972888217730957,0.0057398732751607895,1.923301555893638,0.0,0.0
421,0.024846653720097884,0.005539811892612349,1.930684228738149,0.0,0.024959888817234474,0.005612594498829408,1.9347294677387585,0.0,0.0
422,0.02470416340622164,0.005402537317769159,1.9301626710664659,0.0,0.024482757022435016,0.0051510263742371035,1.933173114603216,0.0,0.0
423,0.024738312344111148,0.005469031232808318,1.9269281427065532,0.0,0.02465898763727058,0.005333011631261219,1.93259765885093,0.0,0.0
424,0.024964540930730954,0.005535789687807362,1.9428751610574269,0.0,0.025189767168326813,0.005649461961266669,1.9540305896238848,0.0,0.0
425,0.024747053604750407,0.005337367510600459,1.9409686582429069,0.0,0.02518255077302456,0.005847530100833286,1.93350211056796,0.0,0.0
426,0.0246876221416252,0.005414035947372516,1.927358675570715,0.0,0.024496118961410088,0.005294765980744904,1.920135335488753,0.0,0.0
427,0.024592387667369275,0.005433884471477498,1.9158503725415184,0.0,0.025093676353042774,0.005931549705564976,1.9162126779556274,0.0,0.0
428,0.024627427393127056,0.00543381687852421,1.9193610917954218,0.0,0.02475506253540516,0.005573871672492136,1.9181190837513318,0.0,0.0
429,0.024667072109878063,0.00548885241594343,1.9178220005262465,0.0,0.025052155791358513,0.005891241937537085,1.9160914637825706,0.0,0.0
430,0.024792527070357687,0.005524302378208155,1.926822528952644,0.0,0.024584601548585026,0.005294290709901939,1.9290310903029009,0.0,0.0
431,0.024554455209346043,0.005233215456384988,1.932124030022394,0.0,0.025125775824893604,0.005923275073820894,1.9202500798485496,0.0,0.0
432,0.024514353789743922,0.005394078768967163,1.9120275293077742,0.0,0.024708996103568512,0.005547946234318343,1.9161050644787876,0.0,0.0
433,0.024491109441788422,0.005327615476701231,1.9163494507471721,0.0,0.02500940097326582,0.005938871594315226,1.907052993774414,0.0,0.0
434,0.024792439038200036,0.005573644857144072,1.921879456156776,0.0,0.02529801834713329,0.00598217538473281,1.9315843690525403,0.0,0.0
435,0.024605965640928065,0.005321015642645459,1.9284950494766235,0.0,0.02463144724341956,0.005418467293070121,1.921298081224615,0.0,0.0
436,0.02472166952100538,0.005506010637396858,1.9215659215336753,0.0,0.024619715626944195,0.005402172068980607,1.9217543927105991,0.0,0.0
437,0.024643500690304097,0.0054244672591310175,1.9219033888408117,0.0,0.02479871768843044,0.0056551600044423885,1.914355830712752,0.0,0.0
438,0.024744529986665362,0.005502314007441912,1.9242216490563893,0.0,0.024924987249753693,0.0056234600699760695,1.930152784694325,0.0,0.0
439,0.024534045142077264,0.005375891801945511,1.9158153874533517,0.0,0.02450773153792728,0.005494833712212064,1.901289853182706,0.0,0.0
440,0.024501018935725802,0.005430153083233606,1.907086642015548,0.0,0.02498426711694761,0.005848593544214964,1.9135674021460793,0.0,0.0
441,0.024800428854567663,0.00553126899259431,1.9269160543169295,0.0,0.024701306935061108,0.005355095152150501,1.9346212257038464,0.0,0.0
442,0.024715832257199855,0.005417421659720796,1.9298411068462191,0.0,0.024741128595037895,0.005445998246696862,1.9295131076465954,0.0,0.0
443,0.024660956247576644,0.0053410830885349285,1.9319873792784554,0.0,0.024449603293429722,0.005238879302685911,1.9210724613883279,0.0,0.0
444,0.024632313377445654,0.0053693261108405535,1.9262987744240534,0.0,0.024993821809237652,0.005729158281941305,1.9264663674614646,0.0,0.0
445,0.0245152750008163,0.0054075461867753236,1.910772939523061,0.0,0.024945968762040138,0.005890431644564325,1.9055537960746072,0.0,0.0
446,0.024429712178451673,0.005339307222692739,1.9090405248460316,0.0,0.0247056782245636,0.005641756325282834,1.9063921733336016,0.0,0.0
447,0.02438899426765385,0.005279501567461661,1.9109493181819008,0.0,0.025199173187667675,0.006090408614413304,1.9108765016902576,0.0,0.0
448,0.024533522404020743,0.005379652249671164,1.9153870713143122,0.0,0.024836685169826855,0.005629521117291667,1.9207164374264805,0.0,0.0
449,0.024723566846833342,0.0054807292874015515,1.9242837911560422,0.0,0.02444926513866945,0.0051355062221938915,1.9313759478655728,0.0,0.0
450,0.024736830299454077,0.005361591199679034,1.9375239752587818,0.0,0.02472954209555279,0.005387355742806738,1.9342186776074497,0.0,0.0
451,0.02466296400165274,0.005406135183182501,1.925682939234234,0.0,0.024587878280065277,0.005299166606908495,1.9288711764595725,0.0,0.0
452,0.024464254178816362,0.00529180109567408,1.9172453539712089,0.0,0.0246524013240229,0.005501592701131647,1.9150809049606323,0.0,0.0
453,0.02451289573773032,0.0053276724425987115,1.9185223494257246,0.0,0.02479720776053992,0.005575267132371664,1.9221941015937112,0.0,0.0
454,0.0245675959491304,0.005382896567295704,1.9184700137092954,0.0,0.024866309355605732,0.0057201634415171366,1.9146146340803667,0.0,0.0
455,0.024379712396434376,0.00520388470474808,1.9175828184400285,0.0,0.02424630184065212,0.005201272793452848,1.904502977024425,0.0,0.0
456,0.024438340394269852,0.005297126836099085,1.9141214035806202,0.0,0.024665262550115585,0.005610877605663104,1.9054385315288196,0.0,0.0
457,0.02456258051097393,0.00549302027849037,1.9069560454005288,0.0,0.024417928504672917,0.005250296343795278,1.9167632189663975,0.0,0.0
458,0.024575606565035525,0.005379398436551648,1.9196208403224038,0.0,0.024820915846662087,0.005589683921161023,1.923123229633678,0.0,0.0
459,0.02439017274550029,0.005311469558537716,1.907870357944852,0.0,0.024375177242539146,0.005266109777783806,1.9109067700125955,0.0,0.0
460,0.024607822653793153,0.005365704385829824,1.924211865379697,0.0,0.02459763464602557,0.005334134679287672,1.9263500733809038,0.0,0.0
461,0.024550901725888252,0.00540294330788865,1.914795886902582,0.0,0.02456638233905489,0.005316600965505297,1.9249781912023372,0.0,0.0
462,0.024678917557355903,0.00540961987072868,1.9269298371814547,0.0,0.024675672873854637,0.0053766628896648235,1.92990103634921,0.0,0.0
463,0.02437441117529358,0.005203922212656055,1.9170489453134083,0.0,0.024630677632310173,0.0055884307419711895,1.9042247100309893,0.0,0.0
464,0.024509451662500698,0.005461010427790738,1.904844153495062,0.0,0.024610977958549152,0.005501063201915134,1.9109915820035068,0.0,0.0
465,0.02451910464359181,0.005375975377059409,1.9143129757472448,0.0,0.02513103661212054,0.005991843105717139,1.9139194380153308,0.0,0.0
466,0.024492945921208178,0.005332707261134472,1.9160239072073073,0.0,0.024430715563622387,0.00528693584386598,1.914378046989441,0.0,0.0
467,0.024322555400431156,0.005168672296262923,1.9153883655865986,0.0,0.024625225500627,0.00553866924548691,1.9086556434631348,0.0,0.0
468,0.024510723760440237,0.005448727413923258,1.906199642590114,0.0,0.02442567473785444,0.005335677711462433,1.9089997898448596,0.0,0.0
469,0.024324419331692514,0.005282409633288071,1.9042010108629863,0.0,0.024211093275384468,0.005188729360022328,1.902236450802196,0.0,0.0
470,0.024345645636674903,0.005322477214836648,1.902316879658472,0.0,0.024498446590521118,0.0054613882675766945,1.9037059328772805,0.0,0.0
471,0.024421153323990957,0.005381712069114049,1.9039441574187506,0.0,0.024841077456420117,0.005827742036093365,1.901333592154763,0.0,0.0
472,0.024384010450116227,0.0053022797552070445,1.908173109803881,0.0,0.024150134656916965,0.005094414661553773,1.905572067607533,0.0,0.0
473,0.02444345818921214,0.005436937757102507,1.900652099223364,0.0,0.024504523554986172,0.00549585156312043,1.9008672345768323,0.0,0.0
474,0.024270768898228805,0.005260309115761802,1.9010460263206845,0.0,0.02519708126783371,0.006264946465803819,1.8932134671644731,0.0,0.0
475,0.024547746892841088,0.005441616400189343,1.910613096895672,0.0,0.024335038594224236,0.005215452539480545,1.9119586511091753,0.0,0.0
476,0.02427997391316153,0.005275008601269552,1.9004965679986137,0.0,0.024348759854381733,0.0052518447099084205,1.9096915288404985,0.0,0.0
477,0.024540562448757037,0.005401046192716984,1.913951677935464,0.0,0.024648324163122612,0.0054040671410885725,1.9244257645173506,0.0,0.0
478,0.024453160707794484,0.005240018446264523,1.9213142480169023,0.0,0.024640080773017624,0.005494253582913767,1.9145827726884321,0.0,0.0
479,0.02417791271138759,0.0051736989213774605,1.9004214292480832,0.0,0.02472989464348013,0.005841383795169267,1.8888511224226519,0.0,0.0
480,0.024319367749350413,0.005387047305703163,1.893232090132577,0.0,0.024445490742271595,0.005371222949840806,1.907426823269237,0.0,0.0
481,0.024507629685103893,0.005374011228836718,1.91336190700531,0.0,0.02453179234130816,0.005365876819599758,1.9165916009382769,0.0,0.0
482,0.024337845987507274,0.005300410679497179,1.903743584950765,0.0,0.024526797912337563,0.005539426156743007,1.8987372246655552,0.0,0.0
483,0.024236960380914666,0.005259620945989376,1.8977339608328683,0.0,0.024515435268933124,0.005564020777290518,1.8951415365392512,0.0,0.0
484,0.024393035276305108,0.005394954267623169,1.899808134351458,0.0,0.02427392994815653,0.005241968415000222,1.9031961939551614,0.0,0.0
485,0.02442840092061531,0.005382291606760451,1.9046109716097515,0.0,0.02447163432159207,0.005319410935044289,1.9152223847129128,0.0,0.0
486,0.024314779832604386,0.005218861846341973,1.909591828073774,0.0,0.024494163184003395,0.005420868158001791,1.9073295484889636,0.0,0.0
487,0.02446042014552014,0.005402511573352274,1.9057909023194086,0.0,0.02438658323477615,0.005270344416864894,1.9116239547729492,0.0,0.0
488,0.024232135775188606,0.005159291638327497,1.907284452801659,0.0,0.024606117132035168,0.005538590421730822,1.906752727248452,0.0,0.0
489,0.024394252027074497,0.005316786689772492,1.9077465647742862,0.0,0.024322984740138054,0.005213770443912257,1.9109214327552102,0.0,0.0
490,0.0244908377616888,0.005330741837886828,1.9160096475056239,0.0,0.02430048669603738,0.005105352304367857,1.919513463973999,0.0,0.0
491,0.024405550433411485,0.005294732150754758,1.911081870396932,0.0,0.02456533129919659,0.0054727638648314906,1.909256794235923,0.0,0.0
492,0.02443624536196391,0.005233065158660922,1.9203180812654042,0.0,0.024190980094400318,0.005001677411862395,1.9189303138039329,0.0,0.0
493,0.024264897175488017,0.005127420549147895,1.913747733547574,0.0,0.024354893883520908,0.005401955028487878,1.895293951034546,0.0,0.0
494,0.02424851015564941,0.0053469655103981495,1.89015451499394,0.0,0.02441475862129168,0.005448893559249965,1.8965865481983533,0.0,0.0
495,0.024346743444246904,0.005352750697749711,1.8993993146078927,0.0,0.024762590500441464,0.005760991818864237,1.9001598900014705,0.0,0.0
496,0.024660698492966947,0.005427910125858727,1.9232788738750277,0.0,0.02440967292270877,0.004994451555169441,1.9415221864526921,0.0,0.0
497,0.0242053558606477,0.005058175296567026,1.9147181085177831,0.0,0.024660710245370865,0.005685432052070444,1.8975278030742297,0.0,0.0
498,0.02422491895655791,0.005212635056869615,1.90122842221033,0.0,0.024200729517774147,0.0051680796525695105,1.9032650535756892,0.0,0.0
499,0.024374315337765785,0.005332543714238065,1.9041771973882402,0.0,0.024465930902145126,0.005419610745527528,1.9046320698478005,0.0,0.0
500,0.024257338428426357,0.005109443761674421,1.914789509205591,0.0,0.024445025927641174,0.005272701678966934,1.9172324700789019,0.0,0.0
501,0.02437231738475107,0.0052712628385052085,1.9101054753576006,0.0,0.02436533621089025,0.005312280094420368,1.9053056998686357,0.0,0.0
502,0.024426000237110116,0.005360548051872424,1.906545272895268,0.0,0.024538310075348072,0.00540704489685595,1.913126598704945,0.0,0.0
503,0.02424115523518551,0.005159512932767116,1.908164279801505,0.0,0.0243896965614774,0.005299470091069286,1.9090227213772861,0.0,0.0
504,0.024186271154099985,0.005115396065992259,1.9070875531151181,0.0,0.0242204490033063,0.0052188733084635305,1.9001576575365933,0.0,0.0
505,0.024350833901692005,0.005293681508018857,1.905715300923302,0.0,0.024396930905905636,0.005292145831679756,1.9104785377329045,0.0,0.0
506,0.02424708359120857,0.0052647023860897335,1.8982381536847068,0.0,0.02444611709903587,0.005387675186449831,1.9058442224155774,0.0,0.0
507,0.02432581006238858,0.005183234073532124,1.9142576512836276,0.0,0.024464858357201923,0.005267403342507102,1.9197455427863381,0.0,0.0
508,0.024344374203965777,0.005241751737360444,1.9102623008546376,0.0,0.02406352368945425,0.004984216214242307,1.9079308076338335,0.0,0.0
509,0.024209317573834033,0.005172194968465538,1.90371230670384,0.0,0.024408593943173237,0.005444901529699564,1.896369294686751,0.0,0.0
510,0.024426938655475777,0.005279088836340677,1.9147850445338659,0.0,0.02413232099603523,0.004992803135378795,1.9139518629420886,0.0,0.0
511,0.02444729222250836,0.005304953116657478,1.9142339513415383,0.0,0.024565324864604256,0.005414730869233608,1.915059436451305,0.0,0.0
512,0.02410205010147322,0.005030748977636297,1.9071301619211833,0.0,0.0245725636116483,0.005724975585260175,1.8847588300704956,0.0,0.0
513,0.02439892500461567,0.005454875035433187,1.8944050329072135,0.0,0.02470315010710196,0.005492168267003514,1.9210981997576626,0.0,0.0
514,0.02419142850807735,0.0050121185070435914,1.9179310571579706,0.0,0.024276210672476074,0.005197855707427318,1.9078354943882336,0.0,0.0
515,0.02412073744372243,0.0051775905747143995,1.8943147432236445,0.0,0.02388716929338195,0.004986965901811014,1.890020402995023,0.0,0.0
516,0.024137686538909162,0.005184082081541419,1.895360481171381,0.0,0.024122147905555637,0.005224999590692195,1.8897148912603206,0.0,0.0
517,0.024260304557780426,0.005332250148057938,1.8928054883366539,0.0,0.024353614415634762,0.005374544130807573,1.897907094521956,0.0,0.0
518,0.02433697630961736,0.005235195304045365,1.9101781419345312,0.0,0.024494478817690502,0.005442864557897503,1.9051614674654873,0.0,0.0
519,0.024197499090362163,0.005195436500278967,1.9002062933785575,0.0,0.024716720831665127,0.005717586090957577,1.8999135060743852,0.0,0.0
520,0.024266005981536137,0.005293268361128867,1.897273804460253,0.0,0.024584235284816135,0.005594830409708348,1.8989405198530718,0.0,0.0
521,0.02414346193628652,0.005158540959070835,1.898492123399462,0.0,0.024415129965001888,0.005448824133385311,1.8966306339610706,0.0,0.0
522,0.02428980056373846,0.005270057036319659,1.9019743856929598,0.0,0.024193725125356155,0.005190222608772191,1.9003502889112993,0.0,0.0
523,0.024160425356101422,0.005172231922014838,1.8988194039889745,0.0,0.024027958512306213,0.0050929855470630255,1.8934973153201016,0.0,0.0
524,0.024123184471612887,0.005232360169646286,1.889082480044592,0.0,0.024452876468951053,0.005547524683854796,1.8905352354049683,0.0,0.0
525,0.024103675747201556,0.0052399291058204,1.8863747119903564,0.0,0.02455074323171919,0.005686948964880271,1.8863794586875222,0.0,0.0
526,0.02427127074805044,0.00529343039462609,1.897784085500808,0.0,0.024154330349781296,0.005100656978108666,1.9053673419085415,0.0,0.0
527,0.024174748387719904,0.005194974536564024,1.897977420261928,0.0,0.02415302497419444,0.005025904710319909,1.9127120538191362,0.0,0.0
528,0.024206439920124553,0.005063367730361365,1.914307279246194,0.0,0.02404407428746874,0.005050299689173698,1.8993774977597324,0.0,0.0
529,0.024165782944432328,0.005198342709003815,1.8967440724372864,0.0,0.024479830129580063,0.005524390885098414,1.8955439871007747,0.0,0.0
530,0.024236467134739672,0.0052996521117165685,1.8936815517289298,0.0,0.024446212432601234,0.005416088652881709,1.9030124274167148,0.0,0.0
531,0.024162335809142815,0.005023941026246618,1.9138395161855788,0.0,0.024371119724078613,0.005364284850656986,1.9006835655732588,0.0,0.0
532,0.024112416253913017,0.005162064501616571,1.8950352271397908,0.0,0.02385737052695318,0.004905510355125774,1.8951860449530862,0.0,0.0
533,0.024078118393108958,0.0051312703650356044,1.8946848313013713,0.0,0.0241665838455612,0.005124237388372421,1.904234680262479,0.0,0.0
534,0.024141121034820873,0.005039318176429896,1.910180341629755,0.0,0.023872879587791183,0.004774834960699081,1.9098045175725764,0.0,0.0
535,0.024198447531532673,0.005102504643478564,1.9095943059240068,0.0,0.023944374004548245,0.004963140426711602,1.89812340519645,0.0,0.0
536,0.024045497622518314,0.005163261478412009,1.8882236764544533,0.0,0.02452174218540842,0.005684219216081229,1.8837523568760266,0.0,0.0
537,0.024001381404343106,0.005218602539527984,1.8782779091880435,0.0,0.024248421361500568,0.005452620119533755,1.8795801942998713,0.0,0.0
538,0.024080994051127208,0.005167954778742222,1.8913039792151678,0.0,0.023927384648810734,0.005075223193588582,1.8852162036028774,0.0,0.0
539,0.02428635914943048,0.005327580518843163,1.8958779119309925,0.0,0.024856656112454155,0.005823091730814089,1.9033564979379827,0.0,0.0
540,0.02406345330001343,0.005096583416508068,1.8966870166006542,0.0,0.02439607036384669,0.0055415107529949055,1.8854560201818293,0.0,0.0
541,0.0240615282562517,0.0051699421435062376,1.8891586405890328,0.0,0.024117616936564445,0.0052193204279650345,1.8898296789689497,0.0,0.0
542,0.024248715445754073,0.005287447301227422,1.896126852149055,0.0,0.02454873580824245,0.005527880974113941,1.902085542678833,0.0,0.0
543,0.023950966562898385,0.004992704627858032,1.8958262290273393,0.0,0.02409141832454638,0.005254221360453151,1.883719726042314,0.0,0.0
544,0.024135143363050053,0.005267730614702616,1.886741334483737,0.0,0.024043182588436386,0.00504096703265201,1.900221586227417,0.0,0.0
545,0.024090754001268318,0.005145519561622115,1.894523473013015,0.0,0.023879746652462265,0.004973740020597523,1.8906007354909724,0.0,0.0
546,0.02393663368586983,0.005088611117874582,1.884802324431283,0.0,0.023783666843717747,0.005012596110728654,1.8771071325648914,0.0,0.0
547,0.024043499846898374,0.005235568753310612,1.8807931599162875,0.0,0.024405169554732063,0.005508795295926658,1.8896374377337368,0.0,0.0
548,0.023985225618595167,0.00507182498196406,1.891340093953269,0.0,0.02448541857302189,0.005614633502607996,1.8870785344730725,0.0,0.0
549,0.024153438751541433,0.005231550717282863,1.892188841388339,0.0,0.024442172693935307,0.005444000686772845,1.899817249991677,0.0,0.0
550,0.024220375654598076,0.005325716831499622,1.8894659422692799,0.0,0.024264799600297756,0.005275373262437907,1.8989427089691162,0.0,0.0
551,0.02423382656914847,0.00514613374114214,1.908769312359038,0.0,0.024347192015160214,0.005281595767221667,1.9065596515482122,0.0,0.0
552,0.024202712234996614,0.005145188421010971,1.9057524232637315,0.0,0.024090229787609795,0.005117770093916492,1.8972460573369807,0.0,0.0
553,0.02420103062121641,0.005172090305547629,1.9028940825235277,0.0,0.023893906650218098,0.004841956394639882,1.9051950086246838,0.0,0.0
554,0.02399597760467302,0.005077230145356485,1.8918747930299669,0.0,0.02411411347037012,0.0052651232531802225,1.8848990527066318,0.0,0.0
555,0.023939017206430435,0.005082134390249848,1.885688304901123,0.0,0.024116243997758084,0.005295837044038556,1.882040717385032,0.0,0.0
556,0.024015790871566252,0.005044834433300864,1.8970957029433477,0.0,0.023796092210845513,0.004908618559552865,1.888747432015159,0.0,0.0
557,0.02410299987310455,0.0051896691632767515,1.8913331344014122,0.0,0.024242523380301216,0.005356634078039365,1.8885889595205134,0.0,0.0
558,0.024005665488186338,0.005103447851503179,1.8902217972846258,0.0,0.024059992452914066,0.005137535150755535,1.892245802012357,0.0,0.0
559,0.023997004764775436,0.005082079636243482,1.8914925768261863,0.0,0.024208043617281048,0.005371490112421187,1.883655385537581,0.0,0.0
560,0.023988545029645876,0.005191773076408676,1.8796772445951189,0.0,0.024267745796929707,0.0054986529390920295,1.8769092993302778,0.0,0.0
561,0.023957056924700737,0.0051575292988369865,1.8799528252510798,0.0,0.02424640293148431,0.005435860715806484,1.8810542821884155,0.0,0.0
562,0.023930227517017295,0.00519923111867337,1.8730996733620053,0.0,0.02428657239810987,0.005524173082614487,1.8762399608438665,0.0,0.0
563,0.02394112984516791,0.005100797085712354,1.8840333223342896,0.0,0.024238250641660256,0.0053831682201813565,1.8855082663622769,0.0,0.0
564,0.02409585073058094,0.005187569108481209,1.8908282319704692,0.0,0.024220067499713463,0.005252791272306984,1.896727670322765,0.0,0.0
565,0.024111523159912655,0.005106667777346004,1.9004855865523929,0.0,0.023973842405460098,0.005028468662534247,1.8945373838598079,0.0,0.0
566,0.023979267105460167,0.005120551047314491,1.885871654465085,0.0,0.02411611056463285,0.005190159321169962,1.8925951394167813,0.0,0.0
567,0.024022664520002547,0.005040584630998117,1.8982080249559312,0.0,0.024007544429464775,0.005057557655329054,1.8949987346475774,0.0,0.0
568,0.023977193005737803,0.005095109947779704,1.8882083495457966,0.0,0.02404332702810114,0.00520778697153384,1.8835540901530872,0.0,0.0
569,0.023969654747772785,0.005222931859039125,1.8746723277228219,0.0,0.02380928329446099,0.0051086860793558035,1.8700597286224365,0.0,0.0
570,0.02386040378007151,0.0050973365127685525,1.8763067750703721,0.0,0.02388705685734749,0.005068778293207288,1.8818279396403919,0.0,0.0
571,0.024000787087494417,0.005210181443198096,1.8790606090000697,0.0,0.02406688491729173,0.005228420211510224,1.8838464671915227,0.0,0.0
572,0.024109323996873128,0.005208320178401967,1.8901004450661796,0.0,0.024196282875808803,0.005190951792015271,1.9005331234498457,0.0,0.0
573,0.023920268130799133,0.004921568906866014,1.8998699585596721,0.0,0.024234942245212467,0.005207990973510526,1.9026951681483875,0.0,0.0
574,0.023752361979512943,0.004898384185729637,1.885397820245652,0.0,0.024033395742828197,0.00529003803702918,1.8743357983502476,0.0,0.0
575,0.023902741260826588,0.005129871889948845,1.877286970615387,0.0,0.02450006827712059,0.005733134944669225,1.8766933246092363,0.0,0.0
576,0.02394015204516195,0.005089671750153814,1.8850480970882235,0.0,0.023851173506541687,0.005056223578073762,1.8794950463555076,0.0,0.0
577,0.024262389256840662,0.005391131631941313,1.8871258071490697,0.0,0.024216474457220596,0.005148168187588453,1.9068306901238181,0.0,0.0
578,0.023984723236589206,0.005002187398661461,1.8982536225091844,0.0,0.024391457946463066,0.005431448532776399,1.8960009921680798,0.0,0.0
579,0.02404622050623099,0.0050714284381163975,1.897479241802579,0.0,0.023993589322675358,0.0049390954134816475,1.9054494120857932,0.0,0.0
580,0.024060303655763466,0.0050713868944772655,1.8988917299679346,0.0,0.024118558249690315,0.005147207295522094,1.897135160186074,0.0,0.0
581,0.023927132865147933,0.005004856774273018,1.8922276411737715,0.0,0.024518931792540985,0.005715615539388223,1.8803316788239912,0.0,0.0
582,0.024068746449691907,0.005287799141591503,1.878094738438016,0.0,0.02427811785177751,0.005373819180848924,1.8904299302534624,0.0,0.0
583,0.02411496980736653,0.005169326816463754,1.8945643504460652,0.0,0.02440708875656128,0.005464210894636132,1.894287813793529,0.0,0.0
584,0.024356076094721044,0.005212774217527892,1.914330244064331,0.0,0.024073840203610333,0.004845486191863363,1.9228354367342861,0.0,0.0
585,0.023745624082429067,0.004710671586161922,1.90349528051558,0.0,0.0236666566607627,0.004906712502071803,1.8759944438934326,0.0,0.0
586,0.024154671423491977,0.005288739134335802,1.8865932850610643,0.0,0.02422517165541649,0.005233279006047683,1.8991893421519885,0.0,0.0
587,0.024063223307686194,0.005052694751481924,1.9010529120763142,0.0,0.023922167549079113,0.004977036606181751,1.8945131301879883,0.0,0.0
588,0.023996073043062574,0.005168862918037034,1.882721049445016,0.0,0.02395526353608478,0.0051168831573291254,1.8838380791924216,0.0,0.0
589,0.023869795148216542,0.005044741799966211,1.8825053913252694,0.0,0.024405738508159466,0.005529371386563236,1.887636737389998,0.0,0.0
590,0.024090347190697987,0.0051943411651466575,1.889600660119738,0.0,0.0238243526017124,0.0048304971900175915,1.8993855931542136,0.0,0.0
591,0.023996243342047648,0.00510921451218781,1.8887029176666623,0.0,0.02380595508624207,0.005044375588609414,1.876157988201488,0.0,0.0
592,0.023859871684440544,0.005082606975477012,1.8777265094575428,0.0,0.023970772258260033,0.005197087048806928,1.877368601885709,0.0,0.0
593,0.023886502543020816,0.00512854808143207,1.8757954921041216,0.0,0.023933968930081886,0.005211557388644327,1.872241193597967,0.0,0.0
594,0.024002006233093284,0.005129554586130239,1.8872452207974024,0.0,0.024057192897254772,0.005042011129923842,1.901518247344277,0.0,0.0
595,0.02398995580595164,0.004989876921865202,1.9000079404740107,0.0,0.024007045409896156,0.005090676586736332,1.8916369134729558,0.0,0.0
596,0.02387052432944377,0.00505869255201625,1.8811832269032795,0.0,0.024427341466600246,0.0055677236311815,1.885961803522977,0.0,0.0
597,0.024067473597824574,0.005163234869195591,1.8904239166350592,0.0,0.024143507873470135,0.005134698215194724,1.9008810303427957,0.0,0.0
598,0.02371921239509469,0.004806430084586498,1.8912782669067383,0.0,0.023835310881788082,0.005067382727495648,1.8767928860404275,0.0,0.0
599,0.023859814031138307,0.005078761417063929,1.878105308328356,0.0,0.023731803182851185,0.004941733765669845,1.8790069385008379,0.0,0.0
600,0.02421666375760521,0.0051974321083564845,1.9019231966563634,0.0,0.024074794047258118,0.004850012207911773,1.9224782206795432,0.0,0.0
601,0.023734467858005138,0.004702007409096474,1.9032460905256725,0.0,0.023984653028574856,0.0051584466445175085,1.8826206922531128,0.0,0.0
602,0.024007885894250302,0.005168814966011615,1.8839071307863509,0.0,0.024104198271578007,0.005193068518895994,1.8911130211570046,0.0,0.0
603,0.02387274588857378,0.004997912605869628,1.8874833527065458,0.0,0.023941985754804176,0.005089589458128268,1.8852396661585027,0.0,0.0
604,0.024021238177305178,0.0050642952278611205,1.895694335301717,0.0,0.023796957155520267,0.004790065175091679,1.900689255107533,0.0,0.0
605,0.023924865139027435,0.005048192233689839,1.8876673238618034,0.0,0.0236825898967006,0.004792461214079099,1.8890129327774048,0.0,0.0
606,0.023851783635715645,0.004940863654372238,1.8910920307749794,0.0,0.023805380714210598,0.004967524458400228,1.8837856271050193,0.0,0.0
607,0.02386236110968249,0.005082206867103066,1.878015467098781,0.0,0.02410438572141257,0.005322950172492049,1.878143548965454,0.0,0.0
608,0.023941519448444956,0.005220039326342798,1.8721480483100528,0.0,0.024234455248171635,0.0053694442930546675,1.886501138860529,0.0,0.0
609,0.023957532342700733,0.005047063631493421,1.8910469242504664,0.0,0.02396674792874943,0.005013758612965996,1.8952990011735396,0.0,0.0
610,0.024001413291054114,0.005105036554769391,1.889637725693839,0.0,0.024169687181711197,0.0052912022749131375,1.887848518111489,0.0,0.0
611,0.023692464633356957,0.004825430816882068,1.8867034372829257,0.0,0.024202509867874058,0.005486806854605675,1.871570348739624,0.0,0.0
612,0.023853287499930178,0.005065787927291933,1.8787499950045632,0.0,0.024146196178414604,0.005239293021573262,1.8906903592022983,0.0,0.0
613,0.02381070481524581,0.005015733640729671,1.879497147741772,0.0,0.024226755411787468,0.005364172075959769,1.8862583853981711,0.0,0.0
614,0.023834407950441044,0.004982254334858486,1.8852154186793737,0.0,0.023912506516684185,0.005052511686120521,1.8859995278445156,0.0,0.0
615,0.02379402695667176,0.004923660030943297,1.8870367265882946,0.0,0.02420078217983246,0.005469577640972354,1.8731205029921099,0.0,0.0
616,0.0237163823718826,0.005033482076777588,1.8682900667190552,0.0,0.023763327944007786,0.005143881944770163,1.8619446320967241,0.0,0.0
617,0.02367415882292248,0.00505342300138658,1.86207362867537,0.0,0.023886259814554996,0.005218816497786479,1.866744334047491,0.0,0.0
618,0.023724318393284365,0.004991965473718231,1.8732353079886663,0.0,0.02384282665496523,0.005143765783445401,1.8699061220342463,0.0,0.0
619,0.02381690844361271,0.005116448737680912,1.8700460195541382,0.0,0.023614184084263714,0.004798241425305605,1.881594267758456,0.0,0.0
620,0.023901508854968206,0.005040334083051199,1.8861175264630998,0.0,0.024116208607500248,0.005144186508418484,1.897202275016091,0.0,0.0
621,0.023833813500546273,0.00495810407613005,1.8875709828876315,0.0,0.024032203311269932,0.005122957962819121,1.8909245621074329,0.0,0.0
622,0.02370256283098743,0.004840320863184475,1.8862242301305134,0.0,0.02375532060184262,0.005038027736273679,1.8717293739318848,0.0,0.0
623,0.023857835813292434,0.005110878109311064,1.874695809114547,0.0,0.023847087201747028,0.00510643145323477,1.874065637588501,0.0,0.0
624,0.023866190397668453,0.004989011734280558,1.8877179026603699,0.0,0.023700065233490684,0.004826876123181798,1.8873189254240557,0.0,0.0
625,0.023810576204033124,0.004956511885947769,1.8854064799490429,0.0,0.024164681576869705,0.005231467308476567,1.893321459943598,0.0,0.0
626,0.023853255435824394,0.004964392637789604,1.8888863154820033,0.0,0.024141235785050827,0.005197114819152789,1.8944121599197388,0.0,0.0
627,0.023775847406969183,0.004846159618214837,1.8929688192549206,0.0,0.024056327783248642,0.00503761118108576,1.9018717137250034,0.0,0.0
628,0.02375891933306342,0.0048817335239922,1.8877186264310564,0.0,0.02390521934086626,0.005119969602674246,1.8785250295292248,0.0,0.0
629,0.023679365847437156,0.0049614672039058946,1.8717899095444452,0.0,0.023940299552949993,0.005314198915253986,1.8626101125370373,0.0,0.0
630,0.023833547807520346,0.005166941715980924,1.8666606517065139,0.0,0.02389492483978922,0.005104474532841282,1.879045139659535,0.0,0.0
631,0.02370333866704078,0.004893317619072539,1.8810021366391863,0.0,0.024059083651412617,0.0053652006370777435,1.8693883635781028,0.0,0.0
632,0.023798023572280294,0.005076223313586698,1.8721800446510315,0.0,0.023667836731130428,0.00483921000903303,1.8828627304597334,0.0,0.0
633,0.02373599119129635,0.004890977765344793,1.8845014174779255,0.0,0.023829429833726448,0.0050181804478845815,1.8811249841343274,0.0,0.0
634,0.023731268631915253,0.004986183263272757,1.874508568218776,0.0,0.023967341604557903,0.0052978601306676865,1.866948203607039,0.0,0.0
635,0.023665174087953,0.005047071913612031,1.8618102499416895,0.0,0.023792894387787037,0.005161709363826297,1.8631185509941794,0.0,0.0
636,0.023872653111105875,0.005117840909709533,1.8754812677701314,0.0,0.023774078793146393,0.004958096679977395,1.8815982775254683,0.0,0.0
637,0.02368048955464647,0.0049087131462459055,1.8771776897566659,0.0,0.023845281451940536,0.00514270682734522,1.870257485996593,0.0,0.0
638,0.023777475181434835,0.005063383047291566,1.8714092458997453,0.0,0.02394020896066319,0.005207803439010273,1.8732406334443525,0.0,0.0
639,0.02381328617533048,0.0050233090629002875,1.8789977516446794,0.0,0.02374946359883655,0.004881320288404822,1.8868143883618442,0.0,0.0
640,0.0238090982838046,0.004954514282179021,1.8854584637142362,0.0,0.023872143334963104,0.004964789714325558,1.8907354311509565,0.0,0.0
641,0.023660246016723768,0.004883510082782734,1.8776736458142598,0.0,0.02384732799096541,0.005147950977764346,1.8699377233331853,0.0,0.0
642,0.023825701636572678,0.005015454504505864,1.8810247495060874,0.0,0.02345166440037164,0.004676834637807174,1.8774830428036777,0.0,0.0
643,0.02381580096802541,0.005069464993929225,1.8746336414700462,0.0,0.02372341857037761,0.00482654323886064,1.8896875814958052,0.0,0.0
644,0.023984527836243313,0.004957973990323288,1.9026554510706948,0.0,0.024111643772233616,0.005184408531270244,1.8927235494960437,0.0,0.0
645,0.02367992535056103,0.004820488093953047,1.8859437846002125,0.0,0.02349112555384636,0.004660413029011001,1.8830712925304065,0.0,0.0
646,0.02371428609781322,0.00490015815012157,1.881412841024853,0.0,0.023816343904896217,0.005050683521072973,1.8765661066228694,0.0,0.0
647,0.023570784500667026,0.004892664828470775,1.8678120034081596,0.0,0.023811741986057976,0.005239489064975219,1.8572253422303633,0.0,0.0
648,0.02399717488636573,0.005213884171098471,1.8783291180928547,0.0,0.023972301828590305,0.004974202506921508,1.8998099565505981,0.0,0.0
649,0.02380689127104623,0.004847829573832098,1.8959062071073622,0.0,0.023959788070483642,0.0051048781130124225,1.885491046038541,0.0,0.0
650,0.02364264570531391,0.004831621251512496,1.8811024796395075,0.0,0.02366992204704068,0.004915723217312585,1.8754199093038386,0.0,0.0
651,0.02369409959231104,0.004935110525582873,1.8758989430609203,0.0,0.023666832596063614,0.004948521667922085,1.8718311244791204,0.0,0.0
652,0.024117483225251948,0.005166541785001755,1.8950941874867393,0.0,0.02390020510012453,0.004908907460048795,1.8991297700188376,0.0,0.0
653,0.023595863820186684,0.004724841542719375,1.8871022746676491,0.0,0.024053577503020115,0.005362588658251546,1.8690989017486572,0.0,0.0
654,0.023660839224855106,0.00494242728953915,1.8718412404968625,0.0,0.023684235459024258,0.004954421215436675,1.87298152663491,0.0,0.0
655,0.02377744990267924,0.005097576777362043,1.8679873659497215,0.0,0.0237566547637636,0.005126212554221804,1.8630443161184138,0.0,0.0
656,0.0237247556270588,0.004938588411148105,1.878616784300123,0.0,0.02333897521550005,0.004577355501665311,1.8761620196429165,0.0,0.0
657,0.023730692276287647,0.00498179071915469,1.874890216759273,0.0,0.02362216247076338,0.004871921783143824,1.8750241019509055,0.0,0.0
658,0.023779423109122684,0.005038354689964936,1.8741068641344707,0.0,0.023702264848080547,0.004855833016335964,1.884643186222423,0.0,0.0
659,0.023824401377212433,0.004965909745632892,1.8858492175738018,0.0,0.023784578523852608,0.004912846510044553,1.8871732299978083,0.0,0.0
660,0.02370455940919263,0.00486829288170806,1.883626707962581,0.0,0.023947298696095295,0.0050770126029171725,1.8870286616412075,0.0,0.0
661,0.02372153311790455,0.004893385200938653,1.8828148472876776,0.0,0.023825068365443836,0.004975926046344367,1.884914224798029,0.0,0.0
662,0.023678681014903953,0.004872154078579375,1.8806527370498294,0.0,0.02345738085833463,0.00475705491209572,1.8700326464392922,0.0,0.0
663,0.0236472249740646,0.004971257361051228,1.8675967965807234,0.0,0.02329728735441511,0.004700163252313028,1.8597124056382612,0.0,0.0
664,0.02366084565541574,0.004927351000896167,1.873349510488056,0.0,0.023775183003057133,0.004915476353331046,1.8859707008708606,0.0,0.0
665,0.023486521582873093,0.004774746446249385,1.871177573998769,0.0,0.023764407431537456,0.005143033171241934,1.8621374585411765,0.0,0.0
666,0.023535989003167265,0.004968365249667494,1.8567624319167364,0.0,0.023869557814164596,0.005315784026275982,1.8553774248469959,0.0,0.0
667,0.023795349656471183,0.00516550385371028,1.8629846374193828,0.0,0.02341576614840464,0.004635673862966624,1.8780092867937954,0.0,0.0
668,0.023758731383298124,0.00492823477058361,1.8830496981030418,0.0,0.023560557345097714,0.004750554322857748,1.8810003779151223,0.0,0.0
669,0.023622920426229637,0.0049104402174374884,1.8712480493954249,0.0,0.02404853921722282,0.005365491971712221,1.8683047728105024,0.0,0.0
670,0.023559419438242912,0.0048996619769327695,1.8659757943380446,0.0,0.02345974218438972,0.004735732027752833,1.8724010424180464,0.0,0.0
671,0.023689169569739273,0.004896919952616805,1.8792250042869931,0.0,0.023842343721877445,0.004956921647218141,1.8885422294790095,0.0,0.0
672,0.023816563676865327,0.00499241393879943,1.882415010815575,0.0,0.023698644204573197,0.004833159883591262,1.8865484541112727,0.0,0.0
673,0.02356327892768951,0.004746616651703205,1.881666274297805,0.0,0.02355914833870801,0.004809084729376164,1.875006448138844,0.0,0.0
674,0.02359711587251652,0.004921839949453161,1.867527635324569,0.0,0.023630967871709305,0.004948816854845394,1.8682151165875522,0.0,0.0
675,0.023577729683546794,0.004853917817984309,1.8723812387103127,0.0,0.02411864342337305,0.005326496056196364,1.87921480699019,0.0,0.0
676,0.02375393755556572,0.004928947481814595,1.882499059041341,0.0,0.0239170083606785,0.005072265863418579,1.8844742991707542,0.0,0.0
677,0.02377855697912829,0.00495769500931991,1.8820862486248924,0.0,0.02350459671155973,0.004660685017535632,1.884391188621521,0.0,0.0
678,0.023493614225160508,0.004690950791839333,1.8802663854190282,0.0,0.023748523301698944,0.005041915754025633,1.8706607818603516,0.0,0.0
679,0.02349750351692949,0.004844067967496812,1.8653436047690255,0.0,0.023917247625914486,0.0052420845974914055,1.8675163334066218,0.0,0.0
680,0.02363259983914239,0.005013039601700646,1.8619560599327087,0.0,0.023802830583669922,0.005121250679208474,1.8681580370122737,0.0,0.0
681,0.023667174036658946,0.0048961502865755135,1.8771024176052638,0.0,0.024178382178599186,0.005479930857704444,1.8698451735756614,0.0,0.0
682,0.02352743214439778,0.004804446483917889,1.8722986153193883,0.0,0.02435011433606798,0.005729195111515847,1.862091985615817,0.0,0.0
683,0.023571454742479892,0.004946776255521746,1.8624678821790785,0.0,0.024224977601658215,0.005541981578889218,1.86829965764826,0.0,0.0
684,0.023675232238712766,0.0049565896181212295,1.8718643074943906,0.0,0.024095112627202816,0.0053753978572785854,1.871971531347795,0.0,0.0
685,0.023618810277964388,0.004905739499788199,1.8713071232750302,0.0,0.023617590015584774,0.00490062895484946,1.8716961904005571,0.0,0.0
686,0.02360497619069758,0.004837389896801185,1.8767586747805278,0.0,0.02381524850021709,0.005038464145565575,1.8776784268292515,0.0,0.0
687,0.0235410336671131,0.004860332390914361,1.868070165316264,0.0,0.024457019499757073,0.0058210677975280714,1.863595193082636,0.0,0.0
688,0.023652923515155203,0.004949799772085888,1.8703124352863856,0.0,0.02383974634788253,0.005151313771917062,1.8688433278690686,0.0,0.0
689,0.023470678455418066,0.004817317212222233,1.8653361712183272,0.0,0.023672262206673622,0.005101366476579146,1.8570896278728137,0.0,0.0
690,0.0234582531044171,0.0048867090095189355,1.8571544545037406,0.0,0.023583537475629288,0.005035280885005539,1.8548257134177468,0.0,0.0
691,0.023648807557211035,0.004984781401054491,1.8664026430674963,0.0,0.023420004512776028,0.004796095742759379,1.862390930002386,0.0,0.0
692,0.023608247793856122,0.004875845663870375,1.8732402523358662,0.0,0.02367281812158498,0.004936237057501619,1.873658147725192,0.0,0.0
693,0.023727557045363244,0.004963720156367691,1.8763837218284607,0.0,0.023832758719270878,0.0049967185424810105,1.8836040496826172,0.0,0.0
694,0.023678480204017388,0.004928943102381059,1.8749537780171348,0.0,0.023727235638282516,0.004864627876403657,1.8862608020955867,0.0,0.0
695,0.023615704538921516,0.0046149905759929905,1.9000714449655443,0.0,0.023430968380787155,0.004538003757426684,1.8892965641888706,0.0,0.0
696,0.023325402378326372,0.004610556970527839,1.8714845918473744,0.0,0.02372529950331558,0.005182391942732714,1.8542907996611162,0.0,0.0
697,0.023533606369580542,0.004971498795341523,1.8562107880910237,0.0,0.023677836426279762,0.00502875531938943,1.8649081641977483,0.0,0.0
698,0.023695664657723336,0.004915902701516946,1.8779762387275696,0.0,0.024381592192433098,0.005456252954900265,1.8925339633768254,0.0,0.0
699,0.0236096064604464,0.004670787181350447,1.8938819737661452,0.0,0.024164515801451424,0.005338486580347473,1.8826029734178023,0.0,0.0
700,0.023428522006032012,0.004766063049568662,1.8662459424563818,0.0,0.02359226600012996,0.005008743652565913,1.8583522276444868,0.0,0.0
701,0.023491364415912402,0.004883305884764663,1.8608058804557437,0.0,0.023790014061060818,0.005152613051574339,1.8637401407415217,0.0,0.0
702,0.023451514630800203,0.004779257251703669,1.86722579456511,0.0,0.023697938431393017,0.005062350029633803,1.8635589209469883,0.0,0.0
703,0.023591304552697,0.004840847830997691,1.8750457167625427,0.0,0.02358113517138091,0.0047756201926280155,1.8805514899167148,0.0,0.0
704,0.023492428341082165,0.0047612169180952365,1.8731211764471871,0.0,0.023786429485136814,0.0050835218703882265,1.8702908212488347,0.0,0.0
705,0.02344808159839539,0.0048633542998383445,1.8584727616537184,0.0,0.023460684513503857,0.0048398340798237105,1.862085071477023,0.0,0.0
706,0.02357116780642952,0.004808211859892167,1.8762956375167483,0.0,0.023740341886878014,0.004801984516565095,1.893835804679177,0.0,0.0
707,0.023544972540722006,0.004660417104051227,1.8884555725824266,0.0,0.023139940744096584,0.004432320361956954,1.8707620664076372,0.0,0.0
708,0.023490607871540954,0.004837993382742363,1.8652614837601071,0.0,0.02328295853327621,0.00466519831256433,1.86177612434734,0.0,0.0
709,0.023608412682300524,0.004971417897780027,1.8636995326905024,0.0,0.023463352329351685,0.004809300817379897,1.8654051694003018,0.0,0.0
710,0.023559763096272945,0.004874980326608888,1.8684783322470528,0.0,0.023653760891069065,0.004962891340255737,1.869087045842951,0.0,0.0
711,0.023357200835432326,0.004758947806078054,1.8598253443127586,0.0,0.02351649342612787,0.005018335767090321,1.8498158563267102,0.0,0.0
712,0.023648347350813094,0.0049453724530481155,1.8702975312868755,0.0,0.023472174832766705,0.00479954413392327,1.8672631220384077,0.0,0.0
713,0.023681684574555783,0.004794425142574168,1.8887259733109247,0.0,0.023048211058432407,0.004095424580472437,1.8952786922454834,0.0,0.0
714,0.02353353425860405,0.004730893432029656,1.8802641147658938,0.0,0.02374292402104898,0.004993845285339789,1.8749079595912586,0.0,0.0
715,0.0235497486289768,0.004843984636300732,1.8705764668328422,0.0,0.023774340410124172,0.005084020297297023,1.8690320578488437,0.0,0.0
716,0.02353952918201685,0.004831110116183048,1.8708419317290896,0.0,0.023555559021505443,0.004843580578877168,1.8711979064074429,0.0,0.0
717,0.02347179205112514,0.0047676011177134655,1.8704191332771665,0.0,0.023463129658590664,0.00480769748206843,1.8655432571064343,0.0,0.0
718,0.023608526436700708,0.004962119595369413,1.8646407212529863,0.0,0.023125954818996517,0.004382554674521089,1.8743400573730469,0.0,0.0
719,0.023581860853093013,0.004825378308028337,1.8756482828231085,0.0,0.023583114993843166,0.0048386570574207735,1.8744458501989192,0.0,0.0
720,0.02358638836691777,0.00482294747295479,1.8763441358293806,0.0,0.023174158720807594,0.004377409117296338,1.8796749981966885,0.0,0.0
721,0.02351819963327476,0.004752710566944664,1.8765489288738795,0.0,0.023289289156144314,0.0045625009912658825,1.8726788325743242,0.0,0.0
722,0.02344337482714937,0.004732616606079752,1.871075845900036,0.0,0.02360229363495653,0.004892116835848851,1.8710176836360584,0.0,0.0
723,0.02339363115884009,0.004705478221045009,1.868815351100195,0.0,0.023648313839327206,0.0049781236289577055,1.867019068111073,0.0,0.0
724,0.02368074127783378,0.004792004197259389,1.8888737530935378,0.0,0.023835359649224716,0.004996391944587231,1.8838967951861294,0.0,0.0
725,0.023427110786239307,0.004668440509010993,1.8758670659292311,0.0,0.023484132845293392,0.004752265564589338,1.8731868050315164,0.0,0.0
726,0.023360946703524815,0.004694271078776745,1.8666676027434213,0.0,0.02354253896258094,0.004983000541952523,1.8559539101340554,0.0,0.0
727,0.0235831192029374,0.004895517131358031,1.8687602508635748,0.0,0.023537898774851452,0.004699167139320211,1.8838732134212146,0.0,0.0
728,0.023361547184841975,0.0045643065490626866,1.879724110875811,0.0,0.023528519340536812,0.0048298931849951095,1.8698626214807683,0.0,0.0
729,0.023456129023716563,0.004774256237959932,1.8681873225030445,0.0,0.023321565409952946,0.004658985734832558,1.86625798182054,0.0,0.0
730,0.023373619032402832,0.004731594523902805,1.864202496551332,0.0,0.023757641627029938,0.005070950645445423,1.8686691305854104,0.0,0.0
731,0.023544519075325558,0.004814528849064594,1.8729990692365737,0.0,0.023383740166371517,0.004645099884576418,1.8738640655170788,0.0,0.0
732,0.02336300186635483,0.004702213652698057,1.8660788536071777,0.0,0.02316834320398894,0.00464406025341966,1.8524283279072156,0.0,0.0
733,0.02366749556469066,0.005043345331657855,1.8624150582722254,0.0,0.02397735755551945,0.00534699740819633,1.8630360690030185,0.0,0.0
734,0.023448581009038856,0.004822728490190846,1.8625853146825517,0.0,0.023647460917180233,0.005055863875895739,1.85915977304632,0.0,0.0
735,0.023379442681159292,0.004748274372624499,1.8631168802579243,0.0,0.023361156101931225,0.00477361990223554,1.8587536811828613,0.0,0.0
736,0.023299116330842178,0.0046967952789383986,1.8602321602049328,0.0,0.02356600151820616,0.005082088861275803,1.8483913053165784,0.0,0.0
737,0.023356854427783263,0.004841623794553536,1.8515231155213856,0.0,0.02389875054359436,0.005244147265329957,1.86546038497578,0.0,0.0
738,0.023462499270126932,0.004775837185748276,1.8686662571770805,0.0,0.023538233373652805,0.004811841359531338,1.8726392659274014,0.0,0.0
739,0.02362094402668022,0.004902602938402977,1.871834133352552,0.0,0.023498224263841457,0.00480010106482289,1.8698123693466187,0.0,0.0
740,0.02349006850272417,0.004805155070720329,1.8684913941792078,0.0,0.02375468510118398,0.004940816836262291,1.8813868327574297,0.0,0.0
741,0.02347533901532491,0.00468812201593426,1.8787217225347246,0.0,0.023505327545783737,0.004825344690206376,1.8679983507503162,0.0,0.0
742,0.02365262531453655,0.004892156947226752,1.8760468874658858,0.0,0.023797389458526264,0.004938808777792888,1.8858581239526921,0.0,0.0
743,0.023361481504426115,0.004605968128002826,1.8755513968921842,0.0,0.023537018421021374,0.0049180745316500015,1.8618944666602395,0.0,0.0
744,0.023529987338752972,0.004864382236042903,1.866560575507936,0.0,0.023683990267190067,0.0049248157831078224,1.8759175213900479,0.0,0.0
745,0.023375905473672208,0.004705271001772157,1.8670635109856015,0.0,0.02360057102685625,0.004952949090776118,1.8647622411901301,0.0,0.0
746,0.023469911755195687,0.0047415797044301315,1.8728332405998593,0.0,0.023636432533914394,0.004911809567023407,1.8724623376672918,0.0,0.0
747,0.023490678341615768,0.004691970213094638,1.8798708489962987,0.0,0.023228632286190987,0.004400690276683731,1.8827942501414905,0.0,0.0
748,0.02339168642425821,0.004725885117382166,1.8665801882743835,0.0,0.02380213683301752,0.005194472889839249,1.860766421664845,0.0,0.0
749,0.02351217677018472,0.004930010265005487,1.8582166887464977,0.0,0.023408446291630917,0.004744117232886228,1.866432948545976,0.0,0.0
750,0.02343217163745846,0.004701697688904547,1.8730474313100178,0.0,0.02319263311272318,0.004632341040467674,1.856029293753884,0.0,0.0
751,0.023498249240219593,0.004843460584414147,1.8654789044743492,0.0,0.02336219207129695,0.004671867132525553,1.8690325780348345,0.0,0.0
752,0.023442985135174933,0.004793169498000117,1.8649815775099254,0.0,0.02345338650047779,0.004872065989977934,1.858132080598311,0.0,0.0
753,0.023434847149820554,0.004775212534392874,1.8659635072662717,0.0,0.02360351299020377,0.004932672462680123,1.8670840913599187,0.0,0.0
754,0.023368414136625472,0.004735154121936787,1.863326058501289,0.0,0.023228149861097336,0.00464175654236566,1.8586393486369739,0.0,0.0
755,0.023430081971344493,0.004743440991400608,1.8686641312780834,0.0,0.023512393913485787,0.004849234214899215,1.8663160042329268,0.0,0.0
756,0.023524176107630843,0.004850720127467953,1.8673456339609056,0.0,0.02336210994557901,0.004539604700932448,1.8822505582462659,0.0,0.0
757,0.023483033602436382,0.004600401768194777,1.88826322555542,0.0,0.023362047292969444,0.004565221553837711,1.879682638428428,0.0,0.0
758,0.023262041443515392,0.004581397704203569,1.8680644290787833,0.0,0.02366119030524384,0.005074206570332701,1.8586984114213423,0.0,0.0
759,0.02332827750416029,0.004806621870513828,1.8521655996640523,0.0,0.023660053075714546,0.005063518416136503,1.8596535054120151,0.0,0.0
760,0.02341258561327344,0.004675459199851113,1.8737126957802546,0.0,0.023517027327960186,0.004678264471956275,1.883876302025535,0.0,0.0
761,0.023395804777031855,0.004699198906088159,1.869660632950919,0.0,0.023214993659745563,0.004651254021816633,1.8563739928332241,0.0,0.0
762,0.023329843412197772,0.004771662454697348,1.8558181495893569,0.0,0.023763522336428814,0.005244235127148303,1.8519287651235408,0.0,0.0
763,0.02331567790714048,0.004751757191981943,1.8563921252886455,0.0,0.023470645262436432,0.004930911924351345,1.8539733995090832,0.0,0.0
764,0.023671750688836687,0.00495065932738639,1.87210917756671,0.0,0.023532785644585438,0.004626063883981921,1.890672206878662,0.0,0.0
765,0.023258965240702742,0.004560098528773302,1.8698867247218178,0.0,0.02371199175038121,0.005170731974596327,1.8541260199113325,0.0,0.0
766,0.02339925439584823,0.00476989240962125,1.8629362611543565,0.0,0.023365641859444706,0.004716369238766757,1.8649272918701172,0.0,0.0
767,0.02353205048434791,0.004811939079358819,1.8720111903690158,0.0,0.023447394540364094,0.004597380799664693,1.8850014101375232,0.0,0.0
768,0.02322558788139196,0.0045438796015722415,1.8681708631061373,0.0,0.023688690228895706,0.005043386756865816,1.8645303899591619,0.0,0.0
769,0.023343522500778948,0.004670980214584796,1.8672542515255155,0.0,0.023544270714575596,0.0048763368448073215,1.8667933940887451,0.0,0.0
770,0.023420610287714572,0.004759824263774568,1.866078652086712,0.0,0.02306184240362861,0.004327901152216576,1.8733942075209185,0.0,0.0
771,0.02327784691892919,0.004545020776623417,1.8732826425915672,0.0,0.02334749884903431,0.004645886047827927,1.8701613599603826,0.0,0.0
772,0.02346080918574617,0.004731369903311133,1.8729439746765864,0.0,0.023399931463328274,0.00469860449348661,1.870132717219266,0.0,0.0
773,0.023428464884914103,0.004747867107480055,1.8680598026230222,0.0,0.02309516410936009,0.004463630072264509,1.8631534576416016,0.0,0.0
774,0.02325967317890553,0.004655781689853896,1.860389198575701,0.0,0.023391337049278347,0.004828417229212143,1.8562920418652622,0.0,0.0
775,0.023327052814974672,0.004792212641664914,1.8534840629214333,0.0,0.02343107827685096,0.004841401961378076,1.8589676726948132,0.0,0.0
776,0.023391580253484704,0.004719677309150852,1.867190352508,0.0,0.023333112116564404,0.004689073909751393,1.8644038438796997,0.0,0.0
777,0.02327680756293592,0.004726906384651859,1.8549901729538327,0.0,0.023784190924330192,0.0052090774036266585,1.8575113903392444,0.0,0.0
778,0.023280072735533827,0.004699821988608511,1.8580251250948225,0.0,0.023590172556313602,0.005036768926815553,1.8553404157811946,0.0,0.0
779,0.023295361548662186,0.004681120033464616,1.8614241934957958,0.0,0.023447537286715073,0.004908161534165794,1.8539376150478015,0.0,0.0
780,0.02339451511700948,0.00474941437797887,1.8645101189613342,0.0,0.02376119199801575,0.0051347237418998375,1.8626469048586758,0.0,0.0
781,0.023243035588945662,0.004689301048139376,1.855373496101016,0.0,0.0237058335068551,0.005262313622303985,1.8443520936098965,0.0,0.0
782,0.02327660249457473,0.004667921468526835,1.8608681502796354,0.0,0.023971798914400013,0.0052635347555306826,1.8708264394239946,0.0,0.0
783,0.023273148529586337,0.00458150289376222,1.8691646172886802,0.0,0.023754622448574413,0.005244205536490137,1.8510417396372014,0.0,0.0
784,0.023302064277231693,0.004817695866915442,1.8484368750027247,0.0,0.023416015742854637,0.004808156878094782,1.8607859394767068,0.0,0.0
785,0.023440811871772722,0.004717940913646349,1.8722871456827437,0.0,0.023858816278251736,0.0052053365348414945,1.8653480248017744,0.0,0.0
786,0.023542529725957485,0.004708572202140377,1.8833957938920884,0.0,0.02361998266794465,0.0048275440084663305,1.8792438507080078,0.0,0.0
787,0.02331314670542876,0.004660379518533037,1.8652767567407518,0.0,0.02336565066467632,0.0047638685738837176,1.860178221355785,0.0,0.0
788,0.02331614015357835,0.0046915689294803,1.8624571788878668,0.0,0.0231167906048623,0.004460818134248257,1.865597291426225,0.0,0.0
789,0.023333487145247914,0.004650166003210913,1.8683321589515323,0.0,0.02333818291398612,0.004608610454438763,1.8729572838002986,0.0,0.0
790,0.023112595436118898,0.004533077490382961,1.857951853956495,0.0,0.023177352479913017,0.004728300877931443,1.844905213876204,0.0,0.0
791,0.023389687584269615,0.0048719272793581085,1.851776054927281,0.0,0.02360357428816232,0.004843413448807868,1.8760161074725064,0.0,0.0
792,0.023504063886191164,0.004718011217413559,1.8786053089868455,0.0,0.02349116924134168,0.004712895066900687,1.877827449278398,0.0,0.0
793,0.02326210557172696,0.004663955581019677,1.859815049739111,0.0,0.023315137760205704,0.0048212036913768816,1.8493934327905828,0.0,0.0
794,0.023572897494194053,0.004907020628230558,1.866587752387637,0.0,0.02366552755913951,0.004809613551267169,1.8855914744463833,0.0,0.0
795,0.02327613319669451,0.004429075024312451,1.884705852894556,0.0,0.02349274791777134,0.0047856753861362285,1.8707073493437334,0.0,0.0
796,0.023369719008249894,0.004690255642691184,1.8679464005288624,0.0,0.02336746132509275,0.0046205176040530205,1.8746944124048406,0.0,0.0
797,0.02331009857533943,0.004622658698021301,1.8687440298852467,0.0,0.023735343224622986,0.005137352992526509,1.859799081628973,0.0,0.0
798,0.023394888488664514,0.004793808579311839,1.8601080292747134,0.0,0.02354038879275322,0.004860013215379281,1.8680376356298274,0.0,0.0
799,0.023396362727951436,0.004669873121504982,1.8726490026428586,0.0,0.02306019023738124,0.004298607014458288,1.8761583675037732,0.0,0.0
800,0.023436829625141053,0.004726651302050976,1.8710178789638339,0.0,0.023442673242904923,0.004762949908829548,1.8679723739624023,0.0,0.0
801,0.023548317407923087,0.004836047023889564,1.871227068560464,0.0,0.02302956631915136,0.0043360887052999305,1.8693478324196555,0.0,0.0
802,0.023662216917035125,0.004807890276424587,1.8854327201843262,0.0,0.02333806912330064,0.0044063204814764586,1.8931749083779075,0.0,0.0
803,0.0233310717379763,0.004467045333946035,1.886402686436971,0.0,0.0231619653376666,0.004474436017599973,1.8687529997392134,0.0,0.0
804,0.023167683831637816,0.004620387374113004,1.8547296949795313,0.0,0.023442846976897934,0.004949358799918132,1.8493488485162908,0.0,0.0
805,0.023234320538384572,0.004687892982647533,1.854642805599031,0.0,0.023437733846631916,0.004872829399325631,1.8564904603091152,0.0,0.0
806,0.023440136219419185,0.004843128379434347,1.8597008216948736,0.0,0.02343564345078035,0.004740484143522653,1.8695159608667546,0.0,0.0
807,0.02336461456226451,0.004653977773462732,1.8710637234506153,0.0,0.023642109029672363,0.004925182343206622,1.871692722493952,0.0,0.0
808,0.023384579058204378,0.004751543220620425,1.8633036187716894,0.0,0.0231727830726992,0.0045593333515253935,1.8613449985330754,0.0,0.0
809,0.0233739988346185,0.004668791612078037,1.8705207847413563,0.0,0.023102567954496903,0.004325690404088659,1.8776877901770852,0.0,0.0
810,0.023488580781434263,0.004659339231217191,1.8829241877510434,0.0,0.02347406135364012,0.004701375453309579,1.8772686286406084,0.0,0.0
811,0.02330100629478693,0.0045970396493517215,1.870396716254098,0.0,0.023605070161548527,0.004952637330544266,1.8652433156967163,0.0,0.0
812,0.02320231231195586,0.004676734568506834,1.8525578237715221,0.0,0.023480252786116165,0.0049828213046897545,1.8497431494972922,0.0,0.0
813,0.023218493598202865,0.0046510167552956515,1.8567477351143247,0.0,0.023480082269419323,0.004918359325860034,1.856172334064137,0.0,0.0
814,0.023429726117423604,0.004813866517950027,1.861586020106361,0.0,0.023502850566398014,0.004780512514778159,1.8722338568080554,0.0,0.0
815,0.02312413172885066,0.004515309912329983,1.8608822283290682,0.0,0.02317566763270985,0.004572169347242875,1.8603499044071545,0.0,0.0
816,0.023314054079708598,0.004559522738591546,1.8754531826291765,0.0,0.02367449924349785,0.004978072279217568,1.8696427236903796,0.0,0.0
817,0.023579777218401432,0.0048291772448768215,1.8750600389071874,0.0,0.02338661134920337,0.004595488585023718,1.8791122978383845,0.0,0.0
818,0.023246335530919687,0.00450990484872212,1.873643111614954,0.0,0.023471997542814774,0.0047867436131293125,1.8685254075310447,0.0,0.0
819,0.023243406964909463,0.004613982641049439,1.8629424571990967,0.0,0.02397479946640405,0.00541318737139756,1.8561612584374168,0.0,0.0
820,0.023093048793574173,0.004612269938834721,1.8480779301552546,0.0,0.02338145656341856,0.004935325610197403,1.844613172791221,0.0,0.0
821,0.023260477132030895,0.004758357807683448,1.85021196944373,0.0,0.02298336374488744,0.0043524559375576,1.8630908294157549,0.0,0.0
822,0.023301218104149615,0.004648938858216363,1.8652279859497434,0.0,0.023194695568897507,0.004503008867190642,1.8691687258807095,0.0,0.0
823,0.023180039422143073,0.004584960861220246,1.8595079070045835,0.0,0.023556332865899258,0.0049688431265001946,1.8587489886717363,0.0,0.0
824,0.023200789643895058,0.004635991506455909,1.8564798633257549,0.0,0.023485151373527267,0.004857609937475486,1.862754149870439,0.0,0.0
825,0.022905283696239905,0.004384356268149402,1.8520927883329845,0.0,0.02301602471958507,0.004673726412213661,1.8342298486016013,0.0,0.0
826,0.0232607378136544,0.004815531822498001,1.844520634128934,0.0,0.023446628315882248,0.004848818845030936,1.8597809726541692,0.0,0.0
827,0.023284116316409337,0.004729240046193202,1.8554876673789251,0.0,0.02378487993370403,0.005224236287176609,1.856064417145469,0.0,0.0
828,0.023438495406437488,0.004958973499014974,1.847952249504271,0.0,0.02294368144463409,0.004416533301330425,1.8527148962020874,0.0,0.0
829,0.023350550660065243,0.004597166630749901,1.8753384522029333,0.0,0.02338460951366208,0.004558100957762112,1.8826509280638262,0.0,0.0
830,0.023282471955532118,0.0046170843720790885,1.8665388112976438,0.0,0.02357779968191277,0.004945084685459733,1.8632715506987139,0.0,0.0
831,0.02335450310437452,0.0047074060864923965,1.8647097462699527,0.0,0.02376243556764993,0.004988676995377649,1.8773758844895796,0.0,0.0
832,0.023235739075711796,0.004524986841715872,1.8710752526919048,0.0,0.023053525015711784,0.00425426875749095,1.87992571700703,0.0,0.0
833,0.02323105496664842,0.004433871673730512,1.8797183746383304,0.0,0.02344656413929029,0.004720829384909434,1.87257351658561,0.0,0.0
834,0.02336877149840196,0.004647574875326384,1.8721197077206202,0.0,0.023582562465559353,0.004828558642078529,1.8754004565152256,0.0,0.0
835,0.02330002361642463,0.004582245695582103,1.8717778296697707,0.0,0.02333396402272311,0.004671123640781099,1.866284110329368,0.0,0.0
836,0.023459856841890586,0.004730588274209627,1.872926916394915,0.0,0.023419074375521053,0.004589396063238382,1.882967851378701,0.0,0.0
837,0.023146121053113825,0.004450182419358974,1.8695939069702512,0.0,0.023536560210314663,0.004964577542109923,1.8571983142332598,0.0,0.0
838,0.02318277218866916,0.00460812176710793,1.8574650628226144,0.0,0.023430211977525192,0.005027925976636735,1.840228644284335,0.0,0.0
839,0.022969013035652183,0.004593536662425669,1.8375476740655445,0.0,0.023615651001984424,0.005204437173564325,1.8411214351654053,0.0,0.0
840,0.023305895693954966,0.0048337176586279555,1.8472178464844113,0.0,0.023456800051710823,0.004914360311390324,1.8542440154335715,0.0,0.0
841,0.02331314262534891,0.00468681698354582,1.8626326067107064,0.0,0.02379455434327776,0.005253025372935967,1.8541529395363547,0.0,0.0
842,0.023243364567557972,0.00461249014118775,1.8630874980063665,0.0,0.023544934154911476,0.004982938947664065,1.8561996004798196,0.0,0.0
843,0.02336249744430894,0.00461883192128014,1.8743665899549211,0.0,0.02328710766001181,0.004589175106957555,1.8697933066974988,0.0,0.0
844,0.02309985046408006,0.004459881961035232,1.8639969059399195,0.0,0.023222345181486824,0.004614603028378703,1.8607742461291226,0.0,0.0
845,0.023144917296511785,0.00461504086741202,1.8529877094995408,0.0,0.02328261157328432,0.0047273977913639765,1.8555214621803977,0.0,0.0
846,0.02327706181399879,0.004628775308706931,1.8648286972727095,0.0,0.023265390233560043,0.004574144788255746,1.8691245967691594,0.0,0.0
847,0.02324420160480908,0.004640254020203082,1.860394829795474,0.0,0.023450010032816368,0.004812148611315272,1.8637861772017046,0.0,0.0
848,0.02315502471867062,0.004496258938507665,1.865876623562404,0.0,0.023914539509198883,0.005227196009152315,1.8687344030900435,0.0,0.0
849,0.02329244473505588,0.0045933645118826204,1.8699080660229637,0.0,0.023187797685915775,0.004534033656289632,1.865376429124312,0.0,0.0
850,0.023208289673285826,0.004563233659913142,1.8645056599662417,0.0,0.02406737191433256,0.005426165520806204,1.8641206351193516,0.0,0.0
851,0.023303513858644737,0.004611660421471156,1.869185399441492,0.0,0.02363925969058817,0.0047365973322567615,1.8902662992477417,0.0,0.0
852,0.023149012721010616,0.004347821658787628,1.8801191505931674,0.0,0.023367249660871246,0.004813216033984314,1.8554033799604936,0.0,0.0
853,0.023459521831855887,0.004878516381029927,1.8581005987666903,0.0,0.02333522029221058,0.004492954097010873,1.8842266689647327,0.0,0.0
854,0.02334866344573952,0.0046152011713101754,1.873346277645656,0.0,0.023415309969674458,0.004758978008546613,1.8656332059340044,0.0,0.0
855,0.023230274030495258,0.00456185711525558,1.8668417249407088,0.0,0.02330807935107838,0.004708766894923015,1.8599312847310847,0.0,0.0
856,0.023337212790335928,0.004674100904681143,1.8663112294106257,0.0,0.023573509163477203,0.004899411462247372,1.867409814487804,0.0,0.0
857,0.02335185260467586,0.004552018534879954,1.8799834563618614,0.0,0.023233923891728573,0.004540617450733076,1.869330720468001,0.0,0.0
858,0.023049932727146717,0.004468943674250373,1.8580989156450545,0.0,0.023142354901541363,0.004615910647606308,1.8526444868607954,0.0,0.0
859,0.02333665421853463,0.0046656254590267225,1.8671029210090637,0.0,0.02332343872297894,0.004575706976042552,1.8747731989080256,0.0,0.0
860,0.023335200468344346,0.004545433280457344,1.87897675377982,0.0,0.023207542571154507,0.004432142881507223,1.8775400031696667,0.0,0.0
861,0.023280029229464986,0.004582624433429113,1.8697405116898673,0.0,0.023196948184208435,0.004516550424424085,1.8680398355830798,0.0,0.0
862,0.023187344893813133,0.004516210673110825,1.8671134625162398,0.0,0.02334370193156329,0.0047736572609706355,1.8570044907656582,0.0,0.0
863,0.023085287772119045,0.004361136456108874,1.872415182136354,0.0,0.023161545226519756,0.004528556209565563,1.8632989471608943,0.0,0.0
864,0.023180013212064903,0.004601882659785804,1.8578131000200908,0.0,0.022931088608774273,0.004304147685285319,1.8626941225745461,0.0,0.0
865,0.023265836050822622,0.004563609559443735,1.8702226933978854,0.0,0.023071031848138027,0.004402470012957399,1.8668562173843384,0.0,0.0
866,0.023054568185692743,0.004481911443040839,1.857265727860587,0.0,0.023248876190998337,0.004718091719868508,1.8530784845352173,0.0,0.0
867,0.02330428131279491,0.0046434831761178515,1.866079847017924,0.0,0.02335861037400636,0.004669504303654487,1.8689106919548728,0.0,0.0
868,0.023319058031553312,0.0046500281896442175,1.8669030155454363,0.0,0.023285058750347656,0.004450037842616439,1.8835021690888838,0.0,0.0
869,0.023241894718791758,0.0044269205259514,1.8814974682671683,0.0,0.02307678640566089,0.004324411952190779,1.8752374649047852,0.0,0.0
870,0.023197040227907046,0.004559976481167334,1.8637064156078158,0.0,0.023047562349926342,0.004529759753495455,1.8517802303487605,0.0,0.0
871,0.023151394423274768,0.004619388209123697,1.853200654188792,0.0,0.02362261831083081,0.00507528578269888,1.854733326218345,0.0,0.0
872,0.023065304561030297,0.004572136948506038,1.8493167899903797,0.0,0.023617531257596882,0.00504202410494062,1.8575507402420044,0.0,0.0
873,0.023238849205275375,0.0046462131653069744,1.8592636528469266,0.0,0.02326123941351067,0.004676747643812137,1.8584491989829324,0.0,0.0
874,0.02290787556696506,0.004402662865773198,1.8505213260650635,0.0,0.022765612907030365,0.004348531704057346,1.8417081507769497,0.0,0.0
875,0.02321155032231694,0.004738749553715544,1.8472801134699868,0.0,0.023007870736447247,0.004442668562246995,1.8565202951431274,0.0,0.0
876,0.023117946859981333,0.00453583718210991,1.8582110035987127,0.0,0.023281065747141838,0.00480166111480106,1.8479404774579136,0.0,0.0
877,0.0229967049810858,0.00457818366010629,1.8418521625655038,0.0,0.023666143756021153,0.0052591216200116005,1.8407022086056797,0.0,0.0
878,0.02316131323043789,0.004726593149825931,1.8434720521881467,0.0,0.023310503668405792,0.00483304981819608,1.8477454402230002,0.0,0.0
879,0.023160878968025957,0.004596201575449889,1.8564677749361311,0.0,0.023135951804843815,0.00459296313453127,1.854298851706765,0.0,0.0
880,0.023128030422542776,0.0046137098466888776,1.8514321049054463,0.0,0.022944497791203586,0.004458692834966562,1.8485805012963035,0.0,0.0
881,0.023213094100356102,0.0046371187560171594,1.8575975753012157,0.0,0.02333784814585339,0.004627467556433244,1.8710380684245715,0.0,0.0
882,0.023238788137123698,0.004597495753495466,1.8641292992092313,0.0,0.02328680455684662,0.004571359752762047,1.871544512835416,0.0,0.0
883,0.023249378250468345,0.004521889512294105,1.8727489028658186,0.0,0.023281538181684235,0.004399983212351799,1.888155547055331,0.0,0.0
884,0.023176024357477825,0.004433436779349688,1.8742587878590538,0.0,0.022984746674245052,0.00428491460413418,1.869983272119002,0.0,0.0
885,0.02329650636584986,0.004603456783418854,1.8693050146102905,0.0,0.023017506538466972,0.004328837216069753,1.868866952982816,0.0,0.0
886,0.022987928285840013,0.0044148187042169626,1.8573109933308192,0.0,0.022926912558349697,0.004414031768895008,1.8512881560759111,0.0,0.0
887,0.02305465071861233,0.004583592077584139,1.8471059146381559,0.0,0.02374792132865299,0.005283821649341421,1.8464100035754116,0.0,0.0
888,0.02317232886950175,0.0047306032252631015,1.8441725969314575,0.0,0.023437720469453117,0.004763384772972627,1.8674336021596736,0.0,0.0
889,0.023001323365384622,0.00439376424488035,1.8607559573082697,0.0,0.023669515482404015,0.0051305120895532045,1.8539003892378374,0.0,0.0
890,0.023079958655649706,0.004566395322659186,1.8513563644318354,0.0,0.02309624816883694,0.004630040335045619,1.8466208197853782,0.0,0.0
891,0.022977205436854137,0.00452014000620693,1.845706596260979,0.0,0.02317943915047429,0.0048425060019574384,1.833693352612582,0.0,0.0
892,0.022995336469085442,0.004580008935937215,1.8415328093937464,0.0,0.0230396781116724,0.00462441059591418,1.841526746749878,0.0,0.0
893,0.023223521054855416,0.004746475384481961,1.8477046092351277,0.0,0.023164972324262966,0.004573029211976312,1.859194354577498,0.0,0.0
894,0.023154486281176407,0.004427314503118396,1.8727172215779622,0.0,0.023098435083573513,0.00441494366069409,1.8683491511778398,0.0,0.0
895,0.023025803844488803,0.0045116839741933205,1.8514120635532199,0.0,0.022954172370108692,0.004509290553290735,1.844488263130188,0.0,0.0
896,0.023120590175191563,0.004544856825045177,1.8575733871687026,0.0,0.023250483145767994,0.00462673892351714,1.862374479120428,0.0,0.0
897,0.023166261169882046,0.004526310400771243,1.8639951263155257,0.0,0.023325863886963238,0.0046927706042135305,1.8633093942295422,0.0,0.0
898,0.02300350084191277,0.004385607261654167,1.8617894081842332,0.0,0.02312862111086195,0.00470799474384297,1.8420626792040737,0.0,0.0
899,0.02292499677943332,0.00454592983615363,1.8379067324456715,0.0,0.023168391294100067,0.004756224066527052,1.8412167267365889,0.0,0.0
900,0.023202080989167803,0.00472216743288473,1.84799139272599,0.0,0.02346742305565964,0.004795119420371272,1.867230393669822,0.0,0.0
901,0.0231845961174085,0.004527968088431018,1.8656628330548604,0.0,0.02307059040123766,0.0044359445402568035,1.8634646372361616,0.0,0.0
902,0.023342282245201722,0.004677238713373386,1.866504382519495,0.0,0.02308038520542058,0.004358763531358404,1.8721622120250354,0.0,0.0
903,0.02315319058973165,0.0044274721294641495,1.8725718912624179,0.0,0.0230123410848054,0.004285064504735849,1.87272770838304,0.0,0.0
904,0.02312822892729725,0.004397818691185897,1.8730410649662925,0.0,0.023266958580775696,0.004555220758034425,1.8711738261309536,0.0,0.0
905,0.02302208755697523,0.0043533530441068466,1.8668735084079562,0.0,0.02317869206043807,0.004642121091654355,1.8536571264266968,0.0,0.0
906,0.02314560855960562,0.004625511061888011,1.8520097931226094,0.0,0.023254649713635445,0.004646788499402729,1.8607861562208696,0.0,0.0
907,0.023238678551500754,0.004575528675645944,1.8663150270779927,0.0,0.023400091312148354,0.00474830259653655,1.8651789101687344,0.0,0.0
908,0.023078819337700094,0.0044802411492647866,1.8598578770955403,0.0,0.023178647018291733,0.004622929433191364,1.8555718010122126,0.0,0.0
909,0.023056685614089172,0.004602018887886689,1.8454667102722895,0.0,0.0237396913157268,0.005311700684780424,1.842799110846086,0.0,0.0
910,0.02314637215541942,0.0045975773495488936,1.854879501320067,0.0,0.022983388805931263,0.004389800935644995,1.8593588200482456,0.0,0.0
911,0.023072341102219764,0.004413137367616097,1.8659204187847318,0.0,0.023367902263998985,0.004685244713486595,1.868265758861195,0.0,0.0
912,0.023070845087724074,0.004538103899297615,1.853274166584015,0.0,0.02284143086184155,0.0044052745638923215,1.8436156728050925,0.0,0.0
913,0.022948072070167178,0.004450694641231426,1.8497377719197954,0.0,0.0234278432008895,0.004934571429409764,1.8493272391232578,0.0,0.0
914,0.023248569418986637,0.0046717037967894046,1.8576866019339788,0.0,0.023252895779230377,0.004586357559839433,1.8666538867083462,0.0,0.0
915,0.022890847531102952,0.004415424246828826,1.8475423795836312,0.0,0.02350659922442653,0.005218305201693015,1.828829451040788,0.0,0.0
916,0.023092920891940594,0.004684790774869422,1.840813071954818,0.0,0.02299679053777998,0.004380697405643084,1.8616093505512585,0.0,0.0
917,0.023028189227694555,0.004413126945673,1.8615062577383858,0.0,0.02279300716790286,0.004320250316099687,1.847275733947754,0.0,0.0
918,0.02308189793534222,0.004608954990371352,1.8472943533034551,0.0,0.023310157893733544,0.004763167817145586,1.8546990264545788,0.0,0.0
919,0.023057627580350355,0.004491423761161665,1.8566204025631858,0.0,0.023010541938922623,0.004401408432220871,1.860913406718861,0.0,0.0
920,0.023090265292142118,0.004496749845289048,1.859351600919451,0.0,0.02315673672340133,0.00449110423638062,1.8665633093227039,0.0,0.0
921,0.022891380957194736,0.0043191639429313086,1.8572217311177934,0.0,0.023595964874733578,0.005113433665511283,1.8482531742616133,0.0,0.0
922,0.022990471373001736,0.004555587307550013,1.8434884519804091,0.0,0.02322889542715116,0.004778834102167325,1.8450062058188699,0.0,0.0
923,0.02311580858769871,0.004582690701465167,1.8533118253662473,0.0,0.023078225383704357,0.00446688307618553,1.8611342798579822,0.0,0.0
924,0.023153176930333887,0.004356550474074625,1.8796626982234774,0.0,0.023127493025227028,0.004344614476642825,1.8782878897406838,0.0,0.0
925,0.023211715565550895,0.004485290536346535,1.87264255966459,0.0,0.02306004139510068,0.004304734122177417,1.8755307739431208,0.0,0.0
926,0.023051621081928413,0.004472916685266509,1.8578704879397439,0.0,0.023308021270416,0.004865256646140056,1.844276493245905,0.0,0.0
927,0.0230395830280724,0.004584759074662413,1.8454824203536624,0.0,0.023092347281900318,0.004669064232571559,1.84232835336165,0.0,0.0
928,0.02300367770450456,0.004571338150916355,1.8432339940752303,0.0,0.0234669145535339,0.0049997303338552065,1.8467184738679365,0.0,0.0
929,0.022929827815720012,0.0044833631199296745,1.8446465106237502,0.0,0.023342635143886913,0.004848046228289604,1.8494589545510032,0.0,0.0
930,0.022924699465788546,0.00443666015884706,1.8488039544650487,0.0,0.022977290336381306,0.004526052094826644,1.8451238870620728,0.0,0.0
931,0.022880559742805503,0.0044422537709275884,1.8438306592759632,0.0,0.022822366011413662,0.004487487741492011,1.8334878791462292,0.0,0.0
932,0.023018030848886286,0.004543682721088685,1.8474348329362416,0.0,0.02298368818380616,0.004489926176822998,1.8493762774900957,0.0,0.0
933,0.023081963127922444,0.00450364840106063,1.8578315036637443,0.0,0.023122093386270783,0.00445575785653835,1.8666336211291226,0.0,0.0
934,0.023046537435480526,0.004409060979794178,1.863747687566848,0.0,0.023186093534935604,0.004712189399552616,1.8473904891447588,0.0,0.0
935,0.023127449011164054,0.004684346129319498,1.8443103177206857,0.0,0.02325852977281267,0.004705277864228596,1.8553252436897971,0.0,0.0
936,0.02299647503310726,0.004428148602268526,1.8568326916013445,0.0,0.022582304748621853,0.004026388008655472,1.8555917089635676,0.0,0.0
937,0.023173489164383637,0.004514484915749303,1.8659004796118963,0.0,0.023135706782341003,0.0045269329143180085,1.860877427187833,0.0,0.0
938,0.02287663785474641,0.004373251310815769,1.8503387059484209,0.0,0.023081383244557815,0.004633015762506561,1.8448367769067937,0.0,0.0
939,0.023145492942560287,0.004680690045158069,1.8464803383463906,0.0,0.02317240478640253,0.00455826906148683,1.8614136197350242,0.0,0.0
940,0.023260344529435747,0.004439134400204888,1.8821210378692264,0.0,0.022973821752450684,0.004320061702111905,1.8653760714964434,0.0,0.0
941,0.02321868132622469,0.004553275132950928,1.866540667556581,0.0,0.02328230372884057,0.004486046096479351,1.8796257972717285,0.0,0.0
942,0.023103638374734493,0.004345713377309342,1.8757925232251484,0.0,0.023331760174848816,0.004596683598885482,1.873507727276195,0.0,0.0
943,0.02337908518633672,0.004451376219679203,1.8927709375108992,0.0,0.0230394203893163,0.00425991631874984,1.87795044075359,0.0,0.0
944,0.02312180098323595,0.004271077424553888,1.8850723817234947,0.0,0.023222833025184544,0.004448570628565821,1.8774263208562678,0.0,0.0
945,0.023025581080998694,0.004385402232098083,1.8640179548944746,0.0,0.022949934175068683,0.004403985571116209,1.854594967582009,0.0,0.0
946,0.023055988496967723,0.004479481688966709,1.857650705746242,0.0,0.023144378580830315,0.004531970946118236,1.8612407662651755,0.0,0.0
947,0.023153124643223628,0.00453909809723319,1.8614027102788289,0.0,0.022849251600829037,0.004204876064746218,1.8644375909458508,0.0,0.0
948,0.02310463258375724,0.004455018212043103,1.864961482229687,0.0,0.023069750517606735,0.004528112011030316,1.8541638959537854,0.0,0.0
949,0.02309971542230674,0.0044247743263397185,1.8674941346758889,0.0,0.023659289560534737,0.004932264289395375,1.8727025660601528,0.0,0.0
950,0.02308003440321911,0.004512866559837546,1.8567168003036862,0.0,0.02316616458648985,0.004618036920543422,1.8548128063028508,0.0,0.0
951,0.022991679475775788,0.004491673350068075,1.850000676654634,0.0,0.022953576323660938,0.004393013617531819,1.8560562892393633,0.0,0.0
952,0.023163167005848317,0.004482682428455779,1.8680484947704135,0.0,0.022992092608050865,0.004341581116684459,1.8650511719963767,0.0,0.0
953,0.02295127652940296,0.00437096890527755,1.8580307960510254,0.0,0.023144098506732422,0.004614583809267391,1.8529515266418457,0.0,0.0
954,0.0229349931524623,0.004456334619871562,1.847865913595472,0.0,0.022438704120841892,0.003918238301676783,1.8520465980876575,0.0,0.0
955,0.023077266335132577,0.004427101241335983,1.8650165370532445,0.0,0.02300901406190612,0.004295930901372974,1.8713083483956077,0.0,0.0
956,0.022979911239374252,0.0045032192886407885,1.8476692409742446,0.0,0.02303896929052743,0.004666514483026483,1.8372454968365757,0.0,0.0
957,0.022901082500105814,0.004530378844633344,1.8370703884533472,0.0,0.023080691187219185,0.00461090360344811,1.846978783607483,0.0,0.0
958,0.022931442462972233,0.004408584314487165,1.852285853454045,0.0,0.02318889427591454,0.004729788411747326,1.8459106033498591,0.0,0.0
959,0.022900259920528958,0.0044794440258383045,1.842081626256307,0.0,0.02275208654728803,0.0044526518745855856,1.8299435485493054,0.0,0.0
960,0.023015150534255163,0.004619512241333723,1.8395638834862482,0.0,0.02328672141514041,0.004818166182799773,1.8468555753881282,0.0,0.0
961,0.022991981889520372,0.0045282303278024,1.846375198591323,0.0,0.02274958924813704,0.004202317065474662,1.8547272898934104,0.0,0.0
962,0.023044944873877933,0.004432076621534569,1.8612868672325498,0.0,0.022875127297910778,0.004230332582003691,1.8644794875925237,0.0,0.0
963,0.022991725997555824,0.004415857832923177,1.8575868691716875,0.0,0.02344321357932958,0.004902581641958518,1.8540632182901555,0.0,0.0
964,0.02290210070177203,0.004419358741004197,1.8482742792084104,0.0,0.023695402524688026,0.005258136471225457,1.8437266133048318,0.0,0.0
965,0.02301366108336619,0.004460806775438998,1.8552854770705813,0.0,0.02319315533069047,0.0044672622303055095,1.872589349746704,0.0,0.0
966,0.0230139291712216,0.004429648397490382,1.8584281206130981,0.0,0.023133452981710434,0.004541768205606125,1.859168529510498,0.0,0.0
967,0.023232681676745415,0.004428255671103086,1.8804426108087813,0.0,0.022853050211613827,0.003959985153580254,1.8893065344203601,0.0,0.0
968,0.02297806850678864,0.0040639529248610844,1.89141161101205,0.0,0.02384480224414305,0.0051208817061375485,1.8723921125585383,0.0,0.0
969,0.023034516855009964,0.004453124633679788,1.8581392765045166,0.0,0.022750552743673325,0.004162114304067059,1.858843911777843,0.0,0.0
970,0.022987012174867448,0.0043846342235892306,1.8602378567059834,0.0,0.023037971759384327,0.004488599973476746,1.8549372499639338,0.0,0.0
971,0.023023952596953938,0.004480252569053499,1.8543700689361209,0.0,0.023883196101947265,0.005457149733873931,1.8426046588204124,0.0,0.0
972,0.02291056611353443,0.004530980600975454,1.8379585714567275,0.0,0.022678561847318302,0.004284384279427203,1.8394177935340188,0.0,0.0
973,0.022999655765791733,0.00444594873226292,1.8553707542873563,0.0,0.023359262469139965,0.004836194682866335,1.8523068319667468,0.0,0.0
974,0.02289638003068311,0.004476973033022313,1.841940740744273,0.0,0.022953236136924137,0.0045597615905783396,1.8393474817276,0.0,0.0
975,0.022857105625527247,0.004496161199529611,1.8360944730894906,0.0,0.023206057873639194,0.004832066426222975,1.837399179285223,0.0,0.0
976,0.022893479093909264,0.004527202790736088,1.83662767353512,0.0,0.023266207426786423,0.004827112911946394,1.8439095237038352,0.0,0.0
977,0.0228953714083348,0.004360972316048685,1.8534399611609322,0.0,0.023219382221048527,0.00477049004455859,1.8448892615058206,0.0,0.0
978,0.022943212074183282,0.00447631948849275,1.8466893008777074,0.0,0.02338262867521156,0.004837871507995508,1.854475736618042,0.0,0.0
979,0.02293471938797406,0.004392898630439525,1.8541821127846128,0.0,0.023467002605850048,0.005059085786342621,1.8407916914332996,0.0,0.0
980,0.022864902081588905,0.004484751915913962,1.838015031246912,0.0,0.02286813831464811,0.004401682325723496,1.8466456586664373,0.0,0.0
981,0.02300905143576009,0.004526669774869723,1.8482382183983213,0.0,0.02325557985089042,0.004640351303599097,1.861522837118669,0.0,0.0
982,0.022809172137862162,0.004178709771838926,1.8630462799753462,0.0,0.023714098063382236,0.005325790050185539,1.8388308178294788,0.0,0.0
983,0.022997274418317136,0.0046107168752877485,1.8386558010464622,0.0,0.02305631288750605,0.004576295635408976,1.848001783544367,0.0,0.0
984,0.022939621781309445,0.0043617300190297624,1.8577892326173329,0.0,0.023407037285241215,0.004904283020137386,1.8502754948355935,0.0,0.0
985,0.022953382781928496,0.00445678158264075,1.8496601723489308,0.0,0.0234094959768382,0.004877881697294387,1.8531614650379529,0.0,0.0
986,0.022997183946981317,0.004458451249991499,1.8538733209882463,0.0,0.022919872945005245,0.004372108960524201,1.8547764908183704,0.0,0.0
987,0.022989148939294473,0.00449822575873917,1.8490923472813197,0.0,0.022929134186018597,0.004376238550652157,1.8552895784378052,0.0,0.0
988,0.023042290781935055,0.004380209471232125,1.866208167303176,0.0,0.022908904843709686,0.004267028511755846,1.8641876740889116,0.0,0.0
989,0.02284832112491131,0.0042690458718598594,1.8579275664829074,0.0,0.023400568318637936,0.004908584735610269,1.8491984389045022,0.0,0.0
990,0.02314285920666797,0.004510420175003154,1.863243960198902,0.0,0.02313361553983255,0.004334912423721768,1.8798703388734297,0.0,0.0
991,0.022852403023058458,0.004277914962066072,1.8574488588741846,0.0,0.02345887605439533,0.005001287843862718,1.8457588174126365,0.0,0.0
992,0.022926142394897483,0.004505284352316743,1.842085858186086,0.0,0.02311175892298872,0.004690166097134352,1.8421593796123157,0.0,0.0
993,0.023017654550217446,0.004507347841614059,1.8510307300658453,0.0,0.0231577471237291,0.004477708833292127,1.86800386688926,0.0,0.0
994,0.023182370167757784,0.004543010356082093,1.8639360268910725,0.0,0.022933587262576275,0.004131646911528977,1.8801940571178088,0.0,0.0
995,0.022918725785400187,0.004021832780424683,1.889689368861062,0.0,0.023108520460399715,0.004374245139346881,1.873427618633617,0.0,0.0
996,0.02300724524649836,0.004404654216376089,1.8602591469174339,0.0,0.0232470187951218,0.004692521983418952,1.8554497415369207,0.0,0.0
997,0.02280855994848978,0.004278629890731757,1.8529930654026212,0.0,0.022981897843154995,0.004520290234888142,1.8461608236486262,0.0,0.0
998,0.022936557463946797,0.004586802911944687,1.8349754923865909,0.0,0.023251779716123234,0.004839408105577935,1.8412372307343916,0.0,0.0
999,0.022989705870194093,0.004532284075616016,1.8457422370002383,0.0,0.02335174297067252,0.004771016580476003,1.8580727252093228,0.0,0.0
1000,0.022888697462067717,0.004326846500459526,1.8561851268722898,0.0,0.02368627336214889,0.005200419765473766,1.8485854213887996,0.0,0.0
1001,0.022848502998905524,0.004425784306866782,1.8422719240188599,0.0,0.02283854376186024,0.00451811102472923,1.8320433226498691,0.0,0.0
1002,0.022818525987012044,0.004367714753330108,1.8450811505317688,0.0,0.022849830036813564,0.004307742399925535,1.8542088595303623,0.0,0.0
1003,0.022771454105774563,0.004255301191560214,1.8516153182302202,0.0,0.022783771834590218,0.004279265455393629,1.8504506566307761,0.0,0.0
1004,0.0230714064091444,0.004498649488336274,1.85727573292596,0.0,0.023257944732904434,0.004613118394362656,1.8644826737317173,0.0,0.0
1005,0.022952377707475706,0.004328020659851886,1.8624357467605954,0.0,0.022962305356155743,0.004432167498056184,1.85301381891424,0.0,0.0
1006,0.022969518522066728,0.004511848391432848,1.845767041047414,0.0,0.023185662755912,0.004548460795459422,1.8637202869762073,0.0,0.0
1007,0.022987164556980133,0.004255166493489274,1.8731998602549236,0.0,0.02326672151684761,0.004635575206272982,1.863114671273665,0.0,0.0
1008,0.022879116370209625,0.0043144833595891085,1.856463352839152,0.0,0.023000967773524197,0.004447797736661,1.8553170399232344,0.0,0.0
1009,0.02269412319929827,0.004207333610836594,1.8486790146146501,0.0,0.022670468823476272,0.00419012501581826,1.8480344685641201,0.0,0.0
1010,0.02289051509329251,0.004445846580589811,1.8444669104757763,0.0,0.022999782623215156,0.004531310828910632,1.8468472524122759,0.0,0.0
1011,0.02284385139743487,0.004355967538209543,1.8487884345508756,0.0,0.02288454364646565,0.004347771490839395,1.853677283633839,0.0,0.0
1012,0.02277778439401161,0.004251135646232537,1.8526649134499686,0.0,0.023071529851718384,0.00467382591556419,1.83977041461251,0.0,0.0
1013,0.022803897525937783,0.004353908256494573,1.8449989670798892,0.0,0.02279901165853847,0.004268406361172145,1.8530606031417847,0.0,0.0
1014,0.022931631610152266,0.004315894274484543,1.8615737699327015,0.0,0.023176335136998783,0.004499504406174476,1.8676831288771196,0.0,0.0
1015,0.022915813007525036,0.004309420213325038,1.8606392996651786,0.0,0.023139116100289604,0.004614727423441681,1.8524389375339856,0.0,0.0
1016,0.02278921114546912,0.00430821855774238,1.8480993168694633,0.0,0.023202385076067665,0.004753658971325917,1.8448726480657405,0.0,0.0
1017,0.023104870204059852,0.0044788710019063385,1.8625999518803187,0.0,0.02285386740484021,0.004202576163648205,1.8651291782205754,0.0,0.0
1018,0.022862400992640426,0.00428158911277673,1.8580812215805054,0.0,0.02335970357737758,0.004860353021120483,1.8499351306395098,0.0,0.0
1019,0.022879558127550853,0.0043705332902304475,1.8509025488580977,0.0,0.022948866879398174,0.004449120616878976,1.8499746864492244,0.0,0.0
1020,0.022890115600256694,0.004392245058192029,1.8497871046974546,0.0,0.022709692066366024,0.004280404674566605,1.8429287672042847,0.0,0.0
1021,0.02269823175101053,0.0042937527066983635,1.8404479452541895,0.0,0.02340753647414121,0.005125176267359744,1.8282361030578613,0.0,0.0
1022,0.023047406935975664,0.004692189040638152,1.8355217973391216,0.0,0.02297225526788018,0.004444343228401108,1.8527912876822732,0.0,0.0
1023,0.02275887712658871,0.0042826040049216575,1.8476273474239169,0.0,0.022693370722911575,0.004357440248978409,1.8335930976000698,0.0,0.0
1024,0.022988739689545973,0.004338317572893132,1.8650422663915724,0.0,0.023044404658404263,0.004496612564914606,1.8547792759808628,0.0,0.0
1025,0.022988708157624518,0.004460714613309219,1.8527993786902655,0.0,0.02301914719018069,0.004464728440242735,1.8554419170726428,0.0,0.0
1026,0.022977217100560665,0.0044014560269369256,1.857576160203843,0.0,0.022903360934420067,0.004318510626696728,1.858485070141879,0.0,0.0
1027,0.02296413787241493,0.004377816859189244,1.8586321444738478,0.0,0.022621000693602997,0.003995933654633435,1.862506790594621,0.0,0.0
1028,0.02272704948804208,0.004138726330850096,1.8588323706672305,0.0,0.022773325443267822,0.004276641073044051,1.8496684594587847,0.0,0.0
1029,0.022969590145207587,0.004539415234744194,1.8430175355502538,0.0,0.023019633679227394,0.004611004884778099,1.8408629244024104,0.0,0.0
1030,0.0226845478727704,0.00434189780415701,1.8342650334040325,0.0,0.022784146395596592,0.00446876136332073,1.831538514657454,0.0,0.0
1031,0.02293648584080594,0.004478056449443102,1.8458429802031744,0.0,0.023101869970560074,0.004651506600732153,1.8450363657691262,0.0,0.0
1032,0.02293565430279289,0.004370436859538867,1.8565217739059812,0.0,0.023544504561207512,0.004980604079636661,1.856390118598938,0.0,0.0
1033,0.022854824195660296,0.004318072965058188,1.853675175280798,0.0,0.02311584861441092,0.004708118906075304,1.840773040598089,0.0,0.0
1034,0.02283253627164023,0.004426396036121462,1.8406140548842294,0.0,0.02265971340239048,0.004285357956012542,1.8374355706301602,0.0,0.0
1035,0.022713488588730495,0.004370039977532413,1.834344895113082,0.0,0.02263960801064968,0.004325355868786573,1.8314252441579646,0.0,0.0
1036,0.02267950409579845,0.0043813872228687005,1.8298117348126002,0.0,0.022952216254039245,0.004660701188682156,1.8291515437039463,0.0,0.0
1037,0.022695125568480717,0.0044185718399516885,1.8276554005486625,0.0,0.02300216562368653,0.004701965615491976,1.8300199942155317,0.0,0.0
1038,0.02258948879759936,0.004253062292090839,1.8336426927929832,0.0,0.02276790226725015,0.0044217394368553705,1.834616314281117,0.0,0.0
1039,0.023088494448789527,0.004654254403985327,1.8434240449042547,0.0,0.022998639297756283,0.004465997049754316,1.85326425595717,0.0,0.0
1040,0.022966262928786733,0.004244496835218299,1.8721766557012285,0.0,0.02330591936003078,0.004706269087777896,1.85996506430886,0.0,0.0
1041,0.0229717990649598,0.004279413077581141,1.8692386519341242,0.0,0.02288176136260683,0.004156689794564789,1.8725071928717874,0.0,0.0
1042,0.023007743060588837,0.004339012943784751,1.8668730542773293,0.0,0.023138637231154877,0.004445393929596652,1.8693243915384465,0.0,0.0
1043,0.022935022954784688,0.0043401327372218175,1.8594890435536702,0.0,0.02233246239748868,0.0037691746626726604,1.8563288233496926,0.0,0.0
1044,0.02292006830906584,0.004354573636581855,1.8565495042573839,0.0,0.023173783990469845,0.004557357656515457,1.8616426532918757,0.0,0.0
1045,0.02277697946521498,0.004316595111352702,1.8460384947913033,0.0,0.022841258651830933,0.004456206754019315,1.838505213910883,0.0,0.0
1046,0.022957637019100644,0.004412970045537111,1.8544667675381614,0.0,0.02298404648900032,0.004424673737958074,1.8559373292055996,0.0,0.0
1047,0.022903643060652984,0.004382497547859592,1.8521146036329723,0.0,0.02314206703820012,0.0046503381295637655,1.8491728847677058,0.0,0.0
1048,0.02276842083249773,0.004282944636153323,1.848547677199046,0.0,0.02297863279553977,0.004633190343156457,1.8345442901958118,0.0,0.0
1049,0.022878949397376606,0.004483405040532705,1.839554474467323,0.0,0.02260640331289985,0.004088097527115183,1.8518306450410322,0.0,0.0
1050,0.022973661222273394,0.004365287255495787,1.8608374340193612,0.0,0.02283143641596491,0.004066831834444945,1.8764604763551191,0.0,0.0
1051,0.022823718952990714,0.004117500441636713,1.8706219026020594,0.0,0.02280301194299351,0.004279541359706359,1.852347189729864,0.0,0.0
1052,0.02278869559190103,0.004341341665990296,1.844735426562173,0.0,0.02272618223320354,0.00435001284561374,1.8376169963316484,0.0,0.0
1053,0.02299711551694643,0.004486736436817972,1.8510379592577617,0.0,0.022831634364344856,0.004216265631839633,1.8615369254892522,0.0,0.0
1054,0.023028686021765072,0.004398581749271779,1.8630104689371019,0.0,0.0229396273128011,0.004162469116801565,1.8777158477089622,0.0,0.0
1055,0.022860555022600152,0.004184865919385283,1.8675689612116133,0.0,0.023262301459908485,0.004722082923928445,1.8540218418294734,0.0,0.0
1056,0.022837719037419275,0.004271228459574992,1.85664910645712,0.0,0.023291711949489334,0.0046987937001342125,1.8592918677763506,0.0,0.0
1057,0.02306784303592784,0.004419927673769139,1.8647915862855458,0.0,0.022864849391308697,0.004122426881539551,1.874242294918407,0.0,0.0
1058,0.023014291145262263,0.004331487480417958,1.868280399413336,0.0,0.02331973815506155,0.004531145497987216,1.8788593248887495,0.0,0.0
1059,0.022779212333261967,0.004153699303666751,1.8625513428733462,0.0,0.02271087518469854,0.004253029738637534,1.8457845882935957,0.0,0.0
1060,0.02318956729556833,0.004585347781401305,1.8604220066751753,0.0,0.022944140671329064,0.004255045290020379,1.868909564885226,0.0,0.0
1061,0.022859832050190085,0.004224843911028334,1.8634988693963914,0.0,0.02301154810596596,0.00444876768795604,1.8562780618667603,0.0,0.0
1062,0.022931941740569613,0.0042275363202428536,1.8704405852726527,0.0,0.02253007600930604,0.0038615164389325814,1.8668559898029675,0.0,0.0
1063,0.022874521490718638,0.004363634817612668,1.851088719708579,0.0,0.02255904437466101,0.004033426944674416,1.8525617664510554,0.0,0.0
1064,0.022738530167511532,0.004223859198169694,1.8514671410833086,0.0,0.023073445158925922,0.004667002474889159,1.8406443270769985,0.0,0.0
1065,0.023003140420076392,0.004522424346456925,1.848071657475971,0.0,0.023121834647926418,0.004442988450384953,1.8678846901113337,0.0,0.0
1066,0.022755590977058524,0.0041888414582769784,1.856674991902851,0.0,0.022672311318191616,0.0041922212747687645,1.8480090336366133,0.0,0.0
1067,0.022632018840383916,0.004234028048813343,1.839799131665911,0.0,0.023283542049202053,0.005040198522196574,1.8243343830108643,0.0,0.0
1068,0.02309802312049128,0.00458009323171739,1.851793022382827,0.0,0.022977709600871258,0.0041539233220233155,1.8823786215348677,0.0,0.0
1069,0.022809175375316824,0.004114922862278209,1.8694252825918651,0.0,0.022831446406516163,0.004336298083547841,1.8495148745450107,0.0,0.0
1070,0.0229757439256424,0.004492691185857568,1.848305310521807,0.0,0.022740414704788815,0.004136720799248327,1.8603694438934326,0.0,0.0
1071,0.022825202993339018,0.004266079171516356,1.855912441299075,0.0,0.022393290292132984,0.003948066214268858,1.8445224545218728,0.0,0.0
1072,0.02288105156982229,0.004342444889646556,1.8538606961568196,0.0,0.022687510163946586,0.004125571873208339,1.8561938567595049,0.0,0.0
1073,0.022708955575667676,0.004234520962373132,1.847443509669531,0.0,0.02271361327306791,0.0042619479777799415,1.8451665856621482,0.0,0.0
1074,0.022680700268773807,0.004286354440929634,1.8394346407481603,0.0,0.022778392854061993,0.004338892663575031,1.8439500656994907,0.0,0.0
1075,0.023211191408336163,0.004645804231542917,1.8565387839362735,0.0,0.022566501559181648,0.0037521962499753995,1.8814305717294866,0.0,0.0
1076,0.022794333286583424,0.004081414386053525,1.871291926928929,0.0,0.022442120550708336,0.0038890089543366976,1.8553111986680464,0.0,0.0
1077,0.022824954596303758,0.004264092605028834,1.8560862314133417,0.0,0.02292284538800066,0.00432401548393748,1.8598830049688166,0.0,0.0
1078,0.022783154488674233,0.0041898331172498205,1.8593321698052543,0.0,0.02243846773423932,0.003997950645332987,1.8440517620606856,0.0,0.0
1079,0.022806163433761822,0.004400475893080944,1.8405687865756808,0.0,0.022691190750761467,0.004302228652787479,1.8388962854038586,0.0,0.0
1080,0.023036387349878038,0.004424678261524865,1.8611709503900438,0.0,0.02268609827892347,0.003949960206889294,1.8736138452183118,0.0,0.0
1081,0.022573427873707953,0.003982423499803103,1.8591004751977467,0.0,0.02285008386454799,0.004441516410390084,1.8408568013798108,0.0,0.0
1082,0.022640007681080272,0.004321774018795362,1.831823400088719,0.0,0.022620598531582138,0.004355015423656864,1.8265583298423074,0.0,0.0
1083,0.022849513749991144,0.004455159628941189,1.8394354638599215,0.0,0.02240266938778487,0.00395979907956313,1.844287102872675,0.0,0.0
1084,0.0227101728142727,0.004309610347263515,1.8400562888100034,0.0,0.02245470949194648,0.004078230206769976,1.8376479799097234,0.0,0.0
1085,0.022969204666359083,0.004432891018777376,1.8536314169565837,0.0,0.022835992953994057,0.004202465251596136,1.8633528514341875,0.0,0.0
1086,0.022918224467762878,0.004356300469399208,1.8561924326987493,0.0,0.022740496999838135,0.004231604789807038,1.850889260118658,0.0,0.0
1087,0.023059632540458723,0.004487540711471368,1.8572092113040743,0.0,0.022735439918257973,0.004007002486932007,1.87284377488223,0.0,0.0
1088,0.0227370998334317,0.004098731004411266,1.8638369299116588,0.0,0.022678471932357006,0.004204292802817442,1.8474179614673962,0.0,0.0
1089,0.022807913344530834,0.004398979058134414,1.840893464429038,0.0,0.023077937520363113,0.004620966670865362,1.8456971428611062,0.0,0.0
1090,0.02282933456202348,0.004334472890366756,1.849486197744097,0.0,0.023045499047095127,0.004594585413790562,1.84509137543765,0.0,0.0
1091,0.022846808745747522,0.004383127587581319,1.8463681567282904,0.0,0.022897157818078995,0.004410455405542796,1.8486702767285434,0.0,0.0
1092,0.02268087420435179,0.004248528602710437,1.843234584445045,0.0,0.022600865668871185,0.004162026505747979,1.8438839478926226,0.0,0.0
1093,0.02270667902415707,0.00437686289106274,1.8329816432226271,0.0,0.0227919573133642,0.0044592995704575015,1.8332658464258367,0.0,0.0
1094,0.022589094094222502,0.004286764067642036,1.8302330261185056,0.0,0.022792789069089023,0.00440892689353363,1.838386286388744,0.0,0.0
1095,0.022706822270438784,0.004244176748519142,1.846264626298632,0.0,0.02286141568964178,0.004443532363934951,1.841788346117193,0.0,0.0
1096,0.023102209770253727,0.004472779060181763,1.86294310433524,0.0,0.022850400852886112,0.004176402210511945,1.8673999092795632,0.0,0.0
1097,0.0227065347135067,0.004189228677811722,1.85173066173281,0.0,0.022848485884341328,0.004384362308139151,1.8464123985984109,0.0,0.0
1098,0.022799564835925896,0.004244293729286818,1.8555271398453486,0.0,0.022803971205245365,0.004301193911074238,1.8502777814865112,0.0,0.0
1099,0.022819393580513343,0.004427711124576274,1.8391682959738231,0.0,0.022445330396294594,0.00407118475149301,1.83741464398124,0.0,0.0
1100,0.022973532078876382,0.004365651164248231,1.8607881381398155,0.0,0.022622522813352672,0.003915191712704572,1.8707331635735251,0.0,0.0
1101,0.022677336420331682,0.0041734140333054325,1.8503922848474412,0.0,0.022536638108166782,0.004076368387111209,1.8460270383141257,0.0,0.0
1102,0.02290421724319458,0.004387600935019907,1.8516616991588049,0.0,0.022768561135638844,0.004163382871245796,1.860517913644964,0.0,0.0
1103,0.022756201259437062,0.004220142068030934,1.8536059657732646,0.0,0.022702716968276283,0.004212684992870147,1.849003260785883,0.0,0.0
1104,0.02265480976729166,0.004075730951236827,1.8579079168183463,0.0,0.022604151544245808,0.004047198877246542,1.8556953343478115,0.0,0.0
1105,0.022408185482379935,0.004064592732382672,1.8343593279520671,0.0,0.022709651426835495,0.004516269588334994,1.8193382241509177,0.0,0.0
1106,0.022862565082808334,0.004621503203885541,1.8241062192689805,0.0,0.023146134208549152,0.004719948904080825,1.842618552121249,0.0,0.0
1107,0.022821396190140928,0.004227816992040191,1.8593579615865434,0.0,0.023199451579289,0.004646797156469388,1.8552655089985242,0.0,0.0
1108,0.022832873410412242,0.004161218907462344,1.8671654775029136,0.0,0.022788528352975845,0.004086195448921485,1.8702333840456875,0.0,0.0
1109,0.022845452119197165,0.004257885778012375,1.8587566926365806,0.0,0.02274754253978079,0.00410196898420426,1.8645573854446411,0.0,0.0
1110,0.022581631362083413,0.00405384294710876,1.852778863339197,0.0,0.022823037240992893,0.004512306218120185,1.8310731215910478,0.0,0.0
1111,0.022838430479168892,0.004509729294416805,1.832870168345315,0.0,0.02275315841490572,0.0042030760933729734,1.855008298700506,0.0,0.0
1112,0.022922490324292864,0.004182181077166682,1.8740309987749373,0.0,0.02259947850622914,0.003930362131954594,1.866911682215604,0.0,0.0
1113,0.02289739517228944,0.004229557678280841,1.8667837778727214,0.0,0.022698942910541187,0.003925513560799035,1.8773429718884556,0.0,0.0
1114,0.02251720871953737,0.00397786080083322,1.8539348386582875,0.0,0.023137351328676396,0.00479001272469759,1.8347339196638628,0.0,0.0
1115,0.022772217790285747,0.004327815613665041,1.8444402671995617,0.0,0.02267459627579559,0.004147959089922634,1.8526637445796619,0.0,0.0
1116,0.02278740406923351,0.004260997504128942,1.8526407054492406,0.0,0.02321814711798321,0.004821344194087115,1.8396803357384421,0.0,0.0
1117,0.02266217324705351,0.004266377433114464,1.8395796276274181,0.0,0.022768300026655197,0.004302550742233341,1.8465749350461094,0.0,0.0
1118,0.02260225000126021,0.004110409977978894,1.849184044769832,0.0,0.022707706825299698,0.004357761597599496,1.8349945761940696,0.0,0.0
1119,0.022868657174209755,0.0043744507766816584,1.8494207035927546,0.0,0.022419817237691445,0.003851735287091949,1.8568082506006414,0.0,0.0
1120,0.022743074312096552,0.004231224041653886,1.8511850720360166,0.0,0.023130592466755348,0.0045843820129944516,1.8546210744164207,0.0,0.0
1121,0.022536858783236573,0.004129539582035726,1.84073197273981,0.0,0.023091165179556065,0.004868497902696783,1.8222667629068547,0.0,0.0
1122,0.022930295295303778,0.004458790766962227,1.8471505045890808,0.0,0.022938242182135582,0.004276585807515817,1.8661656921560115,0.0,0.0
1123,0.022704983706630412,0.004090137081220746,1.861484712078458,0.0,0.022699097679419952,0.004238673549314792,1.8460424596613103,0.0,0.0
1124,0.022436334485454217,0.00411381207162603,1.8322522867293585,0.0,0.02283192409033125,0.004646298623728481,1.8185625943270596,0.0,0.0
1125,0.022677836717949026,0.004426386617567567,1.8251450402396066,0.0,0.023243203251199288,0.004895653321661733,1.8347550305453213,0.0,0.0
1126,0.022739367559552193,0.004351164513666715,1.838820341087523,0.0,0.02274665998464281,0.004352643429725008,1.8394017002799294,0.0,0.0
1127,0.02279538568109274,0.004325995005534163,1.8469391067822774,0.0,0.02357338233427568,0.005017344395376064,1.855603814125061,0.0,0.0
1128,0.022712551412128267,0.0041322261372226336,1.858032572837103,0.0,0.022903540087017147,0.004470941356637261,1.8432599089362405,0.0,0.0
1129,0.022699856908903235,0.004377840896181408,1.8322016454878307,0.0,0.022741582921960136,0.004375477130948143,1.8366106423464688,0.0,0.0
1130,0.02276244799473456,0.00425551586695725,1.8506932627587092,0.0,0.022820735519582577,0.004269027299332348,1.8551708459854126,0.0,0.0
1131,0.022697305262443564,0.004242904495359177,1.8454401209240867,0.0,0.023603836582465607,0.005226359300484712,1.8377477797594937,0.0,0.0
1132,0.022861633272398086,0.00430503928302122,1.8556594366119021,0.0,0.022856317629868336,0.004314807455309413,1.8541510646993464,0.0,0.0
1133,0.022739959038084463,0.004231158971032571,1.8508800523621696,0.0,0.022572505711154503,0.003979708216237751,1.8592797951264814,0.0,0.0
1134,0.022696142838824363,0.004226468946962129,1.8469674502100264,0.0,0.022607252509756523,0.004251652058552612,1.8355600508776577,0.0,0.0
1135,0.022700712661303225,0.004306966161710166,1.8393746813138325,0.0,0.023177973248741844,0.00474602959796109,1.8431944088502363,0.0,0.0
1136,0.02272688051951783,0.004264129719342149,1.8462751309076946,0.0,0.02304521118375388,0.004490715769034895,1.8554495789787986,0.0,0.0
1137,0.022773986859690575,0.004356129377681229,1.8417858084042866,0.0,0.022739518095146526,0.004281434823166241,1.8458084301515059,0.0,0.0
1138,0.02279423957779294,0.004187321201676414,1.8606918766385032,0.0,0.022544614801352673,0.003964216088537465,1.8580398776314475,0.0,0.0
1139,0.0227845021124397,0.004132927001808726,1.8651575588044667,0.0,0.022820569066838783,0.004218282707204873,1.8602286685596814,0.0,0.0
1140,0.022728416447838146,0.004127489192233909,1.8600927676473344,0.0,0.022592428733002056,0.004060795573009686,1.853163318200545,0.0,0.0
1141,0.02277673612393084,0.004294196908761348,1.8482539710544406,0.0,0.022533165629614483,0.004065588857470589,1.846757704561407,0.0,0.0
1142,0.022513229754709062,0.0041308553190901875,1.8382374814578466,0.0,0.02243440445851196,0.004176522605121136,1.8257881836457686,0.0,0.0
1143,0.02256668855746587,0.004374116636990081,1.8192572451773144,0.0,0.022673835469917816,0.004480961646715348,1.8192873759703203,0.0,0.0
1144,0.02280938740642298,0.004358721253949972,1.8450666410582406,0.0,0.02237345278263092,0.003802624552256682,1.85708288712935,0.0,0.0
1145,0.022671251956905638,0.00423185468562657,1.8439397840272813,0.0,0.02268323607065461,0.004305046263404868,1.8378190344030207,0.0,0.0
1146,0.02263880835934764,0.0042905998582552585,1.834820894967942,0.0,0.0228923134167086,0.004552865358577533,1.8339448300274936,0.0,0.0
1147,0.02265663906222298,0.004167487806019683,1.8489151625406175,0.0,0.022736555642702362,0.004288821311836893,1.8447734767740422,0.0,0.0
1148,0.02253350664284967,0.004169492400251329,1.8364014653932481,0.0,0.02252513695169579,0.004346322670409625,1.8178815083070234,0.0,0.0
1149,0.02266581423048462,0.004437115664283435,1.8228699139186315,0.0,0.022629153152758427,0.0042393702632662926,1.8389783339066939,0.0,0.0
1150,0.02260440299730925,0.004197613330602291,1.8406790069171362,0.0,0.02275706014849923,0.004246398383243518,1.8510662534020164,0.0,0.0
1151,0.02295268633003746,0.00441765817924447,1.8535028667677016,0.0,0.022400429980321365,0.0037450492805378003,1.8655380769209429,0.0,0.0
1152,0.02250745945743152,0.003929605568936538,1.8577854491415478,0.0,0.02258699827573516,0.0042356392792002725,1.835135969248685,0.0,0.0
1153,0.022675461579291595,0.004264256201817521,1.8411205921854292,0.0,0.022584306753494522,0.004212504358623515,1.8371802351691506,0.0,0.0
1154,0.022701218059020385,0.0043113688561355785,1.8389849606014432,0.0,0.023455952378836544,0.005002866562625224,1.8453086072748357,0.0,0.0
1155,0.022869595282134555,0.004349962242745927,1.851963338397798,0.0,0.022247547961094162,0.0037006403277204795,1.8546907901763916,0.0,0.0
1156,0.02262665122924816,0.00413036417947816,1.849628746509552,0.0,0.022913107309829105,0.004461961015212265,1.8451147079467773,0.0,0.0
1157,0.02261895424730721,0.004266941980902283,1.835201280457633,0.0,0.02328358387405222,0.0048726046542552385,1.8410979400981555,0.0,0.0
1158,0.022740645245427175,0.004230685964492815,1.8509960032644726,0.0,0.02268717691979625,0.004151620605791157,1.8535556468096646,0.0,0.0
1159,0.022873527281695887,0.004250686765382332,1.8622841040293376,0.0,0.02366861802610484,0.00493803522972898,1.8730583299290051,0.0,0.0
1160,0.022729880531274137,0.004121669213331881,1.8608211789812361,0.0,0.022455726834860714,0.0038548735690049148,1.8600853898308494,0.0,0.0
1161,0.022666768747426215,0.004170479214129348,1.8496290076346624,0.0,0.022687178613110023,0.004258447644216093,1.842873139814897,0.0,0.0
1162,0.022782459189849242,0.004341327069726374,1.8441132477351598,0.0,0.022594946521249683,0.003997398413379084,1.8597548658197576,0.0,0.0
1163,0.022623147726768537,0.004051362125513454,1.8571786256063552,0.0,0.022756079211831093,0.004409123233265497,1.8346956209702925,0.0,0.0
1164,0.02262153613957621,0.004367705778263155,1.8253831011908395,0.0,0.02304368398406289,0.0046503997238522225,1.839328484101729,0.0,0.0
1165,0.022821318136439436,0.00432885905528175,1.8492459598041715,0.0,0.022484407844868572,0.0039037456312640147,1.8580662662332708,0.0,0.0
1166,0.02279031037219933,0.00427123431914619,1.8519076591446286,0.0,0.022798340090296486,0.00417407305741852,1.8624267144636675,0.0,0.0
1167,0.022690166320119585,0.004118197381363383,1.8571969270706177,0.0,0.022446930239146404,0.004001911475577138,1.84450195052407,0.0,0.0
1168,0.02258867881305161,0.004047951766378468,1.854072746776399,0.0,0.023313113403591244,0.004951340104029937,1.8361773707649924,0.0,0.0
1169,0.02265133025745551,0.004381848554614754,1.8269482056299846,0.0,0.02301470156420361,0.004644943507049571,1.8369758454236118,0.0,0.0
1170,0.022803904887820994,0.004410140986909114,1.839376409848531,0.0,0.022770273583856495,0.004250663332641125,1.851961081678217,0.0,0.0
1171,0.022749527268821283,0.0042489276744336595,1.8500599974677676,0.0,0.022942055186087437,0.004401561528952284,1.854049411686984,0.0,0.0
1172,0.02269579731814918,0.004192151971870945,1.8503645942324685,0.0,0.022897904738783836,0.004384783625772054,1.851312138817527,0.0,0.0
1173,0.02256314642727375,0.004089123563885334,1.8474023342132568,0.0,0.023019298741763287,0.004644382300532677,1.8374916856939143,0.0,0.0
1174,0.022621391030649345,0.004255905470234298,1.8365486150696164,0.0,0.022507565265352077,0.004120423903011463,1.8387141769582576,0.0,0.0
1175,0.022628015217681725,0.004129487821566207,1.8498527719860984,0.0,0.022734039717099884,0.0041890698908404874,1.8544969992204146,0.0,0.0
1176,0.022468789835416135,0.004055612382390315,1.8413178154400416,0.0,0.022577326744794846,0.0042620315216481686,1.8315295847979458,0.0,0.0
1177,0.02265249764812844,0.004279513571721812,1.8372984528541565,0.0,0.024155761030587284,0.005787034074521877,1.8368727510625666,0.0,0.0
1178,0.022533547975832506,0.00418518904396998,1.8348359550748552,0.0,0.022854698144576767,0.004512447800317948,1.8342250693928113,0.0,0.0
1179,0.022674912498110815,0.004224062475952364,1.8450850390252613,0.0,0.022547957910732788,0.004045391582291235,1.850256703116677,0.0,0.0
1180,0.02263588183337734,0.004219289974398201,1.8416592450368972,0.0,0.022861194204200398,0.00446455043063245,1.8396643833680586,0.0,0.0
1181,0.022540683680701824,0.004079628658170502,1.8461055556933086,0.0,0.023120357062328945,0.004730379759249362,1.8389977975325151,0.0,0.0
1182,0.022472900870655264,0.004063794034577552,1.8409107157162257,0.0,0.022685099054466595,0.004396454706280069,1.8288644443858753,0.0,0.0
1183,0.022685139440000057,0.004456991340876335,1.8228148477418082,0.0,0.022488772361115975,0.004274157489734617,1.8214615041559392,0.0,0.0
1184,0.022702332719096115,0.0044399441408348225,1.8262389103571575,0.0,0.022977745160460472,0.00459529637274417,1.8382449475201694,0.0,0.0
1185,0.022709144634150323,0.004288438075621214,1.8420706930614652,0.0,0.023126737129959194,0.004538883264599876,1.8587854342027144,0.0,0.0
1186,0.02259943816101267,0.004093496328485864,1.8505942424138386,0.0,0.022859748791564594,0.004450061654841358,1.840968738902699,0.0,0.0
1187,0.022614492280852227,0.00414713214905489,1.8467360337575276,0.0,0.022796500812877308,0.0042006025429476394,1.859589847651395,0.0,0.0
1188,0.022761702759280092,0.0041324796288141185,1.8629223732721238,0.0,0.022952621125362137,0.004394140221517195,1.8558481714942239,0.0,0.0
1189,0.022940190508961678,0.0043774619476781,1.8562729273523604,0.0,0.02273244004357945,0.0038954039019617167,1.8837036652998491,0.0,0.0
1190,0.02288360237365677,0.004078419801468651,1.8805182803244818,0.0,0.022656677460128612,0.003968501759862358,1.8688176003369419,0.0,0.0
1191,0.022547437188525993,0.003937398443841154,1.8610039296604337,0.0,0.022596710615537384,0.00399786553514952,1.8598845330151645,0.0,0.0
1192,0.022786002340061322,0.004180305521003902,1.8605697240148271,0.0,0.022531063549897888,0.004027094353329052,1.8503969582644375,0.0,0.0
1193,0.022504128826161224,0.004147239378653467,1.8356889826910836,0.0,0.0226835659281774,0.0044801441783254795,1.8203422264619307,0.0,0.0
1194,0.022859242212559496,0.0044670050487010966,1.8392237566766285,0.0,0.02251273969357664,0.0039959832687269554,1.8516756946390325,0.0,0.0
1195,0.02254657930738869,0.004131617517920122,1.8414962036269051,0.0,0.02239298481832851,0.0041020190216262235,1.8290965773842551,0.0,0.0
1196,0.0225616471309747,0.004167919363161283,1.8393728449231102,0.0,0.02223245088349689,0.0037943776696920395,1.8438073505054822,0.0,0.0
1197,0.022689847453009514,0.004206602494897587,1.8483245401155382,0.0,0.022697927430272102,0.0041797720954160796,1.8518156246705488,0.0,0.0
1198,0.022968192185674394,0.004379929337162702,1.8588263534364247,0.0,0.022736448794603348,0.003970760217105801,1.8765689134597778,0.0,0.0
1199,0.022623572188119095,0.003953249232533078,1.8670323434330167,0.0,0.022944058714942497,0.004531638993119652,1.8412420099431819,0.0,0.0
1200,0.022641622106589022,0.004283290062587531,1.835833231608073,0.0,0.022566238418221474,0.004094604233449156,1.8471634496342053,0.0,0.0
1201,0.0226358628077876,0.004142171054679368,1.8493692193712508,0.0,0.02240801907398484,0.004007544770667499,1.840047457001426,0.0,0.0
1202,0.022588239805329414,0.0042321467439510995,1.835609345209031,0.0,0.022719946774569424,0.004366664173589511,1.8353283188559792,0.0,0.0
1203,0.022329123069842655,0.004029190638989565,1.8299932792073204,0.0,0.022914654998616737,0.004716056928207929,1.8198598514903674,0.0,0.0
1204,0.022773548162409236,0.0045055867771485025,1.8267961570194788,0.0,0.02205981280316006,0.0036218322136185384,1.8437980846925215,0.0,0.0
1205,0.02246517931953782,0.004148228908888996,1.8316950684502011,0.0,0.022362909364429386,0.0040368092542683535,1.8326100327751853,0.0,0.0
1206,0.022714720817194098,0.004266324048374025,1.8448397091456823,0.0,0.022838146510449322,0.004323803565718911,1.8514343175021084,0.0,0.0
1207,0.022844558714755943,0.0041562620761050354,1.8688297016280038,0.0,0.02266150543635542,0.003991873871365731,1.86696318062869,0.0,0.0
1208,0.022723085956559294,0.004133945342064614,1.858914119856698,0.0,0.02296206761490215,0.0044030419720167465,1.855902606790716,0.0,0.0
1209,0.022547035611101558,0.004036837551254956,1.8510198479606992,0.0,0.022826267745007168,0.0044652755922553215,1.8360992453315041,0.0,0.0
1210,0.022552854381501675,0.004193234845020231,1.8359619918323697,0.0,0.022702724926851013,0.004395395602014932,1.8307329524647107,0.0,0.0
1211,0.022369053170439742,0.00413568895531907,1.8233364337966556,0.0,0.02234633690254255,0.00411556555296887,1.823077147657221,0.0,0.0
1212,0.022803115747159437,0.004339518857055477,1.8463597439584278,0.0,0.02234128202227029,0.003840192115272988,1.850109046155756,0.0,0.0
1213,0.02262186791215624,0.004215970424757827,1.840589790117173,0.0,0.022954333912242542,0.004472047111696817,1.8482287688688799,0.0,0.0
1214,0.02262532041363773,0.004202446223990549,1.8422874609629314,0.0,0.022922433066097172,0.004408490463075313,1.8513942848552356,0.0,0.0
1215,0.02246001965942837,0.004081837256394681,1.8378182961827232,0.0,0.022995442829348824,0.004792038943957199,1.8203404274853794,0.0,0.0
1216,0.02279518482585748,0.004388726288674488,1.8406458866028559,0.0,0.022530804472890766,0.004142584533176639,1.8388220288536765,0.0,0.0
1217,0.022581089243647597,0.004137187165075115,1.8443902589025951,0.0,0.02254841425879435,0.004091443980789997,1.8456970561634412,0.0,0.0
1218,0.022445446767267726,0.004070124267378733,1.837532293228876,0.0,0.022471623833883892,0.00414946230805733,1.832216208631342,0.0,0.0
1219,0.02257537349526371,0.004265167212690271,1.8310206560861497,0.0,0.022469577633521774,0.0040405571714720945,1.8429020751606335,0.0,0.0
1220,0.022896155138455686,0.004174817564143311,1.8721337942850023,0.0,0.02242212708700787,0.0036376441236246715,1.878448334607211,0.0,0.0
1221,0.02274335441844804,0.00404884311969259,1.8694511651992798,0.0,0.022946768694303253,0.004307609136131677,1.8639160177924416,0.0,0.0
1222,0.022417806177621798,0.004028632893182692,1.8389173604193187,0.0,0.022765219888903877,0.004502870629287579,1.8262349258769641,0.0,0.0
1223,0.02269357456160443,0.004272353197891442,1.842122163091387,0.0,0.022303748029199513,0.0037620316301895814,1.8541716879064387,0.0,0.0
1224,0.022700541652739048,0.0041645135774853684,1.8536028493018377,0.0,0.022313914346424015,0.003804317040538246,1.850959756157615,0.0,0.0
1225,0.022683376978550638,0.004311826218673516,1.8371551349049522,0.0,0.023252172056924213,0.004838934528048743,1.841323820027438,0.0,0.0
1226,0.02265708955625693,0.004007881291077605,1.86492087159838,0.0,0.02312718907540495,0.0045815423257987604,1.854564753445712,0.0,0.0
1227,0.02259864117063227,0.00411171392382433,1.8486927549044292,0.0,0.022604308345101097,0.004132496320049871,1.8471812334927646,0.0,0.0
1228,0.022496348513024195,0.004194574181123504,1.830177474589575,0.0,0.022559810091148724,0.0042792771604250775,1.82805335521698,0.0,0.0
1229,0.022627328744246847,0.004194203625610541,1.8433125473204113,0.0,0.023034275763414123,0.004581078823486512,1.845319693738764,0.0,0.0
1230,0.02256335544266871,0.004158248625961798,1.8405107401666188,0.0,0.022718123414299705,0.004334339977834712,1.8383784185756336,0.0,0.0
1231,0.022701125281552475,0.00429952818722952,1.8401597539583843,0.0,0.02241343158212575,0.003995338857004588,1.8418093052777378,0.0,0.0
1232,0.02265319786965847,0.004243393933090071,1.8409804446356637,0.0,0.022688616744496605,0.004163815301250328,1.8524801839481702,0.0,0.0
1233,0.022679375085447515,0.004043331042686034,1.8636044632820856,0.0,0.022562261501496487,0.004006709035655314,1.8555552851070056,0.0,0.0
1234,0.022458242962048167,0.00400416451018481,1.8454078975177945,0.0,0.022726108743385834,0.004371129780669104,1.8354979428378018,0.0,0.0
1235,0.02260786157456182,0.004264495335519314,1.8343366639954704,0.0,0.022840959443287415,0.0044082140719348736,1.8432746041904797,0.0,0.0
1236,0.022555193464670862,0.004193459975621885,1.8361733782859075,0.0,0.023234301162036983,0.0048784720923074265,1.8355829282240435,0.0,0.0
1237,0.022507091895455404,0.004184287534804926,1.8322804882412864,0.0,0.022419013929637997,0.004189942201430147,1.822907187721946,0.0,0.0
1238,0.02244362443508137,0.004188973451077584,1.8254651228586833,0.0,0.022375207055698742,0.00410723787817088,1.8267969760027798,0.0,0.0
1239,0.022685359232127666,0.00424534459376619,1.8440014918645222,0.0,0.022773684764450245,0.0043076385786248875,1.8466046506708318,0.0,0.0
1240,0.022559233142861297,0.004118941436033873,1.8440292165392922,0.0,0.022476409815929153,0.004108712966130538,1.8367697325619785,0.0,0.0
1241,0.022963801664965495,0.004425038738797109,1.8538763324419658,0.0,0.02279329418458722,0.004196511877870018,1.859678257595409,0.0,0.0
1242,0.022681031331774733,0.004025490294831495,1.8655541510809035,0.0,0.02256850999864665,0.0038373963060704145,1.8731113997372715,0.0,0.0
1243,0.022597076814799083,0.004072858076099129,1.8524219138281686,0.0,0.022473661229014397,0.004041298927569931,1.8432362946597012,0.0,0.0
1244,0.022373030450017678,0.003977782564193365,1.8395248310906547,0.0,0.02255139872431755,0.004420021612366492,1.8131377263502642,0.0,0.0
1245,0.02271999516302631,0.004490516952327674,1.822947865440732,0.0,0.022802352905273438,0.004374304045499725,1.8428048870780251,0.0,0.0
1246,0.022769354239460967,0.0042336647942041354,1.8535689881869726,0.0,0.02260178937153383,0.004081087335097519,1.852070234038613,0.0,0.0
1247,0.02283323946453276,0.004121699830561522,1.8711540273257665,0.0,0.02289590628987009,0.004231447036462751,1.8664459640329534,0.0,0.0
1248,0.022506888955831528,0.003994745302147099,1.8512144060361952,0.0,0.022461103614081036,0.004013354699550705,1.8447749397971414,0.0,0.0
1249,0.022434816429657594,0.004112027496809051,1.8322789101373582,0.0,0.023154400289058685,0.0049309078815647145,1.8223492774096401,0.0,0.0
1250,0.02245140155511243,0.00415986880017001,1.8291533248765128,0.0,0.0225172025913542,0.0041944101156497545,1.8322792811827227,0.0,0.0
1251,0.022880048313665958,0.004398276297641652,1.848177242846716,0.0,0.022845731709491123,0.004246795507655902,1.8598936579444192,0.0,0.0
1252,0.022498738597191516,0.0040345017609763004,1.8464237224488032,0.0,0.022832815112038093,0.004502468255602501,1.833034710450606,0.0,0.0
1253,0.022354920350369952,0.004077318684375357,1.827760202544076,0.0,0.022341414270075886,0.0041969225699590015,1.814449212767861,0.0,0.0
1254,0.022514669535060722,0.0043142065294973905,1.8200463510694957,0.0,0.022703482176769863,0.004399728601459752,1.8303753896193071,0.0,0.0
1255,0.022872851363250186,0.004268475148516397,1.8604376457986378,0.0,0.02250306037339297,0.003874897872182456,1.8628163229335437,0.0,0.0
1256,0.022862733696543035,0.0042490206958193865,1.8613713326908292,0.0,0.02305341020903804,0.0044876967810771684,1.8565714034167202,0.0,0.0
1257,0.022597506331900757,0.004089776321225578,1.850773070539747,0.0,0.022658009251410312,0.0043173703280362215,1.834063930944963,0.0,0.0
1258,0.02258018488507895,0.0041584693161504606,1.8421716094017029,0.0,0.022566835141994736,0.004175815075127916,1.8391020623120395,0.0,0.0
1259,0.022499182350223974,0.00408436182243306,1.8414821000326247,0.0,0.022328710860826752,0.003919121682305227,1.8409589312293313,0.0,0.0
1260,0.02223182695784739,0.00392812415070477,1.8303703325135368,0.0,0.022060903635892002,0.003917369652878155,1.8143534768711438,0.0,0.0
1261,0.022664011722164496,0.004383904005711277,1.8280108173688252,0.0,0.022678626023910263,0.004285398172214627,1.8393228487534956,0.0,0.0
1262,0.022574338928929398,0.004182456238638787,1.839188317457835,0.0,0.02275122549723495,0.0042657101188193665,1.8485515767877752,0.0,0.0
1263,0.02291550620325974,0.004263282093840341,1.8652224711009435,0.0,0.022870951247486202,0.004231524569067088,1.8639426773244685,0.0,0.0
1264,0.022734207988140128,0.004101321666634509,1.8632887034189134,0.0,0.022664334625005722,0.00404822165993127,1.861611312085932,0.0,0.0
1265,0.02263508164989097,0.004097415744105265,1.8537666286740984,0.0,0.02269460955126719,0.004186869027431716,1.850774103944952,0.0,0.0
1266,0.022480839109491734,0.004145179143441575,1.8335660099983215,0.0,0.022561464289372616,0.004165142351253467,1.8396322185342961,0.0,0.0
1267,0.022877609002448264,0.0043812693939322515,1.849634003071558,0.0,0.022899879989298908,0.004208689788356423,1.8691190156069668,0.0,0.0
1268,0.022469298869726203,0.003831085383093783,1.8638213816143216,0.0,0.02232269790362228,0.003864799097011035,1.8457899635488337,0.0,0.0
1269,0.022537657680610817,0.004102517146661523,1.843514084815979,0.0,0.022828405045650223,0.004422376017001542,1.8406029506163164,0.0,0.0
1270,0.022605084281946932,0.00436268872692294,1.8242395804041909,0.0,0.02304592491550879,0.0047147035260092125,1.8331221775575117,0.0,0.0
1271,0.02241943883044379,0.003976118501408824,1.8443320507094974,0.0,0.023400537500327282,0.004973856076090174,1.8426681756973267,0.0,0.0
1272,0.02251809338728587,0.004150257251846294,1.8367836390222823,0.0,0.022451174699447372,0.004099885446273468,1.835128979249434,0.0,0.0
1273,0.02286126362603335,0.0043614241128255215,1.8499839930307298,0.0,0.022380037741227585,0.003691639624197375,1.8688398491252551,0.0,0.0
1274,0.022426684475725607,0.0039401443708421925,1.8486540544600714,0.0,0.022824640809135002,0.0044246199752458115,1.8400021357969805,0.0,0.0
1275,0.022538029588758945,0.004259161606785797,1.8278868482226418,0.0,0.02248489958318797,0.004305166488682682,1.8179733644832263,0.0,0.0
1276,0.022733807829873904,0.0043031771312512105,1.843063113235292,0.0,0.022578368132764644,0.004081524548713456,1.8496843793175437,0.0,0.0
1277,0.022492552708302225,0.004051261514957462,1.8441291735285805,0.0,0.02258812009610913,0.004176449940793894,1.8411670598116787,0.0,0.0
1278,0.022633833278502737,0.004208380228928512,1.8425453475543432,0.0,0.022614608095450836,0.004181790673597293,1.8432818000966853,0.0,0.0
1279,0.022547369290675436,0.004152288738017281,1.839508090700422,0.0,0.02252772111784328,0.004140598339621316,1.8387123346328735,0.0,0.0
1280,0.02255469538448822,0.004233654449871253,1.8321041266123455,0.0,0.022635464810512283,0.00426403128288009,1.8371433994986794,0.0,0.0
1281,0.022307873836585453,0.0040181751163410285,1.8289699128695898,0.0,0.02246973409571431,0.004332305270839821,1.8137429302388972,0.0,0.0
1282,0.02243241157737516,0.004169637215368095,1.8262774859155928,0.0,0.02235294133424759,0.004069709494201975,1.8283232233741067,0.0,0.0
1283,0.022459454834461212,0.004242112095068608,1.8217342864899408,0.0,0.022324834696271202,0.004090006717226722,1.8234828602183948,0.0,0.0
1284,0.022986840545421557,0.0045390033684227435,1.8447837517375039,0.0,0.022586000236597927,0.003873066257008097,1.871293458071622,0.0,0.0
1285,0.022568963512423493,0.003851313953332248,1.8717649948029291,0.0,0.022926190529357304,0.004365509333596988,1.8560681451450696,0.0,0.0
1286,0.022449207270429247,0.004063400329046306,1.8385807559603737,0.0,0.022276203910058193,0.003986308202994141,1.8289896249771118,0.0,0.0
1287,0.022663842753640244,0.004352191856707491,1.8311651349067688,0.0,0.022946497425436974,0.00438225171952085,1.8564245917580344,0.0,0.0
1288,0.022440073036012195,0.003961817239455524,1.8478256322088695,0.0,0.022744489325718445,0.004451225744560361,1.8293263912200928,0.0,0.0
1289,0.022643010353758222,0.004209233276058166,1.8433777406102134,0.0,0.02251827632161704,0.003935526357963681,1.8582750233736904,0.0,0.0
1290,0.022716799440483253,0.004178149908381913,1.8538649962061928,0.0,0.022842887111685493,0.004161772000688044,1.868111556226557,0.0,0.0
1291,0.022422442124003454,0.0038840093128826646,1.8538433483668737,0.0,0.022608158601955933,0.004225413971157236,1.838274511423978,0.0,0.0
1292,0.02252173986995504,0.004143530464110275,1.8378209812300546,0.0,0.022584238682280888,0.0041508591014214535,1.8433380235325207,0.0,0.0
1293,0.0224436175166851,0.0040995891183792125,1.8344028847558158,0.0,0.022467459467324345,0.004217377990822901,1.825008208101446,0.0,0.0
1294,0.022558425420096943,0.004161437097493382,1.8396988993599301,0.0,0.022236214104023846,0.003824974727732214,1.841123960234902,0.0,0.0
1295,0.022824725934437344,0.004467957459079723,1.8356768999780928,0.0,0.022594475102695553,0.004194059980694543,1.8400415940718218,0.0,0.0
1296,0.022786758174853667,0.00419755528924898,1.8589203300930204,0.0,0.0223208140920509,0.003698364133015275,1.862245039506392,0.0,0.0
1297,0.022496372860457216,0.003926154630746515,1.8570218682289124,0.0,0.02256139875812964,0.004080163844099099,1.848123550415039,0.0,0.0
1298,0.022660403024582637,0.004230554919645545,1.8429848608516513,0.0,0.022639094259251247,0.0041245932860130615,1.8514501181515781,0.0,0.0
1299,0.02252814524053108,0.003985206679707127,1.8542938970384144,0.0,0.02251420762728561,0.0041429118083959274,1.8371296254071323,0.0,0.0
1300,0.022404718611921583,0.004146785336723994,1.8257933514458793,0.0,0.022612904960458927,0.004370943791317669,1.8241961435838179,0.0,0.0
1301,0.022880328508714836,0.004511258598150951,1.836907046181815,0.0,0.022774915126237003,0.004178718007592993,1.8596197691830723,0.0,0.0
1302,0.022689162842219786,0.004109347981977321,1.8579815313929604,0.0,0.022522732276808132,0.0040040263821455565,1.8518706343390725,0.0,0.0
1303,0.022264269624082816,0.003858952178797197,1.8405318061510723,0.0,0.022162996571172367,0.003918009365654804,1.8244988051327793,0.0,0.0
1304,0.022685767905343147,0.004279771758731277,1.8405996561050415,0.0,0.022809894586151295,0.004323667021129619,1.8486227664080532,0.0,0.0
1305,0.02260775420637358,0.004224710837228312,1.838304380575816,0.0,0.022552659057758072,0.004189136035909707,1.8363523266532205,0.0,0.0
1306,0.022680545846621197,0.0042736538730206945,1.8406892276945568,0.0,0.022335160184990276,0.003864238461987539,1.8470922058278865,0.0,0.0
1307,0.022532271221280098,0.004031085614336743,1.8501186058634804,0.0,0.022498568858612667,0.004004697124897079,1.8493872339075261,0.0,0.0
1308,0.02241150103509426,0.0039986915930750825,1.8412809797695704,0.0,0.022761471230875362,0.004359507277099924,1.8401964686133645,0.0,0.0
1309,0.022509406675540265,0.0041186100404177394,1.8390796752203078,0.0,0.023466769436543636,0.005094975931569934,1.8371794440529563,0.0,0.0
1310,0.02272961399562302,0.004238506906577164,1.8491107594399225,0.0,0.02282299016687003,0.004268643361600963,1.8554347536780618,0.0,0.0
1311,0.022833930816323983,0.00418172044391256,1.8652211058707464,0.0,0.02255810966545885,0.003758835775608366,1.8799274184487083,0.0,0.0
1312,0.022511299566498826,0.003923184643056066,1.8588115260714577,0.0,0.022721358320929787,0.004297740016640587,1.842361862009222,0.0,0.0
1313,0.022501625164988496,0.0040477932253409,1.8453832524163383,0.0,0.022607105868783863,0.004216234390200539,1.8390872044996782,0.0,0.0
1314,0.02255003038971197,0.004173221249532487,1.8376809528895788,0.0,0.022877890955318104,0.004441890653900125,1.8436000672253696,0.0,0.0
1315,0.02241679782136565,0.004110884076605241,1.8305914004643757,0.0,0.022822733121839436,0.004480937157164921,1.834179628979076,0.0,0.0
1316,0.022931377580832867,0.004315869788461853,1.8615508193061465,0.0,0.022635780105536633,0.0037062236488881435,1.8929556824944236,0.0,0.0
1317,0.02265452136773439,0.0038590761389405955,1.8795445646558488,0.0,0.02287619391625578,0.004318107745017518,1.8558086373589255,0.0,0.0
1318,0.02271429577931052,0.004264986275562218,1.8449310007549466,0.0,0.022498873485760254,0.004103139381517063,1.8395735025405884,0.0,0.0
1319,0.022395485125127294,0.004107968737593009,1.828751680396852,0.0,0.022211145778948612,0.003985240420495922,1.8225905678488992,0.0,0.0
1320,0.022437081450507754,0.004218084571350898,1.8218997376305717,0.0,0.02241969955238429,0.0041410481049255895,1.8278651562604038,0.0,0.0
1321,0.022695106188101426,0.004395856078536738,1.829925040404002,0.0,0.022429331290450962,0.00407703115012158,1.8352300362153486,0.0,0.0
1322,0.02269094938501006,0.004058352993091657,1.86325969014849,0.0,0.022688440131870182,0.004073476567017761,1.861496394330805,0.0,0.0
1323,0.022721423767507076,0.004141750895152134,1.857967339810871,0.0,0.022708471017805012,0.004102641822431575,1.8605829802426426,0.0,0.0
1324,0.02245308081841185,0.003943305950434435,1.8509775343395414,0.0,0.02260873873125423,0.004140699155290018,1.8468040119517932,0.0,0.0
1325,0.022507237492217905,0.0041089219351609545,1.839831604844048,0.0,0.022564271464943886,0.004149773348630829,1.8414498892697422,0.0,0.0
1326,0.02239636429363773,0.004092288369845066,1.8304076393445332,0.0,0.02242635783146728,0.004161029186269099,1.8265329274264248,0.0,0.0
1327,0.022471439226397445,0.004212920298977267,1.8258519229434786,0.0,0.022204319523139435,0.003990703368220817,1.8213616501201282,0.0,0.0
1328,0.022595790214836597,0.0041527412388296355,1.8443049561409723,0.0,0.022479256107048554,0.003998579520901496,1.8480676954442805,0.0,0.0
1329,0.022528761909121557,0.004242087431651141,1.8286675016085308,0.0,0.022384487261826343,0.004143570211123337,1.824091748757796,0.0,0.0
1330,0.02267085157689594,0.004279263788789865,1.8391588472184681,0.0,0.023677145046266643,0.005070755173536864,1.860639051957564,0.0,0.0
1331,0.022468885939036096,0.003961287461043824,1.8507598979132516,0.0,0.022473086348988792,0.004193788711828264,1.8279297785325483,0.0,0.0
1332,0.022421517231989475,0.004158099387062802,1.8263418021656217,0.0,0.023003618656234306,0.004792149834842844,1.8211468891663984,0.0,0.0
1333,0.02292100220386471,0.004505285361249532,1.8415717340651012,0.0,0.022703935646198013,0.004143710036508061,1.8560226071964612,0.0,0.0
1334,0.022342652082443237,0.0038609774672381933,1.8481675216129847,0.0,0.022840366275473076,0.004464611220596867,1.8375755114988848,0.0,0.0
1335,0.02238013386903774,0.004073494113981724,1.8306640102749778,0.0,0.023082396692850372,0.004819523458453742,1.8262873562899502,0.0,0.0
1336,0.02222869119473866,0.004093424095550463,1.8135267354193187,0.0,0.022266153754158455,0.004176712171597915,1.8089441927996548,0.0,0.0
1337,0.02260470554409992,0.004220448179347884,1.8384257895605904,0.0,0.022602187977595764,0.004114820389077067,1.8487368605353616,0.0,0.0
1338,0.022527481695371016,0.0040083703573881874,1.8519111587887718,0.0,0.02224068208174272,0.0036883321379057384,1.8552350456064397,0.0,0.0
1339,0.022461691294752416,0.00402121238100032,1.8440479125295366,0.0,0.022492404688488354,0.00416799810376357,1.83244065804915,0.0,0.0
1340,0.022293261740179288,0.00408872736374005,1.8204534763381595,0.0,0.02287786437029188,0.0047512818974527445,1.812658266587691,0.0,0.0
1341,0.022465826987865426,0.004243506118655205,1.822232112998054,0.0,0.022575748576359314,0.004341766555708918,1.823398232460022,0.0,0.0
1342,0.02245592348100174,0.004146061882021881,1.830986187571571,0.0,0.02256846885112199,0.004113459536297755,1.8455010002309626,0.0,0.0
1343,0.022518248652063665,0.004038218303494865,1.848003083751315,0.0,0.022577108307318253,0.004032772246070884,1.854433688250455,0.0,0.0
1344,0.022578033884721144,0.003983747668653017,1.8594286441802979,0.0,0.022454421120611103,0.003930335949090394,1.8524085608395664,0.0,0.0
1345,0.022540787234902382,0.004069155137542458,1.847163240114848,0.0,0.02247967520220713,0.00399342977272516,1.848624587059021,0.0,0.0
1346,0.02233322301790828,0.0039440630214466225,1.838916043440501,0.0,0.022582546384497124,0.004285846942697059,1.829670017415827,0.0,0.0
1347,0.022431392488735064,0.004262463938045714,1.8168929105713254,0.0,0.022606765343384308,0.004421528725122864,1.8185237429358743,0.0,0.0
1348,0.02251364117754357,0.0041055068362592945,1.8408134466125852,0.0,0.022875114259394733,0.004468442660502412,1.8406672260978005,0.0,0.0
1349,0.02266390852275349,0.00415673942327322,1.8507169712157476,0.0,0.022400529885833912,0.003761723701080138,1.8638806451450696,0.0,0.0
1350,0.022662097942971048,0.003977390721307269,1.868470779487065,0.0,0.022748496214097195,0.004094578558579087,1.865391817959872,0.0,0.0
1351,0.022510442394940627,0.004106923971059067,1.8403518824350267,0.0,0.02244849062778733,0.004037407248026945,1.8411083980040117,0.0,0.0
1352,0.022673166933513823,0.00402060888397197,1.8652558411870683,0.0,0.022186884148554367,0.0035686947574669666,1.8618190071799539,0.0,0.0
1353,0.022532596651996886,0.003915944097874065,1.8616652942839123,0.0,0.022430902177637272,0.0038618177217854695,1.8569085164503618,0.0,0.0
1354,0.02258231100581941,0.004088427605373519,1.8493883780070715,0.0,0.02258527431298386,0.004166348032991995,1.84189265424555,0.0,0.0
1355,0.022549061991629146,0.0041140848438122445,1.8434977474666776,0.0,0.022417762740091843,0.0038667578588832507,1.8551005558534102,0.0,0.0
1356,0.02233312740212395,0.003946954456512772,1.8386173305057345,0.0,0.02265799705955115,0.004394599575210701,1.8263397975401445,0.0,0.0
1357,0.022462927425901096,0.004223577206998709,1.8239350602740334,0.0,0.02291477420790629,0.004640082849866964,1.8274691863493486,0.0,0.0
1358,0.02265108922230346,0.004161064302371372,1.849002548626491,0.0,0.022600984539497982,0.004110857018862258,1.8490127975290471,0.0,0.0
1359,0.022701046740015347,0.004205885892068701,1.849516124952407,0.0,0.02284210497005419,0.004383765520866622,1.8458340059627185,0.0,0.0
1360,0.02244466215017296,0.004016879086737477,1.842778347787403,0.0,0.02219906042922627,0.0038559719581495633,1.8343088735233655,0.0,0.0
1361,0.022665410125184627,0.004207888435173247,1.84575221935908,0.0,0.0225245248187672,0.003957594512030482,1.8566930944269353,0.0,0.0
1362,0.02262276326794,0.004026885493658483,1.8595878396715437,0.0,0.02261803045191548,0.004068250027061863,1.8549781279130415,0.0,0.0
1363,0.02262429218916666,0.004198919876389915,1.8425372668675013,0.0,0.022884521464055233,0.0044635733039203014,1.8420948548750444,0.0,0.0
1364,0.022468894276590573,0.004119369739090048,1.8349524935086567,0.0,0.022767955098639835,0.004509582522917877,1.8258372870358555,0.0,0.0
1365,0.02246896412578367,0.0042534076409148315,1.821555685429346,0.0,0.02281444655223326,0.004566813014786352,1.8247634064067493,0.0,0.0
1366,0.022211553440207525,0.003945613573748796,1.826594020639147,0.0,0.022458264434879475,0.004240246616642584,1.8218018033287742,0.0,0.0
1367,0.022614717261777037,0.004185322090052068,1.8429395698365711,0.0,0.022613887251778084,0.004066327078775926,1.854756084355441,0.0,0.0
1368,0.02256025059059972,0.003995645192584821,1.856460574127379,0.0,0.022420257329940796,0.003869238711724227,1.8551019430160522,0.0,0.0
1369,0.02256768241169907,0.004053220973305759,1.8514461943081446,0.0,0.022651923481713642,0.004202248782596805,1.8449674844741821,0.0,0.0
1370,0.02231535732391335,0.003941570990718901,1.8373786863826571,0.0,0.02227212166921659,0.003986966753886504,1.8285154862837358,0.0,0.0
1371,0.02239585743241367,0.00417846239482363,1.8217395771117437,0.0,0.02268282933668657,0.004436556038192727,1.8246273886073718,0.0,0.0
1372,0.022441348238360314,0.004194988436730844,1.824636010896592,0.0,0.022592323916879566,0.004315089074556123,1.8277235572988337,0.0,0.0
1373,0.022746209809113117,0.004355684332993059,1.8390525806517828,0.0,0.0225662768564441,0.00415589880536903,1.8410378802906384,0.0,0.0
1374,0.022563010232434386,0.004136324411125055,1.8426686553728013,0.0,0.022649435834451156,0.004220681836489926,1.842875448140231,0.0,0.0
1375,0.02234290602306525,0.00399197348659592,1.8350932910328819,0.0,0.022762768309224735,0.0043660906905477696,1.8396678079258313,0.0,0.0
1376,0.022462116243938606,0.00413226987612212,1.8329846603529794,0.0,0.02270503765480085,0.004474875178526749,1.823016275059093,0.0,0.0
1377,0.02251776068338326,0.004210861887605418,1.830689929780506,0.0,0.022610769522461025,0.004170758014714176,1.8440011848102917,0.0,0.0
1378,0.022369300414408957,0.0039793602135475906,1.8389940744354611,0.0,0.022663619538599796,0.004370428558269685,1.8293191411278464,0.0,0.0
1379,0.022621590333680313,0.004233089275658131,1.8388501348949613,0.0,0.022447202862663704,0.00406467768532986,1.83825252272866,0.0,0.0
1380,0.02281673957726785,0.004280955092759714,1.8535784880320232,0.0,0.0222859765318307,0.0037327091929248786,1.855326771736145,0.0,0.0
1381,0.02245562927176555,0.003994561571051322,1.8461068414506459,0.0,0.022497238252650608,0.004151015775278211,1.834622253071178,0.0,0.0
1382,0.022426815348721686,0.004097706965348195,1.832910872641064,0.0,0.02262795310128819,0.004236707802523266,1.8391245711933484,0.0,0.0
1383,0.022568369372969584,0.004216748921732817,1.8351620861462183,0.0,0.02223967235874046,0.003906543832272291,1.833312901583585,0.0,0.0
1384,0.022179708461321536,0.003957079130313581,1.8222629626592,0.0,0.022755524143576622,0.004653047537431121,1.8102476813576438,0.0,0.0
1385,0.022796813531645706,0.004567275300533289,1.8229538684799558,0.0,0.023132110353220593,0.004546381406147371,1.8585729273882778,0.0,0.0
1386,0.02266968764542114,0.0038335861449706413,1.8836102031526112,0.0,0.022477616301991722,0.0037296021103181624,1.8748014948584817,0.0,0.0
1387,0.02264988369175366,0.004025669990196114,1.8624214104243688,0.0,0.022620486942204563,0.00415283115580678,1.8467656157233499,0.0,0.0
1388,0.022692933146442686,0.0041255234474582335,1.8567410139810472,0.0,0.022731565447016197,0.004148369506848129,1.8583196293223987,0.0,0.0
1389,0.02238200724657093,0.003929407446689549,1.8452600070408411,0.0,0.02241835065863349,0.004074007420885292,1.8344343575564297,0.0,0.0
1390,0.02235737975154604,0.004051591835117766,1.8305788267226446,0.0,0.02306569723243063,0.004780169682238589,1.8285527987913652,0.0,0.0
1391,0.022445196463238625,0.004116474878087285,1.8328721949032374,0.0,0.022705903446132488,0.0043786867860366,1.8327216668562456,0.0,0.0
1392,0.022381589260129703,0.004174429274696324,1.8207160461516607,0.0,0.022513930262489754,0.004392260622063821,1.8121669834310359,0.0,0.0
1393,0.022592239791438692,0.0042587310364026396,1.8333509053502763,0.0,0.02257519435476173,0.0041930437172678385,1.838215091011741,0.0,0.0
1394,0.02259664193150543,0.004156951288071771,1.8439691038358779,0.0,0.02269504066895355,0.00419181697493927,1.8503224632956765,0.0,0.0
1395,0.02241104007476852,0.003995921390707649,1.8415119364148094,0.0,0.02265816791491075,0.004362605935470624,1.8295562158931384,0.0,0.0
1396,0.022627264926476136,0.004086081648156757,1.8541183471679688,0.0,0.022578555582599205,0.004004400646822019,1.857415502721613,0.0,0.0
1397,0.02259610535665637,0.0041514257955852715,1.8444680032275973,0.0,0.02219364605844021,0.003697813425043767,1.849583311514421,0.0,0.0
1398,0.02218141331381741,0.0038951156949180933,1.8286297974132357,0.0,0.022950135679407555,0.004744647663425316,1.8205488486723467,0.0,0.0
1399,0.02249892016074487,0.004171933579657759,1.8326986886206127,0.0,0.022637856954878025,0.004301900276914239,1.8335956768556074,0.0,0.0
1400,0.022391335595221745,0.004090700514747628,1.8300635474068778,0.0,0.022295150397853417,0.004063356202095747,1.8231794509020718,0.0,0.0
1401,0.02235985037294172,0.004076529909590525,1.8283320778892154,0.0,0.0223807655274868,0.004052387762137435,1.8328378092158923,0.0,0.0
1402,0.022491331877452985,0.003989142010964099,1.8502190425282432,0.0,0.02218633314425295,0.0036246460989456286,1.8561687577854504,0.0,0.0
1403,0.022493712515348478,0.003934094078084897,1.855961873417809,0.0,0.022431274706667118,0.003891003148799593,1.8540272062475032,0.0,0.0
1404,0.022533393509331204,0.003955523405844967,1.8577870613052732,0.0,0.02253522469916127,0.00393367355520075,1.8601551489396528,0.0,0.0
1405,0.022798575593956878,0.004153911417926706,1.8644664514632452,0.0,0.022835296832702377,0.004210067256777124,1.862523003058,0.0,0.0
1406,0.02260301758845647,0.004109121548632781,1.8493896410578774,0.0,0.022648734294555405,0.0041425589429722595,1.8506175604733555,0.0,0.0
1407,0.022324380243108385,0.0039757465766299335,1.8348634157861983,0.0,0.022537725046277046,0.004218449752608483,1.8319275812669233,0.0,0.0
1408,0.02263143148628019,0.004248724917748145,1.838270706789834,0.0,0.02260549688203768,0.004114204044030471,1.8491293300281872,0.0,0.0
1409,0.02248877433261701,0.004107830330862531,1.8380944274720692,0.0,0.022942961447618225,0.004685863069343296,1.8257098631425337,0.0,0.0
1410,0.022444014570542743,0.004191056997071774,1.8252958059310913,0.0,0.022428205914118073,0.003994302083314819,1.843390410596674,0.0,0.0
1411,0.022489351087382863,0.004051446742821662,1.8437904573622204,0.0,0.022503918714144013,0.004126296336339278,1.8377622907811946,0.0,0.0
1412,0.022416163501994952,0.004050086025104281,1.836607779775347,0.0,0.022347893735224552,0.0039793815971775484,1.8368512392044067,0.0,0.0
1413,0.02270142077690079,0.004243431989813135,1.845798929532369,0.0,0.02233773994852196,0.0038897087797522545,1.8448031490499324,0.0,0.0
1414,0.022423797109652133,0.003992737697747846,1.8431060001963662,0.0,0.02216969413513487,0.0037483756684444165,1.8421318856152622,0.0,0.0
1415,0.022165952605150994,0.003894176738824518,1.827177623907725,0.0,0.022471806373108517,0.004439377966760235,1.8032428568059748,0.0,0.0
1416,0.02251442118237416,0.004446307413413056,1.8068113923072815,0.0,0.02280934832312844,0.004526686240834269,1.828266273845326,0.0,0.0
1417,0.022332644356148585,0.003996569923834787,1.8336074948310852,0.0,0.0222983355210586,0.0039350091564384375,1.836332700469277,0.0,0.0
1418,0.022511151707952932,0.0041681241044508556,1.8343028057189215,0.0,0.02246439541605386,0.00421063625253737,1.825375957922502,0.0,0.0
1419,0.022405910394376234,0.004230430715584329,1.8175480167071025,0.0,0.02206555466082963,0.0038205752657218413,1.8244979815049605,0.0,0.0
1420,0.022243932643461795,0.00401538142579652,1.8228551745414734,0.0,0.022359499538486653,0.004138365155085921,1.8221134705977007,0.0,0.0
1421,0.022387864866427014,0.0042350945295766,1.8152770683878945,0.0,0.022688802670348774,0.00446182404729453,1.8226979212327437,0.0,0.0
1422,0.022440352299738498,0.004026482325224649,1.8413870277858915,0.0,0.022036199203946373,0.003603067524223165,1.8433132280002942,0.0,0.0
1423,0.022488444999215148,0.00396784526362483,1.8520600199699402,0.0,0.022427290678024292,0.003936274125325409,1.849101727659052,0.0,0.0
1424,0.02220977408190568,0.0038222340212780096,1.8387540408543177,0.0,0.02264173836870627,0.004451893841509114,1.818984486839988,0.0,0.0
1425,0.022704794160312132,0.004465739187296657,1.8239055332683383,0.0,0.022655717689882626,0.004279958190057765,1.837575999173251,0.0,0.0
1426,0.022803635159063907,0.004305388390397032,1.8498247067133586,0.0,0.022452274337410927,0.003588335249911655,1.8863939588720149,0.0,0.0
1427,0.022546559838312014,0.0038414495398423503,1.870511063507625,0.0,0.022655969654971905,0.00413883890194649,1.8517131263559514,0.0,0.0
1428,0.022411549774308998,0.003932942242716395,1.8478607875960213,0.0,0.022311012853275646,0.003837009235708551,1.8474004485390403,0.0,0.0
1429,0.022261931028749262,0.003885999937275691,1.837593132541293,0.0,0.02219143763861873,0.003949961582706733,1.8241476579145952,0.0,0.0
1430,0.022399270108767917,0.004119490328732701,1.8279780149459839,0.0,0.022737309167330914,0.00440893239680339,1.832837700843811,0.0,0.0
1431,0.022301672336955864,0.003965827935774412,1.833584487438202,0.0,0.02241606366905299,0.004122149897739291,1.8293913819573142,0.0,0.0
1432,0.022787326104229406,0.004240906974744229,1.8546419399125236,0.0,0.022209127687595108,0.003484565404836427,1.8724562905051492,0.0,0.0
1433,0.022493172481301286,0.003876546176061744,1.8616626830328078,0.0,0.022240786559202454,0.003696909047324549,1.8543877709995618,0.0,0.0
1434,0.02254221255757979,0.0039755981969868855,1.8566614815167017,0.0,0.02263583598489111,0.004036346535113725,1.8599489602175625,0.0,0.0
1435,0.022383040748536587,0.00394428397772745,1.8438757345789956,0.0,0.022219687869602985,0.0037962991574948483,1.8423389196395874,0.0,0.0
1436,0.022472752524273738,0.004054031645258267,1.8418721443130857,0.0,0.022812008688395672,0.0044234690722078085,1.838854031129317,0.0,0.0
1437,0.022568183596290294,0.004069252887607685,1.8498931186539787,0.0,0.02382881905544888,0.005173997212709351,1.8654822002757678,0.0,0.0
1438,0.02243721028346391,0.003964149681407781,1.8473061010951088,0.0,0.02273063598708673,0.004411165412007408,1.8319470882415771,0.0,0.0
1439,0.02248465061365139,0.004219113189416627,1.8265537903422402,0.0,0.02280819162049077,0.004504561043259772,1.8303631002252752,0.0,0.0
1440,0.02228066533626545,0.004036934708156401,1.8243730862935383,0.0,0.022385832768949596,0.004228571472181516,1.8157261610031128,0.0,0.0
1441,0.022622236981987953,0.004440050489003105,1.8182186853317988,0.0,0.022787675938823006,0.004527773263610222,1.8259903300892224,0.0,0.0
1442,0.022437121674773238,0.004127616295590997,1.830950575215476,0.0,0.022398658604784447,0.003990897760641846,1.8407761508768254,0.0,0.0
1443,0.02240625143583332,0.0039909712171980315,1.8415280694053286,0.0,0.022253938696601173,0.003869667204774239,1.838427186012268,0.0,0.0
1444,0.02251053135842085,0.004118486595827909,1.8392045072146825,0.0,0.022163663059473038,0.0036860472861338744,1.8477616201747546,0.0,0.0
1445,0.022459730328548522,0.003993631163168521,1.8466099614188785,0.0,0.022684069350361824,0.0042417132168669595,1.8442356586456299,0.0,0.0
1446,0.02263720581928889,0.004210742317982728,1.8426463972954523,0.0,0.022581064734946598,0.004117710960351608,1.8463354219089856,0.0,0.0
1447,0.022360505092711674,0.003974004133072283,1.8386501187369937,0.0,0.022709127684885807,0.004474794365126978,1.823433366688815,0.0,0.0
1448,0.02245744951956329,0.0041981983896611,1.8259251316388447,0.0,0.022655739364298908,0.004253337519582023,1.8402402292598377,0.0,0.0
1449,0.02253585299920468,0.0040803833897890785,1.8455470175970168,0.0,0.022419905628670345,0.003900652327998118,1.8519253514029763,0.0,0.0
1450,0.022312998594272705,0.003936653868073509,1.8376345066797166,0.0,0.022808611900968986,0.0045183750546791334,1.829023707996715,0.0,0.0
1451,0.022387650351793992,0.004110968810328771,1.8276681729725428,0.0,0.02261937087909742,0.004238547079942443,1.838082411072471,0.0,0.0
1452,0.022698732137325265,0.004208075181980219,1.8490657323882693,0.0,0.022497164424170147,0.003935190827839754,1.8561974438753994,0.0,0.0
1453,0.022360065863246008,0.00393005829703595,1.8430008036749703,0.0,0.02235196717083454,0.00395904902622781,1.8392918760126287,0.0,0.0
1454,0.02226798529071467,0.003972326527305302,1.829565928095863,0.0,0.02253625609657981,0.004342645152725957,1.8193611665205522,0.0,0.0
1455,0.022699451118352868,0.004352716645891113,1.834673489843096,0.0,0.0224590657109564,0.0039581782184541225,1.8500887805765325,0.0,0.0
1456,0.022491748533433394,0.0040048876710768256,1.8486861104056949,0.0,0.022405524653467266,0.004022544546222145,1.83829804984006,0.0,0.0
1457,0.022378866516408465,0.003936729798581274,1.8442137014298212,0.0,0.022579405118118633,0.004226998785849322,1.835240667516535,0.0,0.0
1458,0.022282621734553858,0.00404973698425151,1.823288503147307,0.0,0.022374209693887016,0.004092374033379284,1.8281835967844182,0.0,0.0
1459,0.022666839084454944,0.004335672600150463,1.8331167016710554,0.0,0.02268046089871363,0.004184683149849827,1.8495778278871016,0.0,0.0
1460,0.022421380771057948,0.0038486486688877144,1.8572732437224615,0.0,0.022639412940903145,0.00411278966136954,1.8526623790914363,0.0,0.0
1461,0.022741437002661683,0.004162901679852179,1.8578535658972604,0.0,0.022485912692817776,0.003946431171657009,1.8539481921629473,0.0,0.0
1462,0.022263972931319757,0.0038054646935225243,1.8458508480162847,0.0,0.022571836852214554,0.0042853571516884995,1.8286479928276755,0.0,0.0
1463,0.0223383591288612,0.0041374618054500645,1.8200897886639549,0.0,0.022317333993586628,0.0040974147744815455,1.8219919746572322,0.0,0.0
1464,0.022622259200683663,0.004094298596360854,1.8527961231413341,0.0,0.02250484394078905,0.003962011415172707,1.8542832894758745,0.0,0.0
1465,0.02241372929087707,0.0040235284527408936,1.8390201188269115,0.0,0.02242131040177562,0.004127256212417375,1.829405426979065,0.0,0.0
1466,0.022450734905543782,0.004161021821866078,1.8289713575726463,0.0,0.022686086425727062,0.004424086136912758,1.8262000734155828,0.0,0.0
1467,0.02276035872775884,0.0044271402072072735,1.8333218835649037,0.0,0.022355598651550034,0.003621665443378416,1.8733933730558916,0.0,0.0
1468,0.02243005165031978,0.003697997557797602,1.8732054460616339,0.0,0.022441783581267704,0.00391730670393868,1.852447748184204,0.0,0.0
1469,0.022488464867430075,0.004140203358561155,1.8348261884280614,0.0,0.02290341528979215,0.004602372625165365,1.8301042968576604,0.0,0.0
1470,0.022539458459331876,0.004096494399986807,1.8442964326767695,0.0,0.023130317811261524,0.004685495493256233,1.8444822484796697,0.0,0.0
1471,0.02267208792978809,0.004113066797366454,1.8559021751085918,0.0,0.02247501943599094,0.0038862669925120745,1.8588752638209949,0.0,0.0
1472,0.022466798179915974,0.0038942540663161446,1.8572544625827245,0.0,0.02285905402492393,0.004385969411073761,1.8473085056651721,0.0,0.0
1473,0.02260225922578857,0.004114264899510003,1.8487994528952099,0.0,0.022561839697035877,0.004038922742686488,1.8522917248985984,0.0,0.0
1474,0.022636798343488147,0.004136814375496691,1.849998408839816,0.0,0.022465825419534336,0.004055562979457053,1.8410262844779275,0.0,0.0
1475,0.02257366935234694,0.0040928481889533855,1.8480821564084007,0.0,0.02230771343139085,0.0038444155784831805,1.8463298840956255,0.0,0.0
1476,0.022338403787996088,0.003960033734550788,1.8378370432626634,0.0,0.02262863703072071,0.00429660314694047,1.833203456618569,0.0,0.0
1477,0.022617390601053125,0.0042468703329740535,1.8370520671208699,0.0,0.022767084396698258,0.004311767406761646,1.8455317345532505,0.0,0.0
1478,0.022298455238342285,0.0038871915866842584,1.8411263993808202,0.0,0.022958812219175426,0.004669855623929338,1.828895698894154,0.0,0.0
1479,0.022584728453130948,0.0043063822446302285,1.8278346686136155,0.0,0.02294033003801649,0.004505928076634353,1.8434401967308738,0.0,0.0
1480,0.02240363011757533,0.003875887248709443,1.852774324871245,0.0,0.02253526889465072,0.004056432157416235,1.8478836796500466,0.0,0.0
1481,0.02229461224660987,0.003916532416561884,1.8378080101240248,0.0,0.0224239934574474,0.0041395353830673476,1.8284458897330544,0.0,0.0
1482,0.02234395473663296,0.004065880280298491,1.8278074605124337,0.0,0.02201684056357904,0.0038455244661732154,1.8171316602013328,0.0,0.0
1483,0.02229991484256018,0.004190076635928736,1.810983867872329,0.0,0.022090057080442257,0.003971618981185285,1.811843839558688,0.0,0.0
1484,0.022781431142772948,0.004554939367586658,1.8226492206255596,0.0,0.022758243774825878,0.004378794226795435,1.837945038622076,0.0,0.0
1485,0.022798418732626096,0.004076267958485654,1.87221512340364,0.0,0.022397744892673058,0.003692675106735392,1.8705070127140393,0.0,0.0
1486,0.022341594011301084,0.003898290446072462,1.8443303931327093,0.0,0.022119494493712078,0.003880448575893586,1.8239046335220337,0.0,0.0
1487,0.022331597239133857,0.00414024698104532,1.819135064170474,0.0,0.022209106182510204,0.004029917594214732,1.8179189183495261,0.0,0.0
1488,0.02241690226254009,0.004111525175782542,1.8305377477691287,0.0,0.022456957196647472,0.004020248941907828,1.843670899217779,0.0,0.0
1489,0.022334387481567405,0.004029991831408725,1.8304395590509688,0.0,0.022598485547033222,0.004329674580896442,1.8268811160867864,0.0,0.0
1490,0.022536527409794786,0.004127564385444636,1.8408963282903035,0.0,0.02268525670197877,0.004213824254375967,1.847143292427063,0.0,0.0
1491,0.022267375141382217,0.003854591748677194,1.841278388386681,0.0,0.022374738854440777,0.004137698476287452,1.8237041343342175,0.0,0.0
1492,0.022946002006175973,0.004500395762512372,1.8445606600670588,0.0,0.02229234322228215,0.0037586207459257407,1.8533722704107112,0.0,0.0
1493,0.02240793952452285,0.0038455148127728273,1.8562425091153099,0.0,0.02252377434210344,0.004105532245541161,1.8418242497877642,0.0,0.0
1494,0.022328517710169155,0.004027876675882865,1.8300641548065912,0.0,0.02239608984779228,0.004100456304678863,1.829563390124928,0.0,0.0
1495,0.022450682485387438,0.004080837952815706,1.8369844896452767,0.0,0.022685002704912968,0.004104349317706444,1.8580653559077869,0.0,0.0
1496,0.022355327205288978,0.0038821688919727293,1.8473158734185355,0.0,0.022524749013510616,0.004153815225105394,1.8370934508063577,0.0,0.0
1497,0.022371807357385046,0.004112778758142321,1.8259028905913943,0.0,0.02266794832592661,0.004533172733235088,1.813477559523149,0.0,0.0
1498,0.02244556469044515,0.004206954972774145,1.8238609972454252,0.0,0.022714664820920338,0.004549276147207076,1.8165389082648538,0.0,0.0
1499,0.022697696417924903,0.004408041153857041,1.828965575922103,0.0,0.02258410778912631,0.004013315753333948,1.857079267501831,0.0,0.0
1500,0.022660946296084495,0.004121372010558844,1.8539574912616186,0.0,0.022473533383824608,0.003918775441971692,1.8554758592085405,0.0,0.0
1501,0.02223477481553952,0.0037171000204536887,1.851767517271496,0.0,0.022797181525013664,0.004431043053045869,1.8366138718344949,0.0,0.0
1502,0.022524505986699035,0.004210424365564471,1.8314082054864793,0.0,0.022984756156802177,0.004596897591413422,1.8387859409505671,0.0,0.0
1503,0.022543362164426418,0.003938291859369548,1.860507076694852,0.0,0.023118122734806755,0.004598283251239495,1.8519840132106433,0.0,0.0
1504,0.02233833149962482,0.0039891704606513185,1.8349161460286094,0.0,0.02259695546870882,0.004376940408044241,1.8220015439120205,0.0,0.0
1505,0.022242289391301927,0.004032721892664475,1.820956792150225,0.0,0.02251982722770084,0.004282215123318813,1.8237612464211204,0.0,0.0
1506,0.022455027016500633,0.004185717586161835,1.8269309685343789,0.0,0.022243961861187763,0.003970795311033726,1.8273167285052212,0.0,0.0
1507,0.02223703855027755,0.003940368425988015,1.8296670544715155,0.0,0.022205438126217236,0.003872513919222084,1.833292462609031,0.0,0.0
1508,0.022329625717940785,0.004075419473727899,1.8254206350871496,0.0,0.022799397734078495,0.004525201246989044,1.8274197036569768,0.0,0.0
1509,0.02244686038188991,0.004127812449864689,1.8319048427400135,0.0,0.022325581108981914,0.0038634678137234664,1.84621140089902,0.0,0.0
1510,0.02225878666199389,0.003923481829198343,1.8335305111748832,0.0,0.022191075946797024,0.003963001919063655,1.8228074203838,0.0,0.0
1511,0.022406629020614282,0.004103533895908012,1.8303095613207137,0.0,0.022371690381656994,0.004034467274323106,1.8337223529815674,0.0,0.0
1512,0.022585205467683927,0.004178176855757123,1.8407029168946403,0.0,0.02238515984605659,0.0037002300166270948,1.868492993441495,0.0,0.0
1513,0.022317350398571717,0.0036534787033728902,1.8663871997878665,0.0,0.02243970673192631,0.004026412625204433,1.8413294553756714,0.0,0.0
1514,0.02249282332403319,0.004080368350038216,1.8412455291975112,0.0,0.0226394518871199,0.004074365810745142,1.8565086993304165,0.0,0.0
1515,0.022425582144586814,0.003901855887046882,1.8523726775532676,0.0,0.0221566976132718,0.0038090854756195436,1.8347612836144187,0.0,0.0
1516,0.02267735961469866,0.004301416377226512,1.8375943530173529,0.0,0.022892885587432167,0.004277848617427729,1.8615037527951328,0.0,0.0
1517,0.022674354901980786,0.003967832912513543,1.8706522527195157,0.0,0.022625531323931435,0.004057952033525164,1.8567579984664917,0.0,0.0
1518,0.022711187689786867,0.00416514917742461,1.854603892280942,0.0,0.022474287247115917,0.0037912252909419212,1.8683062575080178,0.0,0.0
1519,0.022660195250951108,0.004065027294148292,1.8595168249947684,0.0,0.02282674356617711,0.003949692620980469,1.887705152684992,0.0,0.0
1520,0.022517271073801175,0.0037525572392734744,1.8764714229674566,0.0,0.022270026193423706,0.003760014067996632,1.851001262664795,0.0,0.0
1521,0.02245514764494839,0.003958622498127322,1.8496525429543995,0.0,0.022725360298698597,0.0042139177464626055,1.8511443029750476,0.0,0.0
1522,0.022304597399419264,0.003958132544842859,1.834646537190392,0.0,0.022958721796219998,0.004789294399829073,1.8169427676634355,0.0,0.0
1523,0.022414497853744598,0.00423077869761203,1.818371934550149,0.0,0.022247786887667396,0.004000408066944642,1.824737917293202,0.0,0.0
1524,0.022510088093224027,0.004225361149846798,1.8284727249826704,0.0,0.022428739815950394,0.004101049599491737,1.8327691013162786,0.0,0.0
1525,0.02280046586834249,0.004343372902699879,1.8457093238830566,0.0,0.022627341815016487,0.0038756809663027525,1.875166123563593,0.0,0.0
1526,0.022479699747193427,0.0038005947301696453,1.8679105497541881,0.0,0.0224287211894989,0.0039324574172496796,1.8496264761144465,0.0,0.0
1527,0.022850144122328078,0.004285020232644109,1.8565124386832828,0.0,0.022763263264840298,0.004211231854490258,1.8552032275633379,0.0,0.0
1528,0.022369194953214554,0.003929609127919234,1.843958630448296,0.0,0.022318140857599,0.0040415742180564184,1.827656702561812,0.0,0.0
1529,0.022457205158259188,0.004133034619458374,1.8324171134403773,0.0,0.022646369751204144,0.004257671175185929,1.8388699293136597,0.0,0.0
1530,0.022486964107624123,0.0040778349198046186,1.8409129551478796,0.0,0.02266389402476224,0.004186655627563596,1.847723906690424,0.0,0.0
1531,0.02262574394366571,0.004225866115164189,1.8399878257796878,0.0,0.02249312163753943,0.004033900628035719,1.8459221449765293,0.0,0.0
1532,0.02248405944555998,0.0040688256766381005,1.8415234202430362,0.0,0.022474842484701763,0.004108868200670589,1.8365975184874102,0.0,0.0
1533,0.02228846862202599,0.004068002365307794,1.8220466318584623,0.0,0.022861068898981266,0.00460702439092777,1.8254044706171209,0.0,0.0
1534,0.022836587480491118,0.00422243883700243,1.8614149178777422,0.0,0.022344966503706844,0.003644553923302076,1.8700412945313887,0.0,0.0
1535,0.02253744662517593,0.003977398792769583,1.8560048370134263,0.0,0.02264872007071972,0.004048217913474549,1.860050309788097,0.0,0.0
1536,0.02239359187937918,0.003930077294907754,1.8463514986492338,0.0,0.022962102158503098,0.004632046763700518,1.8330056017095393,0.0,0.0
1537,0.022246393774236952,0.003982287909214695,1.8264106256621224,0.0,0.02233845080164346,0.004213104490190744,1.8125347007404675,0.0,0.0
1538,0.02248911156008641,0.004261598157297287,1.822751371633439,0.0,0.022515192119912666,0.004229147685691714,1.8286044814369895,0.0,0.0
1539,0.02223460025907982,0.004049689874851278,1.8184910870733715,0.0,0.022468287497758865,0.00433546533300118,1.8132822730324485,0.0,0.0
1540,0.022871381736227443,0.004366854178009643,1.8504527920768374,0.0,0.022487404332919556,0.0036844529253853993,1.8802951899441807,0.0,0.0
1541,0.0222961272866953,0.00369517518473523,1.8600952540125166,0.0,0.02284053730016405,0.004485367945480076,1.8355169838125056,0.0,0.0
1542,0.022247551585591975,0.0040248636311541,1.8222688408125014,0.0,0.023149157450957733,0.004954472628676079,1.819468530741605,0.0,0.0
1543,0.022447457537055016,0.004076321321051745,1.8371136671020871,0.0,0.02258886227553541,0.004201985451138832,1.8386877341703936,0.0,0.0
1544,0.022494048944541385,0.004210987715937552,1.8283061725752694,0.0,0.022344556044448505,0.0040191265500404616,1.8325429612940007,0.0,0.0
1545,0.02242249325804767,0.003961869454499157,1.8460623905772255,0.0,0.022170776162635197,0.003717510643499819,1.8453265862031416,0.0,0.0
1546,0.022232187690124625,0.0038300762562790795,1.840211184251876,0.0,0.022483600811524826,0.004234356213022362,1.8249244364825161,0.0,0.0
1547,0.022570893744982425,0.004296148057273101,1.8274746111461095,0.0,0.022482834248380226,0.003994032952257178,1.8488801717758179,0.0,0.0
1548,0.022525453940033913,0.0041053842453818235,1.8420070182709467,0.0,0.022518123584714802,0.004111616470089013,1.840650742704218,0.0,0.0
1549,0.022510759709846406,0.004145773720838839,1.8364986436707633,0.0,0.022357182915915142,0.003925593696873297,1.8431589928540317,0.0,0.0
1550,0.022220755173336892,0.0038658920287465057,1.8354863609586443,0.0,0.022348805076696655,0.00408437970856374,1.8264425667849453,0.0,0.0
1551,0.022333611822908835,0.004084291818019535,1.8249320331073942,0.0,0.02257484451613643,0.004285880935971032,1.8288964466615156,0.0,0.0
1552,0.022253397807833693,0.003912623589193183,1.8340774774551392,0.0,0.022741521962664345,0.004450218942524357,1.829130313613198,0.0,0.0
1553,0.02253457575681664,0.00415477677736254,1.8379799383027213,0.0,0.022286177866838196,0.003718857801604,1.8567320650274104,0.0,0.0
1554,0.022666014908325104,0.00387764025279986,1.8788375088146754,0.0,0.02273204296149991,0.003976643297143958,1.8755400397560813,0.0,0.0
1555,0.022340986256798107,0.0038239124308650694,1.851707447142828,0.0,0.022369827736507763,0.003942986950278282,1.8426841389049182,0.0,0.0
1556,0.02223592091883932,0.0038894839207863525,1.8346437613169353,0.0,0.022314836355772884,0.004081508673896844,1.823332743211226,0.0,0.0
1557,0.022219949313217684,0.004016784851306251,1.8203164821579343,0.0,0.022481750527566128,0.004314460897479545,1.816729025407271,0.0,0.0
1558,0.02272861996399505,0.004414080841732877,1.8314539421172369,0.0,0.022909291088581085,0.004345639862797477,1.856365149671381,0.0,0.0
1559,0.022383524149301507,0.003949185495176131,1.8434339108921232,0.0,0.022391991181807083,0.0039758579593829136,1.8416133252057163,0.0,0.0
1560,0.022405865424800487,0.004009334364950302,1.839653145699274,0.0,0.023111608387394386,0.004737185885791074,1.8374423005364158,0.0,0.0
1561,0.022246085772556917,0.0039464755626838835,1.829961052962712,0.0,0.02227935381233692,0.004048310537737879,1.8231044032356956,0.0,0.0
1562,0.022443209641746113,0.0042478370180885705,1.8195373188881647,0.0,0.022139908237890762,0.00394155188802291,1.8198356520045886,0.0,0.0
1563,0.022410693312329904,0.004243205717232611,1.816748783701942,0.0,0.022889222272417763,0.0046132611195472155,1.827596122568304,0.0,0.0
1564,0.022132229237329392,0.0038725724776408504,1.8259657252402532,0.0,0.022176399488340725,0.0040090661707588215,1.8167333819649436,0.0,0.0
1565,0.022341657208190077,0.004094915353648719,1.8246742288271587,0.0,0.022425507110628216,0.004249208014119755,1.8176299225200305,0.0,0.0
1566,0.02272530955572923,0.004364622091608388,1.8360687891642253,0.0,0.022431260990825565,0.0037977178369394756,1.863354346968911,0.0,0.0
1567,0.022315470324385734,0.00369431875047407,1.8621151844660442,0.0,0.02205261334099553,0.0035886733411726627,1.84639404036782,0.0,0.0
1568,0.0222677228794921,0.003957006193342663,1.8310716946919758,0.0,0.02239947613667358,0.004196380836550485,1.8203095522793857,0.0,0.0
1569,0.022327341760198276,0.004022265878683399,1.830507604848771,0.0,0.022341941059990364,0.004066043660383333,1.8275897719643333,0.0,0.0
1570,0.022229458826283615,0.003938959917009231,1.829049913656144,0.0,0.02196459218182347,0.003742099316282706,1.822249325838956,0.0,0.0
1571,0.022257586142846515,0.003992056074951377,1.826553049541655,0.0,0.02283267896961082,0.004579288482835347,1.8253390789031982,0.0,0.0
1572,0.02270011847750062,0.00423760561915558,1.8462513259478979,0.0,0.022320733828978104,0.0037336778107353234,1.8587056615135886,0.0,0.0
1573,0.02252392302311602,0.003967221338479291,1.8556702108610243,0.0,0.02213735387406566,0.0036065541631118817,1.8530799800699407,0.0,0.0
1574,0.022387566044926643,0.003912266066652678,1.847530049937112,0.0,0.02291970547627319,0.0044812932822176,1.8438412709669634,0.0,0.0
1575,0.022324944935029463,0.003942661353253892,1.8382284187135243,0.0,0.022027716040611267,0.0037926739208738913,1.8235042637044734,0.0,0.0
1576,0.02249616171632494,0.004159630631052312,1.833653157665616,0.0,0.02239287661557848,0.00404147304255854,1.8351404016668147,0.0,0.0
1577,0.022302273483503433,0.00406376886669369,1.823850515342894,0.0,0.02375457537445155,0.005560901502824642,1.819367452101274,0.0,0.0
1578,0.022278067301071826,0.0040005960036069155,1.8277471604801359,0.0,0.02251147021624175,0.004244090121408755,1.8267380324277012,0.0,0.0
1579,0.022619034208002545,0.004294375401167642,1.8324659296444483,0.0,0.02249323898418383,0.004107865949415348,1.838537335395813,0.0,0.0
1580,0.022406059051198617,0.004066828344505103,1.833923115616753,0.0,0.0228033626282757,0.004460971442643891,1.8342391577633945,0.0,0.0
1581,0.02223109050343434,0.003872437552282853,1.8358653443200248,0.0,0.022314870222048325,0.003983221143822779,1.833164930343628,0.0,0.0
1582,0.022400365565859136,0.0040858471766114235,1.8314518956910997,0.0,0.022463395175608723,0.004052695670080456,1.8410700017755681,0.0,0.0
1583,0.02227049201194729,0.0037793501756996626,1.8491142307009016,0.0,0.022630750116976826,0.004293205999684605,1.8337544419548728,0.0,0.0
1584,0.022335928288244065,0.004017888884326177,1.8318039604595728,0.0,0.02221582813019102,0.003930063177408142,1.8285765322771939,0.0,0.0
1585,0.02232838346667233,0.00406910176943278,1.8259282282420568,0.0,0.022707545452497223,0.004425898236645894,1.8281647508794612,0.0,0.0
1586,0.022291279131812707,0.00401842239911535,1.8272857098352342,0.0,0.02275268682702021,0.004520721162076701,1.8231965628537266,0.0,0.0
1587,0.022126311613690285,0.0038601394986645097,1.826617249420711,0.0,0.022270957346666943,0.004131512356583367,1.8139445456591519,0.0,0.0
1588,0.02233930082903022,0.004146574464227472,1.8192726941335768,0.0,0.022121712904084812,0.0038407502314922485,1.828096324747259,0.0,0.0
1589,0.022265023773624784,0.004067049167739849,1.8197975101925077,0.0,0.022331749681722034,0.004098720319399779,1.8233029734004627,0.0,0.0
1590,0.022303398033337935,0.0041361759926769,1.8167222340901692,0.0,0.022313874553550373,0.004140209364281459,1.8173665891994129,0.0,0.0
1591,0.022367663637158416,0.0040057233168876594,1.8361940894808089,0.0,0.022653976116668095,0.004241121213205836,1.8412855755199085,0.0,0.0
1592,0.022327398393480552,0.00403436322119974,1.8293035598028273,0.0,0.02223428220234134,0.003982412607663057,1.8251869895241477,0.0,0.0
1593,0.02229035175627186,0.0040988268419390635,1.8191525113014948,0.0,0.022185564887794582,0.003921296913176775,1.8264268636703491,0.0,0.0
1594,0.022563003580130282,0.004048231368263562,1.851477256843022,0.0,0.022673447531732647,0.004143278918821703,1.8530169075185603,0.0,0.0
1595,0.02241033258005267,0.00393884702740858,1.8471485858871823,0.0,0.022940960289402443,0.00455438906580887,1.8386571949178523,0.0,0.0
1596,0.022353915896798884,0.004040157500033577,1.8313758969306946,0.0,0.022296464070677757,0.004080944080752405,1.8215520273555408,0.0,0.0
1597,0.022553334278719767,0.00401540756935165,1.8537927128019787,0.0,0.0223023056645285,0.0036967436952347107,1.860556190664118,0.0,0.0
1598,0.022115860622198807,0.003713599511510914,1.840226139341082,0.0,0.021968268196691166,0.003789859421720559,1.8178409121253274,0.0,0.0
1599,0.022069110357690425,0.0039169406130289035,1.8152170096124922,0.0,0.022549526935273952,0.004472108790650964,1.8077418587424539,0.0,0.0
1600,0.022582187051219598,0.0042681401107637655,1.831404720033918,0.0,0.022474740716544064,0.003983151633292437,1.8491589372808284,0.0,0.0
1601,0.022379882145850433,0.003921900443466646,1.845798217114948,0.0,0.02260940166359598,0.004214466104961254,1.8394935564561323,0.0,0.0
1602,0.02237578264127175,0.004027722436668617,1.83480604773476,0.0,0.022280573336915535,0.0039440857204185295,1.8336488008499146,0.0,0.0
1603,0.02241751600411676,0.004126666884292804,1.8290849725405376,0.0,0.022591106762940235,0.0042892541863362894,1.8301852941513062,0.0,0.0
1604,0.02233473841278326,0.003866732685959765,1.8468006139709836,0.0,0.02259373241527514,0.004174817035990683,1.8418915705247358,0.0,0.0
1605,0.022339907120026294,0.003946654942064058,1.8393252662249975,0.0,0.022574570707299492,0.0041054442143914375,1.846912676637823,0.0,0.0
1606,0.022213635212253956,0.003870766144245863,1.8342869480450947,0.0,0.022437846288084984,0.004022126107222654,1.8415720462799072,0.0,0.0
1607,0.022350706115719817,0.003994866124620395,1.8355840189116341,0.0,0.022342157634821804,0.004031847421587868,1.831031084060669,0.0,0.0
1608,0.022466330877726988,0.004194328877409654,1.8272002509662084,0.0,0.022358941930261524,0.003934235417876731,1.8424707109277898,0.0,0.0
1609,0.022459849271745908,0.0038530573448432343,1.8606792461304438,0.0,0.02324355918575417,0.004602543755688451,1.864101604981856,0.0,0.0
1610,0.022312179163453124,0.003855040574091531,1.8457139020874387,0.0,0.02237528714944016,0.003986747152256695,1.838854041966525,0.0,0.0
1611,0.022384097134428366,0.003955369765338089,1.8428727899278914,0.0,0.02224039150909944,0.0038228042593056507,1.8417587605389683,0.0,0.0
1612,0.022371926477977207,0.004020807277854709,1.8351119643165952,0.0,0.02205535261468454,0.0037048928100954404,1.835046031258323,0.0,0.0
1613,0.02214770790721689,0.0039044256721224102,1.824328255085718,0.0,0.022184932773763485,0.003993779293854128,1.8191154111515393,0.0,0.0
1614,0.02227900456637144,0.004009298703056716,1.8269706084614707,0.0,0.02209981361573393,0.003908722301606427,1.8191091905940662,0.0,0.0
1615,0.022408050795396168,0.004223990148775989,1.8184061022031874,0.0,0.022435076534748077,0.004215642661702904,1.8219434348019687,0.0,0.0
1616,0.022257566762467224,0.003995060538207846,1.826250658148811,0.0,0.022383260117335754,0.004067680967802351,1.831557956608859,0.0,0.0
1617,0.022077092324339208,0.003867720930083167,1.8209371708688282,0.0,0.022705758837136356,0.004578485068949786,1.8127274188128384,0.0,0.0
1618,0.022324682568155584,0.004187469259791431,1.8137213672910417,0.0,0.022522272203456272,0.0041591479993340645,1.836312467401678,0.0,0.0
1619,0.022577754443600065,0.0040750273924675725,1.8502727775346666,0.0,0.022437356243079357,0.0039019928186793218,1.8535363349047573,0.0,0.0
1620,0.022608001051204547,0.003949597827158868,1.8658403782617479,0.0,0.02269977754489942,0.0039191387636079026,1.8780639171600342,0.0,0.0
1621,0.0223343028642592,0.003784926397548545,1.854937683968317,0.0,0.022354224866086788,0.003912908300249414,1.844131664796309,0.0,0.0
1622,0.022326358904441197,0.003972330557492872,1.8354028718812125,0.0,0.022501328282735565,0.004169339927929369,1.8331988724795254,0.0,0.0
1623,0.02244285312259481,0.00414514400818873,1.829770959558941,0.0,0.022493189878084442,0.003944313068958846,1.8548877347599377,0.0,0.0
1624,0.0226853099607286,0.003995334940208565,1.8689975653375899,0.0,0.022421500222249466,0.00369001465680247,1.873148582198403,0.0,0.0
1625,0.022550891818744794,0.003885881742462516,1.8665010361444383,0.0,0.022608067671006375,0.004163110374727033,1.8444957516410134,0.0,0.0
1626,0.022069141490473634,0.0038760120514780283,1.8193129670052302,0.0,0.022786306555975567,0.0047549957578832455,1.8031311251900413,0.0,0.0
1627,0.022479713362242495,0.004308190235557656,1.8171523639133997,0.0,0.022924262352965095,0.004674941280179403,1.8249321525747126,0.0,0.0
1628,0.022364179958545026,0.004071878729432467,1.8292301779701596,0.0,0.022510075264356354,0.004208094398067756,1.8301981145685369,0.0,0.0
1629,0.022488302772953397,0.004044070302153982,1.8444232628459023,0.0,0.022685932503505188,0.004279350459744985,1.840658274563876,0.0,0.0
1630,0.02249104707013993,0.004187211089412726,1.8303836527324857,0.0,0.022374061020937832,0.003994851817630909,1.8379209691827947,0.0,0.0
1631,0.022210129270596162,0.0039479318740112445,1.826219760236286,0.0,0.022398858415809544,0.004142885667864572,1.8255972862243652,0.0,0.0
1632,0.022528378869451228,0.0041497019840227,1.8378677510079884,0.0,0.02211026203903285,0.003564901840449734,1.854536067355763,0.0,0.0
1633,0.02219419243435065,0.003789073211096582,1.8405119748342604,0.0,0.022297972135923126,0.003962643550370227,1.8335328860716387,0.0,0.0
1634,0.02235838881738129,0.004097042754957718,1.826134639126914,0.0,0.0220096292482181,0.003616919338872487,1.8392710468985818,0.0,0.0
1635,0.022323400669154666,0.003849746681572426,1.8473654389381409,0.0,0.022411607205867767,0.003915528809143739,1.8496078686280684,0.0,0.0
1636,0.022530370125813142,0.004070080057274373,1.8460290602275304,0.0,0.022634002634070137,0.00418293128975413,1.8451071760871194,0.0,0.0
1637,0.02228585085166352,0.003928054850326762,1.8357796527090526,0.0,0.022095455534078857,0.003804414067417383,1.8291041634299539,0.0,0.0
1638,0.0223837136069224,0.004142357186148209,1.8241356696401323,0.0,0.02273633297194134,0.004327517447315834,1.8408816077492454,0.0,0.0
1639,0.022533177885980832,0.004023528846335553,1.8509649634361267,0.0,0.022732666270299393,0.004181717522442341,1.855094920505177,0.0,0.0
1640,0.02240568661086616,0.0038297215775985804,1.8575965393157232,0.0,0.022398492152040653,0.00396935144354674,1.8429141369732944,0.0,0.0
1641,0.02229587316867851,0.003908285771363548,1.8387587751661028,0.0,0.022248934785073452,0.0038521977522495117,1.8396737358786843,0.0,0.0
1642,0.022143531191561903,0.003900784561188803,1.8242747017315455,0.0,0.022277268835089424,0.004127255238761956,1.815001455220309,0.0,0.0
1643,0.02218525240286475,0.003931818441266105,1.825343458425431,0.0,0.022783789783716202,0.004551609639417042,1.8232180747118862,0.0,0.0
1644,0.022606179162505128,0.004358507482157577,1.8247671865281605,0.0,0.022520850158550522,0.003963227108628912,1.8557623733173718,0.0,0.0
1645,0.02238833744611059,0.003891883362528114,1.8496454670315696,0.0,0.022238557142290203,0.0037287277889183974,1.8509829802946611,0.0,0.0
1646,0.02241619960183189,0.003853790151576201,1.8562409650711786,0.0,0.02208945019678636,0.003665639447386969,1.842381163076921,0.0,0.0
1647,0.022497899785992644,0.004070636965999646,1.8427263242857796,0.0,0.022257422351024368,0.0037696836304596877,1.8487739237872036,0.0,0.0
1648,0.022271624278454555,0.0038427471050194333,1.8428877563703627,0.0,0.022477736019275406,0.004033475077118386,1.8444261225787075,0.0,0.0
1649,0.02242926335228341,0.004055094334208185,1.8374169383730208,0.0,0.022394358265129,0.0038099912714890456,1.858436801216819,0.0,0.0
1650,0.02242768941713231,0.003895911670822118,1.8531778284481593,0.0,0.022560392252423546,0.004154531073502519,1.840586174618114,0.0,0.0
1651,0.022131283368383135,0.003909049034562139,1.8222234674862452,0.0,0.021828696301037617,0.0037547595036978073,1.8073937459425493,0.0,0.0
1652,0.022120569610879534,0.004115879990249162,1.8004690124875022,0.0,0.022462226789106022,0.004490660863335837,1.7971566265279597,0.0,0.0
1653,0.02219103839957998,0.0041657721601604,1.802526675519489,0.0,0.022310279309749603,0.004163423764773391,1.8146855289285833,0.0,0.0
1654,0.022396739217497054,0.004143954764696814,1.8252784666560946,0.0,0.02238886227661913,0.004114471481774341,1.8274391022595493,0.0,0.0
1655,0.022245626852271102,0.004032264036747317,1.821336337498256,0.0,0.0220422184264118,0.0038530340587550945,1.8189184665679932,0.0,0.0
1656,0.0222008859383918,0.003955069197607892,1.8245817139035179,0.0,0.02239478328688578,0.00413230279545215,1.8262481147592717,0.0,0.0
1657,0.022238783227900665,0.004039732972159982,1.8199050511632646,0.0,0.02242726781828837,0.00416977796703577,1.8257490288127551,0.0,0.0
1658,0.02263061325287535,0.004244430411961817,1.8386183352697463,0.0,0.022432220761071552,0.0040060910184613685,1.842613003470681,0.0,0.0
1659,0.022559212165929023,0.004191449665952297,1.8367763104892911,0.0,0.022069830955429512,0.003629760816693306,1.844007047739896,0.0,0.0
1660,0.02248788762482859,0.004037523686531044,1.845036418665023,0.0,0.02266259863972664,0.00409900193864649,1.8563597202301025,0.0,0.0
1661,0.022544183369193758,0.003979952052412998,1.8564231679553078,0.0,0.022304769774729557,0.0037619099020957947,1.8542860421267422,0.0,0.0
1662,0.022316860700292245,0.0039141261118597215,1.840273488135565,0.0,0.022364401681856674,0.0039975182999941435,1.8366883884776721,0.0,0.0
1663,0.022239807860127518,0.003930935009737455,1.8308873091425215,0.0,0.022407665002075108,0.004070202883502299,1.8337462815371426,0.0,0.0
1664,0.022025613202935175,0.0038445800753487717,1.8181033503441584,0.0,0.02219539542089809,0.004118979104201902,1.8076416795903987,0.0,0.0
1665,0.02200959769210645,0.0039595865777560645,1.8050011680239724,0.0,0.02247739854184064,0.0044415445193987,1.8035854209553113,0.0,0.0
1666,0.022206750166203295,0.004108819101626675,1.809793131692069,0.0,0.022372419014573097,0.004118585175919262,1.825383478944952,0.0,0.0
1667,0.022377792790177323,0.00406431181112393,1.831348132519495,0.0,0.022433911196210167,0.004122081149200147,1.8311830000443892,0.0,0.0
1668,0.022398884186432474,0.003945122095977976,1.8453762531280518,0.0,0.022295496849851174,0.0038124952380630102,1.848300196907737,0.0,0.0
1669,0.022203567349130197,0.0038192844228996407,1.838428332692101,0.0,0.02211413583294912,0.0038062313740903683,1.8307905197143555,0.0,0.0
1670,0.022599654227849982,0.0041535900506590095,1.8446064704940432,0.0,0.022285534915598957,0.0038154461336406794,1.847008921883323,0.0,0.0
1671,0.022290529417140142,0.003933690649102486,1.8356839219729106,0.0,0.022264180535619908,0.003911801317537373,1.8352379690517078,0.0,0.0
1672,0.02234013919674215,0.003975710160808549,1.8364429445493788,0.0,0.02220270342447541,0.0038729925131933255,1.8329711393876509,0.0,0.0
1673,0.02222591447865679,0.003999212540553084,1.822670232682001,0.0,0.022317928177389233,0.00413403509777378,1.8183893723921343,0.0,0.0
1674,0.022465403014350505,0.004223728696593926,1.8241674644606454,0.0,0.02212313918227499,0.0037540345325727353,1.8369104645468972,0.0,0.0
1675,0.02234170137948933,0.004015384136610443,1.8326317497662135,0.0,0.021886134858835827,0.0035354073625057936,1.8350727558135986,0.0,0.0
1676,0.02222819830335322,0.003882949356921017,1.8345249493916829,0.0,0.022435764866796406,0.004057030299339782,1.8378735022111372,0.0,0.0
1677,0.022298566819656463,0.003996042523621803,1.8302524657476515,0.0,0.022481451319022613,0.004240017066794363,1.824143485589461,0.0,0.0
1678,0.022218532328094755,0.003949213035715123,1.826931976136707,0.0,0.02248348058624701,0.004328199683434584,1.8155281218615444,0.0,0.0
1679,0.022271036347817807,0.004079567307295899,1.8191469680695307,0.0,0.02308807505125349,0.004944861104542559,1.8143214204094626,0.0,0.0
1680,0.02230508399329015,0.004055842380261137,1.8249242078690302,0.0,0.022600701756098053,0.0042644571724601765,1.8336245146664707,0.0,0.0
1681,0.02221806294151715,0.003921344050294941,1.8296719363757543,0.0,0.022402078421278435,0.004129173953763463,1.8272904807871038,0.0,0.0
1682,0.02250161004208383,0.004212638152585853,1.82889723777771,0.0,0.022381797263568096,0.00392876571806317,1.8453031995079734,0.0,0.0
1683,0.022298033925749007,0.003781495665732239,1.8516538739204407,0.0,0.022569058124314655,0.003983616109260104,1.8585442304611206,0.0,0.0
1684,0.022038913065833703,0.0036890629922882432,1.8349850404830206,0.0,0.022733762352304024,0.004601466511799531,1.8132296150380915,0.0,0.0
1685,0.022253040623451983,0.004163476544254948,1.8089564300718761,0.0,0.022113557227633217,0.0039696008686653595,1.8143956444480203,0.0,0.0
1686,0.022568123814250742,0.0041497132541345695,1.8418411101613725,0.0,0.02232023955068805,0.003823691936717792,1.849654804576527,0.0,0.0
1687,0.02246499354285853,0.003985031823893743,1.8479962320554824,0.0,0.022498694841157307,0.003986576550894163,1.8512118404561824,0.0,0.0
1688,0.022101674805439654,0.0036708874395117164,1.8430787807419187,0.0,0.02193546532229944,0.0036780251486396246,1.825744022022594,0.0,0.0
1689,0.022381650062189215,0.004131287181129058,1.8250363185292198,0.0,0.02262378619475798,0.0043328997933051805,1.8290886662223123,0.0,0.0
1690,0.02252499768066974,0.004214903727794687,1.8310094191914512,0.0,0.022258215160532432,0.003878270720385692,1.837994477965615,0.0,0.0
1691,0.022148718347861654,0.003896239424301755,1.8252479121798562,0.0,0.022852212698622185,0.0047105978962711315,1.8141615065661343,0.0,0.0
1692,0.022217432879621073,0.003884062437074525,1.8333370713960557,0.0,0.022021726789799603,0.0036747735205360436,1.8346953717145054,0.0,0.0
1693,0.022516793660109953,0.004062553695846526,1.8454240163167317,0.0,0.02216012013906782,0.0036104503087699413,1.8549670847979458,0.0,0.0
1694,0.022244124052425224,0.003821022886162003,1.8423101618176414,0.0,0.022047631950540977,0.0037461669311266055,1.8301465511322021,0.0,0.0
1695,0.022291435416610467,0.0039539571153,1.8337478694461642,0.0,0.02226498977027156,0.0038787706289440393,1.8386219523169778,0.0,0.0
1696,0.022082573068993434,0.0037977188836694474,1.828485457670121,0.0,0.022023149173368107,0.0038975899065421386,1.812555974180048,0.0,0.0
1697,0.022079138617430414,0.003963002402867589,1.8116136533873421,0.0,0.023030027916485615,0.004872485381466421,1.8157542618838223,0.0,0.0
1698,0.022345224262348244,0.004170032417667764,1.8175192248253595,0.0,0.022244126789949158,0.003943035548383539,1.8301091627641157,0.0,0.0
1699,0.02236034313128108,0.00390439951193652,1.8455944203195118,0.0,0.022080621766773136,0.003654222025282004,1.8426399989561602,0.0,0.0
1700,0.02234775945544243,0.004116708689945794,1.82310513371513,0.0,0.022482218390161342,0.004334673687646335,1.8147545077584006,0.0,0.0
1701,0.022323965981957457,0.003932708386509191,1.8391258035387312,0.0,0.022194377400658348,0.0038911384445699778,1.8303239670666782,0.0,0.0
1702,0.02248135967446225,0.004220615950457397,1.82607440721421,0.0,0.022445839067751713,0.003904395398091186,1.8541444214907559,0.0,0.0
1703,0.022603332952019713,0.003962989514028388,1.8640343802315849,0.0,0.022341089323163033,0.00372492596083744,1.86161639473655,0.0,0.0
1704,0.022188598866618815,0.003815824858888629,1.837277469180879,0.0,0.0220833806829019,0.0039018270220946183,1.8181553970683704,0.0,0.0
1705,0.022439357292439257,0.00408360965749515,1.8355748000599088,0.0,0.02220981822095134,0.00368086369284852,1.8528954874385486,0.0,0.0
1706,0.022177262586497125,0.0038185198070658814,1.8358743219148546,0.0,0.022135941311717033,0.003926642874086445,1.8209298957477917,0.0,0.0
1707,0.022072862611994856,0.0038795911019579286,1.8193272011620658,0.0,0.022539650682698597,0.004360026722265916,1.8179624189030041,0.0,0.0
1708,0.022385677544488794,0.004169400964331414,1.821627670810336,0.0,0.022292056036266415,0.0040053796361793174,1.8286676840348677,0.0,0.0
1709,0.022107171693018506,0.0038671597971447875,1.8240012299446833,0.0,0.02222524346275763,0.00407906850291924,1.8146175362847068,0.0,0.0
1710,0.022106258863849298,0.003989381876419343,1.811687741960798,0.0,0.021915224465456875,0.0037172957408157263,1.81979285586964,0.0,0.0
1711,0.022302021139434407,0.004094577111702945,1.820744466213953,0.0,0.02234796519306573,0.004009877373887734,1.8338088555769487,0.0,0.0
1712,0.022476860765545142,0.003925977086293555,1.8550883957317896,0.0,0.022450072352181782,0.003954889041117646,1.8495183858004483,0.0,0.0
1713,0.022320673047077088,0.0038182405433395787,1.8502432789121355,0.0,0.022294430908831684,0.003847483333877542,1.8446947986429387,0.0,0.0
1714,0.022400060757285074,0.003972904496116652,1.8427156777608962,0.0,0.0222745341333476,0.0038121806203641677,1.846235383640636,0.0,0.0
1715,0.02215558130826269,0.0038045140626352457,1.8351067560059684,0.0,0.02191041325303641,0.003665086580440402,1.824532682245428,0.0,0.0
1716,0.022169336366156738,0.004064501168960262,1.8104835805438815,0.0,0.02231703105975281,0.004117453534325416,1.819957809014754,0.0,0.0
1717,0.022126625203305765,0.003804934854131369,1.8321690729686193,0.0,0.022999427704648537,0.004721579184247689,1.8277848850597034,0.0,0.0
1718,0.022504676355137712,0.004312681017576584,1.819199576264336,0.0,0.022195980968800457,0.0038370054892518306,1.835897597399625,0.0,0.0
1719,0.02241681498431024,0.003961314674511197,1.8455501000086467,0.0,0.0224864123897119,0.003981553885916417,1.8504859100688587,0.0,0.0
1720,0.02233032580642473,0.004008231069227415,1.832209513300941,0.0,0.022498998960310764,0.00427163066342473,1.8227368701588025,0.0,0.0
1721,0.022333557229666484,0.004100277659571951,1.8233280039968944,0.0,0.02187710746445439,0.0036718717098913408,1.8205236413262107,0.0,0.0
1722,0.022303232036176183,0.004132286728625851,1.8170945587612333,0.0,0.022296037355607205,0.004034198418428952,1.8261839043010364,0.0,0.0
1723,0.022396651761872426,0.0038695838801296695,1.8527068410600935,0.0,0.02276944233612581,0.004326752111823721,1.844269037246704,0.0,0.0
1724,0.022277355282789187,0.004083020052695204,1.819433589776357,0.0,0.022846630520441315,0.00460740985264155,1.823922103101557,0.0,0.0
1725,0.022320173414690152,0.00400343381001481,1.8316740223339625,0.0,0.022759392349557442,0.004448478533463044,1.8310914473100142,0.0,0.0
1726,0.02228430121959675,0.003963318908409704,1.8320982314291454,0.0,0.022587512196464973,0.004198676694861867,1.8388836275447498,0.0,0.0
1727,0.022412263167401154,0.004023938007386667,1.8388325458481198,0.0,0.022226850078864532,0.003851807993752035,1.837504267692566,0.0,0.0
1728,0.022384124364526498,0.00411395349961129,1.8270171341441928,0.0,0.023013566874644974,0.004790213869207285,1.822335351597179,0.0,0.0
1729,0.022502236689130466,0.004170115283202557,1.8332121826353527,0.0,0.022736019200899384,0.0043326490135355425,1.8403370597145774,0.0,0.0
1730,0.02230052552407696,0.0038514100403214493,1.8449116207304455,0.0,0.022614539177580315,0.004206155659630895,1.8408383889631792,0.0,0.0
1731,0.022442007437348366,0.004055775940373894,1.8386232001440865,0.0,0.022435211153192955,0.0039371417793021965,1.8498069589788264,0.0,0.0
1732,0.02225001635296004,0.0037599380039388224,1.8490078846613567,0.0,0.022283073006705803,0.003828863041814078,1.8454210541465066,0.0,0.0
1733,0.022291326984053568,0.0039386776043102145,1.8352649779546828,0.0,0.022336543622342022,0.003955994584512981,1.8380549604242498,0.0,0.0
1734,0.022314129131180898,0.003974998591556435,1.83391311055138,0.0,0.022181092338128525,0.003868181829933416,1.8312910903583874,0.0,0.0
1735,0.02208003259840466,0.0038661652277888997,1.821386768704369,0.0,0.022085841237144035,0.003971050874414769,1.8114790699698708,0.0,0.0
1736,0.022181903233840353,0.0041525632009974545,1.8029340221768333,0.0,0.022110833193768154,0.0040309023831716995,1.8079930760643699,0.0,0.0
1737,0.02206421687844254,0.00392255279058147,1.8141664578801109,0.0,0.022641710259697655,0.00449851117181507,1.8143199573863635,0.0,0.0
1738,0.02219802983814762,0.004006170468138797,1.8191859864053272,0.0,0.022178597578948193,0.004064301409843293,1.8114296739751643,0.0,0.0
1739,0.02233052116242193,0.004106725610437847,1.8223795890808105,0.0,0.021960880946029316,0.003593819618055766,1.8367061723362317,0.0,0.0
1740,0.022204344471295673,0.003845310958457135,1.8359033976282393,0.0,0.022144140167669815,0.0037727237848395653,1.8371416980570012,0.0,0.0
1741,0.022131800873293764,0.0038261571344697758,1.830564416590191,0.0,0.022092319178310307,0.003951301586560227,1.814101826060902,0.0,0.0
1742,0.021969426423311234,0.003956580068916082,1.80128470488957,0.0,0.022201534021984447,0.004320222418755293,1.7881311936811968,0.0,0.0
1743,0.022349646359327294,0.004264212512810316,1.8085434181349618,0.0,0.022525132549079983,0.0041453970850191335,1.837973572991111,0.0,0.0
1744,0.022370922334846995,0.00404762565380051,1.8323297160012382,0.0,0.022454673255031758,0.004073099571872841,1.8381574045528064,0.0,0.0
1745,0.022614124984968276,0.003991605081994619,1.8622520395687647,0.0,0.02239162999797951,0.003645735919814218,1.874589443206787,0.0,0.0
1746,0.02229441028265726,0.0037536135087499305,1.8540797460646856,0.0,0.022232111204754223,0.0038318152285434985,1.8400296514684504,0.0,0.0
1747,0.02220381015823001,0.003948298731951841,1.8255511976423717,0.0,0.021980911831964146,0.003784494897858663,1.819641720164906,0.0,0.0
1748,0.021959094508063225,0.0038350723584049513,1.8124022370293027,0.0,0.02197717756710269,0.003942588365382769,1.803458950736306,0.0,0.0
1749,0.0221919897234156,0.004111166511263166,1.8080823393095107,0.0,0.022209638729691505,0.004096352177756754,1.8113286820324985,0.0,0.0
1750,0.02217579247163875,0.003987498636845322,1.8188294143903823,0.0,0.022215692326426506,0.003938477190042084,1.827721584926952,0.0,0.0
1751,0.02235045031245266,0.004020823681327913,1.832962686107272,0.0,0.022411733188412407,0.0041256881615316324,1.8286045572974465,0.0,0.0
1752,0.022411178664437363,0.0038932948373258114,1.8517884072803317,0.0,0.021983747624538162,0.003488589861345562,1.8495158282193271,0.0,0.0
1753,0.02211332977527664,0.003806214264061834,1.8307115804581415,0.0,0.022438092665238815,0.004317421148615805,1.8120671944184736,0.0,0.0
1754,0.02217586746528035,0.004065155134802418,1.8110712596348353,0.0,0.021851357411254536,0.0036918148398399353,1.815954240885648,0.0,0.0
1755,0.022262079109038626,0.004010401693882332,1.825167763800848,0.0,0.02229952592064034,0.003978143784810196,1.8321382891048084,0.0,0.0
1756,0.022344206814609822,0.00407193565652484,1.827227166720799,0.0,0.022940272634679622,0.004623763644221154,1.8316509073430842,0.0,0.0
1757,0.0222642244327636,0.003853188489475066,1.841103616214934,0.0,0.022403761405836452,0.003945749189535325,1.8458012559197166,0.0,0.0
1758,0.02237076507437797,0.003883401353266977,1.8487364110492526,0.0,0.022757280617952347,0.0043556020722131834,1.8401678908954968,0.0,0.0
1759,0.022209154353255316,0.003899028879545984,1.8310125810759408,0.0,0.022474114359779793,0.004175483608957042,1.8298631364648992,0.0,0.0
1760,0.02226707192936114,0.004020588622162384,1.8246483604113262,0.0,0.022301963953809303,0.003999935547736558,1.8302028721029109,0.0,0.0
1761,0.022236530225546586,0.003967642373893233,1.826888830888839,0.0,0.022346407344395466,0.0041414604691619224,1.8204947384920986,0.0,0.0
1762,0.022237464342088925,0.004090853866987995,1.8146610657374065,0.0,0.021993688223036854,0.0038769894110208206,1.8116699348796497,0.0,0.0
1763,0.02210236087973629,0.003969863533884997,1.8132497753415788,0.0,0.02282758429646492,0.004675331546671011,1.81522536277771,0.0,0.0
1764,0.022222653829625676,0.004044044463496123,1.8178609666370211,0.0,0.021938110278411346,0.0037211703178896146,1.8216940272938122,0.0,0.0
1765,0.022408917546272278,0.003979566601282429,1.842935127871377,0.0,0.021888265724886547,0.0033548881342126565,1.8533378080888228,0.0,0.0
1766,0.022346736464117254,0.003956275454367555,1.839046129158565,0.0,0.022154938937588173,0.0038126965519040823,1.8342242674394087,0.0,0.0
1767,0.022336999797040506,0.0039053527261352257,1.8431647249630518,0.0,0.02205586890605363,0.0034179579974575477,1.8637911514802412,0.0,0.0
1768,0.022343618617880912,0.003824443240383906,1.8519175818988256,0.0,0.02220851352268999,0.0038319957357915964,1.8376518054441973,0.0,0.0
1769,0.022235015362855933,0.003916635355424313,1.8318380287715368,0.0,0.022358315912160007,0.004102489741688425,1.8255826343189587,0.0,0.0
1770,0.02244277475845246,0.0040372033281961366,1.8405571835381644,0.0,0.022458297285166653,0.0038982387208803134,1.8560059395703403,0.0,0.0
1771,0.021925526271973337,0.0036246474399896605,1.8300879115150088,0.0,0.02230298366736282,0.004239394964480942,1.8063589226115833,0.0,0.0
1772,0.02204377656536443,0.0039666969983261965,1.80770799943379,0.0,0.02244766733863137,0.004311615770513361,1.8136052001606335,0.0,0.0
1773,0.022258020360909757,0.004075715102122298,1.8182305438177926,0.0,0.022317655723203312,0.004080282503061674,1.8237373395399614,0.0,0.0
1774,0.022194084622675463,0.003920307859689707,1.8273776996703375,0.0,0.022035095163367012,0.003678551663390615,1.835654377937317,0.0,0.0
1775,0.022135683113620394,0.003931884626148357,1.8203798844700767,0.0,0.022198009897362102,0.00407644803635776,1.81215623292056,0.0,0.0
1776,0.022420508787035942,0.004334100610798313,1.8086408376693726,0.0,0.02233360402963378,0.00404967738061466,1.8283927115527066,0.0,0.0
1777,0.022199693091568492,0.0038676865099530134,1.8332006959688096,0.0,0.022154960104010323,0.0038361770566552877,1.8318783478303389,0.0,0.0
1778,0.022356560985956873,0.004043832820441041,1.831272840499878,0.0,0.022402931512756782,0.00412379804236645,1.8279134035110474,0.0,0.0
1779,0.022227333282076177,0.0039442638766818815,1.8283069758188157,0.0,0.021785250780257313,0.0034763063727454705,1.8308944593776355,0.0,0.0
1780,0.022472366202800048,0.003872273451027771,1.8600093097913832,0.0,0.022224527191032063,0.0036225368014790797,1.8601991154930808,0.0,0.0
1781,0.02224438145224537,0.003750769454719765,1.8493612635703314,0.0,0.022393492473797363,0.003965849459001964,1.8427643234079534,0.0,0.0
1782,0.02218458295932838,0.0038146808566082093,1.8369902542659216,0.0,0.02254190685396845,0.0040860505647618665,1.8455856930125842,0.0,0.0
1783,0.02236046779546,0.003858815418511984,1.8501652819769723,0.0,0.02219682610170408,0.003842309328981421,1.8354517438194968,0.0,0.0
1784,0.022174852057581858,0.003924272161731053,1.8250580401647658,0.0,0.021872032264416866,0.003683543869886886,1.8188489133661443,0.0,0.0
1785,0.022205964085601625,0.004046995214940537,1.8158969339870272,0.0,0.022671518678014927,0.004465762737461112,1.820575627413663,0.0,0.0
1786,0.02223395738041117,0.0038697466952726245,1.8364211065428597,0.0,0.022600727663798767,0.004217917184260758,1.838281046260487,0.0,0.0
1787,0.02251228437359844,0.004155103399950478,1.835718118009113,0.0,0.022096797993237324,0.003671980166638439,1.8424818190661343,0.0,0.0
1788,0.0221127254356231,0.003721118217245454,1.8391607403755188,0.0,0.022055664523081345,0.0037843843456357718,1.8271280527114868,0.0,0.0
1789,0.02240624629138481,0.004171809763647616,1.823443693774087,0.0,0.022387503053654324,0.0040842173409394245,1.8303285945545544,0.0,0.0
1790,0.022465058158905732,0.004098604621720456,1.8366453988211495,0.0,0.02205844409763813,0.003626164789734916,1.8432279608466409,0.0,0.0
1791,0.022334869108384565,0.003814382678163903,1.8520486808958507,0.0,0.022411711344664745,0.004059913483532992,1.8351798491044478,0.0,0.0
1792,0.022441376976314046,0.004002649442381447,1.8438727884065538,0.0,0.02199186181480234,0.0034963021435859528,1.8495559909126975,0.0,0.0
1793,0.022228832977513473,0.0038331826827267095,1.8395650784174602,0.0,0.022011258216066795,0.0036741322837769985,1.833712642843073,0.0,0.0
1794,0.022067725747114138,0.0037586491311057692,1.8309076797394526,0.0,0.02184193462810733,0.0035561545624990354,1.8285780603235418,0.0,0.0
1795,0.02219869081108343,0.004019559981922309,1.8179131178628831,0.0,0.02215221185575832,0.004025847227735953,1.8126364729621194,0.0,0.0
1796,0.022291895489962327,0.004095753643750435,1.8196142173948742,0.0,0.02351665801622651,0.005188831657340581,1.8327826803380793,0.0,0.0
1797,0.022119765081221147,0.0038198663775498667,1.8299899044490995,0.0,0.022352813150395046,0.004084111424162984,1.8268701921809802,0.0,0.0
1798,0.02214619419759228,0.003941265151037702,1.8204929459662664,0.0,0.022614611312747,0.004432151009413329,1.8182461045005105,0.0,0.0
1799,0.02207559249585583,0.003960783792925733,1.8114809166817438,0.0,0.022442633286118507,0.004228715149855072,1.8213918534192173,0.0,0.0
1800,0.022210082527072655,0.003979398120593812,1.823068468343644,0.0,0.02251288006928834,0.004291036483747038,1.8221844217993997,0.0,0.0
1801,0.022349436013471512,0.004073173179113794,1.8276263305119105,0.0,0.022173859517682682,0.003762907115742564,1.8410952633077449,0.0,0.0
1802,0.022560246111381622,0.004137942229308898,1.8422304278328305,0.0,0.022533060644160618,0.003960796864703298,1.8572264151139692,0.0,0.0
1803,0.02229488454759121,0.003840765755047046,1.8454119222504752,0.0,0.021931061351841145,0.003577703398398378,1.8353357965295964,0.0,0.0
1804,0.022267892335851986,0.0038873348163352126,1.8380557667641413,0.0,0.02221470410850915,0.0037817142649807715,1.8432990204204212,0.0,0.0
1805,0.02241060377231666,0.0038956571481234973,1.8514947153273082,0.0,0.02251854572783817,0.0038856582038781858,1.8632887926968662,0.0,0.0
1806,0.022162477707579023,0.0036895323511479156,1.8472945775304521,0.0,0.022289924323558807,0.00397652815180746,1.8313396302136509,0.0,0.0
1807,0.02236390362183253,0.0039573084352360595,1.8406595502580916,0.0,0.022357678210193462,0.0038472180551087313,1.8510460745204578,0.0,0.0
1808,0.0221868809312582,0.0038338598651101903,1.8353021570614405,0.0,0.022354488853703846,0.00398452952504158,1.8369959809563376,0.0,0.0
1809,0.02246697601817903,0.003892720022815324,1.8574256414458865,0.0,0.022021450102329254,0.0035870964215560393,1.8434354175220837,0.0,0.0
1810,0.022228301502764225,0.003846965198005949,1.8381336728731792,0.0,0.022460018707947296,0.004117236409166997,1.8342782692475752,0.0,0.0
1811,0.02231745288840362,0.003918668194230469,1.8398785023462205,0.0,0.022284184497865765,0.003904615296050906,1.8379569920626553,0.0,0.0
1812,0.022171917282754465,0.0039687505923211575,1.8203166921933491,0.0,0.022263131527738136,0.004079323642971841,1.8183808543465354,0.0,0.0
1813,0.02215096110566741,0.0038307353000467024,1.8320226186797732,0.0,0.022173638032241302,0.003906720085069537,1.8266918442466042,0.0,0.0
1814,0.022042246180630866,0.003879504605373811,1.8162742058436077,0.0,0.02230469018898227,0.004216977310451594,1.8087712959809736,0.0,0.0
1815,0.02220145320253713,0.004073595744557679,1.8127857730502175,0.0,0.022534940053116192,0.004350749267773194,1.8184191205284812,0.0,0.0
1816,0.022439225000284967,0.004331135373961713,1.8108089793296087,0.0,0.022077853029424496,0.003776599420234561,1.8301253860647029,0.0,0.0
1817,0.022502630505533444,0.003933525439130054,1.8569105522973197,0.0,0.022333438084884125,0.003750045953149145,1.8583392771807583,0.0,0.0
1818,0.02239468897737208,0.003928895978744896,1.8465793416613625,0.0,0.022116852754896336,0.003703639736737717,1.8413213924928145,0.0,0.0
1819,0.02209357646781774,0.003689453327318742,1.8404123442513602,0.0,0.022082153369079937,0.0038239385467022657,1.8258214755491777,0.0,0.0
1820,0.02208529661099116,0.003953058793697329,1.813223850159418,0.0,0.022542940960689026,0.004459652351215482,1.8083289103074507,0.0,0.0
1821,0.022104190928595408,0.004024197813123465,1.807999318554288,0.0,0.022230612791397354,0.004023380810394883,1.820723208514127,0.0,0.0
1822,0.02220033157971643,0.004041931425620403,1.81584004844938,0.0,0.022327095608819614,0.0041417984334243966,1.8185297034003518,0.0,0.0
1823,0.02211943574781929,0.003929850007850854,1.8189585918471927,0.0,0.022099071605639023,0.003992041107267141,1.810703082518144,0.0,0.0
1824,0.02230821124144963,0.0041001371684528535,1.8208074541318984,0.0,0.022134212269024414,0.0038054260763932357,1.8328786329789595,0.0,0.0
1825,0.02237148241450389,0.003944490154805992,1.842699266615368,0.0,0.022093727507374504,0.0036295346746390515,1.8464193452488293,0.0,0.0
1826,0.022382932759466626,0.003887106326319987,1.8495827005023049,0.0,0.022241993045265026,0.0037466063248840246,1.8495387380773372,0.0,0.0
1827,0.02221753705470335,0.0037474072083742136,1.847013030733381,0.0,0.022237821397456257,0.0038997315463017335,1.8338089747862383,0.0,0.0
1828,0.022223019218515782,0.003935425791756383,1.8287593835876101,0.0,0.02337862788276239,0.005091792671009898,1.82868352803317,0.0,0.0
1829,0.022371987013944557,0.004047462339734747,1.8324525129227411,0.0,0.022032954306765037,0.0036063255022533917,1.842662963000211,0.0,0.0
1830,0.022229654049234732,0.0038049130013123864,1.8424741540636336,0.0,0.02263137037781152,0.004163220842284235,1.8468149683692239,0.0,0.0
1831,0.02233845554292202,0.0038242330830100747,1.8514222701390584,0.0,0.02248592556200244,0.003999646837738427,1.8486278707330877,0.0,0.0
1832,0.022274341035102094,0.00387960243859284,1.8394739003408522,0.0,0.022424604235724968,0.004053628114475446,1.8370976881547407,0.0,0.0
1833,0.022347293306319488,0.00399177125100756,1.8355522439593361,0.0,0.022205691107294777,0.003789090255106037,1.8416601527820935,0.0,0.0
1834,0.022272056589523952,0.003997687832452357,1.8274369154657637,0.0,0.022343597967516293,0.0041761767246167765,1.8167421601035378,0.0,0.0
1835,0.022130314526813372,0.004035308158823422,1.8095006800833202,0.0,0.022448508576913315,0.004360841714184393,1.8087667551907627,0.0,0.0
1836,0.022035929551791577,0.003938235542071717,1.8097694459415616,0.0,0.02227917957034978,0.004244785459542816,1.8034394762732766,0.0,0.0
1837,0.022334774778712364,0.004151220599721585,1.818355455285027,0.0,0.022516536272384903,0.004147731804881583,1.8368805105035955,0.0,0.0
1838,0.02221456196691309,0.003946327171953661,1.826823495683216,0.0,0.02264715511013161,0.0044373242734846744,1.8209831606258045,0.0,0.0
1839,0.02233144184130998,0.003952692595443555,1.8378749915531702,0.0,0.022582868452776562,0.004157665820622986,1.8425202803178267,0.0,0.0
1840,0.02223409694575128,0.003866865305185673,1.8367232254573278,0.0,0.022163286127827385,0.0038682599340311504,1.8295026909221301,0.0,0.0
1841,0.022458709953796296,0.004065372060895676,1.8393338464555287,0.0,0.02251636287705465,0.004038092891939662,1.8478270227258855,0.0,0.0
1842,0.022299891515147118,0.003954777732447144,1.8345114276522683,0.0,0.022310704162175007,0.0038959952706301756,1.8414709242907437,0.0,0.0
1843,0.022228092132579712,0.003696856111110676,1.853123650664375,0.0,0.02240744944323193,0.003993775610896674,1.8413674181157893,0.0,0.0
1844,0.022476957135257266,0.0041505468211003715,1.8326410821505956,0.0,0.02225895259868015,0.003731206080622294,1.852774674242193,0.0,0.0
1845,0.02211733738936129,0.0036873769048335297,1.8429960835547674,0.0,0.022556096823378044,0.004246667366136204,1.830942988395691,0.0,0.0
1846,0.02212601824707928,0.0039032090543991045,1.8222809575852894,0.0,0.022530688480897385,0.004403537731956352,1.8127151077443904,0.0,0.0
1847,0.02212709521076509,0.003981983433255837,1.8145112168221247,0.0,0.02217805419455875,0.004006539577279578,1.8171514489433982,0.0,0.0
1848,0.022194858063899335,0.003965101105027965,1.8229757291930062,0.0,0.022249696268276734,0.0039307712153954935,1.8318925987590442,0.0,0.0
1849,0.022161863034679777,0.0039447744742834145,1.8217088835580009,0.0,0.022454337640242142,0.004213984187861735,1.824035406112671,0.0,0.0
1850,0.02198998253082945,0.0037961286503732914,1.8193854434149606,0.0,0.02219485135918314,0.004061904884028164,1.8132946599613537,0.0,0.0
1851,0.02221729313688619,0.00409962317263264,1.8117670501981462,0.0,0.02175787683915008,0.0036199415864592247,1.81379357251254,0.0,0.0
1852,0.022288638876662367,0.004117014546257754,1.8171624683198475,0.0,0.02229907295920632,0.004071737851270221,1.8227335539731113,0.0,0.0
1853,0.02232881724124863,0.004024569582681926,1.8304248026439123,0.0,0.022479789162223988,0.004164208531041037,1.8315580866553567,0.0,0.0
1854,0.022191925728250118,0.003896316923644571,1.8295609184673853,0.0,0.02182149700820446,0.0036777348299934106,1.814376256682656,0.0,0.0
1855,0.022506872280722574,0.004294297142353441,1.8212575515111287,0.0,0.022508168931711803,0.004047218794849786,1.8460950417952104,0.0,0.0
1856,0.022375592961907387,0.003962427388787979,1.841316575095767,0.0,0.022507576949217102,0.00418684504587542,1.8320732658559626,0.0,0.0
1857,0.022206695927750496,0.0037315317230033024,1.847516465754736,0.0,0.02237217433073304,0.00407332920638675,1.8298845507881858,0.0,0.0
1858,0.022034410475974993,0.0038890658401041513,1.814534502370017,0.0,0.022057977759025314,0.003958801082758741,1.8099177208813755,0.0,0.0
1859,0.022108315578883604,0.004047173358100865,1.8061142648969377,0.0,0.022323841229081154,0.004157048078592528,1.816679369319569,0.0,0.0
1860,0.022408189074624153,0.004113456988263698,1.8294732513881864,0.0,0.02247097190808166,0.003945789532735944,1.852518298409202,0.0,0.0
1861,0.022283983860342277,0.0037443348361800113,1.8539649361655826,0.0,0.022169023074887016,0.0037033393428745594,1.8465684218840166,0.0,0.0
1862,0.022244993685966448,0.00386969523415679,1.8375299062047685,0.0,0.022644314914941788,0.004311851543289694,1.8332463719628074,0.0,0.0
1863,0.02219927022677092,0.0038628143624269535,1.8336456304504758,0.0,0.022402981465513058,0.004119427387856625,1.82835544239391,0.0,0.0
1864,0.02208073836352144,0.0039028217572541464,1.8177916890098935,0.0,0.021939611570401626,0.003813948016613722,1.812566410411488,0.0,0.0
1865,0.02210699771309183,0.0038423870324290226,1.826461102281298,0.0,0.022601750933311203,0.004242170580916784,1.8359580473466353,0.0,0.0
1866,0.022163688471274718,0.003847338541943048,1.8316350437345958,0.0,0.022470934147184544,0.004249722083014521,1.8221212517131458,0.0,0.0
1867,0.022409099420266494,0.004126260450686372,1.828283931527819,0.0,0.02236338755623861,0.004046878078952432,1.8316510157151655,0.0,0.0
1868,0.02212766744196415,0.0038927546314274273,1.8234913292385282,0.0,0.022428368641571564,0.004261668178845535,1.8166700926694004,0.0,0.0
1869,0.022262195879150005,0.004005977091202069,1.8256219142959231,0.0,0.02246130562641404,0.004187636987560175,1.8273668505928733,0.0,0.0
1870,0.022070236681472687,0.003886393010838046,1.818384391920907,0.0,0.022529691457748413,0.004426477582786571,1.8103214285590432,0.0,0.0
1871,0.02234671331409897,0.004205390129105321,1.814132375376565,0.0,0.022474352778358894,0.004319441377777945,1.8154911886562,0.0,0.0
1872,0.02237554422269265,0.004066031936201311,1.8309512706029982,0.0,0.022639909928495235,0.004190531897951256,1.8449378555471247,0.0,0.0
1873,0.02246203748065801,0.003982972065430312,1.8479065809931075,0.0,0.022362732243808834,0.003958065253259106,1.8404666943983599,0.0,0.0
1874,0.022148479663190387,0.0038281183778530077,1.8320361716406686,0.0,0.02233730578287081,0.00417482734403827,1.8162478750402278,0.0,0.0
1875,0.022093548395094417,0.004003404700640766,1.8090144026847113,0.0,0.02220264720645818,0.004172602414407514,1.803004503250122,0.0,0.0
1876,0.022229972827647413,0.004133076024507838,1.8096897318249656,0.0,0.022187581285834312,0.004077235808257352,1.8110345602035522,0.0,0.0
1877,0.02235134495865731,0.00400999271576958,1.8341352740923564,0.0,0.022988321936943314,0.004630834541537545,1.8357487591830166,0.0,0.0
1878,0.022152810579254514,0.003955831645899231,1.8196979221843539,0.0,0.021680433303117752,0.0034749919167635116,1.8205441453240134,0.0,0.0
1879,0.022303070562581222,0.004065677628941124,1.823739318620591,0.0,0.022817252034490757,0.0044059041591191835,1.841134862466292,0.0,0.0
1880,0.022222442419401238,0.003853888916117804,1.8368553803080605,0.0,0.022222320295192978,0.0038130687634375963,1.8409252058375964,0.0,0.0
1881,0.022485038975165003,0.004013582326782246,1.8471456964810689,0.0,0.022256635637445885,0.0038126927631145172,1.8443943153728137,0.0,0.0
1882,0.02223327862364905,0.0037910195089699257,1.8442259686333793,0.0,0.021803583949804306,0.0034369949928738856,1.8366589871319858,0.0,0.0
1883,0.022252103535547144,0.0039741258813245665,1.8277977988833474,0.0,0.022303893315521153,0.004044529579749162,1.8259363933043047,0.0,0.0
1884,0.02229608196233,0.004009419370309583,1.8286663066773188,0.0,0.02176875773478638,0.0035153538919985294,1.825340455228632,0.0,0.0
1885,0.022207319426039856,0.003836559591859224,1.8370760225114369,0.0,0.022323599593205887,0.004034311129626903,1.828928904099898,0.0,0.0
1886,0.02254829742014408,0.004105981489244316,1.8442316225596838,0.0,0.022126048464666714,0.003666077232496305,1.8459972143173218,0.0,0.0
1887,0.02224147803194466,0.0038228274955015096,1.8418650910967873,0.0,0.022358419542962856,0.003939675992693414,1.8418743935498325,0.0,0.0
1888,0.022388345739316372,0.004016000023555188,1.837234610602969,0.0,0.02235194956037131,0.004071247679266063,1.8280702395872637,0.0,0.0
1889,0.022458116124783243,0.0038551101904539834,1.860300620396932,0.0,0.02204431491819295,0.0035655858122151008,1.8478729724884033,0.0,0.0
1890,0.02242248607355924,0.003958457498811185,1.8464029005595617,0.0,0.022325889800082554,0.003923846493390473,1.8402044122869319,0.0,0.0
1891,0.02228531427681446,0.003932114219337347,1.8353200526464553,0.0,0.02201215076175603,0.0037322228097102857,1.8279928294095127,0.0,0.0
1892,0.02222396189435607,0.00402801256028137,1.819594987801143,0.0,0.021779760041020134,0.00362707729536024,1.8152682889591565,0.0,0.0
1893,0.022186939338488237,0.0038944732985414917,1.8292466543969654,0.0,0.022140917114236137,0.0036396337673068047,1.8501283472234553,0.0,0.0
1894,0.022099219484343416,0.0036585545389070397,1.8440665318852378,0.0,0.022145309400829403,0.003829940941862085,1.8315368999134412,0.0,0.0
1895,0.022182383175407137,0.003997916777041696,1.818446661744799,0.0,0.022134207866408608,0.003833557606082071,1.8300650661641902,0.0,0.0
1896,0.02231911179565248,0.003865742767673163,1.8453369623138791,0.0,0.022105196660215206,0.003670491955497048,1.8434705517508767,0.0,0.0
1897,0.022150063266356785,0.0038083677645772696,1.8341695751462663,0.0,0.02228188446976922,0.003995692907747897,1.828619198365645,0.0,0.0
1898,0.022162846023482934,0.003936037071980536,1.82268093029658,0.0,0.022356338121674278,0.004103101303123615,1.8253237442536787,0.0,0.0
1899,0.02223109622441587,0.0038542139809578657,1.8376882814225697,0.0,0.022128185934641144,0.0037162097763608804,1.8411976424130527,0.0,0.0
1900,0.022155860261548133,0.003808131846155794,1.8347728791691007,0.0,0.02210806394842538,0.0038036740681325846,1.8304390582171353,0.0,0.0
1901,0.022291213850535098,0.003966070988792039,1.832514348484221,0.0,0.0218166226351803,0.0034482007507573476,1.836842255158858,0.0,0.0
1902,0.0220162265801004,0.0037345787831803874,1.8281648244176592,0.0,0.021824338219382546,0.0036688702900639987,1.815546826882796,0.0,0.0
1903,0.022315328497262227,0.0041019521886482835,1.8213376715069725,0.0,0.0221286534585736,0.003771357026628473,1.8357296748594805,0.0,0.0
1904,0.022133497654327323,0.003910131131609281,1.8223366879281544,0.0,0.0226792340928858,0.004583956737240607,1.8095277439464221,0.0,0.0
1905,0.022053164429962635,0.0039037055546595227,1.8149459248497373,0.0,0.022306258536197922,0.004249269206246192,1.8056989691474221,0.0,0.0
1906,0.021971864891903743,0.003930826610442074,1.804103862671625,0.0,0.022318704731085083,0.0042589135383340445,1.8059791326522827,0.0,0.0
1907,0.022389529095519157,0.004191030814711537,1.8198498402323042,0.0,0.02254269424487244,0.004210793201557614,1.8331901051781394,0.0,0.0
1908,0.022785212977656295,0.004068724084867253,1.8716489388829185,0.0,0.02234264039857821,0.0036289456342770295,1.8713695461099797,0.0,0.0
1909,0.022391172746817272,0.003814282882515164,1.8576890116646176,0.0,0.022152719849889927,0.00360775531523607,1.8544965115460483,0.0,0.0
1910,0.022374887019395828,0.0038978595985099673,1.8477028125808352,0.0,0.02257082594389265,0.003999382172795859,1.8571444099599665,0.0,0.0
1911,0.02233227271409262,0.0038517541418384227,1.8480518971170699,0.0,0.02199963785030625,0.003494514152407646,1.8505124287171797,0.0,0.0
1912,0.022312218811185586,0.003931095186133115,1.8381124422663735,0.0,0.022213722494515507,0.003842274383218451,1.8371448733589866,0.0,0.0
1913,0.022338074011107285,0.003908251062966883,1.8429823233967735,0.0,0.02226768315515735,0.00393589241006835,1.833179159597917,0.0,0.0
1914,0.022251419190849577,0.003972653776318545,1.8278765791938418,0.0,0.022673566741022198,0.00423432016660544,1.8439246957952327,0.0,0.0
1915,0.022280021703669002,0.0038481946934812833,1.8431827567872547,0.0,0.022302396256815304,0.0038487766657701946,1.8453620347109707,0.0,0.0
1916,0.02229052028130917,0.003895587997422332,1.8394932888803028,0.0,0.022463302890008145,0.004163426876237447,1.8299876018003984,0.0,0.0
1917,0.022111705947844756,0.0037979079144341604,1.8313798421905154,0.0,0.02211856283247471,0.0037998685782605953,1.831869439645247,0.0,0.0
1918,0.02222818269261292,0.003943998987476031,1.8284184194746471,0.0,0.022122670303691517,0.0037433770908550782,1.8379293571818958,0.0,0.0
1919,0.022157473533990838,0.0038154570807126306,1.8342016850199019,0.0,0.022608047689903866,0.00430928458544341,1.8298763578588313,0.0,0.0
1920,0.022084999164300307,0.00391207967463526,1.8172919721830458,0.0,0.022133830257437447,0.004023846514015036,1.810998418114402,0.0,0.0
1921,0.02218434445205189,0.004054586303287319,1.812975857939039,0.0,0.022381029345772484,0.004110533765263178,1.8270496238361706,0.0,0.0
1922,0.02223645168400946,0.0038384372379542107,1.8398014846302213,0.0,0.022460087795149197,0.0039466021540151405,1.8513486276973377,0.0,0.0
1923,0.022182229063695387,0.003777296287894604,1.8404933185804457,0.0,0.022256700999357483,0.003914670129729943,1.8342031565579502,0.0,0.0
1924,0.022237456802810942,0.00397595720520864,1.8261499915804182,0.0,0.022424139082431793,0.00416877414946529,1.8255365653471514,0.0,0.0
1925,0.022153367155364583,0.003904823962199901,1.8248543654169356,0.0,0.02317755940285596,0.004784890979697759,1.8392668528990312,0.0,0.0
1926,0.022067985807855923,0.003770034654908592,1.829795167559669,0.0,0.021868003870953213,0.00365387521345507,1.8214129426262595,0.0,0.0
1927,0.022169371490322408,0.003965837991840783,1.8203533745947338,0.0,0.022380337288433857,0.004247017374092882,1.81333204832944,0.0,0.0
1928,0.022331737558401767,0.004195972196092563,1.813576564902351,0.0,0.022149416533383457,0.003847007364542647,1.8302409648895264,0.0,0.0
1929,0.0225488781219437,0.003999551519795898,1.854932685693105,0.0,0.022345726801590485,0.0037635185713456435,1.8582209023562344,0.0,0.0
1930,0.022139863598914372,0.0036780978442125375,1.8461765902382987,0.0,0.0222926124591719,0.004033755151216279,1.8258857835422864,0.0,0.0
1931,0.022132479142220246,0.003911700299275773,1.822077941326868,0.0,0.021833999929102985,0.003615882501683452,1.8218118169090964,0.0,0.0
1932,0.022108295134135654,0.0039083345549269805,1.81999610435395,0.0,0.02209457450292327,0.00395166207189587,1.8142912821336226,0.0,0.0
1933,0.02228880234594856,0.004129775323062425,1.8159027383441018,0.0,0.022076329047029667,0.0037703901021318,1.830593932758678,0.0,0.0
1934,0.02214994662929149,0.0038863770563953687,1.826357018379938,0.0,0.022376257079568775,0.004124215571209788,1.825204155661843,0.0,0.0
1935,0.022465936307396208,0.00419062597765809,1.8275310737746102,0.0,0.022838067602027546,0.004448302069001577,1.8389766216278076,0.0,0.0
1936,0.022439545863086267,0.0039735705857830384,1.8465975693293981,0.0,0.022462711076844822,0.004031632603569465,1.843107906254855,0.0,0.0
1937,0.02202825527638197,0.003713909619753914,1.8314346302123297,0.0,0.022403205998919228,0.0041503744538534774,1.8252831805836072,0.0,0.0
1938,0.022344032524242288,0.004053431845802281,1.8290601088887168,0.0,0.022279418496923012,0.0037632389205761933,1.85161799734289,0.0,0.0
1939,0.021929192800252212,0.003559438190201209,1.8369754950205486,0.0,0.021979865025390278,0.003851785388013179,1.8128079717809504,0.0,0.0
1940,0.022248835347238042,0.004058733915111848,1.8190101896013533,0.0,0.022500098767605694,0.004270715702494437,1.8229383663697676,0.0,0.0
1941,0.0220253418776251,0.003818443333286615,1.8206898768742878,0.0,0.02196442454376004,0.003799712031402371,1.8164712407372214,0.0,0.0
1942,0.021993674071771756,0.003904536821036821,1.8089137559845334,0.0,0.022816292094913395,0.004739303353496573,1.8076989325610073,0.0,0.0
1943,0.022205943729551064,0.00406680206790389,1.8139141996701558,0.0,0.02234124206006527,0.004070563284172254,1.8270679170435125,0.0,0.0
1944,0.022259974852204323,0.004018432433007374,1.8241542691276187,0.0,0.022131027315150608,0.0038847367660227146,1.8246290683746338,0.0,0.0
1945,0.02214573314856915,0.00391778171927269,1.8227951924006145,0.0,0.02251265485855666,0.004238177154382522,1.8274478153748945,0.0,0.0
1946,0.02248076775244304,0.004083128086113859,1.8397640188535054,0.0,0.022139615294608204,0.0036911965051496572,1.8448419029062444,0.0,0.0
1947,0.022327939757988566,0.003785777238330671,1.854216286114284,0.0,0.02240654487501491,0.003721892135217786,1.8684653368863193,0.0,0.0
1948,0.022232917093095324,0.003624937042505259,1.860798058055696,0.0,0.022241420197215946,0.0037941822612827473,1.8447238315235486,0.0,0.0
1949,0.02205899065094335,0.00375252130020055,1.8306469803764707,0.0,0.022076805545525116,0.003896712537177584,1.8180093982002952,0.0,0.0
1950,0.02218199343908401,0.003988599349256782,1.8193394570123582,0.0,0.02252294902097095,0.004195241956040263,1.8327707594091243,0.0,0.0
1951,0.022476846618311747,0.003928693277495248,1.8548153638839722,0.0,0.02235921116715128,0.0038105118384754114,1.8548699834130027,0.0,0.0
1952,0.022113414348236153,0.0037231093959971553,1.8390305524780637,0.0,0.02267148159444332,0.004383620869537646,1.8287861022082241,0.0,0.0
1953,0.022241958949182714,0.003973798277521772,1.826816093353998,0.0,0.022212590852921658,0.004071067553013563,1.8141523599624634,0.0,0.0
1954,0.02224598984633173,0.003959109064280277,1.828688124815623,0.0,0.02221099202605811,0.0038391931024803357,1.8371799100529065,0.0,0.0
1955,0.02229257065448023,0.003816849247197665,1.8475721762293862,0.0,0.021863789890300144,0.003526477820493958,1.833731228655035,0.0,0.0
1956,0.02233944709102313,0.004032198045890601,1.830724957443419,0.0,0.02189750833944841,0.0035470125942744994,1.835049650885842,0.0,0.0
1957,0.022191617194385754,0.003814197538997091,1.837742024943942,0.0,0.02209700559350577,0.003769574813883413,1.8327431136911565,0.0,0.0
1958,0.022209203269864832,0.0038847096175664945,1.8324494078045799,0.0,0.022112299264831978,0.003874286882240664,1.8238012790679932,0.0,0.0
1959,0.022138255648314953,0.0038739785141799423,1.82642776625497,0.0,0.021876991641792385,0.0036365898029709406,1.8240402720191262,0.0,0.0
1960,0.022237489886936686,0.004003772672842301,1.823371750967843,0.0,0.022265623577616432,0.00399658945389092,1.8269034624099731,0.0,0.0
1961,0.02200742726702066,0.0037867900017382844,1.82206377245131,0.0,0.02274673313579776,0.004582532829689709,1.8164200999520042,0.0,0.0
1962,0.02222752038921629,0.004032934916072658,1.8194585641225178,0.0,0.023694294420155613,0.005298045294528658,1.8396249250932173,0.0,0.0
1963,0.022118450763324898,0.003812172322622722,1.8306278870219277,0.0,0.021992738104679367,0.0036970981904728847,1.829564007845792,0.0,0.0
1964,0.022031412238166445,0.00386211573744991,1.8169297093436831,0.0,0.021901664239439098,0.003649802984331142,1.8251861767335371,0.0,0.0
1965,0.022140830622187684,0.003831476261395784,1.830935464018867,0.0,0.022392617538571358,0.004231171767142686,1.8161445964466443,0.0,0.0
1966,0.022294588608755952,0.004075529447401918,1.8219059648967924,0.0,0.022185281427069145,0.003819066332653165,1.8366215337406506,0.0,0.0
1967,0.021981137228154,0.00359161387175499,1.8389523795672826,0.0,0.022386362098834732,0.004193178589709781,1.8193183812228115,0.0,0.0
1968,0.022155836490648135,0.004012274323031306,1.8143562447457087,0.0,0.021967308765107937,0.0038160322107036004,1.8151276978579434,0.0,0.0
1969,0.02191324523162274,0.003785090626306122,1.812815512929644,0.0,0.021994932639327915,0.003907456422563304,1.8087476708672263,0.0,0.0
1970,0.021974282605307444,0.0038675116541396293,1.810677136693682,0.0,0.022072544490749187,0.0039483907801861114,1.8124154264276677,0.0,0.0
1971,0.021957112121440116,0.003933907320190754,1.8023205200831096,0.0,0.022333751517263325,0.0043428292582658205,1.799092249436812,0.0,0.0
1972,0.02208030702812331,0.003996417558352862,1.8083889796620323,0.0,0.02186040495606986,0.0036808354780077934,1.8179569786245173,0.0,0.0
1973,0.02211466067958446,0.003839598935363548,1.827506198769524,0.0,0.02244425378739834,0.004176409131931988,1.826784534887834,0.0,0.0
1974,0.02238265181048995,0.004093376221135259,1.828927599248432,0.0,0.021949259056286377,0.00355922274122184,1.8390036604621194,0.0,0.0
1975,0.022093757942673705,0.0037037614854939635,1.8389996943019686,0.0,0.021720740097490223,0.0034739809026095,1.8246759392998435,0.0,0.0
1976,0.022035928354376837,0.0037992988890480426,1.8236629906154813,0.0,0.0224355049431324,0.0041610253339802675,1.8274479996074329,0.0,0.0
1977,0.022198900979544436,0.003916287378940199,1.828261381103879,0.0,0.022530277852307667,0.0042577054012905464,1.8272572647441516,0.0,0.0
1978,0.02198265865445137,0.0038195540962208596,1.8163104908806937,0.0,0.021878472275354645,0.0038600330749018626,1.8018439249558882,0.0,0.0
1979,0.02220309463640054,0.004191083528677977,1.801201153369177,0.0,0.02259297922930934,0.0045007796831090345,1.8092199889096348,0.0,0.0
1980,0.022498957724088713,0.004284138891047665,1.8214819261005946,0.0,0.022342711517756634,0.0039087528659200125,1.8433959158984097,0.0,0.0
1981,0.022244846093512717,0.0037987500462414964,1.8446096352168493,0.0,0.02206624654883688,0.00367369466799904,1.8392552029002796,0.0,0.0
1982,0.022246836595946833,0.0038770692633642327,1.836976749556405,0.0,0.02175595628266985,0.0034536456011913037,1.8302311355417424,0.0,0.0
1983,0.02200139384894144,0.003907994367182255,1.8093399859610058,0.0,0.022269681773402474,0.004266729599542238,1.8002952337265015,0.0,0.0
1984,0.022380030359185878,0.004187482181892153,1.8192548467999412,0.0,0.024730372327295216,0.006445387653498487,1.8284984935413708,0.0,0.0
1985,0.02230357542811405,0.0038815264845089544,1.8422049425897145,0.0,0.022192357615991073,0.0038082044444639573,1.8384153626181863,0.0,0.0
1986,0.02238119291585116,0.003917195207794153,1.846399792603084,0.0,0.022201757539402355,0.0038487608967856927,1.835299708626487,0.0,0.0
1987,0.0223071299759405,0.004005317021870897,1.8301813346999032,0.0,0.02223719774999402,0.00395845685323531,1.8278741294687444,0.0,0.0
1988,0.02221310595493941,0.003908581094860676,1.8304525074504672,0.0,0.022447153079238804,0.004148635145446116,1.8298518224196,0.0,0.0
1989,0.022393028695313705,0.003952368046157062,1.8440660891078768,0.0,0.022322622889822178,0.003915698733180761,1.8406924334439365,0.0,0.0
1990,0.02202991307491348,0.0037074239170622257,1.8322489573842002,0.0,0.02219713902608915,0.003958020020614971,1.8239119378003208,0.0,0.0
1991,0.02242932344476382,0.004121671652510052,1.8307652445066542,0.0,0.022058431905778973,0.0036408297971568322,1.8417602885853162,0.0,0.0
1992,0.022046269405455815,0.0037147056510938065,1.833156412556058,0.0,0.02270222099667246,0.004512134452604435,1.819008708000183,0.0,0.0
1993,0.022270968893454188,0.004006250179372728,1.8264719191051664,0.0,0.022242005237124184,0.0038804695941507816,1.8361536156047473,0.0,0.0
1994,0.02201981811473767,0.0037608459769260315,1.8258972451800393,0.0,0.02245663411237977,0.0043900874231688,1.8066547133705833,0.0,0.0
1995,0.022269386354656445,0.004235484892325033,1.803390193553198,0.0,0.02289161898873069,0.004610560220581564,1.8281059373508801,0.0,0.0
1996,0.022059331958492596,0.003658266976431367,1.8401065412021818,0.0,0.022424032572995533,0.004205227998847311,1.8218804814598777,0.0,0.0
1997,0.02208510254110609,0.0038893718017442595,1.8195731100581942,0.0,0.022372342815453358,0.004083879313177683,1.82884634624828,0.0,0.0
1998,0.02211815770715475,0.0038475305496138475,1.8270627430507116,0.0,0.02209104580635374,0.003824338655580174,1.8266707767139783,0.0,0.0
1999,0.02199507797402995,0.003851840122868972,1.8143238311722165,0.0,0.021593157371336765,0.0035237114114517517,1.806944641199979,0.0,0.0
2000,0.022108169316890695,0.0039820423227779215,1.812612771987915,0.0,0.021822510287165642,0.0035756372804330154,1.8246873075311834,0.0,0.0
