epoch,train_loss,train_recon,train_kl,train_phys,val_loss,val_recon,val_kl,val_phys,phys_weight
1,1.6422662621452695,1.6404083910442533,0.00013960812481985028,7.425914877936954,1.4948384978554465,1.4935208775780418,0.00040422352983362293,5.254324826327237,0.00025
2,1.3751866193044753,1.372900420711154,0.001306277527917354,4.546278595924377,1.3193981864235618,1.3170522126284512,0.003979913488199765,4.612377123399214,0.0005
3,1.2283573661531721,1.2246625167982919,0.019734921587985895,4.663322993687221,1.13546790859916,1.1316144358028064,0.053367490456862884,4.4263857928189365,0.00075
4,1.0564084024656386,1.051136790286927,0.13748795246439321,3.8967411518096924,0.9405927387150851,0.9345330433412031,0.2663941437547857,3.395755659450184,0.001
5,0.7818059878689902,0.7739433468807311,0.4480961763433048,2.7053431499572027,0.623868693004955,0.6139508269049905,0.7292584126645868,2.1002279194918545,0.0012500000000000002
6,0.4855935275554657,0.4721083002431052,1.0711535513401031,1.849125623703003,0.41524436528032477,0.39897959340702405,1.3901661526073108,1.5754072124307805,0.0015
7,0.3758163714692706,0.3572808426050913,1.5979224017688207,1.4607466402507963,0.38486421650106256,0.3644008419730447,1.7975600416010076,1.4215871312401511,0.0017500000000000003
8,0.35276233972538085,0.33076720259019304,1.9270223946798415,1.3624580672809057,0.3675108714537187,0.3441233905878934,2.0416827635331587,1.4853245128284802,0.002
9,0.3413020372390747,0.31694749352477847,2.124993031933194,1.3798269203730993,0.352594641121951,0.32715610753406177,2.183933832428672,1.5996426994150335,0.00225
10,0.33153915369794484,0.3056698583421253,2.2450671678497676,1.3674486109188624,0.3503184670751745,0.3238693529909307,2.3013701872392134,1.3741656866940586,0.0025000000000000005
11,0.32428591911281857,0.2969252367814382,2.33104716028486,1.472804109255473,0.34361678632822906,0.3160006661306728,2.373046809976751,1.4129666090011597,0.0027500000000000003
12,0.3175562843680382,0.28882246322575067,2.41861515385764,1.5158902548608326,0.3350656601515683,0.30599887804551557,2.4454459710554644,1.5374409610574895,0.003
13,0.30895147153309416,0.27954885576452526,2.446055707477388,1.520634310586112,0.3307403447953137,0.30146547881039704,2.4541956294666636,1.4562783674760298,0.0032500000000000003
14,0.30347958703835803,0.2732525918455351,2.4923995562962125,1.5151426252864657,0.3260419978336854,0.296124977144328,2.4629391756924717,1.510751182382757,0.0035000000000000005
15,0.29946641269184293,0.2685055620968342,2.5208619208562943,1.5339286298978896,0.3285273448987441,0.29756993732669135,2.5393735712224785,1.483645655892112,0.00375
16,0.297400448293913,0.26597940034809564,2.5278202295303345,1.5357116574332828,0.3209184150804173,0.2896774980154904,2.5391246622258965,1.4624185670505871,0.004
17,0.2953386732510158,0.26344829691307886,2.552057828222002,1.4987760867391313,0.3194179304621436,0.2879122509197755,2.525464816526933,1.4708323370326648,0.00425
18,0.2926983169856526,0.2602650984412148,2.5642089389619374,1.5091402161689031,0.31834577023983,0.2866424010558562,2.5156745693900366,1.4548053741455078,0.0045
19,0.2910088346827598,0.25821512653714135,2.570793185915266,1.4917424761113667,0.31562777947295795,0.2830174782059409,2.5767618742856113,1.4405652392994275,0.004750000000000001
20,0.28862311265298296,0.25519110209175516,2.604991072700137,1.4764196957860674,0.31554649634794757,0.2822264758023349,2.617028323086825,1.4299475929953835,0.005000000000000001
21,0.2873061139668737,0.25341380493981497,2.633497987474714,1.439491317385719,0.3149244785308838,0.2813748636028983,2.5877961895682593,1.461267807266929,0.00525
22,0.2846390243087496,0.25035750227315084,2.6241989249274846,1.461733491647811,0.31183846430345014,0.277681750330058,2.60808818990534,1.4683334935795178,0.0055000000000000005
23,0.2813080872098605,0.2469198987597511,2.63079639843532,1.405256489912669,0.31089689108458435,0.27640912614085456,2.630638512698087,1.4228493083607068,0.005750000000000001
24,0.27851304199014393,0.2435436692266237,2.6536557333809987,1.405469108195532,0.30664592304012994,0.2715487696907737,2.6593792221762915,1.4172269647771663,0.006
25,0.27324944237867993,0.23739871843939736,2.68721273967198,1.4365753474689664,0.29778913205320184,0.2621362520889802,2.6544805006547407,1.4572913646697998,0.00625
26,0.2589215185670626,0.22168742386358126,2.738919502212888,1.5146001492227827,0.2780359373851256,0.2395638105544177,2.7488152113827793,1.689842408353632,0.006500000000000001
27,0.23108476648728052,0.19124940179643177,2.8478408597764515,1.6825120108468192,0.2348521568558433,0.19320254434238782,2.8722868615930732,1.9150728962638162,0.006750000000000001
28,0.17244954531391463,0.12885733206002487,3.040887463660467,1.8833338930493309,0.15418170121583072,0.10851416635242375,3.116868322545832,2.071264537897977,0.007000000000000001
29,0.12696876093035653,0.08006536902948505,3.2634853976113454,1.9680743387767248,0.12294817444953052,0.07570176097479733,3.2758426016027276,1.9983429908752441,0.0072499999999999995
30,0.1102711490931965,0.062278423768778644,3.3623064926692416,1.9159548793520247,0.10488439012657512,0.0569394804875959,3.3504817052321,1.9253455942327327,0.0075
31,0.10054937501748402,0.05145749955305031,3.412342139652797,1.931413505758558,0.09459158100865105,0.045613215220245446,3.401312221180309,1.9309994957663796,0.00775
32,0.09069717675447464,0.04079467169053498,3.434164297013056,1.9451076643807548,0.07963471250100569,0.029671756889332424,3.3999887596477163,1.9953835985877297,0.008
33,0.0797307708611091,0.02931904506736568,3.4562821842375255,1.9210792978604634,0.07598691162737933,0.024569470858709377,3.4157194874503394,2.0921511108225044,0.00825
34,0.07419495249078387,0.023461784036563977,3.461784850983393,1.8959200297083174,0.07214721969582817,0.021792469630864533,3.4064236770976675,1.9165309775959363,0.0085
35,0.07196669342617194,0.021194175772723697,3.445427718616667,1.864941880816505,0.07339626923203468,0.023074233904480934,3.382004282691262,1.8859421556646174,0.008749999999999999
36,0.0710072744460333,0.019800010846839064,3.4236337060020086,1.8856587012608845,0.0725194134495475,0.021470232866704464,3.3621373826807197,1.936423128301447,0.009
37,0.07064166044195493,0.019455570084530683,3.3940823872884116,1.8643532310213362,0.07113262977112424,0.0192897001450712,3.340168497779153,1.993648106401617,0.00925
38,0.07033213290075462,0.01882251017239122,3.3734710670652843,1.8710435855956304,0.07226320152932947,0.020314919846979054,3.3191779960285532,1.9743685939095237,0.009500000000000001
39,0.06994296273305303,0.01789655163884163,3.3423666329610917,1.9100251226198106,0.07049196111884984,0.0184669734232805,3.280162897976962,1.9716265960173174,0.009750000000000002
40,0.0687203181996232,0.016793623411407072,3.316226113410223,1.876443428652627,0.07051725177602335,0.018455564467744393,3.2535246285525234,1.9526441097259521,0.010000000000000002
41,0.06862386280582064,0.016544197331227008,3.2873101575034007,1.873811131431943,0.06998427483168515,0.017486362633380024,3.2309000492095947,1.969649921764027,0.01025
42,0.06871398334347066,0.016257501029897304,3.2815549543925693,1.8705650454475766,0.07064445147460158,0.01787927323444323,3.233357624574141,1.9458668448708274,0.0105
43,0.06908704562201387,0.01622335535163681,3.2672948723747615,1.8782085180282593,0.07026492973620241,0.017380067993971435,3.2230199467052114,1.921363971450112,0.010750000000000001
44,0.06807594595565683,0.015107335456247841,3.249393167949858,1.8613345395951044,0.06898843192241409,0.01603326565501365,3.1891344460574063,1.9148929660970515,0.011000000000000001
45,0.06827865425674688,0.014707015627729041,3.2289110819498696,1.891780240195138,0.07002389092337001,0.01647690107876604,3.1855455095117744,1.9281363812359897,0.011250000000000001
46,0.06792454652133442,0.01433005536507283,3.2163301025118147,1.8635817624273754,0.06961094181646,0.015641553412106903,3.1602044755762275,1.9449863758954136,0.011500000000000002
47,0.06806001413081374,0.014157250102254607,3.1952433472587947,1.8681133559771947,0.07032034173607826,0.016243892806497486,3.151170990683816,1.9204035022042014,0.01175
48,0.06809110921763238,0.013902668552916674,3.1853654838743664,1.8612321728751773,0.06967902081933888,0.015034403651952744,3.147279219193892,1.9309853748841719,0.012
49,0.06814058426590193,0.01384641391979087,3.1800458431243896,1.8362215019407726,0.06968566944653337,0.01458536401729692,3.1323232000524346,1.9409856687892566,0.01225
50,0.06854206243796009,0.013815930224068108,3.1702767326718284,1.8418691555658977,0.07033557986671274,0.015142978846349499,3.1282329992814497,1.912821726365523,0.0125
51,0.06823234721308663,0.013340572782215617,3.1572106054850986,1.8289937291826521,0.06985334645618092,0.014325061643665487,3.117243918505582,1.910262476314198,0.012750000000000001
52,0.06848620064556599,0.013120479238707395,3.148728745324271,1.8368026273591178,0.07034048709002408,0.01419261402704499,3.1023095737804067,1.9326751882379705,0.013000000000000001
53,0.06891421148819583,0.013234874577305857,3.13925458136059,1.8329653966994512,0.07002810219472105,0.013927770778536797,3.1090198213403877,1.8875573114915327,0.013250000000000001
54,0.06923922195675827,0.013175767336395524,3.132288069952102,1.8326351358777,0.0696454190395095,0.013679148967970501,3.094863111322576,1.8531585389917546,0.013500000000000002
55,0.06967407394023169,0.013085449580103159,3.1290090084075928,1.8398934460821605,0.07035428488796408,0.013346869667822664,3.0996405211361973,1.8917098587209529,0.013750000000000002
56,0.06947138728130431,0.012598045103784119,3.1304005611510504,1.8263811696143377,0.07077538391405885,0.013913471421057528,3.088029319589788,1.8558298566124656,0.014000000000000002
57,0.0692249159550383,0.012637122356820674,3.10671743892488,1.790920703184037,0.07155443795702675,0.014407567256553606,3.068471084941517,1.8569937294179744,0.014249999999999999
58,0.07032135350718385,0.013061062632394689,3.0976359957740423,1.8126849645660037,0.07112111625346271,0.014264408160339703,3.079273895783858,1.7975151863965122,0.014499999999999999
59,0.0702736693478766,0.012812170577013776,3.107738188334874,1.7887537309101649,0.07313605127009479,0.015601430680941452,3.0849162448536265,1.8091836409135298,0.01475
60,0.0706533104003895,0.012925141513170231,3.107112407684326,1.7771363712492443,0.0722930058836937,0.013916978358545086,3.0731111006303267,1.8429945707321167,0.015
61,0.07044811529063043,0.012510544797849087,3.090776483217875,1.7724463116554987,0.07181275297294963,0.013398017395626415,3.0559742017225786,1.8265569643540815,0.01525
62,0.07057342030817554,0.012282854611320155,3.091020311628069,1.7664750871204196,0.0725562111897902,0.013220803219486366,3.0528458031741055,1.8585129651156338,0.0155
63,0.07080640617225852,0.012272888018439213,3.07877394698915,1.7616367453620547,0.07196971740234982,0.01335723799738017,3.0461672869595615,1.7873527786948464,0.01575
64,0.07142852849903561,0.012287484969766367,3.0739988542738415,1.7750658648354667,0.07288335941054604,0.012749149125408043,3.050840963016857,1.8516124486923218,0.016
65,0.07125429693786871,0.012398138043603726,3.072408925919306,1.7312043734959193,0.07168974117799239,0.012006624347784302,3.036991986361417,1.8038892204111272,0.01625
66,0.07182511084136509,0.012400603143587,3.0574421882629395,1.748490103653499,0.07289496131918648,0.012719880281524225,3.030177874998613,1.8105032552372327,0.0165
67,0.07231705937357176,0.012617533361273152,3.0651452371052335,1.734213372071584,0.07338112863627347,0.012626375918361273,3.038661935112693,1.813022873618386,0.01675
68,0.07250841556205637,0.012177134132278817,3.0662859621502103,1.745201241402399,0.07350959425622766,0.012203542684966867,3.037278825586492,1.8196036707271228,0.017
69,0.07208777706892718,0.012171094616254171,3.0450906469708396,1.708161004952022,0.07384214008396323,0.013047466393221508,3.009264013983987,1.7798282341523604,0.017249999999999998
70,0.07321532602821078,0.012655234873472225,3.030847731090727,1.7286636999675207,0.07492897591807625,0.014088957570493221,3.0086647163737905,1.757335446097634,0.017499999999999998
71,0.07315938698039168,0.01235630607143754,3.035179473104931,1.7155654316856748,0.0741767951033332,0.012354469858109951,3.018327387896451,1.7824817137284712,0.01775
72,0.07315195032528468,0.012307435584565004,3.0323428767068044,1.6956160096895128,0.07448041100393642,0.012421170842241158,2.997924739664251,1.7822219025004993,0.018
73,0.07368787174068746,0.012457690955627532,3.024380014056251,1.6978839181718373,0.07529098811474713,0.01324036776680838,2.9967534108595415,1.757977388121865,0.01825
74,0.07378798013641721,0.012460867807801281,3.0244860024679276,1.6801217936334156,0.07513801143928008,0.012728513387793844,3.00474028153853,1.7493024630980059,0.0185
75,0.07390063371331919,0.012243124501158794,3.0277086212521507,1.6736225230353219,0.07607535814697092,0.012973155826330185,3.0014616792852227,1.7646712281487205,0.018750000000000003
76,0.07438299059867859,0.012437476532622463,3.0227248044241044,1.6693825863656544,0.07585840807719664,0.012175991580906239,2.9962411143563012,1.774737228046764,0.019000000000000003
77,0.07509403498399825,0.012849927214639527,3.016992750621977,1.6661912032536097,0.07627175612883134,0.012651345946572044,3.006009817123413,1.7433928359638562,0.019250000000000003
78,0.07527121156454086,0.01251482433595118,3.0220588729495095,1.6685024897257488,0.07629217952489853,0.012548445723950863,3.005997354334051,1.7273722345178777,0.019500000000000003
79,0.07524534678530126,0.012396177587409815,3.0146497771853493,1.655831399418059,0.07646927643905986,0.012791694480587135,2.994604457508434,1.7079258615320378,0.019750000000000004
80,0.07584192213558015,0.012557834009861662,3.0151176906767345,1.656645689691816,0.07752257246862758,0.012686479159376839,2.990146615288474,1.7467314980246804,0.020000000000000004
81,0.07631802115411986,0.0127172579079689,3.014266320637294,1.6522518822125025,0.07750509611584923,0.012639666145498102,3.0033754868940874,1.7200826514850964,0.020250000000000004
82,0.07658277842260543,0.012697657171104635,3.016573985417684,1.644847844328199,0.0782876495610584,0.013144437308338556,3.0043737454847856,1.7121695605191318,0.0205
83,0.07633453980088234,0.012456497687491633,3.0061183032535372,1.629728274685996,0.07783062688329002,0.012878312390636314,2.9814160737124356,1.693405108018355,0.02075
84,0.07714915293313208,0.01232988154515624,3.0051069884073165,1.6556286726679121,0.0786016820506616,0.013534683141518723,2.987876523624767,1.6756302118301392,0.021
85,0.07736183702945709,0.012780142571067526,3.0146267187027704,1.6204907042639596,0.07895987209948627,0.013193806125359102,2.9957527897574683,1.6851077404889194,0.02125
86,0.07750289177610761,0.012736713691126732,3.003579406511216,1.6153666859581357,0.08087984201582996,0.01399542120369998,2.9885510964827104,1.7208795113997026,0.021500000000000002
87,0.07843247765586489,0.013340507101799761,3.0012997899736678,1.6128263984407698,0.07976099781014702,0.012886303730986336,2.986341021277688,1.7016683708537708,0.021750000000000002
88,0.07842177046196801,0.013164569446373554,2.996504619008019,1.6041888736543202,0.0796774991533973,0.01274963358247822,2.973331863229925,1.6906612461263484,0.022000000000000002
89,0.07822152865784508,0.012805474922060966,2.9888428165799095,1.5967472082092649,0.07962191579016772,0.012272185984660278,2.963264140215787,1.6951500177383423,0.022250000000000002
90,0.07876399194910413,0.012909555674663611,2.9795364368529547,1.6026254097620647,0.07962681624022397,0.012400607493790712,2.958451574498957,1.6729640635577114,0.022500000000000003
91,0.0789079007116102,0.01310490830136197,2.9806451059523082,1.5822655785651434,0.08053627474741502,0.01358648000115698,2.9636259512467817,1.640155391259627,0.022750000000000003
92,0.07956618762442044,0.01322328629681752,2.9806815556117465,1.5885254712331862,0.08060384744947607,0.012963161211122166,2.969115972518921,1.6499794829975476,0.023000000000000003
93,0.07985701270046688,0.013320800626561755,2.9876863218489147,1.5767462111654735,0.08176460455764424,0.012684232893992554,2.9727319587360728,1.6926043900576504,0.023250000000000003
94,0.08027399100718044,0.012955277226865292,2.98924690201169,1.5926062663396199,0.08199855820699171,0.012465556829490444,2.9822340445085005,1.689815423705361,0.0235
95,0.08097073116472789,0.013423877413428965,3.001045686858041,1.580479953970228,0.08208052814006805,0.013867038217457857,2.9799920212138784,1.61741350997578,0.02375
96,0.08070147534211476,0.013217926845841464,2.987105959937686,1.567187053816659,0.08166972683234648,0.013017966158010742,2.9608475945212622,1.6268035932020708,0.024
97,0.08130022954373133,0.01346965708459417,2.9760893412998746,1.5698836474191575,0.08350821652195671,0.014254393902691927,2.9715459130027075,1.6304479403929277,0.02425
98,0.0810022811804499,0.01338532083623466,2.9731490157899403,1.5463458058379946,0.08377593958919699,0.014148602685467764,2.9652409987016157,1.6316297487779097,0.0245
99,0.08194429409645852,0.013504335612413428,2.97918054603395,1.561541580018543,0.08324369449507106,0.012989346699958498,2.9791966568339956,1.6348436962474475,0.02475
100,0.08186343684792519,0.013526825123422202,2.9919365530922297,1.5366898604801722,0.0828556012023579,0.01279772005297921,2.975189685821533,1.6122393282977017,0.025
101,0.08204163273885137,0.013491345591665734,2.973553458849589,1.5372179065431868,0.08442771976644342,0.013263304717838764,2.955216104334051,1.6480100479992954,0.02525
102,0.08260293109785943,0.01370554958425817,2.955817847024827,1.5427139089221047,0.08473480492830276,0.01370240646329793,2.942501588301225,1.6316620653325862,0.025500000000000002
103,0.08259674303588413,0.013644039475669464,2.9575762010755993,1.5292016182626997,0.08507835187695244,0.013929964551194147,2.958262075077404,1.6142045259475708,0.025750000000000002
104,0.08326221984766778,0.013657350359218461,2.967881753331139,1.535617362885248,0.08515976775776256,0.013192489997229793,2.9513429511677134,1.632840329950506,0.026000000000000002
105,0.08354840764687174,0.014190999768851768,2.965608063198271,1.5124316357430958,0.08537134460427544,0.013986279933967373,2.9502077102661133,1.5955424959009343,0.026250000000000002
106,0.0837078828896795,0.013932704304655394,2.9667687132245018,1.5134902851922172,0.08488195050846446,0.013884606686505404,2.9481738914142954,1.5666266571391712,0.026500000000000003
107,0.08407453447580338,0.013822891572046848,2.9602522452672324,1.5195933041118441,0.0867381678386168,0.01473054230551828,2.948918732729825,1.5894743312488904,0.026750000000000003
108,0.08413892789256006,0.014353459545721611,2.948953072230021,1.492442099821,0.08606514199213548,0.013162933628667484,2.9353009353984487,1.612933256409385,0.027000000000000003
109,0.08453982908810888,0.014248764519357965,2.937301726568313,1.5015797586668105,0.08584759926254099,0.0139735233546658,2.911921977996826,1.5689856572584673,0.027250000000000003
110,0.08497488356771923,0.014075974024654854,2.9365422271546864,1.5103086630503337,0.08695593205365268,0.014478666538541967,2.940340042114258,1.566322391683405,0.027500000000000004
111,0.08501375821374711,0.014271843468859083,2.9459117764518377,1.4876683694975716,0.08707571232860739,0.013520081781528213,2.9315292185003106,1.5942464525049382,0.027750000000000004
112,0.08532017682279859,0.014211761942576794,2.939886655126299,1.4896267311913627,0.08774428475986827,0.013854459605433724,2.9211502291939477,1.5956543358889492,0.028000000000000004
113,0.08575492387726194,0.014236985084911188,2.939025044441223,1.491245638756525,0.08884367143565958,0.015329408205368301,2.9299807982011274,1.5651134794408625,0.028249999999999997
114,0.08636642957017535,0.014760666105541446,2.9377415974934897,1.481696415515173,0.0876773778687824,0.013788081959567287,2.929256634278731,1.5647975423119285,0.028499999999999998
115,0.08597727119922638,0.014415455760345572,2.9270189773468744,1.4710130436079842,0.0879290286790241,0.014287051152099262,2.9005499969829214,1.5525731281800703,0.028749999999999998
116,0.08655595708461035,0.014962225531538328,2.909166841279893,1.4655884277252924,0.08903872695836154,0.013518487357280472,2.917123231020841,1.5982417193326084,0.028999999999999998
117,0.08709477331666719,0.014219146887106555,2.950911431085496,1.4826158313524156,0.09086530452424829,0.014746303754774008,2.9372788559306753,1.5981611663644963,0.029249999999999998
118,0.08745909021014259,0.014398544583292235,2.9397066150392805,1.480117956797282,0.09050554172559218,0.01609910601242022,2.9392350153489546,1.5259012417359785,0.0295
119,0.08758352608198211,0.014736965076909178,2.9381962219874063,1.4609949106261844,0.09014364196495576,0.01536786954172633,2.91768123886802,1.532738122073087,0.02975
120,0.0879116602951572,0.014326840395196563,2.92551813239143,1.4776546500978016,0.08998097208413211,0.015033088624477386,2.9168637015602807,1.5259749672629617,0.03
121,0.08778544586329233,0.014903939484308163,2.9157480285281228,1.4454223811626434,0.09022572297941554,0.014057670889252966,2.899979916485873,1.5592810782519253,0.03025
122,0.08788868359157018,0.014522541780024767,2.9012579179945446,1.4542151803062076,0.09108196605335582,0.014231210066513582,2.897561398419467,1.5696767351844094,0.0305
123,0.08865734420361973,0.014804608166395198,2.908418212618147,1.4558879193805514,0.09143087809736078,0.015502811748195778,2.8998143022710625,1.5261763659390537,0.03075
124,0.08891850763133594,0.015044877882159892,2.910130648385911,1.4442685487724485,0.09199113195592706,0.015902023000473327,2.897284074263139,1.5198796662417324,0.031
125,0.08915574990567707,0.014850405133551075,2.9090299152192616,1.4468814645494734,0.09192382070151242,0.014593865722417831,2.910055550661954,1.5433408238671043,0.03125
126,0.08909162151671592,0.014886224620221626,2.8966318368911743,1.4361612569718134,0.09231986579569904,0.014940556562082334,2.8974904147061435,1.5366477424448186,0.0315
127,0.09022051415273122,0.015200937100286995,2.919410330908639,1.4433219617321378,0.09274802289225838,0.01480678722939708,2.9233293533325195,1.5341084653680974,0.03175
128,0.09007577562615984,0.015070971988496325,2.9303513311204457,1.4281652768452961,0.09260302240198309,0.015667926012115044,2.9025754711844702,1.4971668720245361,0.032
129,0.0902578713638442,0.015044344544765494,2.8947866757710776,1.4345942366690863,0.09404910965399309,0.01638217024843801,2.896906679326838,1.5100116404620083,0.03225
130,0.09044289677625611,0.015217939303034828,2.888097490583147,1.4259687491825648,0.0926627056165175,0.015351378020237793,2.8766426823355933,1.493689309466969,0.0325
131,0.09081930046280225,0.015355723621767191,2.8859587907791138,1.4230226108006068,0.09435373070565137,0.015949475748295135,2.8932341662320225,1.5105927857485684,0.03275
132,0.09110121535403388,0.015102419580909469,2.906937911396935,1.422103552591233,0.09425606443123384,0.016143161718818275,2.901660767468539,1.4877665476365523,0.033
133,0.09135318210437185,0.015305749650689818,2.9009001652399697,1.4146896458807445,0.09466402571309697,0.01637124236334454,2.893994027918035,1.484295985915444,0.03325
134,0.09153599327518827,0.015314377733461913,2.882448605128697,1.4148396608375369,0.09557155113328587,0.017490177669308403,2.881887587634,1.4705223061821677,0.0335
135,0.09179915984471639,0.015400196603011517,2.877407017208281,1.4111079091117495,0.09521074593067169,0.016540169292552906,2.884603977203369,1.4762825207276777,0.03375
136,0.09223620043624015,0.015836078097068128,2.891913056373596,1.3964996990703402,0.09575683013959364,0.015966610559685665,2.880618919025768,1.4995302828875454,0.034
137,0.09214948241909345,0.015611385793558188,2.8769314345859347,1.394709050655365,0.09529032558202744,0.015902567993510853,2.8580175313082608,1.4834331815893,0.03425
138,0.09284748048299835,0.01573134297948508,2.8741295678274974,1.4021693780308677,0.09542422199791128,0.01580129157413136,2.8714434667067095,1.475608684799888,0.034499999999999996
139,0.09302968567325956,0.015861112779627245,2.8637791701725552,1.3965692548524766,0.09645829823884097,0.015196849930692802,2.851792725649747,1.5177992148832842,0.034749999999999996
140,0.09319992913376718,0.015707420207382666,2.8678911299932572,1.394674220255443,0.09548663077029315,0.015950323929163544,2.857365759936246,1.456075755032626,0.034999999999999996
141,0.09316999536185037,0.016159100502374627,2.8503150712876093,1.3761062082790194,0.09660681337118149,0.01586624150249091,2.857227477160367,1.4799516959623857,0.03525
142,0.09391816563549496,0.01588783548435285,2.8678817124593827,1.3901834260849726,0.09783080558885228,0.01647475522688844,2.876553080298684,1.4814230853861028,0.0355
143,0.09359162726572581,0.015799850181099914,2.8698415075029646,1.3732408370290483,0.09790085256099701,0.016285158778456123,2.8394867940382524,1.4886944077231667,0.03575
144,0.09480360079379309,0.0163520687215385,2.846862236658732,1.388414250952857,0.09761560979214581,0.016817563044076615,2.8614855029366235,1.4495331265709617,0.036
145,0.09480187492001624,0.01660315940777461,2.8680155901681808,1.3660292824109395,0.09769957580349663,0.015350908887657251,2.854682510549372,1.484188816764138,0.03625
146,0.0947226280612605,0.01617423387333041,2.8580966620218184,1.3689706467446827,0.09773343666033311,0.015610807490619745,2.8462335629896685,1.4701450629667803,0.0365
147,0.09503719725069545,0.016387437093293385,2.840686315581912,1.367153675783248,0.09766842086206783,0.015979492613537746,2.841812502254139,1.449545676057989,0.03675
148,0.09535474489842143,0.016269191877827757,2.845613729386103,1.3683625771885826,0.09844484518874776,0.016292931511998177,2.8434173193844883,1.4518308314410122,0.037
149,0.09558556530447233,0.016435520413021248,2.8366151934578303,1.3633259932200115,0.09904483908956702,0.01704266176305034,2.8235630338842217,1.443397196856412,0.03725
150,0.09589117002629098,0.016842618362889403,2.836126299131484,1.3516610236394972,0.09854527969251979,0.015675281597809357,2.846641258759932,1.450762239369479,0.037500000000000006
151,0.09602127685433343,0.016390350225958087,2.8428045568012057,1.3563677966594696,0.09939133714545857,0.01623397176577286,2.839702844619751,1.450605034828186,0.037750000000000006
152,0.09631741259779249,0.01642633027707537,2.845499725568862,1.3535812397797902,0.09971370683474974,0.01737424172461033,2.8418498906222256,1.4189728064970537,0.038000000000000006
153,0.09647789295940172,0.016302649840889943,2.8334768215815225,1.355306585629781,0.10031905567104166,0.017156528478318996,2.8328608599576084,1.433566613630815,0.038250000000000006
154,0.09708390278475625,0.016737849762042362,2.8374249310720536,1.349917008763268,0.1004408523440361,0.017183455807918854,2.843834465200251,1.4238714955069802,0.038500000000000006
155,0.09671332279131525,0.01666247463297276,2.831762955302284,1.3350507829870497,0.10059950974854556,0.01668983774090355,2.8320601853457363,1.4345566467805342,0.03875000000000001
156,0.09720050720941453,0.016409393688220354,2.820115089416504,1.3484605706873394,0.10065639628605409,0.017357812093740158,2.815720471468839,1.413881540298462,0.03900000000000001
157,0.09778403827831858,0.01699161824459831,2.820026329585484,1.3399275413581304,0.10188663886352019,0.01708574229004708,2.8400015180761162,1.4369651079177856,0.03925000000000001
158,0.09782498312138375,0.01674209801214082,2.8315703585034324,1.3358779790855588,0.10089149055155841,0.016383447176353497,2.8188317038796167,1.4258157881823452,0.03950000000000001
159,0.09808409852640969,0.016619491546104353,2.827974245661781,1.337984072310584,0.10185964473269203,0.016961755146357147,2.8325102545998315,1.4232147932052612,0.03975000000000001
160,0.09853824813451086,0.016847351166818823,2.822426983288356,1.3366657211667015,0.1018679670312188,0.016916121864183384,2.8251064040444116,1.417519580234181,0.04000000000000001
161,0.09852937289646693,0.01718476161892925,2.805811041877383,1.3238882550171442,0.1031887179071253,0.017717478627508335,2.7953717708587646,1.4290067824450405,0.04025000000000001
162,0.09892924520231429,0.017042751601409344,2.7991020055044267,1.3307524408612932,0.10261397944255309,0.018002068200571972,2.813253164291382,1.3945525884628296,0.04050000000000001
163,0.09891507419801894,0.017367812671831677,2.801718274752299,1.3136215578942072,0.10312706435268576,0.015596069226210768,2.8042306900024414,1.4598451202565974,0.04075
164,0.09929043356151808,0.01670418375925649,2.7804653701328097,1.336136478753317,0.10339066047560085,0.01879233502867547,2.787946722724221,1.3833867203105579,0.041
165,0.09989629064997037,0.017410650405855405,2.8002725896381198,1.3207978748139881,0.1039958663962104,0.016490768725899132,2.8239205100319604,1.4367488405921243,0.04125
166,0.1003765697990145,0.016958913100617274,2.8184471300670078,1.3309201967148554,0.10335531627590006,0.01700061017816717,2.7960763411088423,1.407083045352589,0.0415
167,0.10051128055368151,0.01748288961659585,2.80391526222229,1.3171075312864213,0.10414254055781798,0.017799733629958195,2.8036870522932573,1.3965494307604702,0.04175
168,0.10092818346761522,0.017655337251545417,2.800532335326785,1.3158934229896182,0.10413555597717111,0.01683480521156029,2.8156687996604224,1.4081920276988635,0.042
169,0.10091275970141093,0.01702118232580168,2.83132989633651,1.3154622146061488,0.10494336621327834,0.01778888719325716,2.8367430730299517,1.3914094296368686,0.04225
170,0.10076470761781647,0.01705548076313876,2.813433607419332,1.3076444949422563,0.10540190880948846,0.017887929115783085,2.772860050201416,1.4067148078571667,0.0425
171,0.10145163057105881,0.017737369873516616,2.7688879796436856,1.3105351953279405,0.10580438036810268,0.01761391885917295,2.7788037170063364,1.412922198122198,0.04275
172,0.10196443789062046,0.018017456578534274,2.80209824017116,1.3006045931861514,0.10549673302607103,0.017896323041482406,2.826619343324141,1.3798654838041826,0.043000000000000003
173,0.10169210728435289,0.017829381860792637,2.794263482093811,1.292950146255039,0.10521304336461154,0.016539886678484352,2.7825446779077705,1.4068835323507136,0.043250000000000004
174,0.10137400031089783,0.017229840536380096,2.773660353251866,1.296725495940163,0.10745784843509848,0.019044348123398693,2.7739309614354912,1.394809061830694,0.043500000000000004
175,0.10241560726648286,0.018149995954618567,2.7681433246249245,1.2933526620978402,0.10613109442320737,0.01747507695108652,2.7793463576923716,1.3911441239443691,0.043750000000000004
176,0.10278290935925075,0.01766970476490401,2.7863975706554593,1.3011188677379064,0.10746894167228178,0.0180610790848732,2.8113777854225854,1.3930473977869207,0.044000000000000004
177,0.1026424245820159,0.01829229552476179,2.7840329806009927,1.2770576221602303,0.10713814131238243,0.01706873820247975,2.76344125921076,1.4109602191231467,0.044250000000000005
178,0.10327836977584022,0.01839120595139407,2.7520686160950434,1.2891343037287395,0.10856541584838521,0.019331833432343872,2.7904726591977207,1.3781765374270352,0.044500000000000005
179,0.10338665225676127,0.01806373770038287,2.7962143307640437,1.2818049022129603,0.10825501450083473,0.01930650408295068,2.775187362324108,1.3675225539640947,0.044750000000000005
180,0.10313544936832927,0.01769303594760242,2.7648547263372514,1.2843080830006373,0.10876962407068773,0.018610254268754612,2.7612840695814653,1.3899228356101296,0.045000000000000005
181,0.1040064115964231,0.017784398049116135,2.755569787252517,1.2964932237352644,0.10875573618845506,0.01907573598013683,2.7960119247436523,1.3639753189953892,0.045250000000000005
182,0.10459224258859952,0.018298918713948557,2.7920923914228166,1.2829099354289828,0.10900991477749565,0.01880869963629679,2.7870669148185034,1.3699021556160667,0.045500000000000006
183,0.10453064491351445,0.018348990030409323,2.7676163344156173,1.2788085809775762,0.10959411006082188,0.019424640827558258,2.773243795741688,1.364743872122331,0.045750000000000006
184,0.10496055813772338,0.018203090211110457,2.771481462887355,1.2835359644322168,0.1094305921684612,0.018820975822481243,2.7849434289065274,1.3643517927689985,0.046000000000000006
185,0.10501708853102866,0.018482215369918516,2.7702090059007918,1.272060181413378,0.1083841784433885,0.01739948403767564,2.771558089689775,1.367980805310336,0.046250000000000006
186,0.10532570399698757,0.017778255222808747,2.778179157347906,1.285282918385097,0.10917518897490068,0.019008115441961723,2.7923862500624224,1.3385636589743874,0.04650000000000001
187,0.10498276743150893,0.01881665377212422,2.7475257317225137,1.255419366416477,0.10916226221756502,0.018661849878051064,2.7480018572373823,1.3480297814715991,0.04675000000000001
188,0.10605944249601591,0.018506636710039208,2.7683766796475364,1.2738094003427596,0.10954151167110963,0.018340210091661324,2.7867375070398506,1.3475304300134832,0.047
189,0.10592778239931379,0.01785083283625898,2.76278711500622,1.2793456174078441,0.11031699790195985,0.01974574053152041,2.757853226228194,1.3331794251095166,0.04725
190,0.10604672293577876,0.01841250540954726,2.747620105743408,1.2664845741930462,0.11088291623375633,0.01744053428145972,2.7601684873754326,1.3861199617385864,0.0475
191,0.10680285788008145,0.018693595925079926,2.776257662546067,1.2638049452077775,0.1110339571129192,0.018504149788482624,2.799530354413119,1.3515079454942183,0.04775
192,0.10698813501568068,0.01893220932799436,2.762702748889015,1.2589353720347087,0.11191218007694591,0.01899568922817707,2.755624142560092,1.3616718378933994,0.048
193,0.10753097331949643,0.019372946737955015,2.763091655004592,1.254447871730441,0.111689493060112,0.018334683030843735,2.7867228117856113,1.3572555780410767,0.04825
194,0.1075862314374674,0.018748961921249117,2.7777045908428373,1.2589736580848694,0.11254819550297478,0.01967468129640276,2.770619349046187,1.3436560522426257,0.0485
195,0.10821434624847912,0.018808071279809588,2.771796010789417,1.2654013889176505,0.11408721858804877,0.01901128337803212,2.7744850678877397,1.3811505165967075,0.04875
196,0.10797472546497981,0.01917432780776705,2.767657404854184,1.2474250154835838,0.11261710118163716,0.018342475999485363,2.769104415720159,1.3588486259633845,0.049
197,0.10867509334569886,0.019478415892947288,2.746935799008324,1.2533466219902039,0.11382854865355925,0.01947682765735821,2.756500634280118,1.3560754602605647,0.04925
198,0.10821634282668431,0.019320828574044362,2.7428389560608637,1.2417601077329545,0.1128746670755473,0.019515888596122914,2.7518829215656626,1.3300999999046326,0.0495
199,0.10888727914009776,0.019224837400196565,2.732785179501488,1.2529565876438504,0.11325651068579067,0.019892087460241535,2.742972569032149,1.3253205689516934,0.04975
200,0.10951695928261393,0.019217686350679115,2.751316098939805,1.25572222613153,0.11458186466585506,0.01989001137289134,2.7692077376625757,1.3399955034255981,0.05
201,0.10864462064845222,0.019384347190636964,2.7610848460878645,1.2329885122321902,0.11325596679340709,0.01886682491749525,2.742876247926192,1.3392075191844592,0.05
202,0.10937876413975443,0.019563808305455104,2.732630741028559,1.2497729588122595,0.11340057917616585,0.020260923288085243,2.752881808714433,1.3122167153791948,0.05
203,0.10921893197865713,0.019389217187251364,2.771159143674941,1.2423624708538963,0.11403153227134184,0.018243614584207535,2.779581395062533,1.359842067415064,0.05
204,0.108990865981295,0.01914220057161791,2.741802317755563,1.2486128466469901,0.11376381259072911,0.020508770576932213,2.755665280602195,1.3139677806334062,0.05
205,0.10854505765296164,0.01938029145821929,2.7479703369594755,1.2337012333529336,0.11353382468223572,0.01996889371763576,2.748524622483687,1.3215936855836348,0.05
206,0.10917150903315771,0.019569002091884613,2.7505691732679094,1.2419362791946955,0.1138210655613379,0.019200961528853935,2.7457890077070757,1.3432442545890808,0.05
207,0.10862607686292558,0.019505484894450222,2.742978362810044,1.2338161567846935,0.11385846747593446,0.019377520138567143,2.750908201391047,1.3394373330202969,0.05
208,0.10849336339604287,0.019346752824882667,2.739016129857018,1.2351289788881938,0.11376136270436374,0.020293647592717953,2.7294725721532647,1.3234597661278464,0.05
209,0.10900356851163365,0.019955734833188,2.7195471014295305,1.237047260715848,0.11397494104775516,0.01939866708760912,2.7372987270355225,1.344065698710355,0.05
210,0.10852968355729467,0.019370190954456728,2.7322565771284557,1.2367385200091772,0.1126539334654808,0.01935385607860305,2.726278630169955,1.320745820348913,0.05
211,0.10894657476317315,0.019475844311749653,2.7298785221009028,1.2434389066128504,0.11330055513165214,0.019166415980593723,2.778316541151567,1.3270194747231223,0.05
212,0.10853985732509977,0.01959752930062158,2.757114535286313,1.2274236338479179,0.1135781779885292,0.01903552697463469,2.755486098202792,1.3397557735443115,0.05
213,0.10892054154759362,0.019231262217674936,2.74415960198357,1.2449536550612676,0.1137941994450309,0.019778460772200065,2.7554980624805796,1.3292152014645664,0.05
214,0.10849646106362343,0.019044636992648953,2.7367862860361734,1.2416792213916779,0.11363980174064636,0.02022162807936018,2.7398602312261406,1.3203913840380581,0.05
215,0.10869940884766124,0.01958560406984318,2.7190586498805454,1.2384643668220157,0.11342905394055626,0.018699939108707687,2.738044110211459,1.3469734191894531,0.05
216,0.10903186634892509,0.01959154832487305,2.735190431276957,1.2417682693118142,0.11330860717730089,0.020584354177117348,2.7714392271908848,1.3001972220160745,0.05
217,0.10897139264714151,0.01954490270110823,2.7848393633252098,1.231561928987503,0.11345916986465454,0.020619459788907658,2.765899116342718,1.3036143996498801,0.05
218,0.10880980995439347,0.0194841061851808,2.7555330026717413,1.2354074716567993,0.11450956355441701,0.01979539120061831,2.766849496147849,1.3409135775132612,0.05
219,0.10857542746123813,0.019121025023715838,2.732316845939273,1.2426246645904722,0.11364763839678331,0.021004700017246334,2.7440065253864634,1.3040574463930996,0.05
220,0.10866418374436242,0.019926100969314575,2.741344968477885,1.2264926504521143,0.11341102895411578,0.019605684009465305,2.7489788749001245,1.326311100612987,0.05
221,0.10822990554429236,0.019446228342574267,2.7219912154333934,1.2312752987657274,0.11382830820300362,0.01918060112405907,2.7202416116541084,1.348905785517259,0.05
222,0.10809410434393656,0.0194785476307429,2.708243279230027,1.2306624693529946,0.11275960775938901,0.020435791547325523,2.713346307927912,1.3038070526990024,0.05
223,0.10769400319882802,0.019821452043418373,2.6925789344878424,1.2189352413018544,0.1125895469026132,0.020502042363990437,2.697079810229215,1.3023341243917292,0.05
224,0.10790061826507251,0.01975581453492244,2.7071161497206915,1.221472856544313,0.11301508952270854,0.01939696886322715,2.737056342038241,1.3249511393633755,0.05
225,0.10838424059606734,0.019606809952251968,2.7359458151317777,1.2283594494774228,0.11405636437914589,0.01945605171336369,2.7215642495588823,1.3476933999495073,0.05
226,0.10874900629832632,0.019987295226504404,2.7299588521321616,1.229242449715024,0.11202277039939706,0.018438382412899624,2.741164792667736,1.3234548026865178,0.05
227,0.10810809493774459,0.020011065217355888,2.721695065498352,1.2176015887941634,0.11339364674958316,0.02011824958026409,2.730239499698986,1.3194600560448386,0.05
228,0.1078943938371681,0.019897371840973694,2.722822109858195,1.2153760166395278,0.11212293668226762,0.01887655317444693,2.7341766357421875,1.3180923407728022,0.05
229,0.10841377522973787,0.019657809198612257,2.7169504222415743,1.2317292023272741,0.11289346285841682,0.019744510169733654,2.71830998767506,1.3193170536648144,0.05
230,0.10805125907063484,0.01956530882134324,2.695477360770816,1.2306235205559504,0.11378941684961319,0.0218688811768185,2.718026486310092,1.294805412942713,0.05
231,0.10792071212615285,0.020082784461833182,2.713765723364694,1.2140054064137595,0.11330938745628703,0.021124199879440395,2.724873499436812,1.2987290078943425,0.05
232,0.10815922241835367,0.019917908612461316,2.7428265469414845,1.2162609653813499,0.11357312717221,0.02000533112070777,2.748016119003296,1.3217526836828752,0.05
233,0.1086678398506982,0.020345023700169156,2.7299269437789917,1.2204709123997461,0.11248880150643262,0.018865733322772114,2.730519012971358,1.3263575705614956,0.05
234,0.10771765790524937,0.019670420814128148,2.7146985019956316,1.2180050157365345,0.11250278692353856,0.0196201391518116,2.7239438837224785,1.3128641193563289,0.05
235,0.1079682299778575,0.019372742445695968,2.717419522149222,1.2284258405367534,0.1134557155045596,0.019850167276507073,2.7304288257252085,1.32602520422502,0.05
236,0.1080747704420771,0.019550215186817304,2.7132175990513394,1.2278475846563066,0.11309871213002638,0.020801791074601086,2.7442132993177935,1.297095770185644,0.05
237,0.10769186683353923,0.01994731082093148,2.717396679378691,1.2114117798351107,0.1128345172513615,0.021356164223768494,2.7197217507795854,1.2856227159500122,0.05
238,0.10744486181508928,0.01988135420140766,2.70232823916844,1.2108044780436016,0.11245769262313843,0.01928838596425273,2.704691930250688,1.3224477497014133,0.05
239,0.10773971215600059,0.020155716288302625,2.6811683291480657,1.2154462365877061,0.11279496144164693,0.01913395676423203,2.688935735008933,1.3354329412633723,0.05
240,0.10787005279035795,0.020020980144008285,2.6904517128354026,1.2188911154156639,0.11220419813286174,0.019572550515559586,2.703546177257191,1.3119236826896667,0.05
241,0.10778143558473814,0.020064070044706266,2.6954299097969416,1.2152613245305561,0.1127499904144894,0.02015440199862827,2.7173900604248047,1.3084337386217983,0.05
242,0.10754736672554698,0.01957422530367261,2.7004716850462414,1.2193684875965118,0.11284854737195102,0.02073794383216988,2.7222225015813653,1.2977675958113237,0.05
243,0.10790017389115833,0.020353134721517563,2.719347283953712,1.2070713071596055,0.11285046081651341,0.01939914646473798,2.7137304652820933,1.3262801928953691,0.05
244,0.10756386816501617,0.019565609461140065,2.699914256731669,1.2199823317073641,0.11432125080715526,0.021110401573506268,2.7172545086253774,1.3207660805095325,0.05
245,0.10810243675396555,0.020043660997457448,2.6942901895159768,1.222317479905628,0.11236378821459683,0.018319153142246334,2.7036677707325327,1.3401591452685269,0.05
246,0.10744569361919448,0.019956502376035565,2.6918245951334634,1.2114188983326866,0.11244898628104817,0.019679127430373974,2.7073860601945356,1.3139199939641086,0.05
247,0.10756827234512284,0.020117104940471194,2.6953090713137673,1.2099615193548656,0.11240117793733423,0.018807321786880493,2.7306528741663154,1.3257465091618625,0.05
248,0.10758351445907638,0.0201162670605949,2.7034603981744674,1.2086528738339741,0.11220272291790355,0.019470744427632202,2.6828142296184194,1.3180767622860996,0.05
249,0.10818052682138625,0.020204504929660333,2.695263970465887,1.220467631305967,0.112142375247045,0.018553595481948418,2.7256341847506436,1.3266487338326194,0.05
250,0.10747750458263215,0.020118637054803826,2.71073583761851,1.2050301773207528,0.11330948024988174,0.019819973967969418,2.710877440192483,1.327614578333768,0.05
251,0.10769755783535186,0.019668081198774633,2.6971041077659246,1.2211686982994987,0.11251594058491966,0.021632859906689686,2.687464865771207,1.2801686796275051,0.05
252,0.10749969329862367,0.020141756915975185,2.678594770885649,1.2114397585391998,0.11265049468387257,0.02088127082044428,2.6852869337255303,1.2983270721002058,0.05
253,0.10728928783819788,0.02000070327804202,2.681305135999407,1.2095106570493608,0.11146898432211443,0.01864901947026903,2.7046926021575928,1.3154607577757402,0.05
254,0.10740921770532925,0.019622573495975563,2.694248295965649,1.2168832137471153,0.11167701536958868,0.01921505768868056,2.6972845034165815,1.3097822232679888,0.05
255,0.10741010911407925,0.02040017866307781,2.6707402808325633,1.2060505620070867,0.11275338720191609,0.020183628425002098,2.6817150982943447,1.315052162517201,0.05
256,0.10726861460577874,0.019977381563789788,2.6608689455758956,1.213650875148319,0.11279847947033969,0.02014338682320985,2.6799328977411445,1.3171152851798318,0.05
257,0.10725974983402661,0.019904000285480703,2.696173446519034,1.207880288362503,0.11236696419390765,0.02048182978548787,2.6956155083396216,1.2985795627940784,0.05
258,0.10737870473946844,0.019849376442531746,2.6710961148852395,1.2163673341274261,0.11235899342731996,0.02070360579951243,2.680220430547541,1.2970636757937344,0.05
259,0.10728398408918154,0.020003284482906263,2.66961593854995,1.2116908118838357,0.1122827333482829,0.020166784440251915,2.7078188982876865,1.300755191933025,0.05
260,0.10709016841082346,0.019855565613224394,2.6886974232537404,1.206952567611422,0.1125356832688505,0.020949592475186695,2.687750469554554,1.2941716692664407,0.05
261,0.10755079186388425,0.020308320787513538,2.677770722480047,1.2092952657313574,0.11214161664247513,0.021025741980834442,2.6890165372328325,1.2845141345804387,0.05
262,0.10740212031773158,0.01993822395091965,2.6671245836076283,1.2158530084859758,0.11213922636075453,0.020826950499957256,2.6782796599648218,1.2905895655805415,0.05
263,0.10699960589408875,0.020406719341519334,2.6540478354408625,1.2010481655597687,0.11179817874323238,0.01886953591284427,2.660746704448353,1.3264235258102417,0.05
264,0.10702458680385635,0.019744914756821736,2.6459131694975353,1.2164107873326255,0.11181092059070413,0.020272403278134087,2.660260568965565,1.298718203197826,0.05
265,0.10737474865856625,0.02039875877311542,2.6654536837623235,1.2064290444056194,0.11257322335785086,0.020208000290122898,2.693442713130604,1.3086159337650647,0.05
266,0.10710534772702626,0.020226697770080397,2.6798168364025297,1.2016096299602872,0.11184289915995164,0.020202879709276287,2.673873923041604,1.2980255918069319,0.05
267,0.10702340091977801,0.019785893194022634,2.656876178014846,1.2133748928705852,0.1113035651770505,0.019472812302410603,2.69206562909213,1.2982019131833857,0.05
268,0.10707855810012136,0.02003414665038387,2.6667653038388206,1.2075351774692535,0.1132061393423514,0.02038963164456866,2.67308952591636,1.3217122554779053,0.05
269,0.1076481727262338,0.020115249568507784,2.6715630747023082,1.216345849491301,0.11269323392347856,0.021096048368649048,2.687790415503762,1.294385633685372,0.05
270,0.10727544554642268,0.019732137920246237,2.683308033716111,1.2142045455319541,0.11128131300210953,0.02100960249927911,2.7016886581074107,1.2650964693589644,0.05
271,0.10700257690179915,0.02017087387364535,2.672229358128139,1.2021881810256414,0.1119855127551339,0.020089452239600094,2.6617554317821157,1.3055700930682095,0.05
272,0.1071435452571937,0.019947765372870935,2.67166268825531,1.2095830554053897,0.11302370984445918,0.021320752122185448,2.68293437090787,1.297472271052274,0.05
273,0.10702692380263693,0.019714502041183767,2.6777419249216714,1.2107000379335313,0.11227833276445215,0.02061571138487621,2.6760822642933237,1.2980359521779148,0.05
274,0.10726753781948771,0.020283468245040803,2.681051265625727,1.2034711142381032,0.11176869340918281,0.019344571469859642,2.6831226348876953,1.3118578845804387,0.05
275,0.10743825439186323,0.02036796791833781,2.674440781275431,1.20651756581806,0.11214508319442923,0.020481956614689392,2.698976993560791,1.293467185714028,0.05
276,0.10775852895208768,0.020035270934126208,2.6906548341115317,1.216334179753349,0.1116211170499975,0.020310222594575447,2.6920167316089976,1.2878145412965254,0.05
277,0.10711419529148511,0.019907777485925527,2.6819155783880326,1.207745229914075,0.11069843511689793,0.020454856143756348,2.671675595370206,1.2705364498225125,0.05
278,0.10720099420064971,0.020300993008450383,2.6662427357264926,1.2047514617443085,0.11201542548157951,0.02099493518471718,2.675857999108054,1.2852382226423784,0.05
279,0.10692106258301508,0.020280042862785713,2.657182528859093,1.2013838773682004,0.11259114945476706,0.020858655175702137,2.6876648556102407,1.297116913578727,0.05
280,0.10707032857906251,0.020542451380086795,2.6598578861781528,1.1985859587079002,0.11217810687693683,0.020612224597822536,2.675986788489602,1.296120291406458,0.05
281,0.10729205413233667,0.019820712440248047,2.6593965802873885,1.2175475046748208,0.11192800578745929,0.020688067698343235,2.676222497766668,1.2895542816682295,0.05
282,0.10682055212202526,0.01996116790299614,2.6793178036099388,1.201324122292655,0.11228868771683086,0.02118687043813142,2.6815607764504175,1.28572416305542,0.05
283,0.10700422578624316,0.020490184803271576,2.6494993652616228,1.2003809199446724,0.11222198334607211,0.020525008186020634,2.661541526967829,1.3016311851414768,0.05
284,0.10762862258014225,0.02027357431749503,2.665671604020255,1.2139666293348585,0.11173971674659035,0.019768812947652557,2.6726170886646616,1.304894674908031,0.05
285,0.10688897151322592,0.020142242157210905,2.652579597064427,1.2044186734017872,0.11183099448680878,0.02122757312926379,2.660728346217762,1.279922756281766,0.05
286,0.10715471616103536,0.01972012146420422,2.6669002941676547,1.2153118210179465,0.11166597293181853,0.02020610428669236,2.698960867795077,1.289405194195834,0.05
287,0.1072159315503779,0.020111235412990765,2.6783666497185115,1.2064205805460613,0.11204975775697014,0.02027537902309136,2.678601958534934,1.2997671365737915,0.05
288,0.10696597024798393,0.01995089878549888,2.6581452630815052,1.2086723702294486,0.11180305887352336,0.019537102177061817,2.6740599762309682,1.310507140376351,0.05
289,0.10670385687124162,0.019925253000110388,2.642650081997826,1.2070420455364954,0.11142897470430894,0.021271499127826908,2.632224061272361,1.27670465816151,0.05
290,0.10729457987915902,0.020750074913459166,2.6293441227504184,1.2050212862945737,0.11123036390001123,0.0198783115060492,2.6718920794400303,1.2926626313816418,0.05
291,0.10655742156363669,0.019961729800949495,2.6493630409240723,1.2020412300314223,0.1116250299594619,0.019988699985498733,2.6585678404027764,1.301013003696095,0.05
292,0.10662359708831423,0.02006483723276428,2.6442663215455555,1.202321918237777,0.111837276680903,0.02010724845934998,2.6638900583440606,1.3018225702372463,0.05
293,0.10686529977690606,0.020567125818204312,2.6580798512413386,1.194347505058561,0.11118907616897063,0.020198059183630077,2.659516377882524,1.2879170287739148,0.05
294,0.10728733773742404,0.020421507036579505,2.6445758569808233,1.2084014259633564,0.11144691231575879,0.020501787181604992,2.656210574236783,1.2876603657549077,0.05
295,0.10676186514042672,0.019876064400055578,2.653615366844904,1.2069929185367765,0.11155355586247011,0.02117516625333916,2.675763823769309,1.2724149931560864,0.05
296,0.10664642637684232,0.019761225230814444,2.6537730239686512,1.2069494156610399,0.11219249327074397,0.021446156230839817,2.653697902506048,1.2841871760108254,0.05
297,0.10695744642899149,0.020113337674133834,2.658128880319141,1.2052563854626246,0.11190755800767378,0.019716523079709572,2.678416685624556,1.3081373409791426,0.05
298,0.10659768592034068,0.01970211263479931,2.6648051057543074,1.2049504461742582,0.11269042166796597,0.021125952967188576,2.6462628191167656,1.302036778493361,0.05
299,0.10692692157768068,0.0212123417517259,2.6183125972747803,1.1906290735517229,0.11136826398697766,0.020022549073804508,2.635114843195135,1.2998913309790872,0.05
300,0.10722321626685914,0.0201263167851028,2.647875677971613,1.2123628386429377,0.11139672791415994,0.019691826437007297,2.6597684079950508,1.3021443215283481,0.05
301,0.1063564002868675,0.02033074109238528,2.632026513417562,1.1941078631650834,0.11147753691131418,0.021323533898050136,2.6282813982530073,1.277423788200725,0.05
302,0.10680878836484183,0.02091684593774733,2.6102582897458757,1.1957871885526747,0.11315647783604535,0.021597874943505634,2.631025032563643,1.3049670728770169,0.05
303,0.10712558687442825,0.02144796381305371,2.633824586868286,1.1867875400043668,0.11201789907433769,0.01975867296145721,2.636511347510598,1.317882234399969,0.05
304,0.10658322948785055,0.021173442159557625,2.6239759638195945,1.1834005287715368,0.11177105388858101,0.019799187948757953,2.648579337380149,1.3097214048559016,0.05
305,0.10670196194024313,0.020594398735002392,2.6200012025379,1.198151016519183,0.11228347705169157,0.021261818368326534,2.6244130351326684,1.2955505577000705,0.05
306,0.10655385717040017,0.020718327501700037,2.6027973890304565,1.1961511032921928,0.11114143241535533,0.01920582066205415,2.6056205359372226,1.3175881450826472,0.05
307,0.10698901400679633,0.020711654375883796,2.6111768257050287,1.203311827920732,0.11173343522982164,0.021199570630084385,2.6535772410306064,1.2799618352543225,0.05
308,0.10660862142131441,0.020140414813622123,2.64176675251552,1.2010107664834886,0.11114099350842563,0.020121767608956856,2.6377135623585093,1.292841824618253,0.05
309,0.10670184947195507,0.020207672889920928,2.6482784918376376,1.2002278381869906,0.11107819256457416,0.02024072137745944,2.6699878085743296,1.2827518636530095,0.05
310,0.1067367632474218,0.020511273937743334,2.6542935995828536,1.1936510517483665,0.11149848591197621,0.020775994793935257,2.666929244995117,1.2810640118338845,0.05
311,0.10649842751168069,0.0202979842821757,2.6434743404388428,1.1953139745053791,0.11204648898406462,0.019490337422625584,2.651211456819014,1.3208807164972478,0.05
312,0.10628760712487358,0.02004071342803183,2.6331849211738225,1.1983008938176292,0.11195666681636464,0.02223472771319476,2.6414287957278164,1.2661530321294612,0.05
313,0.10651461851029169,0.02065637166656199,2.6192061446961903,1.1933237002009438,0.1119224422357299,0.020672260275618595,2.6431394056840376,1.2963757514953613,0.05
314,0.10618383508353006,0.020601497563932623,2.6249142317544845,1.1866639071986789,0.11213478310541673,0.01999560066244819,2.641395915638317,1.3145044500177556,0.05
315,0.10626662380638577,0.020048502256118116,2.634702438399905,1.1974219339234489,0.11108206551183354,0.021132571453397923,2.664117856459184,1.2661662860350176,0.05
316,0.10671562133800416,0.020393061895100845,2.649575012070792,1.196536198967979,0.110742371190678,0.021098941818557003,2.6770482496781782,1.2574589252471924,0.05
317,0.10662655603317987,0.020426769053474778,2.653373735291617,1.1933210038003468,0.11197120899503882,0.01983344681899656,2.6656465096907183,1.3096259398893877,0.05
318,0.10656516661956197,0.020025522891609443,2.646489591825576,1.201494954881214,0.1118541190570051,0.021335862238298763,2.642139499837702,1.281937219879844,0.05
319,0.1063939861598469,0.019966085596630972,2.636760575430734,1.20120589080311,0.11131917346607555,0.019184055060825565,2.646528200669722,1.3133967518806458,0.05
320,0.10667204200511887,0.019900591090498937,2.639519373575846,1.2075251440207164,0.11300203136422417,0.022187707607041706,2.66242317719893,1.2838018374009565,0.05
321,0.10624867251941136,0.020725660780001254,2.6337179853802635,1.1837166306518374,0.11102289164608176,0.020233339714733036,2.639350327578458,1.2879209518432617,0.05
322,0.10634488168926466,0.02066828804977593,2.6293612661815824,1.18765960420881,0.11141442642970519,0.020246164619245312,2.660648822784424,1.2912354469299316,0.05
323,0.10612346835079647,0.020161414097639777,2.6324211131958735,1.1927568458375477,0.11030897904526103,0.01995253766124899,2.6394381089644,1.2792411880059675,0.05
324,0.10660490872604507,0.02064682146356929,2.628915854862758,1.193378550665719,0.11144779012961821,0.019683771682056515,2.649612686850808,1.3053578029979358,0.05
325,0.10642893754300617,0.020395922541086162,2.6480575799942017,1.1910487697238015,0.11157592589204962,0.020489223724739117,2.6830489201979204,1.2851242423057556,0.05
326,0.106618494504974,0.020528814755380154,2.6424406312760853,1.1933054611796425,0.11100668121467937,0.02059881609271873,2.6396783481944692,1.2802215977148577,0.05
327,0.1065930626576855,0.020334746267291762,2.6325048265003024,1.1986653563522158,0.11234437877481634,0.02128078890117732,2.645494981245561,1.2921728166666897,0.05
328,0.10644293097513062,0.0209134650594067,2.6207949434007918,1.186430322272437,0.11216469447721135,0.018762353384359318,2.638431093909524,1.3403605981306597,0.05
329,0.10572019787061782,0.020009546562851893,2.6139827966690063,1.1914164750348955,0.11153382807970047,0.020281928845427254,2.635525508360429,1.2979328957470981,0.05
330,0.10680059272618521,0.020389556507801727,2.6214258727573214,1.2039355422769273,0.11151683804663745,0.021051881496201862,2.641023267399181,1.2810944806445728,0.05
331,0.1059470425049464,0.020188774603108566,2.6084861812137423,1.1934681023870195,0.11137505282055248,0.020103033462708645,2.632068222219294,1.2990267385135998,0.05
332,0.10689655815561612,0.021038526070437262,2.626276896113441,1.1919052416370028,0.11137622662565926,0.019197547046298332,2.653599500656128,1.3128536993807012,0.05
333,0.10611007983485858,0.019876142719849235,2.6247157028743198,1.199735593228113,0.1115147586573254,0.020485641942782837,2.632412238554521,1.2940998890183188,0.05
334,0.10596588928075064,0.02043341729967367,2.619039001918974,1.1868416269620259,0.11140112307938663,0.02110467707230286,2.65021334994923,1.2758862538771196,0.05
335,0.10589655204897835,0.02003810927271843,2.633075311070397,1.1905537985620045,0.11104648357087915,0.019535138525746086,2.6410165483301338,1.3020236167040737,0.05
336,0.10633917525410652,0.02032163000798651,2.6067190794717696,1.1990070853914534,0.11159721558744257,0.020366321233185856,2.6211281472986396,1.3003922592509876,0.05
337,0.10618126144011815,0.02048568305603805,2.610060385295323,1.191899495465415,0.11078637025573036,0.02058185620064085,2.6228552514856514,1.2795192165808245,0.05
338,0.10634201818278857,0.020205229498623384,2.6145438920883906,1.1998269799209775,0.11011683669957248,0.019112302498383957,2.6278484734621914,1.294520984996449,0.05
339,0.10603657684155873,0.020727851982450203,2.61238207703545,1.1836980865115212,0.11086617884310809,0.020329577932980927,2.6076701771129263,1.2891979542645542,0.05
340,0.10585558006451243,0.02063988550521788,2.5901145821525935,1.1862909680321103,0.11148538237268274,0.02045582759786736,2.6115198135375977,1.298287104476582,0.05
341,0.10580071310202281,0.02053091488778591,2.5993281716392156,1.1855303276152838,0.11102258617227728,0.01993135523728349,2.6203404773365366,1.2977565310218118,0.05
342,0.10593686731798309,0.020390333896059366,2.610016073499407,1.1889274361587705,0.11075047809969295,0.020091924308375878,2.6234239664944736,1.2884862314571033,0.05
343,0.10634507327562287,0.020739533339760134,2.6008126508621943,1.1919482478073664,0.11114801127802242,0.02039428995075551,2.613493420860984,1.2923757379705256,0.05
344,0.10618701541707629,0.019791376643947194,2.6152767567407516,1.2048574359644026,0.11147178641774437,0.0200414779511365,2.6328514272516426,1.302035857330669,0.05
345,0.10597310303932145,0.02045375459073555,2.615217083976382,1.1873435562565213,0.11172395605932582,0.020148200829598038,2.6271677667444404,1.3060815117575906,0.05
346,0.1058101827899615,0.020137888468092398,2.600486403419858,1.1933485979125613,0.11101808263496919,0.021953867409716953,2.613297939300537,1.2586247541687705,0.05
347,0.10626403721315521,0.019850176337751605,2.6097995213099887,1.2063173055648804,0.11032197353514758,0.01985330033031377,2.640615875070745,1.281250232999975,0.05
348,0.10570528571094785,0.020491874421991053,2.6264530306770686,1.1789775930699848,0.11055665530941704,0.01966950644484975,2.628345337781039,1.292073910886591,0.05
349,0.10578682486500059,0.020654632732094752,2.5944752466110956,1.1837487816810608,0.11001261459155516,0.020412288944829594,2.6003968715667725,1.2719271074641834,0.05
350,0.10566567345744088,0.020425631088160333,2.5936928590138755,1.1860622706867399,0.11125174367969687,0.020427973771637135,2.6145894527435303,1.2935574867508628,0.05
351,0.1058133099050749,0.019937216703380858,2.601925333340963,1.1971367725304194,0.11124583401463249,0.02017970679497177,2.6409112106670034,1.2931402704932473,0.05
352,0.10581539659982636,0.020351853864710955,2.6136709167843772,1.1865366583778745,0.11116023768078197,0.021598379212346943,2.6202079382809726,1.2671956040642478,0.05
353,0.1062708811036178,0.020433868902424972,2.6031309082394554,1.1961140575863065,0.1106105304577134,0.02067072850398042,2.6107039018110796,1.276655213399367,0.05
354,0.10579552980405944,0.020382980372579323,2.594369417145139,1.1893770865031652,0.11011583358049393,0.019691705365072597,2.6188707568428735,1.2847084186293862,0.05
355,0.10559778554098946,0.020082102645011174,2.6016616423924765,1.1899813271704174,0.11023671654137698,0.020992272448810665,2.600463021885265,1.264796251600439,0.05
356,0.10601115315442994,0.02039554746200641,2.5961935066041493,1.1930734004293169,0.11037766527045857,0.01967314723879099,2.6324183507399126,1.2876066999001936,0.05
357,0.10589952766895294,0.02015429748488324,2.6204979760306224,1.1908049881458282,0.11029861190102318,0.020420925014398315,2.6262560324235396,1.272302502935583,0.05
358,0.10616708245305788,0.020685696353514988,2.6250397080466863,1.1846197573911577,0.11031260883266275,0.0197382393208417,2.650896289131858,1.2813081307844683,0.05
359,0.10602565393561408,0.020635143299365326,2.611383943330674,1.185533427056812,0.11087188260121779,0.020386002026498318,2.6187566193667324,1.2859662879597058,0.05
360,0.10563393274233454,0.019820302015259153,2.58916327499208,1.1984399415197826,0.10966707291928204,0.019030781801451336,2.588703328912908,1.294985131783919,0.05
361,0.105720618473632,0.02049079579522922,2.580908463114784,1.1884147780282157,0.11075167561119253,0.020709919658574192,2.609739585356279,1.2788871743462302,0.05
362,0.10566434140006702,0.020335767839458726,2.6041662976855324,1.185738205909729,0.11173238943923604,0.01998427120799368,2.6229783404957163,1.3103667064146562,0.05
363,0.10604092194920495,0.020288985399972825,2.6022919416427612,1.1945803392501104,0.11027258160439404,0.020569803193211555,2.6490226442163642,1.264251020821658,0.05
364,0.10577281493516195,0.020348545829100267,2.618312966255915,1.1848227622963132,0.1105289256030863,0.01979303038255735,2.611258094960993,1.292466320774772,0.05
365,0.10607637660134406,0.020161099465829984,2.5929267690295266,1.1997201825891222,0.11099062656814401,0.019843747246671806,2.6294693730094214,1.2970437028191306,0.05
366,0.10565529941093355,0.020269317197657767,2.6140531187965754,1.1849090045406705,0.10953699052333832,0.019485963508486748,2.625884251161055,1.275843690742146,0.05
367,0.10579765410650344,0.02013782702297682,2.602564431372143,1.1926836641061873,0.11046629263596101,0.019732269204475662,2.6270142035050825,1.2892776077443904,0.05
368,0.10534186643503961,0.020066297879176482,2.593975226084391,1.1867163081963856,0.11051079359921542,0.02037875506688248,2.608201438730413,1.281000478701158,0.05
369,0.10567240115432512,0.020488515207987456,2.5929683446884155,1.185084043514161,0.11127082190730354,0.021092827855186028,2.595052805813876,1.2845493175766685,0.05
370,0.10565340181901342,0.020572225918017682,2.5869847309021723,1.18422655690284,0.11033058911561966,0.02014645713974129,2.61759276823564,1.2801640575582331,0.05
371,0.10548967779392288,0.020590849841634434,2.5927434308188304,1.1794278749397822,0.11041145636276765,0.020588837225328793,2.6056109341708096,1.2753301858901978,0.05
372,0.10511824240287145,0.02016079614293717,2.572945066860744,1.1845599029745375,0.11102844977920706,0.020857335660945286,2.577170480381359,1.287988164208152,0.05
373,0.10543280804441088,0.0198782454023049,2.5807751303627375,1.1949362045242673,0.1119160306724635,0.02043086899952455,2.610484231602062,1.3076063611290671,0.05
374,0.10580462128633544,0.020023737745803027,2.615232989901588,1.192571059578941,0.1106205785816366,0.01992597854272886,2.645444393157959,1.284803108735518,0.05
375,0.10537924653007871,0.019928857750658478,2.589558658145723,1.1910960021473112,0.110452685166489,0.02063919451426376,2.60045448216525,1.2761789614504033,0.05
376,0.10590036106961113,0.020059764784361635,2.587117995534624,1.1993883166994368,0.11026962507854808,0.018906454725021667,2.616695425727151,1.3039243112910877,0.05
377,0.10558056973275684,0.019692173338539544,2.6119410821369717,1.1953796985603513,0.10995525189421394,0.02048372443426739,2.6296579837799072,1.2634989510882983,0.05
378,0.10513461026407424,0.020374333552484,2.586018227395557,1.1780018849032265,0.1099871268326586,0.02030077805234627,2.583439436825839,1.2770390889861367,0.05
379,0.10546608872356869,0.02024501400245797,2.5665668760027205,1.191108124596732,0.11023730175061659,0.021025629036805847,2.579043301669034,1.2684247873046182,0.05
380,0.10537692141674813,0.020103063323490676,2.591250010899135,1.1872271625768571,0.1116087179292332,0.021861698139797558,2.633801893754439,1.268179947679693,0.05
381,0.10539499847661882,0.020539643176432167,2.599180675688244,1.1772709630784535,0.11007456345991655,0.01974553716453639,2.6195952242070977,1.282661427151073,0.05
382,0.10534659773111343,0.020235381244371336,2.6012396925971624,1.181976392155602,0.11049975928935138,0.020472851666537197,2.596929745240645,1.2811521941965276,0.05
383,0.10496291394035022,0.02044146368280053,2.57089072182065,1.1762508508704959,0.11043811928142201,0.02015963289886713,2.5832855701446533,1.2889126051555981,0.05
384,0.10561171546578407,0.020408763372827144,2.5874439421154203,1.1865702328227816,0.11044747043739665,0.020883657546205955,2.6307635524056177,1.2651235515421086,0.05
385,0.10533982941082545,0.02013972627797297,2.595644854363941,1.1848730757122947,0.11108474230224435,0.021475403315641663,2.6021898659792813,1.2717487270181829,0.05
386,0.10596090076225144,0.020722259856050924,2.59330716019585,1.1861113863331931,0.11008611931042238,0.020205390300940384,2.624591740694913,1.272696234963157,0.05
387,0.10523011907935143,0.02034199574873561,2.601928875559852,1.1773766846883864,0.11011295426975597,0.021361566064032642,2.609604922207919,1.2531067295507952,0.05
388,0.10508153995587713,0.020430470683744976,2.572588114511399,1.1785037616888683,0.11030734127218073,0.020305562341077762,2.5983220013705166,1.2803711999546399,0.05
389,0.10484972471992175,0.02004940619337417,2.5653968254725137,1.1829269939944858,0.10980294712565163,0.020534121854738754,2.5797957723790947,1.2694173509424382,0.05
390,0.10504750694547381,0.020086282598120824,2.5812427486692155,1.1829759251503718,0.11090331321412866,0.020909062925387512,2.607530572197654,1.2783788334239612,0.05
391,0.10531997077521824,0.020295838470615092,2.5909027315321422,1.1823020861262368,0.10973787104541605,0.020105201412330975,2.5845626267519863,1.2757408944043247,0.05
392,0.10542130949241775,0.02065086331484573,2.5841906524839855,1.1785707743394942,0.1114691360430284,0.01916562554172494,2.6259131865067915,1.3208875764500012,0.05
393,0.10523324619446482,0.019815187457771527,2.591555674870809,1.190050027200154,0.11034030941399661,0.019957046617161144,2.5918983329426157,1.2892855622551658,0.05
394,0.10542811648476691,0.02033619305473708,2.568839595431373,1.18807053565979,0.11002776365388524,0.022179937498136,2.572045022791082,1.2425475012172351,0.05
395,0.10520268444504056,0.020530157833404485,2.554803694997515,1.1824897839909507,0.10971839116378264,0.020404020070352337,2.577968619086526,1.2706936597824097,0.05
396,0.10534514043302763,0.019914592860177868,2.5900474786758423,1.1906014581521351,0.11101319911805066,0.02170653962953524,2.5974840250882236,1.2666364095427773,0.05
397,0.1053338668176106,0.02011366261701499,2.5861677044913884,1.187170541002637,0.10996510427106511,0.01947902642529119,2.6018894585696133,1.2893436388535933,0.05
398,0.10527396503658522,0.019877797524843897,2.5688912584668113,1.194145101876486,0.11049256202849475,0.019529888829724354,2.6197404211217705,1.2953053496100686,0.05
399,0.10556567353861672,0.020150298829234782,2.60825742994036,1.1866559982299805,0.1101772819053043,0.02019352669065649,2.6180873784151943,1.2760576009750366,0.05
400,0.10502182958381516,0.020032685715705156,2.595275600751241,1.1807277500629425,0.11002496697685936,0.019600301218981094,2.5945262908935547,1.2895880287343806,0.05
401,0.10514626190775916,0.02011576454554285,2.5809705087116788,1.1844158413864316,0.11020475151863965,0.020707473158836365,2.6013743660666724,1.2696706381711094,0.05
402,0.10535194884453501,0.020574351950060753,2.5759650752657937,1.1803589037486486,0.10985232957384804,0.020740059797059406,2.5879790782928467,1.264649580825459,0.05
403,0.10507705736727942,0.02013070746103213,2.562470209030878,1.1864329363618578,0.10966177420182661,0.02044518461281603,2.6055169755762275,1.2632283730940386,0.05
404,0.10443262880047162,0.0203949020554622,2.5771321398871287,1.1653280967757815,0.10973306677558205,0.018495750274847855,2.591832464391535,1.3063798275860874,0.05
405,0.10516522008748282,0.01995458183366628,2.579353474435352,1.1883420631999062,0.11069864982908423,0.020317033610560677,2.6156125502152876,1.2845098213715986,0.05
406,0.10517353830592972,0.02029862982176599,2.5833139476321993,1.180835397470565,0.11008575490929863,0.020121611824089832,2.6030129952864214,1.2786802486939863,0.05
407,0.104691198716561,0.020215576071114766,2.5828896363576255,1.1729345151356287,0.10994457114826549,0.02023011293600906,2.592043573206121,1.2758804559707642,0.05
408,0.10508180782198906,0.020177278335073164,2.576463284946623,1.1827979201362246,0.11008939417925748,0.02132860308682377,2.592722242528742,1.2566713419827549,0.05
409,0.10586251495849519,0.020357872359454632,2.5926908424922397,1.1915546669846488,0.11131884564052928,0.021293682300231674,2.6270616921511563,1.2750908786600286,0.05
410,0.1051985075076421,0.02095367167411106,2.583338527452378,1.168229002328146,0.10941194133325056,0.019790785725821148,2.5813643498854204,1.2761502374302258,0.05
411,0.10512023472360202,0.02053620040948902,2.561478648866926,1.1793849539189112,0.1110939085483551,0.0207414198666811,2.5808358842676338,1.2908825982700696,0.05
412,0.10484881131421953,0.019787173208204053,2.571416627793085,1.186949413447153,0.11033781076019461,0.019347237592393703,2.595356746153398,1.3007401553067295,0.05
413,0.10462296949256034,0.0197836476644235,2.566395634696597,1.1835072863669622,0.11059040914882313,0.021055698902769523,2.5881514332511206,1.2730638980865479,0.05
414,0.10482864206035931,0.02061291801787558,2.5654516333625432,1.1712241499196916,0.11038819565014406,0.020098955116488716,2.5831763961098413,1.2891495390371843,0.05
415,0.10490084670129277,0.020153398337286143,2.5676388570240567,1.1814211805661519,0.10992824624885213,0.019777532582255928,2.5791667374697598,1.287180943922563,0.05
416,0.10513356487665858,0.01961735984133113,2.5791591178803217,1.1944922662916637,0.10974854637276042,0.020136635242538017,2.6127340576865454,1.2696914239363237,0.05
417,0.10478304876458078,0.01997304583589236,2.5818069832665578,1.1798386502833593,0.10918860950253227,0.01924069547517733,2.6114640452645044,1.2766654762354763,0.05
418,0.10505828101720129,0.020224996997664373,2.5882667870748612,1.1790123198713576,0.10986440154639157,0.01889478542249311,2.59135085886175,1.3011221452192827,0.05
419,0.1049575266383943,0.020622194456380038,2.5480902876172746,1.1770885757037572,0.10971567102453926,0.021247980946844273,2.5746989900415596,1.254413973201405,0.05
420,0.10518661301050868,0.02044675907208806,2.557426628612337,1.183311756168093,0.11005370589819821,0.02196060053326867,2.5832872607491235,1.2452046329324895,0.05
421,0.10455161953965823,0.02055355573871306,2.558553707031977,1.1682505238623846,0.10997975956309926,0.020652040161869743,2.5773999907753686,1.2710744088346309,0.05
422,0.10565681915198054,0.020971440621429964,2.5745507194882347,1.1787974266778856,0.10959548164497722,0.019872848283160816,2.6108042760328813,1.2722917957739397,0.05
423,0.10494338295289449,0.020581274781198727,2.5833423818860735,1.1705736787546248,0.1099723455580798,0.020640458742325955,2.6058096885681152,1.265475798736919,0.05
424,0.10519441891284216,0.019932550222923357,2.5893335285640897,1.1873706380526226,0.10984318771145561,0.020267828875644642,2.620557178150524,1.2673957456241955,0.05
425,0.1049161186175687,0.019760065889429478,2.5908286798568,1.1849553230262937,0.1093063002282923,0.0197654916820201,2.606491869146174,1.2695177847688848,0.05
426,0.10455447825647536,0.020459116192623264,2.5695505198978243,1.1679971289067042,0.10949221456592734,0.019281961277804592,2.5860874436118384,1.2869875756177036,0.05
427,0.10486614118729319,0.020108828454145362,2.5674250409716652,1.1816612453687758,0.10943424769423225,0.02120863375338641,2.584997675635598,1.2475127361037515,0.05
428,0.10474217097674098,0.02041149525237935,2.559547026952108,1.174704094727834,0.1091896498745138,0.020429466597058556,2.577057968486439,1.2597920461134477,0.05
429,0.1048360892704555,0.020288752746723947,2.5818275156475248,1.1745812268484206,0.11008546636863188,0.02037231945856051,2.6072153611616655,1.2728198333220049,0.05
430,0.10466370731592178,0.020436474898209173,2.5527680941990445,1.1739910145600636,0.10959861698475751,0.020380171523852783,2.5690887624567207,1.2705511450767517,0.05
431,0.1047799564188435,0.020366408418686616,2.5592804920105707,1.1764148431164878,0.10981696166775444,0.019424029202623802,2.582210128957575,1.2914165962826123,0.05
432,0.10455790445918128,0.020108284783505258,2.560246671949114,1.1769430594784873,0.10963731123642488,0.02020086060193452,2.5799657214771616,1.2727358666333286,0.05
433,0.10482976319534439,0.020094770317276318,2.563878587314061,1.1819241316545577,0.10902839086272499,0.01873336410657926,2.602389032190496,1.2854227369481868,0.05
434,0.104550267968859,0.019836125740160544,2.5685261487960815,1.1805776144777025,0.10952299562367526,0.019622391174462708,2.5954295721921055,1.2789261666211216,0.05
435,0.1050690644908519,0.02029783988282794,2.5728538093112765,1.1808537202222007,0.1095288477160714,0.019492052241482517,2.5846965312957764,1.2837966030294246,0.05
436,0.10468489250966481,0.020254368405966533,2.5582385687600997,1.1769627559752691,0.10966160690242593,0.02023779677057808,2.6009164506738838,1.2682929309931668,0.05
437,0.10479065758131799,0.02014640104469089,2.5679965019226074,1.1792858101072765,0.10941656204787167,0.019157622940838337,2.5743953964926978,1.290299735286019,0.05
438,0.10504643193313054,0.020296116337357534,2.5693210647219704,1.1811420988468897,0.10909906774759293,0.020123480903831394,2.6153487725691362,1.256441977891055,0.05
439,0.10459494661717188,0.020265389677314533,2.5885066872551326,1.1688897879350753,0.11029180816628716,0.020705580711364746,2.611052166331898,1.2695140730250964,0.05
440,0.10423671400972775,0.020259077660739422,2.560357786360241,1.167481148526782,0.10987379537387328,0.02037138779732314,2.560050704262473,1.2780380140651355,0.05
441,0.1044792112495218,0.02019602038143646,2.5328889744622365,1.1790860281104134,0.10946218398484317,0.01944911479949951,2.560948046770963,1.288071784106168,0.05
442,0.10460515355780012,0.0203171203445111,2.5511989025842574,1.1755208713667733,0.10921524939211932,0.018643216229975224,2.572711944580078,1.296898289160295,0.05
443,0.10458131826349668,0.020182125891248386,2.563836631320772,1.1752165272122337,0.10979924215511842,0.021116420287977566,2.5879990837790747,1.2560565959323535,0.05
444,0.1050094703123683,0.020374623260327747,2.5716100249971663,1.1783749347641355,0.11028389226306569,0.020775775509801777,2.6061223203485664,1.268937880342657,0.05
445,0.10430963035850298,0.019773955922573805,2.5740449087960378,1.1759044911180223,0.1091154922138561,0.019661709835583515,2.571095509962602,1.2748565565456043,0.05
446,0.10497887556751569,0.01988619477266357,2.5700117633456276,1.1878512558482943,0.11000245809555054,0.019417084922844715,2.5939947691830723,1.2929085276343606,0.05
447,0.10438988180387587,0.020487548206888494,2.565228751727513,1.1650009297189259,0.10992171344431964,0.019853307780894367,2.577225836840543,1.2859229445457458,0.05
448,0.10453410978828158,0.01997665020947655,2.557413697242737,1.179666443949654,0.10933638499541716,0.02030324140055613,2.6073158871043813,1.2591996463862332,0.05
449,0.10467327315182913,0.0205492789058813,2.5617157334373113,1.1701367298762004,0.1093161708929322,0.01993142779577862,2.5689573938196357,1.2739033861593767,0.05
450,0.10407260645713125,0.019932429106639966,2.562429149945577,1.170317720799219,0.10910128463398326,0.01839334797114134,2.5643867362629282,1.3012813925743103,0.05
451,0.10441464167975244,0.020159848056556212,2.54467236995697,1.17616139849027,0.1091247783465819,0.020929207009348003,2.542028860612349,1.2555056702006946,0.05
452,0.10516023014982541,0.0207335676421367,2.55535896619161,1.1774614467507316,0.1094051633368839,0.019125989299606194,2.610149621963501,1.2835535352880305,0.05
453,0.10474860810098194,0.020523951433244206,2.577432428087507,1.1690066428411574,0.10874253037300977,0.01902731101621281,2.584115353497592,1.2774812958457253,0.05
454,0.10425537966546558,0.02043861456747566,2.554617711475917,1.165411760409673,0.10904515873302113,0.02011195875026963,2.566230882297863,1.2654178034175525,0.05
455,0.1046506358044488,0.019841041903765427,2.570140015511286,1.1821638814040594,0.10972726141864603,0.02108582430942492,2.6094827868721704,1.2509322058070789,0.05
456,0.10432426755626996,0.02000039525418764,2.5859349228086925,1.169290460291363,0.1095222607254982,0.020256879316134888,2.583267667076804,1.2686540701172568,0.05
457,0.10421629959628695,0.020621435583702157,2.5335799228577387,1.165181299050649,0.10908035933971405,0.02057185447351499,2.5506562969901343,1.2600388581102544,0.05
458,0.10449247807264328,0.02041689432891352,2.5558063813618253,1.1703503813062395,0.10919922454790636,0.0192804659970782,2.5746293284676294,1.2834492813457141,0.05
459,0.10466529730530012,0.02011064584145234,2.5565234082085744,1.1797883411248524,0.10904245891354301,0.019440538419241257,2.5796300281177866,1.2761123993180015,0.05
460,0.10405999510770753,0.020446960459507647,2.5448745716185797,1.1632857748440333,0.10890512845732948,0.019310213117436928,2.571121410890059,1.2776740193367004,0.05
461,0.10417765041901952,0.019682204794316066,2.557187551543826,1.1784714105583372,0.10954612967642871,0.020199307155880062,2.5559839552099053,1.2757395776835354,0.05
462,0.1044986258660044,0.020848622589948632,2.530401315007891,1.1669198019163949,0.10865612937645479,0.018986088562418114,2.572675423188643,1.278865716674111,0.05
463,0.10422060727363541,0.020677376139376844,2.546541242372422,1.1615563616866158,0.10877944867719304,0.01961638956246051,2.5624277808449487,1.2707756107503718,0.05
464,0.10494061240128108,0.02080866104612748,2.5703212647210982,1.1685747759682792,0.10906032201918689,0.019664263860745865,2.605093240737915,1.266902506351471,0.05
465,0.10410356610303834,0.020164629134039085,2.5520030033020746,1.1683781232152666,0.10932034999132156,0.02039114318110726,2.5698505965146152,1.26461401310834,0.05
466,0.10437319285812832,0.019694845436052197,2.569861951328459,1.1795945536522638,0.10849779437888753,0.01951731047169729,2.5846912427382036,1.2626713947816328,0.05
467,0.10402952613575119,0.020426634943024033,2.545023265339079,1.1630531606220065,0.1096729649738832,0.019990426149557938,2.561745036732067,1.2813017530874773,0.05
468,0.1042437558727605,0.02014422762606825,2.546314483597165,1.1727276643117268,0.10830147022550757,0.019129457290876995,2.5695067752491343,1.2695389281619678,0.05
469,0.10445848763698623,0.02017866199215253,2.5561533712205433,1.1743658255963099,0.10900279202244499,0.02058076960119334,2.5975457321513784,1.2489313158121975,0.05
470,0.1041716378004778,0.020623591462416307,2.557448012488229,1.1594713018054055,0.10950860516591505,0.020155642689629036,2.558768489144065,1.2753055637533015,0.05
471,0.1043610688121546,0.020363502780951205,2.539811440876552,1.1719890307812464,0.10841287062926726,0.020963176238265904,2.5656108639457007,1.2358716997233303,0.05
472,0.10397579503201303,0.020131182014232592,2.542310907727196,1.168430053052448,0.10963718660853126,0.02099749801511114,2.5528472770344126,1.2622243057597766,0.05
473,0.1043490989222413,0.0202178257029681,2.5344615550268266,1.1757331376984006,0.10887026719071648,0.02007424645125866,2.5736603520133277,1.261188339103352,0.05
474,0.10475943822945867,0.020575246906706264,2.5628779218310402,1.1711082330771856,0.10856581208380786,0.020638927648013287,2.5762692364779385,1.2432838136499578,0.05
475,0.10403004022581237,0.020259932659211614,2.546910427865528,1.166020047096979,0.10984670506282286,0.020092428069223057,2.5596718137914483,1.2831511280753396,0.05
476,0.10416608818230175,0.019978051628207878,2.540861271676563,1.1755884701297397,0.10913084582848982,0.0199819781224836,2.563177455555309,1.2703418244015088,0.05
477,0.10396476160912287,0.020215174892828577,2.5427207946777344,1.1664475756032127,0.10909191315824335,0.01945938491685824,2.5573329492048784,1.2811839743094011,0.05
478,0.10422468256382715,0.020487863792195207,2.52371575151171,1.1699932231789543,0.1096443770961328,0.020871758884326977,2.562136650085449,1.2630250183018772,0.05
479,0.10419189965441114,0.01989756174208153,2.5271302461624146,1.1804607113202412,0.10952110182155263,0.020809674974192272,2.556520635431463,1.2629244056614963,0.05
480,0.10455874353647232,0.020116967548217093,2.541243558838254,1.18058680778458,0.11015225608240474,0.02091297981413928,2.600271636789495,1.2647312554446133,0.05
481,0.10421016031787508,0.02048897599091842,2.542924926394508,1.1658386786778767,0.10943736813285133,0.020273469388484955,2.548375866629861,1.2736027999357744,0.05
482,0.10393834468864259,0.019886967437785296,2.533979024205889,1.17423173501378,0.1084164712916721,0.0189051419835199,2.542570721019398,1.281712461601604,0.05
483,0.10427421313666162,0.020613172734599738,2.5199824231011525,1.1692243260996682,0.10939456183801997,0.020706755363128403,2.5442971749739214,1.2648966854268855,0.05
484,0.10437619561950366,0.0205013158376373,2.5262222176506404,1.172253137543088,0.10852141271937978,0.02036367178979245,2.5635653842579234,1.2504417246038264,0.05
485,0.10375828721693584,0.020060668455525524,2.5298846449170793,1.1679754427501134,0.10984193194996227,0.020745733922178097,2.551803848960183,1.2715631615031848,0.05
486,0.1046027931429091,0.020639283693439904,2.5356762409210205,1.1721349443708147,0.10970093580809506,0.01967941444705833,2.5740245472301138,1.2856254794380881,0.05
487,0.10484858336193222,0.020255467078338068,2.574188720612299,1.177024591536749,0.10963860492814671,0.019423913041299038,2.5881088213487105,1.2866720936515115,0.05
488,0.10382834059141931,0.020088723417194115,2.5509872152691795,1.164594890106292,0.10916843062097376,0.019712064245885067,2.5557342009110884,1.2779805010015315,0.05
489,0.10394187661863509,0.020366646482476165,2.5264936061132524,1.166205868834541,0.10950962860475887,0.018654341301457447,2.5570337122136895,1.3056990233334629,0.05
490,0.10413359655510812,0.020477732199998128,2.536489316395351,1.1658194207009815,0.10799407823519273,0.019128005020320415,2.5841300921006636,1.2604954188520259,0.05
491,0.10420657037979081,0.020093440100373255,2.5771331900642034,1.1668359736601512,0.10875439711592415,0.018737746487286957,2.6000168323516846,1.2803296609358354,0.05
492,0.10421312050450415,0.020371527632787115,2.548634994597662,1.1671048473744166,0.10939472236416557,0.02047363838011568,2.5670247728174385,1.265016723762859,0.05
493,0.10429740164961133,0.019649594955678498,2.5655224663870677,1.1798516384192876,0.10891009325330908,0.019229971719059078,2.591455177827315,1.275311361659657,0.05
494,0.10430529145967393,0.020442953998489038,2.5320699839364913,1.1708327460856665,0.10835157470269637,0.019090727310289036,2.546048229390925,1.2760073000734502,0.05
495,0.1040646465761321,0.02068795454466627,2.513572783697219,1.1648192902406056,0.10945853861895474,0.02161315456032753,2.5598251819610596,1.2449426271698691,0.05
496,0.10424785333729926,0.020977841557136605,2.534436373483567,1.1585129584584917,0.10922881757671182,0.019235738383775406,2.5694761926477607,1.2859662987969138,0.05
497,0.10438361373685655,0.02019024296619353,2.538877600715274,1.1760918838637215,0.10852547938173468,0.01898233186114918,2.575414787639271,1.2757799625396729,0.05
498,0.10369422020656723,0.01997445226602611,2.5475407384690785,1.1648871884459542,0.10846245153383775,0.02033539234914563,2.53490365635265,1.2555604360320352,0.05
499,0.10476034968381837,0.020668694261638892,2.5313415811175393,1.1755647645110177,0.10927824811501936,0.020138456062837082,2.582659222862937,1.266263950954784,0.05
500,0.10409277145351682,0.020466909788194158,2.552531577291943,1.1620109095459892,0.10854989087039774,0.019087460738691418,2.5668411905115303,1.2758803205056624,0.05
501,0.10436098454963594,0.02035450427571223,2.5491982130777266,1.1702899492922283,0.1086233752694997,0.01974389177154411,2.5981217297640713,1.2579652721231633,0.05
502,0.10408813559583255,0.020126688382810072,2.5752958002544584,1.1641697727498554,0.10831225595690987,0.02022783060304143,2.5760995041240347,1.2464685494249517,0.05
503,0.10386019856447265,0.020531179871232735,2.5303274506614324,1.160514874117715,0.10896116359667345,0.02032401141795245,2.5525873357599433,1.2622256008061497,0.05
504,0.10432228747577894,0.0203271355435607,2.5419783194859824,1.1715073628085,0.1088864037936384,0.01963335665112192,2.552671779285778,1.2745265527205034,0.05
505,0.10428045761017572,0.02054471992665813,2.540716738927932,1.166571394318626,0.10881674492901022,0.020230613394894383,2.58420467376709,1.254881669174541,0.05
506,0.10358931762831551,0.020062768632279977,2.550017691793896,1.160527419476282,0.10903846201571551,0.020308305340057068,2.5607821724631568,1.2624466635964133,0.05
507,0.10392825500596137,0.02053666678035543,2.5436539309365407,1.1591009838240487,0.10835654898123308,0.0193375347351486,2.5714769796891646,1.2660849311135032,0.05
508,0.10388492154223579,0.019875247874075457,2.557847426051185,1.1686239952132815,0.10897931388833305,0.020410796712067993,2.5902431444688276,1.2533216801556675,0.05
509,0.10388519827808652,0.020578796775745496,2.5594891536803472,1.1542301774024963,0.10841853239319542,0.01905054666779258,2.567823128266768,1.273795100775632,0.05
510,0.10417521390176955,0.020659042411439475,2.5432778880709694,1.1616678479171934,0.10865056921135295,0.01975841854106296,2.5767060193148525,1.2625018141486428,0.05
511,0.10363508193265825,0.01993023715026322,2.554318689164661,1.1632331638109117,0.10862294855442914,0.019333847036415882,2.546887917952104,1.2764044241471724,0.05
512,0.10348555924636978,0.02025698001186053,2.523019728206453,1.1599676211675007,0.10812139104713094,0.019038742408156395,2.5585901086980645,1.2699349522590637,0.05
513,0.10353449838502067,0.019948349711263462,2.535368499301729,1.1646492679913838,0.10909182849255475,0.020666175267913124,2.5430676720359107,1.2598995132879778,0.05
514,0.10356262822945912,0.020202768478719962,2.506552043415251,1.165886796656109,0.10891698097640817,0.02139905078167265,2.545378880067305,1.2412828261202031,0.05
515,0.10400275549008733,0.020269306199181648,2.5266853798003424,1.1693318855194819,0.10885661366310986,0.020491394129666416,2.561238657344471,1.2550566521557895,0.05
516,0.1039252428426629,0.020174679745520865,2.5385483560108004,1.1673015909535545,0.10935429551384666,0.020456488836895336,2.5697131807153877,1.264013496312228,0.05
517,0.10426001570054463,0.020200353182320083,2.5491240478697277,1.1713684286390031,0.1085841797969558,0.02014228379861875,2.571389003233476,1.2545601021159778,0.05
518,0.1038361441876207,0.020413176112231753,2.5298335211617604,1.1624926569915952,0.10801225426522168,0.018953271125527946,2.5449293960224497,1.2721937569704922,0.05
519,0.10375909312140374,0.020634002140944914,2.521467237245469,1.1582083659512656,0.10823065855286339,0.01909240267493508,2.5466504747217353,1.273435039953752,0.05
520,0.10440659061783836,0.020617259710672357,2.5353541658038186,1.168715776432128,0.10955987193367699,0.019609642553735863,2.576234449039806,1.2837576974521985,0.05
521,0.10391320997760409,0.020231109045978104,2.551506343342009,1.1633407416797819,0.108810655772686,0.020133220675316723,2.5725507736206055,1.2590385512872175,0.05
522,0.1034980279703935,0.020174760061005752,2.5263702472050986,1.1611912960097903,0.1090525896711783,0.019955163313583893,2.544247432188554,1.2730990323153408,0.05
523,0.1039778966279257,0.020453058116670166,2.525236481711978,1.1654494546708607,0.10807068984616887,0.02004821818660606,2.5664115385575728,1.2471670779314907,0.05
524,0.1042550163609641,0.020870760083198547,2.532593596549261,1.1611664025556474,0.10929048196835951,0.019078331914815037,2.562337810342962,1.291775410825556,0.05
525,0.10373202800041154,0.02014842698173154,2.5269360542297363,1.1662848080907549,0.10868028822270306,0.018293899653310127,2.551705923947421,1.297386570410295,0.05
526,0.10335490515544302,0.02015170490457898,2.5284594410941716,1.158372115521204,0.10886907577514648,0.020711711184544998,2.5631266940723765,1.2505219416184858,0.05
527,0.10384290558951241,0.020094783865802344,2.5431845017841885,1.1663255308355605,0.10782193527980284,0.019893069412897934,2.558973940936002,1.2467825141820041,0.05
528,0.10353691751758258,0.020228411159699873,2.5364529689153037,1.1588795397962843,0.10894536497918042,0.020023903470825066,2.555829720063643,1.2672632932662964,0.05
529,0.10413447696538199,0.02002534115066131,2.551915798868452,1.1717995220706576,0.10899451104077426,0.020477208562872627,2.577388633381237,1.2548682635480708,0.05
530,0.10325466681803976,0.019674442752840974,2.5259883063180104,1.1664067989303952,0.10788757760416377,0.01995552255010063,2.524221506985751,1.2537967833605679,0.05
531,0.10354216396808624,0.02049689513764211,2.5043742940539406,1.1600304955527896,0.10939211737025868,0.020170497792688282,2.5236688527193936,1.2796985669569536,0.05
532,0.10410582469332785,0.020223970170177165,2.5156572262446084,1.1745056439013708,0.10810349407521161,0.020048610019412907,2.5660027157176626,1.2478971481323242,0.05
533,0.10382155648299626,0.02061355830214563,2.5373357080277943,1.1566928284508842,0.10878801549022848,0.01925541553646326,2.551524032245983,1.2803471955386074,0.05
534,0.10421440998713176,0.02001592536856021,2.5282666512898038,1.178316356170745,0.1096244373104789,0.019661146131428806,2.5620056932622735,1.2868646816773848,0.05
535,0.10394537413404101,0.020456339299146618,2.5349340779440745,1.162793877578917,0.10939362035556273,0.018153107132424007,2.564998605034568,1.3118105368180708,0.05
536,0.10380232671187037,0.019864241526063,2.5387167590005055,1.1710183294046492,0.10901841250332919,0.02050924589010802,2.56365104155107,1.2574531435966492,0.05
537,0.10352595611697152,0.01975197877202715,2.5363415593192693,1.1682112302098955,0.10908165980469096,0.020902100273154,2.5442751320925625,1.254736152562228,0.05
538,0.10362934090551876,0.020446683878877332,2.521618740899222,1.1593293874036699,0.10971021245826375,0.019335814582353287,2.5427385460246694,1.2989402575926348,0.05
539,0.10404814087918826,0.020342298849884952,2.5293713353929066,1.1682425638039906,0.10942384058778937,0.01992826553230936,2.54774977944114,1.280361533164978,0.05
540,0.10346790137035507,0.02030806356508817,2.52565142086574,1.1580664685794286,0.1088608442382379,0.019421307962726463,2.552371241829612,1.278316470709714,0.05
541,0.10315199196338654,0.019983256235718727,2.509538213411967,1.1614670710904258,0.10825490138747475,0.019997836005958645,2.519539464603771,1.2612334002148022,0.05
542,0.10372221132829076,0.02018440831896095,2.5128158898580644,1.168192873398463,0.10866550627079877,0.020165208049795845,2.546964558688077,1.2606130188161677,0.05
543,0.103599438000293,0.020175060323838676,2.5161527338482084,1.1652569884345645,0.10799929160963405,0.019599078223109245,2.5339674082669346,1.2612107558683916,0.05
544,0.1036180898192383,0.02094713199351515,2.507612041064671,1.1518967350323994,0.10838042131879112,0.019397537731988865,2.529676415703513,1.2737223668531938,0.05
545,0.10409704986072722,0.019980776345445997,2.524882117907206,1.1773490437439509,0.1096059111031619,0.020965577695857395,2.5702159838242964,1.258763475851579,0.05
546,0.10382973207604318,0.02030111995658704,2.523797949155172,1.1658126342864263,0.10842462561347267,0.019331146708943626,2.553495255383578,1.271170518615029,0.05
547,0.10337035996573311,0.020042545095618283,2.524744124639602,1.1616074698311942,0.10837104306979613,0.019901563328775494,2.5369584343650122,1.261997932737524,0.05
548,0.1033812468605382,0.019969719750363202,2.5165464764549617,1.164921243985494,0.108192885463888,0.01934747016904029,2.5375570383938877,1.269396890293468,0.05
549,0.10394459608055297,0.020658577969741253,2.516825096947806,1.1623553264708746,0.10892500525171106,0.02069457417184656,2.561770352450284,1.2522545185956089,0.05
550,0.10344671936971801,0.02004574543042552,2.527981156394595,1.1624232303528559,0.10887849127704446,0.01990939761427316,2.5474641539833764,1.2698890133337541,0.05
551,0.10368217581084796,0.020745159747699898,2.527047316233317,1.153330841234752,0.10838587040250952,0.020477731458165428,2.5320763154463335,1.2517475377429614,0.05
552,0.1040215114397662,0.020088078387613808,2.5219595375515165,1.1742767251673198,0.10855959491296248,0.019252780147574165,2.5622937245802446,1.2736775495789268,0.05
553,0.10382209257000968,0.02021304735292991,2.5461610839480446,1.1629486921287717,0.10828373581171036,0.020720254799181766,2.5777991251512007,1.2357097539034756,0.05
554,0.10386195087007113,0.02069660085475161,2.534276621682303,1.1564516723155975,0.10800517892295664,0.019980793988162823,2.553873885761608,1.2497128735889087,0.05
555,0.10357379416624705,0.019753865897655487,2.515805647486732,1.1732374415511178,0.10895546119321477,0.019330349158157,2.5396348129619253,1.284575272690166,0.05
556,0.10349484196021444,0.020965480622613712,2.5157507487705777,1.1474370743547166,0.10913334719159386,0.01981092227453535,2.5473747686906294,1.2769734967838635,0.05
557,0.1041024016837279,0.020405450991044443,2.530660254614694,1.1678069744791304,0.10902656614780426,0.020342138087884945,2.572265711697665,1.2592353983358904,0.05
558,0.10319128969595545,0.02018877821752713,2.535662463733128,1.1529177271184468,0.10845349661328575,0.020205772905187172,2.5440654971382837,1.2561413591558284,0.05
559,0.10409770976929437,0.020350541232065075,2.5199645303544544,1.1709504553249903,0.10822307521646674,0.01887606397609819,2.5661836754192007,1.273703466762196,0.05
560,0.10380944627381507,0.019958814029537496,2.5476610433487665,1.1674804176603044,0.10860268703915855,0.01996893740513108,2.5695885744961826,1.2587572715499185,0.05
561,0.10376066341996193,0.020200367351727828,2.529543922061012,1.1652971307436626,0.10807858881625262,0.020294985818591984,2.548347841609608,1.2460024844516406,0.05
562,0.1035288872108573,0.020387819103364433,2.527580493972415,1.1573052534035273,0.10840394889766519,0.019807005131786518,2.5525865988297896,1.2614215233109214,0.05
563,0.10358649403566406,0.02039261774293014,2.5236650024141585,1.1591445065680004,0.10854564268480647,0.019132667305794628,2.5573888475244697,1.2767816998741843,0.05
564,0.10383984056257066,0.020506585127718392,2.521535969915844,1.1623579135962896,0.10852532833814621,0.019015738571232014,2.57469426501881,1.2752529382705688,0.05
565,0.10449037009051867,0.020309011984084333,2.556578902971177,1.1723113868917738,0.10806642472743988,0.019634514200416477,2.5729249607432974,1.2540531862865796,0.05
566,0.10342164284416608,0.020084680080236422,2.5417367163158597,1.158391908520744,0.10776745189319957,0.019712519069964237,2.5566675662994385,1.2497651251879605,0.05
567,0.10380074452786218,0.020583440594020345,2.518555311929612,1.1606350172133673,0.10824592276052995,0.019934963434934616,2.548354148864746,1.256548361344771,0.05
568,0.10361731620061965,0.020166897658436073,2.5223843029567172,1.164531504824048,0.1094832718372345,0.019018325108018787,2.5473051938143643,1.2998378764499317,0.05
569,0.10349840191858155,0.020171118367995535,2.515131269182478,1.1635193924109142,0.10834471881389618,0.01941931281577457,2.5601129315116187,1.2664855230938306,0.05
570,0.10318460297726449,0.019843678921461105,2.5309583800179616,1.1606268073831285,0.10820580680261958,0.018989121287383816,2.5453579209067603,1.2752621119672602,0.05
571,0.10380362399986812,0.020063817057581174,2.55439023176829,1.1639180793648674,0.10815122113986449,0.020342891781844875,2.572879574515603,1.2415906895290723,0.05
572,0.10329522973015196,0.020452639664567653,2.519892488207136,1.152873287598292,0.10806254568425092,0.019562922164120457,2.5527341149070044,1.2594456184994092,0.05
573,0.10351512421454702,0.01979797047429851,2.531766732533773,1.1679897194816953,0.10778422856872732,0.019391369751908562,2.553530064496127,1.2571511322801763,0.05
574,0.10351357112328212,0.02077124622606096,2.5292069911956787,1.1490050823915572,0.10833115401593121,0.018649292263117703,2.5414205247705635,1.2853530970486728,0.05
575,0.10352101691422008,0.02017356889943282,2.504919551667713,1.1659650376864843,0.10815471072088588,0.01981486032970927,2.561885855414651,1.2544198415496133,0.05
576,0.10345180492315974,0.020037643367513305,2.542920084226699,1.1596991916497548,0.10861472650007768,0.019212157888845963,2.537848949432373,1.280481598593972,0.05
577,0.10306267706411225,0.02031326364903223,2.503692905108134,1.1542496723788125,0.1084180088205771,0.02003806439990347,2.5266182205893775,1.2622752731496638,0.05
578,0.10349463103782564,0.020316932926930133,2.492860402379717,1.1649818860349201,0.10743555223399942,0.01932514721358364,2.5371900255029853,1.2547700730237095,0.05
579,0.1034740415357408,0.02028569368468154,2.520407171476455,1.159685532251994,0.10885950313373045,0.01876687156883153,2.5231075286865234,1.2972311269153247,0.05
580,0.10310246830894834,0.020627369283742848,2.5018342279252552,1.149135138307299,0.10849111865867268,0.020178399980068207,2.5342632207003506,1.259401722387834,0.05
581,0.1037275805359795,0.020758613633612793,2.5018385364895774,1.1590116265274228,0.10856280882250179,0.02056237149306319,2.5321844057603315,1.25357186794281,0.05
582,0.10342050450188774,0.020219398972888786,2.5081488972618464,1.1623923111529577,0.10867113687775352,0.01842600047927011,2.531472596255216,1.298608194697987,0.05
583,0.10345251627621196,0.019976485143637375,2.5158835535957698,1.1663438904853094,0.10761852901090276,0.01879083373668519,2.549161585894498,1.2667216062545776,0.05
584,0.10354080672065417,0.02055303317805131,2.5257530893598283,1.154604869229453,0.10837404565377669,0.01973479080267928,2.5632730180566963,1.2601305083795027,0.05
585,0.10290636406058357,0.020396681635507515,2.5084998323803855,1.1484936773777008,0.10831987180493095,0.019479314203966747,2.5308115265586157,1.2706488154151223,0.05
586,0.10312732486497789,0.020082071090915372,2.5015101716631936,1.1606030364831288,0.10858336768367073,0.020846466533839703,2.524843150919134,1.2497694004665723,0.05
587,0.10350336010257404,0.02110359041641156,2.502872421627953,1.1474209087235587,0.10803933509371498,0.02056231773035093,2.534007354216142,1.2427388429641724,0.05
588,0.10360701240244366,0.02026797498443297,2.5172474270775202,1.163331265960421,0.10822624239054593,0.019755136560310017,2.5447705658999356,1.260467995296825,0.05
589,0.1035324131094274,0.020883582199790647,2.5180219355083646,1.1493722271351587,0.1086377657272599,0.019162675789134068,2.5438587882302026,1.280730057846416,0.05
590,0.10330725283849806,0.020065540070867256,2.5081997769219533,1.1631942973250435,0.10826827721162276,0.020381960848515682,2.531336936083707,1.2514589428901672,0.05
591,0.10334469023204985,0.02039258157657016,2.5159936121531894,1.1558434452329363,0.10832620615308935,0.019129903563721615,2.5418038801713423,1.2755652557719837,0.05
592,0.10360902423659961,0.02059186374147733,2.517046848932902,1.1569338398320335,0.1087562462145632,0.019576826979490845,2.5372095108032227,1.2761464606631885,0.05
593,0.10380054495873905,0.02050801051691884,2.5222255275363015,1.1614055676119668,0.10796490447087721,0.01968855664811351,2.563939419659701,1.2527390664274043,0.05
594,0.10318970183531444,0.02025368164426514,2.5311863819758096,1.1524831113361178,0.10854229737411845,0.019919197498397392,2.558670845898715,1.2607277848503806,0.05
595,0.10382934801635288,0.020246923058515505,2.529136067345029,1.1658212698641277,0.10815233737230301,0.020255634645846756,2.5625480955297295,1.2454244277694009,0.05
596,0.10353090915651549,0.01970069068262265,2.539936377888634,1.1686170910085951,0.10764656419103796,0.01897059982134537,2.556787230751731,1.262161840092052,0.05
597,0.1040292355631079,0.020565159530157133,2.524765451749166,1.1643284317992983,0.10833658955313942,0.018626703626730225,2.5693381049416284,1.2803300727497449,0.05
598,0.1033556807254042,0.019857488217807952,2.5235268899372647,1.1652584601016271,0.10792933065782893,0.018382281403649937,2.5335710915652188,1.2842267534949563,0.05
599,0.10340704928551402,0.020596956701150963,2.512501801763262,1.153701487041655,0.10841437632387335,0.01966301216320558,2.545474897731434,1.2659323052926497,0.05
600,0.10301999446182024,0.020095906042981716,2.5104726269131614,1.156387216988064,0.1074545302174308,0.0192388424819166,2.529883016239513,1.2583371780135415,0.05
601,0.10345558910852387,0.020530297620488063,2.509056318373907,1.1566945470514751,0.10844930464571173,0.020184741948138584,2.532887003638528,1.2587138522755017,0.05
602,0.10367650006498609,0.020423840398767164,2.513043454715184,1.162444492181142,0.10828903723846782,0.020002655854279346,2.5436190475117075,1.257003822109916,0.05
603,0.10347467678643409,0.020523057962279944,2.526076901526678,1.1538169909091223,0.10762598433277824,0.01874493629756299,2.5604069666429,1.2655395540324124,0.05
604,0.10363982156628654,0.020272988271677776,2.521990724972316,1.162938505411148,0.10858884724703702,0.02063865096054294,2.5346682288429956,1.2520702860572122,0.05
605,0.10346985253549758,0.020469882104191043,2.5127052182242986,1.1574583720593226,0.10909237306226384,0.020427445288408886,2.557790582830256,1.2617404406720942,0.05
606,0.10329427552365121,0.02040857189734067,2.517053660892305,1.1543033293315343,0.10755790295926007,0.01902847559275952,2.552432883869518,1.2601019685918635,0.05
607,0.103167646165405,0.020467975908624276,2.506967720531282,1.1525998612244923,0.10856510156934912,0.019561895592646164,2.526274659416892,1.2748091925274243,0.05
608,0.10327480218949772,0.019973379958953177,2.4948243016288396,1.1670635896069663,0.10730223967270418,0.020259490659968418,2.5316504565152256,1.2345248785885898,0.05
609,0.10332533788113367,0.019474277006728307,2.5163578930355253,1.173749612910407,0.10815541784871709,0.02097813751209866,2.558079892938787,1.2319296002388,0.05
610,0.10312581026837939,0.020466481734599386,2.507730097997756,1.151640528724307,0.10850121080875397,0.02025154097513719,2.532338272441517,1.25852571292357,0.05
611,0.10331832262731734,0.02079897555744364,2.5077628805523826,1.1488343604973383,0.10790778425606815,0.019817119972272354,2.514050006866455,1.2590032761747187,0.05
612,0.10318593166413761,0.02018794020460475,2.5027466331209456,1.1594104965527852,0.10768387331203981,0.01790156748823144,2.534234653819691,1.2887991829351946,0.05
613,0.10339811887769472,0.02008529422095134,2.522889670871553,1.1616785412742978,0.1078537946397608,0.019192094999280842,2.542996189811013,1.264634755524722,0.05
614,0.10291842850191253,0.02028037261750017,2.5032973913919356,1.152101633094606,0.10747707702896812,0.01932619351216338,2.5180329409512607,1.2594111128286882,0.05
615,0.10311802831434068,0.020375930504607304,2.4970039753686812,1.155441159293765,0.10771452432329004,0.01930007143792781,2.5166588696566494,1.2649572654203936,0.05
616,0.10351268982603437,0.020690068779956727,2.5162985722223916,1.1531926762490046,0.10836790027943524,0.02072552981024439,2.5398347594521264,1.2448804378509521,0.05
617,0.10303975499811627,0.020598852452600284,2.495981846536909,1.1496216867651259,0.1083707105029713,0.019390150396661324,2.5267335068095815,1.27426447651603,0.05
618,0.10301880875513666,0.019824253794338022,2.4993205013729276,1.1640269798891885,0.10709370334040035,0.018628953786736183,2.526961326599121,1.2639027400450273,0.05
619,0.10303477357540812,0.020993645746438278,2.4952871175039384,1.1417651275793712,0.1077142906459895,0.020287981764836746,2.520187096162276,1.2444887432185086,0.05
620,0.10323688813618251,0.020589415693566912,2.500619814509437,1.1528254789965493,0.10846713117577812,0.019740606065500866,2.5184504552321,1.2708403955806384,0.05
621,0.10322449764325506,0.020420352307458717,2.497896183104742,1.1565036589191073,0.10841931131753055,0.019279866733334282,2.5319912433624268,1.2763906067067927,0.05
622,0.10326088468233745,0.020661853719502687,2.5219562507811046,1.1475893670604342,0.10816720602187244,0.01930730248039419,2.563498106869784,1.2644984397021206,0.05
623,0.10358431722436633,0.020427997334904614,2.529028688158308,1.1573206441743034,0.10719341852448204,0.01904970043423501,2.5546191172166304,1.2519505620002747,0.05
624,0.10317951103761083,0.020600019865447565,2.513514728773208,1.148886875027702,0.10844692045992071,0.020241221582347698,2.528611009771174,1.2583917487751355,0.05
625,0.10306322663312867,0.02021881044354467,2.5016103301729475,1.1565662523110707,0.10831235755573619,0.02067194286395203,2.5170622088692407,1.2493958364833484,0.05
626,0.10338373375790459,0.020577761810272932,2.4852063201722645,1.1590781665983654,0.10770604894919829,0.01934611069207842,2.5295704278078945,1.261284665627913,0.05
627,0.1032461907182421,0.020530006826101316,2.518604113942101,1.1506028473377228,0.1085514710708098,0.019945275885137646,2.545416225086559,1.2630406509746204,0.05
628,0.10332568202699934,0.020651364011601323,2.499184046472822,1.1536495217255183,0.10824982754208824,0.02067198900675232,2.5355758233503862,1.2444415525956587,0.05
629,0.10340397095396406,0.02067876035081489,2.5053368409474692,1.1534368395805359,0.10805260796438564,0.019839083013886757,2.535130175677213,1.2572444785724988,0.05
630,0.10372762683601607,0.02064018470368215,2.516786155246553,1.1583915991442544,0.10776380788196217,0.019723870791494846,2.558445540341464,1.2491095878861167,0.05
631,0.10341179814367067,0.020379946456246432,2.5307472490129017,1.1544875800609589,0.10815515165979211,0.019410497424277393,2.541846340352839,1.2665237946943804,0.05
632,0.10323098337366468,0.020039111686249573,2.496352576074146,1.1645669099830447,0.10836029797792435,0.019318460148166527,2.5331375165419145,1.2742092175917192,0.05
633,0.10285795001046998,0.020242517592296713,2.496437595004127,1.1530211312430245,0.10822453688491475,0.01895095958289775,2.5157152089205654,1.2823284756053577,0.05
634,0.10355222349365552,0.02066017756061185,2.50975999945686,1.1558889122236342,0.10813590477813374,0.01959893556142395,2.552189501849088,1.2603015032681553,0.05
635,0.10295962205245382,0.0207690420959677,2.4934172460011075,1.1451281607151031,0.1083521463654258,0.020493520762432705,2.5071363232352515,1.2557452591982754,0.05
636,0.10324866448839505,0.020619955534736317,2.482436702364967,1.156086829446611,0.1078998947685415,0.018913441337645054,2.514747207814997,1.2767796462232417,0.05
637,0.10360949628409885,0.02042381035252696,2.511700982139224,1.1613735414686657,0.10825535993684422,0.019657294350591572,2.555024342103438,1.2609564065933228,0.05
638,0.10336289927363396,0.01983281874674417,2.5184843029294695,1.1669047545819056,0.10789552398703316,0.01773233220658519,2.5308896628293125,1.2970858812332153,0.05
639,0.10284428671002388,0.020359098068660215,2.4888623385202315,1.1519312858581543,0.10828033902428368,0.019878224639052696,2.5183093547821045,1.2643804170868613,0.05
640,0.10295833132806279,0.020465104707649777,2.4921893732888356,1.1514266587439037,0.10788937590338966,0.018333514983003788,2.513135888359763,1.2884899973869324,0.05
641,0.10334714253743489,0.020646150467828625,2.5013071185066584,1.1537584293456304,0.10911934280937369,0.020034684968942947,2.557323520833796,1.27022846178575,0.05
642,0.10324062761806306,0.020327101993773664,2.5093261627923873,1.1564052530697413,0.10852507230910388,0.02009959120980718,2.536918184973977,1.2611259818077087,0.05
643,0.10338878950902394,0.01987584496271752,2.523136576016744,1.1656315582139152,0.10765537145462903,0.020320848731154747,2.5435177846388384,1.2379868843338706,0.05
644,0.10309745992223422,0.020770422981253693,2.5090423084440685,1.1447322794369288,0.10741665959358215,0.01892171376808123,2.5328367189927534,1.2633315378969365,0.05
645,0.10302508267618361,0.020417718327648583,2.490312684149969,1.1540847576799846,0.10734626921740445,0.020327855832874775,2.5126135566017846,1.2378455617211082,0.05
646,0.10262504397403627,0.020822393663582347,2.4738121089481173,1.1412905710084098,0.10948210683735934,0.02161194570362568,2.4998362064361572,1.2574359503659336,0.05
647,0.10339293327359926,0.020457957538643053,2.4859028941109065,1.1615189356463296,0.10856699469414624,0.020250332541763783,2.5258760669014673,1.261158054525202,0.05
648,0.10307235856141363,0.020326486899561826,2.5065352065222606,1.1536103657313757,0.10769159414551475,0.019748547368428924,2.524592963131991,1.2539423216472974,0.05
649,0.10302807479387238,0.02071745152629557,2.4917019435337613,1.1478720534415472,0.10884148221124303,0.01988626652481881,2.551402893933383,1.2688237157734958,0.05
650,0.10318314869488988,0.020561432754177423,2.5274699812843684,1.1469403221493675,0.10719340633262288,0.019530617123977703,2.5347126830707896,1.246313208883459,0.05
651,0.10305927285835856,0.020397570383335863,2.4948680571147372,1.154260440951302,0.10793181576512077,0.020010812716050583,2.5287846435200083,1.2526631355285645,0.05
652,0.10309820710903123,0.020514181016811302,2.5024867682229903,1.1511831567400979,0.10736980356953361,0.01988252362405712,2.5393509431318804,1.2418753721497275,0.05
653,0.10315365787772905,0.020760607573070695,2.5107219219207764,1.1457166075706482,0.10798272422768852,0.019764235073869877,2.519557476043701,1.2604582959955388,0.05
654,0.10309896760043644,0.02009258641018754,2.4919360876083374,1.1617403739974612,0.10760306770151312,0.02054513677616011,2.533591227097945,1.2344403862953186,0.05
655,0.10279786391627221,0.02057306774492775,2.487463360741025,1.1470032320136117,0.10786639966747978,0.01997817519374869,2.5037422613664106,1.257016035643491,0.05
656,0.10324081494694665,0.02037152455055288,2.4976846320288524,1.157848881823676,0.10801596465435895,0.019232893362641335,2.530317609960383,1.2695978825742549,0.05
657,0.10317913229976382,0.020597152544983795,2.500527813321068,1.1515340138049353,0.10760427334091881,0.019519593566656113,2.5337496887553823,1.2549436742609197,0.05
658,0.10285253858282453,0.020444915718620733,2.4966078031630743,1.148830886398043,0.10812555727633563,0.019578211517496544,2.5114002878015693,1.2686668796972795,0.05
659,0.10309986894329388,0.01997179879496495,2.491034956205459,1.1643543811071486,0.10814470391381871,0.01969322469085455,2.527492891658436,1.263530969619751,0.05
660,0.10327137350326493,0.020576254686429388,2.499061340377444,1.154090090876534,0.10862103578719226,0.021524338898333637,2.5264204198663887,1.2366498437794773,0.05
661,0.10284808721570741,0.02038770038191052,2.498812573296683,1.1494452172801608,0.10719297758557579,0.018580773337320847,2.5299562324177134,1.2662528103048152,0.05
662,0.10309350579267457,0.020408251278457187,2.5049560637701127,1.1527138849099476,0.1080430732531981,0.019404769197783688,2.5350570895455102,1.2657546563581987,0.05
663,0.10291482330787749,0.020080640956404664,2.492435029574803,1.158196630932036,0.10831544141877782,0.020365418527613987,2.523033012043346,1.2543938485058872,0.05
664,0.10301410087517329,0.020805062947883493,2.4985059670039584,1.144479554323923,0.10761621458963914,0.01957411386749961,2.530527808449485,1.2547364343296399,0.05
665,0.10338373180656206,0.020533086111148197,2.5032858848571777,1.1563557386398315,0.10756305808370764,0.021311474964022636,2.525983116843484,1.219835026697679,0.05
666,0.10298747977330572,0.021018736907059236,2.498223764555795,1.1397301171507155,0.10736668516289104,0.019300663251091133,2.5298561616377397,1.2553491646593267,0.05
667,0.10313250887252036,0.020898792715299697,2.484429961159116,1.1477883160114288,0.10769082063978369,0.01941524852405895,2.504177461970936,1.2646759206598455,0.05
668,0.103230498198952,0.020644377717482194,2.5032473859332858,1.151072913692111,0.10767757621678439,0.019076844423331997,2.526219454678622,1.2667707096446643,0.05
669,0.10318055677981604,0.019963921779500588,2.4962563060578846,1.1650814314683278,0.10861928286877545,0.020959174260497093,2.516643697565252,1.249873405153101,0.05
670,0.10309857928327151,0.020685639542837937,2.486639289628892,1.1509309538773127,0.10801487077366222,0.020075538449666717,2.517675139687278,1.255251640623266,0.05
671,0.10322021692991257,0.020586635163497357,2.4894198292777654,1.1547876639025552,0.10861081020398573,0.01978671499951319,2.5286601239984687,1.2707498398694126,0.05
672,0.1034489559630553,0.020657546596512907,2.5235976491655623,1.1511086282275973,0.10768246650695801,0.019606861455196686,2.5295659845525567,1.2555988972837275,0.05
673,0.10297609049649466,0.02026187282587801,2.5004179193860008,1.1542007681869326,0.10778801752762361,0.018822199834341354,2.5294046835465864,1.2734353759072043,0.05
674,0.10305412060448102,0.020669152161904743,2.4778683072044734,1.1521257034369878,0.10873356596990065,0.020561944016001442,2.493524421345104,1.2647275491194292,0.05
675,0.10308731702112016,0.020679090526841935,2.463543556985401,1.1554558007490068,0.10763458094813606,0.019829715009440075,2.508980252526023,1.2543012499809265,0.05
676,0.10254550973574321,0.020596713315518128,2.4750836292902627,1.1439591816493444,0.1081796098839153,0.02041668783534657,2.500699996948242,1.2551184567538174,0.05
677,0.10315613980804171,0.020585789300856135,2.4884098314103626,1.153725035133816,0.10786288028413599,0.020562821999192238,2.534276615489613,1.239145815372467,0.05
678,0.10317283389823777,0.02091316550615288,2.515009119397118,1.1421915420464106,0.10788995433937419,0.019087561575526543,2.5347824530168013,1.2690913623029536,0.05
679,0.10269514701905705,0.02043010223479498,2.4773838690349033,1.1498241055579412,0.10794775391166861,0.020851446738974613,2.511784488504583,1.2395692196759311,0.05
680,0.10281872979941822,0.02038796596406471,2.4847595351082936,1.1516633530457814,0.1089371530847116,0.020083160308951683,2.500324097546664,1.2770150032910434,0.05
681,0.10321514308452606,0.02103213726409844,2.480383135023571,1.1475834846496582,0.10738322545181621,0.020126390524885872,2.5291774706407026,1.2393012046813965,0.05
682,0.10241483577660151,0.020537955265137412,2.482427704901922,1.14105205592655,0.10746879198334434,0.019751088693737984,2.483663710680875,1.2576213045553728,0.05
683,0.1033466389136655,0.020720650020632007,2.4881518965675715,1.1548893678755987,0.10774882340973074,0.0189244258640842,2.56044695594094,1.2643985152244568,0.05
684,0.1032240463509446,0.020722274624166034,2.5034712893622264,1.1493411674385978,0.10764520073478873,0.018711417998102577,2.534983504902233,1.2716789245605469,0.05
685,0.10290180182173139,0.020243184685352304,2.5220444826852706,1.1487634479999542,0.1077559691938487,0.020531456578861584,2.5231272957541724,1.2398647665977478,0.05
686,0.10305499001627877,0.020284379145041817,2.4969064678464616,1.1560309131940205,0.10754019089720467,0.020463998344811527,2.5396432009610264,1.2335951653393833,0.05
687,0.10299603126588322,0.020334692671895027,2.4872350806281682,1.155779737801779,0.10804875736886804,0.020237755538387733,2.5153269984505395,1.253154624592174,0.05
688,0.10299367138317653,0.020420558839326815,2.4946136758441018,1.152539503006708,0.10744748264551163,0.018664374862882225,2.5252302343195137,1.2706160816279324,0.05
689,0.10288080466645104,0.020531581648226296,2.4790478150049844,1.1511748873052143,0.1084704500707713,0.02034138193862005,2.5077919309789483,1.2610229741443286,0.05
690,0.10327033875953584,0.020474405648807686,2.498815644355047,1.1561555237997145,0.10795030133290724,0.020344715226780285,2.5315088358792392,1.2458099397745999,0.05
691,0.10349759885243007,0.021072831004858017,2.5020676226842973,1.1480818376654671,0.1081071055748246,0.020303720100359482,2.5533591400493276,1.2453958500515332,0.05
692,0.10299311578273773,0.020464258490219003,2.510260650089809,1.1485250209059035,0.10830846970731561,0.02120800494131717,2.5244251598011362,1.2371242208914324,0.05
693,0.1028133203231153,0.020427911342786893,2.4909523611976985,1.1495176993665241,0.10839093137871135,0.020529177886518566,2.5125007846138696,1.254734906283292,0.05
694,0.10263168616663843,0.020708171961208183,2.466138073376247,1.1452426740101405,0.10696373879909515,0.019362633031877605,2.483163768594915,1.255389321934093,0.05
695,0.10312216232220332,0.020558423761810576,2.4693907499313354,1.1573966301622844,0.10854809866710143,0.019610693254931408,2.526547150178389,1.273438648744063,0.05
696,0.10288140443818909,0.020907457186175243,2.491868808155968,1.1411051608267284,0.10802430253137242,0.019493172876536846,2.5136832107197153,1.267885917967016,0.05
697,0.10276684324656214,0.020614585240504572,2.475932541347685,1.1478586438156309,0.10785024816339667,0.019921394403685223,2.514419577338479,1.2556931322271174,0.05
698,0.10265567614918664,0.020404240160825707,2.4862570876166936,1.147777265026456,0.10770786214958537,0.01900045649910515,2.497085918079723,1.2747309424660422,0.05
699,0.10317851993299666,0.020954325795173645,2.4600456839516047,1.1524747510751088,0.10805210267955606,0.020676013759591362,2.4967461065812544,1.248172570358623,0.05
700,0.10298261418938637,0.02038364959437223,2.4857355526515414,1.1548321828955697,0.10763361237265846,0.01972093509340828,2.5263353261080654,1.2529864636334507,0.05
701,0.10302881346572013,0.02004020678855124,2.503074435960679,1.159157239255451,0.10757714035836133,0.01922231971878897,2.5274871696125376,1.2615989609198137,0.05
702,0.10289156738491285,0.020387343618841397,2.484928085690453,1.1530988358315968,0.10706062818115408,0.019032553769648075,2.5143403790213843,1.2576934153383428,0.05
703,0.10297051888136637,0.020223123908397696,2.4979260932831537,1.155362681263969,0.10773133689706976,0.019965508360077034,2.5270071029663086,1.2499151175672358,0.05
704,0.10281631563391004,0.02030615016285862,2.483924354825701,1.1534184146495092,0.10857989842241461,0.02224631184204058,2.493825240568681,1.227906655181538,0.05
705,0.10297358319872901,0.0208097984349089,2.4746711140587214,1.148341471240634,0.10700203342871233,0.019384141503409905,2.5095863342285156,1.2504405921155757,0.05
706,0.10333390427487237,0.020756681183619157,2.490170813742138,1.1535103008860634,0.10790879685770381,0.02071918242356994,2.5374774716117163,1.23629676211964,0.05
707,0.10318048599930037,0.02053796998890383,2.5080080316180275,1.151248717591876,0.10801617394794118,0.019417135468260807,2.5466830947182397,1.2626441012729297,0.05
708,0.10294038305679958,0.020232439551147677,2.4834815717878795,1.1574625429652987,0.1085722500627691,0.02089699086817828,2.4912002736871894,1.2552651112729853,0.05
709,0.10239649954296294,0.02088599359350545,2.4685592424301874,1.1364982709998177,0.10864192044193094,0.020707286555658688,2.488853194496848,1.2609220472249119,0.05
710,0.10296336029257093,0.02060232963413,2.4722106683821905,1.1527784637042455,0.10700880736112595,0.019836359572681515,2.513410676609386,1.2407668016173623,0.05
711,0.10278342273973283,0.020517985646923382,2.493895559083848,1.1465296404702323,0.10792575912042097,0.01989278138022531,2.5204869400371206,1.2565621679479426,0.05
712,0.102693667724019,0.02049551314363877,2.4824797198885964,1.147467126448949,0.10783451727845451,0.020468397489325565,2.5146584077314897,1.244390682740645,0.05
713,0.10270053520798683,0.02042197050260646,2.4918853044509888,1.147194219487054,0.10757297412915663,0.020476223223588684,2.5081148581071333,1.2403120615265586,0.05
714,0.10291393544702303,0.020407243942221005,2.47230186916533,1.1556734471094041,0.1077008071270856,0.019548412751067768,2.497670455412431,1.2635138089006597,0.05
715,0.10296376776837167,0.020460134061674278,2.4902901649475098,1.152014638696398,0.10759922049262306,0.01850467048246752,2.5163363976912065,1.278623716397719,0.05
716,0.10317612102343923,0.020846944790156113,2.472085436185201,1.1521664205051603,0.10846026580442082,0.01974073585800149,2.5081709298220547,1.2727564519101924,0.05
717,0.1029076191286246,0.02098242903039569,2.4808785631543113,1.1423280792576926,0.10820688104087656,0.019273502836850556,2.5192392522638496,1.274819710037925,0.05
718,0.10297127547008651,0.02070187863760761,2.498817966097877,1.145624340999694,0.10864814438603142,0.020823689685626465,2.537496870214289,1.2489897066896611,0.05
719,0.10289154680711883,0.020358802484614507,2.4929445527848744,1.1520659710679735,0.10804568231105804,0.020224812186577103,2.5057066570628774,1.2552760243415833,0.05
720,0.10273514652536028,0.02088231531282266,2.48078297433399,1.1409000229267847,0.10670504041693428,0.01905945527621291,2.5213667045940054,1.2486383373087102,0.05
721,0.10255973573241915,0.02032423493940206,2.4777570565541587,1.1491585998308091,0.10750106383453716,0.019887334159152073,2.490344524383545,1.2542056495493108,0.05
722,0.10260705401500066,0.020462102190192257,2.464922791435605,1.1499144591036297,0.1071759733286771,0.019101461056958546,2.5200992931019175,1.2574703639203852,0.05
723,0.10285127056496483,0.020929789724981503,2.4808246975853327,1.142264684041341,0.10809455744244835,0.02002695253626867,2.5290950645099985,1.2555330937558955,0.05
724,0.10295994349178814,0.020537124813667366,2.484613197190421,1.1515337172008695,0.10772569816220891,0.020370031029663303,2.5116733854467217,1.244778654792092,0.05
725,0.10319959194887252,0.02105328520493848,2.489798687753223,1.1449663965474992,0.10765801505608992,0.018882666037163952,2.5310726165771484,1.2692924683744258,0.05
726,0.10326207837178594,0.020067120392230294,2.497933796473912,1.164312408083961,0.1081612530079755,0.01909543607722629,2.530482357198542,1.2752198793671348,0.05
727,0.10267504482042222,0.02033256675072369,2.5001821574710665,1.1468131159033095,0.10785833881659941,0.02002435727891597,2.519229151985862,1.2528337944637646,0.05
728,0.10321357154420444,0.02046441031797301,2.484814450854347,1.1580203062012082,0.10759314623746005,0.02070576866919344,2.540145375511863,1.2297184575687756,0.05
729,0.10306766540521667,0.020580563428146497,2.5148139113471624,1.1467792491118114,0.10740566998720169,0.02034823918207125,2.52405630458485,1.2363373583013362,0.05
730,0.10296295742903437,0.020788353180424088,2.4904156923294067,1.1454089425858998,0.1067001846703616,0.019409530880776318,2.513007164001465,1.2432116324251348,0.05
731,0.10296153117503438,0.02048708230168337,2.490129482178461,1.1514630658285958,0.10792627795176073,0.02042406661943956,2.515999533913352,1.24684430252422,0.05
732,0.10255992235172362,0.020715638729078428,2.480854113896688,1.1407148412295751,0.10724428770217029,0.01992893498390913,2.49547063220631,1.247212908484719,0.05
733,0.10265414008782023,0.020210885487142064,2.4721719537462508,1.1544306817508878,0.1076078631661155,0.019709638912569393,2.5207842696796763,1.253807625987313,0.05
734,0.1026218066967669,0.020602713693820295,2.4874746175039384,1.1428869182155246,0.10856478187170895,0.02085087685422464,2.513154159892689,1.2516472773118452,0.05
735,0.10297153109595888,0.020867454242848214,2.477154192470369,1.146650688988822,0.10763502933762291,0.020185324786738915,2.5011990503831343,1.2487542683427983,0.05
736,0.10293116047978401,0.021099212335511333,2.4709769090016684,1.1424435873826344,0.10905444554307243,0.020004266873002052,2.5144279219887475,1.2781179709867998,0.05
737,0.10275898022311074,0.020405467732676437,2.487112675394331,1.1496476985159374,0.1075377342375842,0.01958216845311902,2.505367170680653,1.2580378434874795,0.05
738,0.10252090862819127,0.020148790618848233,2.478596426191784,1.151723066965739,0.10792802274227142,0.02024826356633143,2.4990005926652388,1.253795087337494,0.05
739,0.10318679912459283,0.020977574067988565,2.4859728075209118,1.146989950111934,0.10829046707261693,0.02048497274518013,2.5325030413540928,1.249609264460477,0.05
740,0.10222512660991578,0.02013014638352962,2.4900690146854947,1.1438857856250944,0.10743415491147475,0.019331381740895184,2.509555838324807,1.2601442770524458,0.05
741,0.10271159878798894,0.020099457841189133,2.486197437558855,1.1550033248606182,0.10906951061703941,0.022168081084435635,2.5038825165141714,1.2372520836916836,0.05
742,0.10243608039759454,0.02070617631432556,2.4586701960790727,1.1428640428043546,0.10709075155583295,0.020062551241029392,2.4827370643615723,1.2440165606412021,0.05
743,0.10314707599935077,0.02106203389398399,2.4635941357839677,1.148982013974871,0.10796821862459183,0.019887604835358532,2.525651368227872,1.2564819563518872,0.05
744,0.10291309228965215,0.020156889200387967,2.5242697511400496,1.1502701044082642,0.10745864632454785,0.01901914526454427,2.5390514460476963,1.2609797499396584,0.05
745,0.10255323900353341,0.019977410235220476,2.4968882458550588,1.1521389200573875,0.10803909328850833,0.020460297946225513,2.5361880389126865,1.2443382848392834,0.05
746,0.10311561485841161,0.020556042813474222,2.5079435280391147,1.149602736745562,0.10740128769115968,0.0202408739450303,2.5132945234125312,1.2405493638732217,0.05
747,0.10267834897552218,0.02063970724564223,2.461088004566374,1.1485552120776403,0.10724532604217529,0.019844969141889702,2.4883757071061567,1.2503319816155867,0.05
748,0.10279444764767375,0.020716488206138212,2.4763597136452082,1.1462872255416143,0.10754822397773917,0.019937560554932465,2.525215755809437,1.2471701015125622,0.05
749,0.10276405992252487,0.020557181820982977,2.477912181899661,1.1485551269281478,0.1078167503530329,0.019710524769669228,2.501073057001287,1.2619098804213784,0.05
750,0.1027053999049323,0.020434906151855274,2.4767540125619796,1.1500590571335383,0.10691021653738889,0.019659607247872787,2.5123941681601782,1.242533347823403,0.05
751,0.10299302371484893,0.020814867601508184,2.472786068916321,1.1490059069224767,0.10741531171581963,0.01978173293173313,2.5156338214874268,1.2495447668162258,0.05
752,0.1024770016471545,0.020459928261559634,2.481008467220125,1.1441397808846974,0.10753083567727696,0.020280665802684696,2.498943502252752,1.2452147223732688,0.05
753,0.10260638772022157,0.020481619673470657,2.4622906105858937,1.1500372290611267,0.107628117908131,0.019962324337525802,2.496955698186701,1.2539246840910478,0.05
754,0.10255037851276852,0.020383436676292194,2.4768051476705644,1.1479777707940055,0.1074709106575359,0.019293861886994404,2.528261661529541,1.2578886422243984,0.05
755,0.10288870512020021,0.020734647821102823,2.4764747733161565,1.1477861886932736,0.10713754594326019,0.02025360461663116,2.491367231715809,1.2394053881818599,0.05
756,0.10238276794552803,0.020353287502768495,2.475728222302028,1.145443958895547,0.10753296383402565,0.021064696918157013,2.495637676932595,1.230237765745683,0.05
757,0.10294266080572492,0.02079798851073498,2.4647644587925504,1.1499405545847756,0.10809793052348224,0.019948484545404262,2.5033954056826504,1.262309881773862,0.05
758,0.10246132846389498,0.020499850889401778,2.470605731010437,1.1451084060328347,0.10804231668060477,0.021207360550761223,2.499022440476851,1.2368946400555698,0.05
759,0.10249863298875946,0.020812843327543566,2.468256558690752,1.1400644679864247,0.10823127695105293,0.020553185858509758,2.488017949191007,1.2559582157568498,0.05
760,0.10260763994994618,0.020832579316837446,2.434241317567371,1.1486529424076988,0.1076616949655793,0.020870673724196175,2.4780532230030405,1.2402097637003118,0.05
761,0.10254862461061705,0.021030288522264788,2.465823281378973,1.1372020712920599,0.10727019878950986,0.019700546325607735,2.502540870146318,1.250884847207503,0.05
762,0.10298337964784532,0.020628877582826784,2.470832597641718,1.152923501673199,0.10739196972413496,0.019117970696904442,2.5134240063753994,1.262795177373019,0.05
763,0.10260924696922302,0.02080623370905717,2.476379808925447,1.1407843019281114,0.10780128227038817,0.02153429033404047,2.498025330630216,1.2257347702980042,0.05
764,0.10297946986697969,0.02072626602880302,2.4724388746988204,1.1505762906301589,0.10796867175535722,0.02100642905993895,2.510315851731734,1.2371816635131836,0.05
765,0.10234569988790013,0.020662622437590643,2.4596567210696993,1.1417301935808999,0.10762684114954689,0.019549731673164802,2.4883538376201284,1.2638713934204795,0.05
766,0.10285741764874685,0.021119614264794757,2.4510960351853144,1.1445368514174508,0.10702940618449991,0.019127116961912674,2.485149383544922,1.261015859517184,0.05
767,0.10233934241391364,0.020177034993789027,2.460691525822594,1.1511078349181585,0.10705745084719225,0.020454730838537216,2.4857312765988437,1.2349081310358914,0.05
768,0.10240376953567777,0.020923244988634473,2.4516014882496426,1.1392901724293119,0.10725875334306197,0.019921841607852417,2.475988648154519,1.2515404712070117,0.05
769,0.10258678914535613,0.020433976758448852,2.44644342150007,1.1537675289880662,0.10779722441326488,0.02166627466001294,2.4844284707849678,1.225733307274905,0.05
770,0.10249856043429602,0.020347953862732367,2.4603949104036604,1.1509331450575875,0.10770016366785223,0.020112378776750782,2.4879192005504263,1.254171837459911,0.05
771,0.10258294641971588,0.020662747766999973,2.4603551512672786,1.1463329380466825,0.10761587186293169,0.018946636298840695,2.493210944262418,1.2747425382787532,0.05
772,0.10269481724216825,0.020344029335925978,2.483137840316409,1.1503881783712477,0.10706986622376875,0.018435137515718288,2.526196934960105,1.2674551551992244,0.05
773,0.1022956326958679,0.02004693424151767,2.4917018810908,1.1466335781982966,0.10650099272077734,0.020013676024973392,2.5281619158658115,1.2241139574484392,0.05
774,0.10243502862396694,0.020676553803717808,2.474115842864627,1.1403463099684035,0.10775444047017531,0.020460538227449764,2.507485498081554,1.2443809184161099,0.05
775,0.10263157529490334,0.020824380152459656,2.485167350087847,1.139110423269726,0.10761994868516922,0.019978269257328728,2.496714310212569,1.2534907243468545,0.05
776,0.1028956359341031,0.020484404860153085,2.4629030908857072,1.1556439782891954,0.10781056095253337,0.019330382601104,2.4902032071893867,1.271562933921814,0.05
777,0.10272097835938136,0.021158277145808653,2.4605161462511336,1.1391507912249792,0.10804488035765561,0.021156922321427952,2.5013061436739834,1.237497947432778,0.05
778,0.10286965735611461,0.02043654669874481,2.468041567575364,1.1550539008208685,0.10794226622039621,0.018989672291685234,2.5048893798481333,1.2780739881775596,0.05
779,0.10276367657241367,0.02062696668629845,2.4793276332673573,1.1468686589172907,0.10795163363218307,0.019216687333854763,2.5087497017600318,1.2729489911686291,0.05
780,0.10208459766138167,0.02076714820716353,2.4563941160837808,1.1350701678366888,0.10790696740150452,0.021418918093497104,2.483533729206432,1.2330542315136304,0.05
781,0.10246748282086282,0.020505710194508236,2.4479179949987504,1.149651852392015,0.10704873434521935,0.019542693583802742,2.4830045916817407,1.253519892692566,0.05
782,0.10260519615951039,0.021054655801327454,2.4536822807221186,1.14027434303647,0.10739032450047406,0.02029231453145092,2.4965281919999556,1.2426545349034397,0.05
783,0.10285733977244013,0.020580892805897054,2.4857909963244484,1.1483707215104784,0.10708956149491397,0.019487706605683674,2.5145488435571846,1.2491273554888638,0.05
784,0.10256907911527724,0.02078423604723953,2.476607396489098,1.1403754027116866,0.10723841054873033,0.020458659157156944,2.4871759848161177,1.2381598461758008,0.05
785,0.10261915837015424,0.020494940247209298,2.4582278444653465,1.1508387894857497,0.1080228943716396,0.019677507098425518,2.4773173982446846,1.271444250236858,0.05
786,0.10247002240447771,0.020675939330387683,2.452054727645147,1.1454707313151586,0.1079910472035408,0.019718208265575497,2.489011461084539,1.267654462294145,0.05
787,0.10265598676743962,0.02033304984104775,2.4634361437388828,1.1537714983735765,0.10796725749969482,0.018337155268950897,2.503670193932273,1.2918680256063289,0.05
788,0.1026548081565471,0.020485482644289732,2.468649012701852,1.1496567073322477,0.10664689879525792,0.020414951342073353,2.50402324849909,1.2238342816179448,0.05
789,0.10299495944664591,0.0205791495696065,2.477441049757458,1.1528279767149971,0.10775801065293225,0.02121726508167657,2.5060577392578125,1.2296033393252979,0.05
790,0.10322051353397824,0.020854270595702388,2.472153362773714,1.1528941662538619,0.10761796276677739,0.019420845264738255,2.5165191780437124,1.2606385296041316,0.05
791,0.10288214506137938,0.019993512248176904,2.5008921452930997,1.1575942025298165,0.10755147446285594,0.019654371013695545,2.5328368923880835,1.2513746944340793,0.05
792,0.10238736353459812,0.020364255223068454,2.49514791511354,1.141432571978796,0.1071946079080755,0.02003088847480037,2.5191890543157403,1.2394365397366611,0.05
793,0.1024260822506178,0.02069636904412792,2.471117229688735,1.1403708131540389,0.10735627128319307,0.01913290504704822,2.4966309504075483,1.2651411132379011,0.05
794,0.10255904531195051,0.02052859119361355,2.4624039956501553,1.1481282810370128,0.10826219076460059,0.018443523228845814,2.5063028552315454,1.295112750746987,0.05
795,0.10240513866855985,0.02023869819406952,2.4767903430121287,1.1479707473800296,0.10800964046608318,0.019121350381862034,2.4953540455211294,1.2786949493668296,0.05
796,0.1028457386862664,0.021097099253286917,2.4795288188116893,1.1390669970285325,0.10780731249939311,0.017984140156344933,2.517468885941939,1.2929696603254839,0.05
797,0.10203673264810018,0.020239127622473808,2.4540059112367176,1.145150894210452,0.10854203253984451,0.021297744390639393,2.4759871742942114,1.2496883327310735,0.05
798,0.10285466998105958,0.020870517141052654,2.4710715271177746,1.1454687544277735,0.10662809082052925,0.019665535370057278,2.4959242560646753,1.2400662628087131,0.05
799,0.10262058568852288,0.02075047143513248,2.4636870338803245,1.1446648722603208,0.10687072575092316,0.01892182044684887,2.4931657964533027,1.260344917123968,0.05
800,0.1026102565228939,0.020486382501465932,2.47425605569567,1.1476262580780756,0.10722732814875516,0.019425270740281452,2.50314846905795,1.2554114298387007,0.05
801,0.10268625528329894,0.02040350984870678,2.473311736470177,1.1509925510202135,0.10867597433653745,0.020907443016767502,2.511470903049816,1.2530764612284573,0.05
802,0.10261614017543338,0.020505534751074656,2.469956488836379,1.148220805894761,0.10692048343745145,0.01908165504309264,2.4808724143288354,1.2606020894917576,0.05
803,0.10270752101427033,0.020713459079464275,2.4478387719108943,1.1503134823980785,0.10741077024828304,0.019264716062356125,2.486154382879084,1.2656901641325518,0.05
804,0.10298807954504377,0.02072252319859607,2.4836824110576083,1.148574636096046,0.10924778269095854,0.020144051110202617,2.548204465345903,1.272433725270358,0.05
805,0.10263163188383692,0.01980014322769074,2.5210114547184537,1.1524274689810616,0.10711067576300014,0.020543905821713535,2.51711427081715,1.2279125289483503,0.05
806,0.10253540550669034,0.02032175274299724,2.48040501276652,1.1481920353003912,0.1074162945151329,0.019067022526128727,2.5180514509027656,1.2633751414038918,0.05
807,0.1024566949123428,0.020572620399651072,2.472463386399405,1.143188795873097,0.1074248193339868,0.019625344144349747,2.498589125546542,1.2562716386534951,0.05
808,0.10263247912128766,0.020600375231532825,2.4557719173885526,1.1494876799129305,0.10783899033611472,0.019761188463731247,2.4841969229958276,1.2647166360508313,0.05
809,0.10285600434456553,0.02074398146942258,2.4624394178390503,1.1497525700501032,0.10808683999560097,0.01922382473606955,2.506561821157282,1.275947933847254,0.05
810,0.102322316772881,0.02036918770699274,2.478920056706383,1.1432785704022361,0.10783152349970558,0.01988500246608799,2.494849833575162,1.2599604292349382,0.05
811,0.1024558072288831,0.020619951499005158,2.4459409713745117,1.1475289165973663,0.10795500400391492,0.020686369389295578,2.4590023430910977,1.2535721497102217,0.05
812,0.1027826535559836,0.020158805773549136,2.4598315329778764,1.1605106365113032,0.10730395804752003,0.0189778030088002,2.5051747018640693,1.265488158572804,0.05
813,0.1023485277380262,0.02074974145562876,2.445119397980826,1.142951834769476,0.10777654160152782,0.021082619289782913,2.472551779313521,1.2393681081858547,0.05
814,0.10308114492467471,0.02063705191193592,2.446801151548113,1.1595216308321272,0.10724525424567136,0.01922332952645692,2.4886043071746826,1.2627176317301663,0.05
815,0.10239880354631514,0.020660037440913066,2.4565595274879817,1.1434634044056846,0.10790144787593321,0.021071484820409256,2.474890362132679,1.241621196269989,0.05
816,0.10286285745955649,0.02083700473996855,2.439636712982541,1.1525897142432986,0.10688505254008553,0.02032464708794247,2.4608212167566474,1.2390438860112971,0.05
817,0.10246869868465833,0.02111229296064093,2.4337783540998186,1.140372438090188,0.10809368911114606,0.019715454598719425,2.4747941493988037,1.2726058580658652,0.05
818,0.10255112676393419,0.02099712057748721,2.4441532010123845,1.142249469246183,0.10746702416376634,0.019686686044389553,2.4817951809276235,1.2592477148229426,0.05
819,0.10256420200069745,0.020896267545010363,2.438960523832412,1.1455665982904888,0.10769503292712299,0.02068517551842061,2.473546266555786,1.2454879067160867,0.05
820,0.1026378156883376,0.021092488740881283,2.454366371745155,1.1400332479249864,0.10760639066045935,0.019507291980765083,2.497363740747625,1.2625092267990112,0.05
821,0.10217069497420675,0.020718906961736224,2.4549707741964433,1.1380415927796137,0.1070978743108836,0.019525275396352463,2.469775156541304,1.2574969042431225,0.05
822,0.10236753966836702,0.02056951672282247,2.4520938964117143,1.1455416494891757,0.10722224414348602,0.0196700453419577,2.482109481638128,1.2546220475977117,0.05
823,0.10213315486907959,0.02060209112685351,2.4384513468969438,1.1429310157185508,0.10796986588022926,0.02139339189637791,2.4768951589410957,1.2361504110423,0.05
824,0.10214007308795339,0.020540526336325065,2.4541949317568825,1.1411519476345606,0.10699490931901065,0.02073736040090973,2.480358904058283,1.2290791544047268,0.05
825,0.10238329321146011,0.02108395398993577,2.4460974647885276,1.136767286629904,0.10751178454269063,0.01954161926088008,2.475181146101518,1.2643670493906194,0.05
826,0.10274103283882141,0.020568675893758024,2.4417806466420493,1.1550910132271903,0.10749397494576195,0.019078775055029175,2.4913842244581743,1.2700271606445312,0.05
827,0.1026431829446838,0.020855955823901155,2.467729239236741,1.142198688927151,0.10709027607332576,0.020668862810866398,2.490060632879084,1.230416102842851,0.05
828,0.1025449459751447,0.020444251286486786,2.449228212946937,1.1521682441234589,0.1072746142745018,0.02098023993047801,2.487683968110518,1.2283506718548862,0.05
829,0.10262515679711387,0.021139159776447786,2.455711983499073,1.1385775364580608,0.10815925015644594,0.01901714385233142,2.488944660533558,1.285053171894767,0.05
830,0.10235852446584474,0.02034344140528923,2.44408541066306,1.1514845802670433,0.1074732779101892,0.018943363123319366,2.486653674732555,1.2732675779949536,0.05
831,0.10263385268903914,0.020974356525888044,2.4720102491832914,1.1387878840877896,0.10785390978509729,0.021438943814824928,2.4924292997880415,1.2298134131865068,0.05
832,0.10253151382009189,0.020760096720464173,2.470618179866246,1.141304687375114,0.10662520270455968,0.01922340530224822,2.494014631618153,1.2492330074310303,0.05
833,0.10219534309137435,0.02046226741125186,2.441975553830465,1.146266410748164,0.10718825527212837,0.019736484370448372,2.4556684494018555,1.257901744409041,0.05
834,0.10268077183337439,0.020882907035272746,2.4564786638532365,1.1446615585259028,0.1080153455788439,0.020546849224377762,2.493779247457331,1.2506140687248923,0.05
835,0.10261372760647819,0.020347614728269122,2.4672406173887707,1.1518741008781253,0.10698759420351549,0.019243843768807976,2.5007164478302,1.2547317255627026,0.05
836,0.10267694383150056,0.020556803992284194,2.460180322329203,1.1503667192799705,0.10699905522845009,0.019691641442477703,2.5208241072568027,1.2419834462079136,0.05
837,0.10258198156952858,0.02062684466086683,2.479269124212719,1.1432489057381947,0.10737994855100458,0.018919647586616604,2.483588868921453,1.2724882201714949,0.05
838,0.10234112966628302,0.020816693038103126,2.446160923866999,1.1412565438520341,0.10710004649379036,0.01959588471800089,2.466260086406361,1.2568312233144587,0.05
839,0.10254226394352459,0.02031396808368819,2.44282253015609,1.156001404637382,0.10802559148181569,0.021038594317029823,2.4789720231836494,1.2439455389976501,0.05
840,0.10244445147968474,0.021069849619553202,2.4563200757617043,1.1362280121871404,0.10748606987974861,0.020241043615070255,2.5027392344041304,1.2443526549772783,0.05
841,0.10262647235677355,0.0207355523348919,2.4569235302153087,1.146433676992144,0.1072913645343347,0.02014705640348521,2.480233170769431,1.2468395016410134,0.05
842,0.10263584039750553,0.020793166987243154,2.452526336624509,1.1463481755483718,0.10793667963959953,0.021068554202264004,2.508594599637118,1.2356435764919629,0.05
843,0.1025756091943809,0.020698444895623697,2.49425592876616,1.1386920838128953,0.10783568905158476,0.021402956833216278,2.5140155878933994,1.2258514924482866,0.05
844,0.10269286022299812,0.02096076835212963,2.4795507533209666,1.138731688261032,0.10826446657831018,0.02094067040492188,2.508756225759333,1.2447246746583418,0.05
845,0.10193417398702531,0.020686592086262647,2.4565576939355758,1.1336400977202825,0.10738425227728757,0.021027446470477364,2.480011896653609,1.2311337319287388,0.05
846,0.10293991899206525,0.021230152076376334,2.460837824004037,1.1420277839615232,0.1071770963343707,0.01975505519658327,2.504820476878773,1.2474766969680786,0.05
847,0.10215560595194499,0.020784264829541956,2.4583012490045455,1.1357665700571877,0.10686988993124528,0.019363381899893284,2.476932027123191,1.2547437169335105,0.05
848,0.10217467376164027,0.020733769827832777,2.434302500316075,1.1419575711091359,0.10785226727073843,0.0214300909164277,2.4688364375721323,1.2346762418746948,0.05
849,0.1026330893593175,0.0207287109944792,2.4545519124893915,1.1471771725586482,0.10677858103405345,0.02029456892474131,2.4903062040155586,1.2316189733418552,0.05
850,0.10228932010275978,0.020926573358121373,2.46080295812516,1.1350943403584617,0.10856191543015567,0.02046410874886946,2.4850480556488037,1.264946547421542,0.05
851,0.10243328518810726,0.020422232115552538,2.4454654114586964,1.151127958581561,0.10719948803836649,0.020237306302244015,2.4565477154471655,1.2479340921748767,0.05
852,0.10267595645217668,0.020362811185242163,2.456599394480387,1.154943014894213,0.10770214755426753,0.020831861448558895,2.5032313737002285,1.236759435046803,0.05
853,0.10218825829880578,0.02077228045978007,2.4681023188999722,1.1346991189888544,0.10794596103104678,0.019863474267450245,2.5036861246282403,1.2609125050631436,0.05
854,0.10295527357430685,0.02093909802802262,2.45888458547138,1.1485465977873122,0.10754028978672894,0.01989930106157606,2.4819213043559682,1.2564354972405867,0.05
855,0.10206521125066847,0.020795617274762618,2.443445364634196,1.1367027972425734,0.10694521597840569,0.01953335360369899,2.479970693588257,1.2522431124340405,0.05
856,0.10212605446577072,0.020218406781731618,2.4422685702641806,1.1496992253121876,0.10731476003473456,0.02024326981468634,2.4750493439761074,1.2464199391278354,0.05
857,0.10262542040575118,0.020504027427661987,2.4670443591617404,1.1490189816270555,0.10796825113621625,0.021224073727022518,2.4869250384244053,1.2374985380606218,0.05
858,0.10280008206055277,0.02062087526012744,2.4547845919926963,1.1526271956307548,0.10655289820649406,0.020069021731615067,2.498031269420277,1.230071246623993,0.05
859,0.1024886215371745,0.02059904062410905,2.4648220595859347,1.1448271898996263,0.10626340860670264,0.019114668989046055,2.4967185367237437,1.2436310811476274,0.05
860,0.10274425556971914,0.02050039411655494,2.467643153099787,1.1513485638868242,0.10738046602769331,0.021034276959570972,2.4887448007410224,1.2291748306967996,0.05
861,0.10214853907624881,0.020259086796570392,2.45156573113941,1.1474758897508894,0.10667209801348773,0.019045320678163658,2.483272292397239,1.2558810927651145,0.05
862,0.10255166444750059,0.020858309364744594,2.4518587589263916,1.1434953383037023,0.10789008709517392,0.020494408058849247,2.4847647710279985,1.2509606209668247,0.05
863,0.10229684057689849,0.02081494840482871,2.4422575405665805,1.1411863352571214,0.10845324058424342,0.020691919394514778,2.4843665686520664,1.2583531032909046,0.05
864,0.10249684751033783,0.020942947649884792,2.4579923493521556,1.1394795037451244,0.10712021521546623,0.01965671091933142,2.4926797476681797,1.250734101642262,0.05
865,0.10278209529462315,0.02036651348074277,2.465626915295919,1.1551862557729085,0.10709497942165895,0.019674801352349194,2.4944433949210425,1.2495148669589649,0.05
866,0.10210323990100906,0.02094461325378645,2.4603683040255593,1.1310988551094419,0.10709397020665082,0.019816746257922867,2.483823299407959,1.2487798116423867,0.05
867,0.1028135097807362,0.02083118683436797,2.4723652317410423,1.1451734006404877,0.10750228234312752,0.01901482587510889,2.5178702527826484,1.2661750750108198,0.05
868,0.10255310400610879,0.020395305584229174,2.484070442971729,1.1463418574560256,0.10702630877494812,0.019747000610963863,2.4845748381181196,1.2486711523749612,0.05
869,0.10235731658481416,0.02053050175752668,2.442161191077459,1.148104061683019,0.10685283758423546,0.020627835257486862,2.4741182544014673,1.229676360433752,0.05
870,0.10221196551408086,0.020744889752850645,2.4538186504727317,1.1385777649425326,0.1070920466022058,0.018815085376528175,2.481190703131936,1.2693010406060652,0.05
871,0.10203483275004796,0.0208559395257561,2.4430011056718373,1.1349776216915675,0.10672745244069533,0.020188852636651558,2.4662094332955102,1.2375300851735203,0.05
872,0.1022275709325359,0.020546847133941594,2.4310222069422402,1.1474100181034632,0.1073550974780863,0.020388612608340653,2.459382187236439,1.2474532506682656,0.05
873,0.10240421355480239,0.02082961458446724,2.4469626801354543,1.142099441516967,0.10675331950187683,0.01965642161667347,2.4847690625624224,1.244984139095653,0.05
874,0.10246675550228074,0.020760685138936554,2.439319900103978,1.1462574274767012,0.10752995921806856,0.021218520335175774,2.453626350923018,1.2355034676465122,0.05
875,0.10240937042094413,0.021196092146315744,2.430592167945135,1.1381471213840304,0.10799751566214995,0.020898544144901363,2.4850346825339575,1.2449724240736528,0.05
876,0.10204583956372171,0.02011321469520529,2.447406519026983,1.1491711962790716,0.10708818042820151,0.020203317938880486,2.449091066013683,1.2478790337389165,0.05
877,0.10225686324494225,0.020949232369838727,2.4383345388230824,1.1384857155027843,0.10778938030654733,0.020676607943393967,2.48514892838218,1.245225640860471,0.05
878,0.10246281432253974,0.020455192929754656,2.462466909771874,1.1476590519859677,0.10657088729468259,0.01953475685282187,2.4912202141501685,1.24247853864323,0.05
879,0.1027830574838888,0.020431557891979105,2.4638232787450156,1.1542653143405914,0.10762821273370222,0.019831255501644177,2.4903190569444136,1.2578753232955933,0.05
880,0.10216459525482995,0.02072481516127785,2.4399882838839577,1.1407979499726069,0.10748299549926411,0.01961650208316066,2.4641967686739834,1.2644905014471575,0.05
881,0.10250108866464525,0.020726892964116166,2.432157419976734,1.149052428347724,0.10752626373009248,0.02039629373360764,2.485406268726696,1.2455181208523838,0.05
882,0.10212764640649159,0.02018154343767535,2.4480330773762295,1.149315432423637,0.10678162425756454,0.019139433787627655,2.4773957946083764,1.2573646361177617,0.05
883,0.10259554056184632,0.020605586203081266,2.4435813824335733,1.1510827910332453,0.10816424272277138,0.02045362019403414,2.464339017868042,1.2613446766679937,0.05
884,0.10223176986688659,0.020527651200869253,2.422862177803403,1.1495099323136466,0.10787280378016559,0.0206881043585864,2.468504017049616,1.249993172558871,0.05
885,0.1025962559949784,0.02055407732370354,2.4470999184108915,1.151423570655641,0.10710604692047293,0.019394540566612373,2.4817103906111284,1.2578880353407427,0.05
886,0.10254666794623647,0.020598993747539464,2.4448353279204595,1.14998640474819,0.10730547322468324,0.019091466526416214,2.4704695398157295,1.2701862075112083,0.05
887,0.10245817065948531,0.02071669664500015,2.437104520343599,1.1474085677237738,0.10752627863125368,0.020849863151935013,2.4624174508181484,1.2410448301922192,0.05
888,0.10235146291199185,0.02089013886593637,2.4515220437731062,1.138922047047388,0.10679644549434836,0.019960114563053303,2.476769967512651,1.2413726449012756,0.05
889,0.1023105996705237,0.0202954941251803,2.4337812832423618,1.1535458692482539,0.10788669098507274,0.019474229182709347,2.4609229998155073,1.2760646234859119,0.05
890,0.1022138088231995,0.02096985573215144,2.446098736354283,1.1356592958881742,0.10754107480699365,0.0192085343667052,2.488315603949807,1.2689876664768567,0.05
891,0.10221906432083674,0.021228531486399117,2.4398229178928195,1.1318460773854029,0.10652559995651245,0.019747162153097717,2.4611641710454766,1.2433358918536792,0.05
892,0.10232717206790334,0.02050702524415794,2.439898763384138,1.1484231494721913,0.10793722895058719,0.02129465544765646,2.473209511150013,1.2382095943797717,0.05
893,0.10257056178081603,0.021065217021497943,2.4402146282650174,1.1420639810108004,0.10656086355447769,0.01943635991351171,2.482479203831066,1.245994204824621,0.05
894,0.10260631285962604,0.020676217707140104,2.4623225132624307,1.14613738656044,0.10649907047098334,0.019625681621784515,2.4790272495963355,1.2416622909632595,0.05
895,0.1022079579886936,0.020602605150391657,2.426899376369658,1.1467271688438596,0.10729126767678694,0.021109744229099968,2.447834621776234,1.2340635386380283,0.05
896,0.10255164103139014,0.020617575828163398,2.440723867643447,1.150536528655461,0.10784211212938483,0.019622585651549427,2.4824376539750532,1.2679029811512341,0.05
897,0.10211158366430373,0.021000564785762912,2.4410905894779025,1.1340022456078303,0.10655202310193669,0.01983280386775732,2.4646253152327104,1.241459315473383,0.05
898,0.10219871181817282,0.020472838077694178,2.440784670057751,1.1463605080332075,0.10763005844571373,0.01971543241630901,2.4649298841303047,1.2653065648945896,0.05
899,0.10233251395679656,0.020685907120683363,2.4272488071804954,1.147482373884746,0.10709582540121945,0.020103658464821903,2.4865235848860308,1.2425385876135393,0.05
900,0.10213675509606089,0.021061592890570562,2.4498353117988225,1.1315361701306843,0.1070271147923036,0.020779385739429432,2.4698203043504194,1.2309905182231555,0.05
901,0.10237389749714307,0.020860218199058658,2.4371104581015453,1.1428515045415788,0.10722241076556119,0.019972823475572197,2.4903846003792505,1.2469148202375933,0.05
902,0.10201142036489078,0.0204899554983491,2.4580121608007524,1.1388268683637892,0.1070816997777332,0.021288554099473087,2.474574565887451,1.2209480079737576,0.05
903,0.10229951267441113,0.020794085847834747,2.4340065036501204,1.143307231721424,0.10739474675872109,0.020193954675712368,2.4659035205841064,1.2508351369337602,0.05
904,0.10185595247007552,0.02070295526867821,2.4475416172118414,1.1335516004335313,0.10743893208828839,0.0204731093888933,2.461913065476851,1.2469338287006726,0.05
905,0.10248671046325139,0.0205672915492739,2.4377343314034596,1.1508415043354034,0.10718126120892438,0.01945019775832241,2.479593732140281,1.2587025382302024,0.05
906,0.10262671183972132,0.02075067801134927,2.460910513287499,1.1453385480812617,0.10710829089988362,0.01950443476777185,2.533502795479514,1.24537654356523,0.05
907,0.10238646449787277,0.020616590954540742,2.4771156935464766,1.1399743145420438,0.10764694755727594,0.02225116758861325,2.482893163507635,1.2113369649106807,0.05
908,0.10279403680137225,0.021564524598597062,2.4479601156143915,1.134998198066439,0.10821143334562128,0.020896553485230965,2.4857075214385986,1.2491560740904375,0.05
909,0.10191008998524576,0.020623104691150643,2.4423527887889316,1.137269146385647,0.10683000900528648,0.019471907818859272,2.4439405744726006,1.2583739053119312,0.05
910,0.10215953223052479,0.020509340334683657,2.4219105470748175,1.1486217294420515,0.10729480873454701,0.02073061406951059,2.4705020731145684,1.2371834950013594,0.05
911,0.10198831664664405,0.020884509597505842,2.433522179013207,1.1353716935430254,0.10795654898340051,0.020928049968047577,2.446898113597523,1.251190353523601,0.05
912,0.10228212497064046,0.020908239386266188,2.415543482417152,1.144369016091029,0.10661739178679207,0.020326331596482883,2.471192403273149,1.2315827066248113,0.05
913,0.10193133992808205,0.020905340666927043,2.4359025898433866,1.1333394589878263,0.10712452300570229,0.020237948068163612,2.4556726325641978,1.2465969757600264,0.05
914,0.10213815562781833,0.02045848471156898,2.4158230225245156,1.150428797517504,0.10706317966634576,0.021173181181604214,2.4548229520971123,1.226835397156802,0.05
915,0.10267082069601331,0.021275943056458517,2.444855797858465,1.138926381156558,0.10716688971627843,0.020339287140152672,2.4784851507707075,1.2408549785614014,0.05
916,0.10191268668997855,0.020842066766428097,2.436348182814462,1.1341427536237807,0.1065092384815216,0.019823503934524277,2.4582067402926358,1.2420733462680469,0.05
917,0.10219071840956098,0.02083373466683995,2.4271367220651534,1.1417123320556821,0.10757567665793678,0.020682070234959774,2.4556930498643355,1.2467335300012068,0.05
918,0.1021033495309807,0.021008725987658614,2.4229238828023276,1.137307693560918,0.10727427425709637,0.020919751883907753,2.464969439940019,1.2340965650298379,0.05
919,0.10271088725754193,0.021604373408037992,2.4190622454597834,1.1383178347632998,0.10730304975401271,0.020928582176566124,2.4402111660350454,1.2394471114332026,0.05
920,0.10238020530059225,0.02109006643738775,2.4399867228099277,1.1378054051172166,0.10796686126427217,0.02110215335745703,2.4903347275473853,1.2392272028056057,0.05
921,0.10241025757221948,0.020536451800061122,2.452323618389311,1.1470113751434146,0.10742317749695345,0.01986782845448364,2.47647027535872,1.2558129592375322,0.05
922,0.10249285648266475,0.02116635228906359,2.4404724949882146,1.1384355936731612,0.1087878251617605,0.02084186893295158,2.4808473153547808,1.262749650261619,0.05
923,0.10188781895807811,0.020165514289623217,2.4578831309363958,1.142869465407871,0.10776037180965597,0.01999719466336749,2.4902066967704077,1.2572221918539568,0.05
924,0.10196045023344812,0.0207917991848219,2.445087784812564,1.1343554499603452,0.10827390375462445,0.022381659343161366,2.4646151932803066,1.224921855059537,0.05
925,0.10183211788535118,0.02162096977588676,2.409979757808504,1.1222270202069056,0.10754409432411194,0.021278462288054554,2.4359237280758945,1.2381279143420132,0.05
926,0.10218784177587145,0.02090653641858981,2.435469156219846,1.1385322922752017,0.1075440530072559,0.019669440828941086,2.4582502408461138,1.2658421830697493,0.05
927,0.102204532318172,0.021188667177089622,2.432335240500314,1.133850240991229,0.10694609176028859,0.020147313194518738,2.4977052211761475,1.2364345463839443,0.05
928,0.10239263978742418,0.020710326975122803,2.4605740138462613,1.1415314433120547,0.1069726435975595,0.020909966054287823,2.4822452068328857,1.2248045097697864,0.05
929,0.10254228327955518,0.02091163361356372,2.45514224256788,1.1415845453739166,0.10700514099814674,0.019347619349983605,2.4921214797280054,1.2547261281446977,0.05
930,0.10236576873631704,0.020862749467293423,2.457070963723319,1.1386461882364183,0.10785646330226552,0.019828971814025532,2.4714538184079258,1.2662590687925166,0.05
931,0.10303658335691407,0.02107165039827426,2.4512030453909013,1.1490580382801237,0.10640458423982967,0.01977617632259022,2.491562778299505,1.2342556010593067,0.05
932,0.10234787776356652,0.020167403965301457,2.452515647524879,1.1531063445976801,0.10750163211063905,0.02045557935806838,2.5027198141271416,1.2403770901940085,0.05
933,0.1024280625085036,0.02083115658855864,2.456642156555539,1.1406096943787165,0.10722192309119484,0.020512702282179485,2.46925180608576,1.2403340285474604,0.05
934,0.10184843235072635,0.020435736802894445,2.4407772847584317,1.1400984681787945,0.10703537951816212,0.020005513067272575,2.4757128195329146,1.2454547611149875,0.05
935,0.10224346266615958,0.0211116120751415,2.4387978655951366,1.1348774305411748,0.1073033708063039,0.02067940453575416,2.4774244265122847,1.2369944561611523,0.05
936,0.10248901677273568,0.021079551118115585,2.427920869418553,1.142605137257349,0.10670455545186996,0.02037136180495674,2.4447374777360396,1.2377163876186719,0.05
937,0.10249731246204603,0.020917885182868867,2.436392931711106,1.1443099634987968,0.10698061639612372,0.01949047517370094,2.4736390980807217,1.2550749995491721,0.05
938,0.10210085766656059,0.020617119990111815,2.4295914400191534,1.1437564563183558,0.10680484568530862,0.019652257419445297,2.4493927738883277,1.2531731833111157,0.05
939,0.10241907320561863,0.020722637839970134,2.435193731671288,1.1468899434521085,0.10716119340874931,0.021078402430496433,2.484110788865523,1.2248336618596858,0.05
940,0.10210596291082245,0.020755710678973367,2.4450726338795254,1.1379904888925099,0.10668360170992938,0.01932065502147783,2.471730253913186,1.252912862734361,0.05
941,0.10162922349714097,0.02061103628061357,2.430831642377944,1.1341973912148249,0.10657848011363637,0.019492233341390438,2.445562557740645,1.2526124228130688,0.05
942,0.10222317508998371,0.02027855416582454,2.4301947298504056,1.1528534647964297,0.10770904882387682,0.02009627544744448,2.4821740063753994,1.2558206753297285,0.05
943,0.10260859930089541,0.021112429865059398,2.4568161510285877,1.1385601503508431,0.10699126666242426,0.019332703372294254,2.498094775459983,1.253552258014679,0.05
944,0.10256438471731685,0.02117884125826614,2.465826233228048,1.1345456143220265,0.10726114227013155,0.020596756345846436,2.483991731296886,1.2364893718199297,0.05
945,0.10207832870738846,0.0205598359794489,2.443375576110113,1.1416947472663153,0.10653303495862267,0.019587652165104042,2.4809657443653452,1.242714453827251,0.05
946,0.10216058524591583,0.020783128194688333,2.449469430106027,1.1376552297955467,0.10859932005405426,0.02137964896180413,2.4896312193437056,1.2464671460064976,0.05
947,0.10202484116667793,0.021125885768837872,2.440357656705947,1.1299075654574804,0.10723866996440021,0.020104480907320976,2.4516638842496006,1.2523509589108555,0.05
948,0.10211859519282977,0.02061462528737528,2.431188044093904,1.1438417832056682,0.10675634443759918,0.01924596396698193,2.4896811788732354,1.252271365035664,0.05
949,0.10217810102871486,0.02093827835328522,2.4415397360211326,1.1364885000955491,0.10701685872944919,0.02108083792369474,2.4670389999042857,1.225312596017664,0.05
950,0.10229094911898885,0.02083380427211523,2.4549853063765026,1.1381458058243705,0.10697830332951112,0.018923279575326225,2.502804084257646,1.260539640079845,0.05
951,0.10254161450124923,0.020827838308399634,2.4552374397005354,1.1432280327592577,0.10653022338043559,0.0198843034661629,2.468326048417525,1.239253212105144,0.05
952,0.10179578300033297,0.021022337045343148,2.4385585387547812,1.1277572101070767,0.10626295208930969,0.019295400093224915,2.461952491240068,1.246960531581532,0.05
953,0.1020990636731897,0.020876273690235047,2.4198802482514155,1.1404797590914226,0.1078405197371136,0.019707122478972782,2.4540898366407915,1.271849968216636,0.05
954,0.10246134797732036,0.020766629770930325,2.429642331032526,1.1479658966972714,0.10720647126436234,0.019691431217572906,2.481302499771118,1.2540402683344753,0.05
955,0.10234149101944197,0.02130523088964678,2.4667803730283464,1.1273691242649442,0.10729645734483545,0.020185287449170242,2.480037580836903,1.2462158799171448,0.05
956,0.10237743705511093,0.02120302032147135,2.4337780362083796,1.136732735804149,0.10677749799056487,0.019635607742450455,2.484010349620472,1.2460357384248213,0.05
957,0.10247386991977692,0.021097682882100344,2.4550264108748663,1.1365184386571248,0.10735760222781789,0.020177518694915554,2.4863366213711826,1.246334357695146,0.05
958,0.10230171485316186,0.020262492998015313,2.4599207526161555,1.1488002652213687,0.10743645510890266,0.020888296463950115,2.4957448569211094,1.2318141893907026,0.05
959,0.10204879371892839,0.020654661847012385,2.455326806931269,1.1368172736394972,0.10634899681264703,0.019660814326595177,2.4729973402890293,1.239164184440266,0.05
960,0.10250028435673032,0.020456452610059864,2.458651412101019,1.149146332627251,0.10756006159565666,0.02059836626391519,2.5028154199773613,1.2386708042838357,0.05
961,0.10216871347455751,0.02068703896587803,2.4590829497291926,1.1378169059753418,0.10738335143436085,0.020488251085308464,2.5035248669711025,1.2371970306743274,0.05
962,0.1020096308063893,0.02073729033803656,2.451687069166274,1.1351093791780018,0.10716070099310442,0.019303987141359936,2.460330139506947,1.2650682059201328,0.05
963,0.10185459096516881,0.02099503647713434,2.4184946105593728,1.1334921348662603,0.10771375894546509,0.020615871826356106,2.4522897980429907,1.2514997666532344,0.05
964,0.102439438835496,0.020913650193029924,2.4290067979267667,1.1447144150733948,0.10761091113090515,0.020929011262275955,2.455291574651545,1.2425796497951855,0.05
965,0.10210738916482244,0.021271643982756706,2.4154803469067527,1.1336188245387304,0.10673242604190653,0.019491044719788162,2.4543947956778784,1.2539486397396435,0.05
966,0.10199429680194173,0.020934937410943565,2.4241825398944674,1.1363506785460882,0.10648684474554929,0.020592905665663155,2.4548060677268286,1.2269175431945107,0.05
967,0.10214705481415703,0.021109450386748427,2.426090473220462,1.1355339870566414,0.1067988168109547,0.019180212423882702,2.4463893716985528,1.2630942138758572,0.05
968,0.10233501788406145,0.020935107443836472,2.420238006682623,1.1439506170295535,0.10652940923517401,0.02120181918144226,2.472148396752097,1.2121220881288701,0.05
969,0.10249197624978565,0.021605812944471836,2.4513755582627796,1.1274481429940177,0.10740530761805447,0.019461511041630398,2.4783324111591685,1.2632094079797918,0.05
970,0.10241211471813065,0.02082518669998362,2.45223339398702,1.1412918681190127,0.10650918700478294,0.019885963590984993,2.504658113826405,1.2315327796069058,0.05
971,0.1022319243777366,0.02096144797369128,2.4419039601371404,1.1370287225359963,0.10690406574444337,0.02018939983099699,2.465729973532937,1.2411472905765881,0.05
972,0.10186049217979114,0.02082502061412448,2.4367723067601523,1.1333549647104173,0.10625809024680745,0.019256452860480004,2.453011404384266,1.249430461363359,0.05
973,0.10208772956615403,0.021148539059573694,2.435416499773661,1.1317005114895957,0.10649206218394366,0.018923474137078632,2.4742101539265025,1.2565296996723523,0.05
974,0.1021273849265916,0.020466734433457964,2.427209348905654,1.1477711371013097,0.10682876340367577,0.020488883707333694,2.458671201359142,1.2350634119727395,0.05
975,0.10212461614892596,0.02074023453696143,2.447320921080453,1.1382234224251337,0.10671335052360188,0.019978507167913696,2.484628742391413,1.2377710667523472,0.05
976,0.10160542918103081,0.020986269183811686,2.421130134945824,1.1281571672076272,0.10720807178453966,0.0198606090112166,2.4068006818944756,1.2655890854922207,0.05
977,0.10197747534229643,0.021294554229825735,2.412192486581348,1.1312199093046642,0.10687734186649323,0.019441593099724163,2.462265383113514,1.256261858073148,0.05
978,0.10229796561456862,0.02068355329157341,2.4472169762565974,1.1428448515278953,0.10694143447009,0.01994290812449022,2.494534210725264,1.2410637031901965,0.05
979,0.10219268926552363,0.020586547752221424,2.4486194167818343,1.1423989477611722,0.10708021440289238,0.01950044540519064,2.45986253565008,1.2596228881315752,0.05
980,0.10187799465798196,0.02096222456367243,2.420095983005705,1.13429618591354,0.10755576464262875,0.020118038000708275,2.4485349438407202,1.2590475732629949,0.05
981,0.10210247284599713,0.021025986632420904,2.4170023770559403,1.1381292527630216,0.10752964087507942,0.02011017882349816,2.455750898881392,1.2572390762242405,0.05
982,0.10201990125434739,0.020743777908916985,2.423702501115345,1.1407819659936995,0.1065937267108397,0.02108425706286322,2.4640813090584497,1.2173731327056885,0.05
983,0.10188994095439002,0.020922385732687655,2.440701728775388,1.1312107472192674,0.10665365308523178,0.020618710666894913,2.4720106341622095,1.2262967066331343,0.05
984,0.1022212782076427,0.021211214651841493,2.4369544812611172,1.1328103953883761,0.10663775083693591,0.02020101494748484,2.4707524342970415,1.2345842014659534,0.05
985,0.10237683249371392,0.02104687114201841,2.441558803830828,1.138287467615945,0.10675236447290941,0.020112333141944626,2.485044240951538,1.235791796987707,0.05
986,0.10236107983759471,0.020670891340289797,2.4534443957465037,1.143114876179468,0.10772918503392827,0.020367844538255173,2.466587630185214,1.2539092789996753,0.05
987,0.10250218780267806,0.02074489483077611,2.4508156379063926,1.1449827154477437,0.1087200018492612,0.022403732111508198,2.495837753469294,1.2271578691222451,0.05
988,0.10242500706087976,0.020893092023297435,2.44593836580004,1.1414506364436376,0.10613187944347208,0.020057138055562973,2.458864515477961,1.229721887545152,0.05
989,0.1023429495592912,0.02075001071872456,2.443012930098034,1.143256181762332,0.10785627839240161,0.020778696391392838,2.4811400283466685,1.2453235929662532,0.05
990,0.10212955836738859,0.020701010622793718,2.433962118057978,1.1417785315286546,0.1073630533435128,0.020789169198410076,2.464859268882058,1.2385058294643054,0.05
991,0.10181909675399463,0.020731724399541105,2.4339958259037564,1.134948267823174,0.10730694031173532,0.01949068836190484,2.4527877244082363,1.2657674984498457,0.05
992,0.10193352081945964,0.020957954383144777,2.4098307405199324,1.1375451712381273,0.1066995310512456,0.01867929846048355,2.4520434466275303,1.269995927810669,0.05
993,0.10222124468003001,0.02056303655817395,2.4383630582264493,1.145491544689451,0.10632254047827287,0.019507426175881516,2.469864390113137,1.242329402403398,0.05
994,0.10198678182704109,0.020459279218422517,2.432252770378476,1.1440994994980949,0.10673008588227359,0.01989082255485383,2.477895910089666,1.241206098686565,0.05
995,0.10242402056852977,0.0207711861114062,2.4411520617348805,1.1448262617701577,0.10632182657718658,0.01968718066134236,2.46259221163663,1.2401744398203762,0.05
996,0.1018997256954511,0.020718833209858054,2.431281254405067,1.1373615875130607,0.10682736472650008,0.02029165354642001,2.4473014094612817,1.2412538853558628,0.05
997,0.102231643561806,0.02124088712125307,2.4143611249469576,1.136942894685836,0.10635611753572118,0.019609155133366585,2.4512183232740923,1.2446955767544834,0.05
998,0.10232837320793242,0.020965434566494964,2.433285747255598,1.140601627883457,0.10723918337713588,0.020404403436590324,2.4596447294408623,1.244766647165472,0.05
999,0.10250422074681237,0.020557138891447158,2.437009470803397,1.1515397159826188,0.10755151645703749,0.01957246745851907,2.4687224951657383,1.2658364556052468,0.05
1000,0.10170052998832294,0.02041362234879108,2.4242458911169145,1.1408889719418116,0.10783876004544171,0.020804839886047623,2.435176459225741,1.2536431009119207,0.05
1001,0.10229560963454701,0.021170497650191897,2.4085283960614885,1.1407965435868217,0.10720520195635883,0.019541979682716457,2.4426289905201304,1.2647386464205654,0.05
1002,0.10203768206494195,0.02090187652391337,2.4154109898067655,1.139633915254048,0.10637318275191567,0.020595906386998566,2.4483696113933218,1.2258715954693882,0.05
1003,0.10184960120490619,0.020885125467819825,2.407462727455866,1.1377969809940882,0.10672319003126839,0.019969383762641388,2.4459922313690186,1.245877656069669,0.05
1004,0.10184747672506742,0.020997970032372644,2.434346306891668,1.1301208620979672,0.1069996404376897,0.019795116883787243,2.4425123821605337,1.2555879462849011,0.05
1005,0.10182056682450431,0.020781091791355892,2.416173282123747,1.1375548314480555,0.10665517571297559,0.01969528841701421,2.4354246963154185,1.252112784168937,0.05
1006,0.10194917608584676,0.02083436113649181,2.4099580617178056,1.1403046676090784,0.1077016910368746,0.01933579350059683,2.4458143494345923,1.2781550667502664,0.05
1007,0.10227259621024132,0.021003908300328823,2.4293336187090193,1.1395070155461628,0.10703734850341623,0.01991647464985197,2.4566867568276147,1.251080106605183,0.05
1008,0.10275351947971753,0.021176787714163463,2.4308565968558904,1.1453633024579002,0.10704758356917989,0.020245542749762535,2.471917520869862,1.2416572895917026,0.05
1009,0.1018667480065709,0.020840609889654887,2.4477059159960066,1.130981567360106,0.10622753609310497,0.01915937408127568,2.457719781182029,1.2498192570426248,0.05
1010,0.10202257140051751,0.02041206704009147,2.4233633563632058,1.1475374216125125,0.10719324987043034,0.01971642825413834,2.45852932063016,1.2578305764631792,0.05
1011,0.1018625387833232,0.02019072567955369,2.4405076787585305,1.1453347021625155,0.106998433443633,0.021542804485017605,2.4568661126223477,1.217739376154813,0.05
1012,0.10235468493331046,0.021267170130851724,2.430704184940883,1.1356094479560852,0.10671619325876236,0.019101144491948864,2.464761582287875,1.2593486363237554,0.05
1013,0.1019887099308627,0.02075665062736897,2.446020688329424,1.1354370471977053,0.10657960176467896,0.019438366998325695,2.4653083194385874,1.2497630281881853,0.05
1014,0.1019313418794246,0.02099451855091112,2.4166847467422485,1.1353995076247625,0.10687756741588766,0.020682335407896477,2.4513204314491968,1.2336405136368491,0.05
1015,0.10241348189967019,0.02127692045732623,2.4287771383921304,1.1369757780006953,0.10657257654450157,0.020017107186669655,2.4824436144395308,1.2346206632527439,0.05
1016,0.10242744854518346,0.02040629539017876,2.4536133891060237,1.1497003734111786,0.10655823146755045,0.019882632419466972,2.4990684552626177,1.233698303049261,0.05
1017,0.10178154689215478,0.020338405588907853,2.450376039459592,1.1387876116094136,0.10647718540646813,0.019829444417899304,2.4530801556327124,1.2423387549140237,0.05
1018,0.10173174047044345,0.020682944494876124,2.405493690854027,1.1398771774201166,0.10740871185606177,0.02024804140356454,2.4163201505487617,1.259949348189614,0.05
1019,0.10156421753622237,0.020673418506270365,2.3818154335021973,1.1414528900668734,0.10689591887322339,0.019459473985162647,2.425139080394398,1.26370108127594,0.05
1020,0.10214317820611454,0.02122865439880462,2.4274152290253412,1.1328074165752955,0.10720125111666592,0.021026270294731312,2.4574282386086206,1.2320139624855735,0.05
1021,0.10215270483777636,0.021117439072224357,2.4135095675786338,1.1380033762682051,0.10676189715212042,0.02016752738166939,2.464425650509921,1.2390022277832031,0.05
1022,0.10219289894614901,0.020648300847304717,2.4222033194133212,1.1464512788114094,0.10834736647931012,0.02177404629235918,2.4508350762453945,1.2412993853742427,0.05
1023,0.1019698471895286,0.020806652094636644,2.404517866316296,1.1423603253705161,0.10728945176709782,0.01944156422872435,2.4577483480626885,1.2654080661860378,0.05
1024,0.10217926544802529,0.020579798391000145,2.4269886868340627,1.1465916080134255,0.10715738954869183,0.019712047482078724,2.4508045369928535,1.2587459412488071,0.05
1025,0.10211749729656037,0.02107606515554445,2.418467152686346,1.1371352048147292,0.1066029965877533,0.02084979872134599,2.4659581617875532,1.221872329711914,0.05
1026,0.10139840929990723,0.02036090155265161,2.4172465744472684,1.1373008219968705,0.10705865242264488,0.020879638465968044,2.453225005756725,1.2329352660612627,0.05
1027,0.10187831769386928,0.020946860490810303,2.428565116155715,1.1329161127408345,0.10642470622604544,0.019531558352437885,2.4414020018144087,1.2495825561610134,0.05
1028,0.10219754775365193,0.020794602088807596,2.4232406389145624,1.143410793372563,0.10646905072710731,0.019953592934391716,2.4484019496224145,1.2406287626786665,0.05
1029,0.10244075900741986,0.021029784122393244,2.439450973556155,1.1403293027764274,0.10683436082168059,0.020102011886509983,2.5185956087979404,1.2309278629042886,0.05
1030,0.10153790989092418,0.02045353628428919,2.4361195337204706,1.1344635571752275,0.10695358298041603,0.0196865178136663,2.4107171188701284,1.2631978555159136,0.05
1031,0.10229717124076117,0.020772446656510943,2.3937157960165116,1.1517513351781028,0.10653026063333858,0.020036208528009327,2.460377714850686,1.2378054803067988,0.05
1032,0.10214067800413995,0.02092512652632736,2.435846902075268,1.1371416449546814,0.10689725455912677,0.02038110868835991,2.467379158193415,1.2368470647118308,0.05
1033,0.1019212876756986,0.02059396697829167,2.436563735916501,1.139233654453641,0.1069146685979583,0.01964603660797531,2.467404690655795,1.251891710541465,0.05
1034,0.10187974483484313,0.020862190119389976,2.430198249362764,1.1343114418642861,0.10699474540623752,0.018685283054682342,2.465163924477317,1.2731564261696555,0.05
1035,0.10213862838489669,0.02068494608448375,2.4442361139115834,1.1402264038721721,0.10672562501647255,0.018930524418299847,2.4608108563856645,1.263739824295044,0.05
1036,0.10207503040631612,0.020721422818799812,2.4298795064290366,1.1410962314832778,0.10676714574748819,0.020448267036540943,2.4614856893366035,1.2340804175897078,0.05
1037,0.10174387657926195,0.021052370823564984,2.415520395551409,1.1307260379904793,0.10697045380418951,0.0209057554602623,2.4194622473283247,1.2374014908617192,0.05
1038,0.10258412485321362,0.02112734229082153,2.4152782474245345,1.146079998640787,0.10733236372470856,0.020419184626503425,2.4631429585543545,1.2456349784677678,0.05
1039,0.10192015376828965,0.020358437472688302,2.428158374059768,1.1456026477473122,0.10656382075764916,0.021409686908803204,2.4492932883175937,1.213224015452645,0.05
1040,0.10187662446073123,0.020723676530732996,2.41300938810621,1.1404570908773513,0.1062089976939288,0.019558993083509533,2.4468963146209717,1.2436207695440813,0.05
1041,0.1021176746913365,0.021317785650136926,2.4058235316049483,1.1348330733321963,0.10665172744881023,0.02020387182181532,2.4468960111791436,1.2395778786052356,0.05
1042,0.10250450511063848,0.021221304112779244,2.433721837543306,1.1389196373167492,0.10670503161170265,0.02029155423356728,2.4658254926854912,1.235104425386949,0.05
1043,0.10245988943747111,0.02112907443993858,2.429907736324129,1.1406347297486805,0.10720882632515648,0.020667331462556667,2.464370922608809,1.2379556731744246,0.05
1044,0.10230724194220134,0.020482483364286878,2.4318020400546847,1.1501347564515614,0.10690325159918178,0.01929313266141848,2.4776305935599585,1.2566762133078142,0.05
1045,0.10226423807796978,0.021050081011794862,2.4341725678670976,1.1374486429350716,0.10626631433313544,0.019406382841142742,2.4800703092054888,1.2411845488981768,0.05
1046,0.10225537383840197,0.020366768685302565,2.468813969975426,1.1440093034789676,0.10622322762554343,0.019327506846324963,2.4842024499719795,1.2410739280960776,0.05
1047,0.10185167707857631,0.020939828074049382,2.4269791273843673,1.1328411457084475,0.10691374201666225,0.020403704944659363,2.435160853646018,1.2431685274297541,0.05
1048,0.1022935484846433,0.021125097138186295,2.404683510462443,1.1424323348771959,0.10690502619201486,0.019844084470109505,2.428203734484586,1.2555780790068887,0.05
1049,0.10184460204272043,0.021182170847342127,2.4053820825758434,1.1321722027801333,0.10706104947762056,0.01985659407959743,2.4370990883220327,1.2566692720759998,0.05
1050,0.10208251682065782,0.021638698853729738,2.411957553454808,1.1264848510424297,0.10671636868606914,0.020790280266241593,2.435603683645075,1.2314010208303279,0.05
1051,0.10215348927747636,0.021109952724405696,2.41408752259754,1.1380532284577687,0.10615538534792987,0.020773372528227894,2.4477726762945,1.2180857279083945,0.05
1052,0.10148165197599501,0.021248480859434322,2.409117727052598,1.122839873745328,0.10715755007483742,0.019815624522214585,2.4277073686773125,1.2612970200451938,0.05
1053,0.10174452619893211,0.020707797702579273,2.392687928108942,1.142196991613933,0.10681173340840773,0.019337058913978664,2.441251104528254,1.2612432458183982,0.05
1054,0.10187540167853945,0.02083916139478485,2.430552391778855,1.1346143186092377,0.10715267333117398,0.019412635825574398,2.436506748199463,1.2674993818456477,0.05
1055,0.10205492182146936,0.02114716221001886,2.4138443980898177,1.1353863094534193,0.10644423284313896,0.0202433384785598,2.4653754234313965,1.2309427911585027,0.05
1056,0.10179829650691577,0.020470747502431982,2.433098900885809,1.139931204773131,0.10735134170813994,0.021882612427527256,2.4435109225186435,1.2206723960963162,0.05
1057,0.10163369508726257,0.02105137568321966,2.410392579578218,1.1295678601378487,0.10702804746952924,0.02027099139311097,2.456319483843717,1.2438772104003213,0.05
1058,0.10191845663246654,0.020872243103526887,2.4255603097733998,1.135812188897814,0.10692071372812445,0.02061348577791994,2.4486978487534956,1.23640498789874,0.05
1059,0.1020123657016527,0.02129503164351696,2.427194913228353,1.1289076904455821,0.1060406972061504,0.019136443903500385,2.4552161693573,1.2470418214797974,0.05
1060,0.1020204426632041,0.020759889323796545,2.4108856348764327,1.1430339146228063,0.10750573738054796,0.021395532752979885,2.4386596246199175,1.2344721664081921,0.05
1061,0.10216934712869781,0.020913140426966407,2.4213750930059526,1.1408491063685644,0.10701046477664601,0.02094407913021066,2.458788763393055,1.2295699173753911,0.05
1062,0.1020795005772795,0.02104234937134953,2.424933842250279,1.1357562400045849,0.10618159784512086,0.017801389267498798,2.4575208750638096,1.276099979877472,0.05
1063,0.10186893439718656,0.02027411459546004,2.428810863267808,1.1461342147418432,0.10708384554494511,0.020478709939528595,2.4685039086775347,1.23840192231265,0.05
1064,0.10208246821448916,0.02110093357484965,2.430701800755092,1.1334903169245947,0.10706527463414452,0.021228626116432926,2.4649777629158716,1.22373736446554,0.05
1065,0.10186326202182543,0.02082903969234654,2.407271067301432,1.1392302172524589,0.1077531251040372,0.020369215445085007,2.4458878257057886,1.2585006139495156,0.05
1066,0.10214627392235257,0.020592682662286928,2.4086062964938937,1.1493505651042575,0.10678540644320575,0.020421578633514317,2.434373465451327,1.2404018423774026,0.05
1067,0.10250503942370415,0.0212159475444683,2.4248184703645252,1.14081814459392,0.10678698935291984,0.020847855813123962,2.4614974802190606,1.2264831391247837,0.05
1068,0.1022526781473841,0.021421955255348058,2.42247245992933,1.1321199436982472,0.10668726942755959,0.019311872056939385,2.4422839988361704,1.2590511603788896,0.05
1069,0.10249729135206767,0.020765129720703476,2.417516969499134,1.1511398128100805,0.10653882270509546,0.019286556254056366,2.45164756341414,1.2547158219597556,0.05
1070,0.10151693845788638,0.020910967207912887,2.4126011700857255,1.1295992107618422,0.10676953399723227,0.020841082388704472,2.4050983515652744,1.2375493428923867,0.05
1071,0.10181322427732604,0.0211482961617765,2.3966506776355563,1.133968418552762,0.10727453976869583,0.020294996655800125,2.4295831376856025,1.2536742036992854,0.05
1072,0.10208646970845404,0.02094275344695364,2.401820432572138,1.1425102296329679,0.10637136074629697,0.02011335658078844,2.443528262051669,1.2364543838934465,0.05
1073,0.10236179119064695,0.020379305639792056,2.437433651515416,1.1521629903997694,0.10607373375784267,0.02018032493916425,2.4826173132116143,1.221344687721946,0.05
1074,0.10214817843266896,0.020767178541670244,2.4544115350359963,1.1367376815705073,0.10646327381784265,0.018874318338930607,2.4683177037672563,1.2581155787814746,0.05
1075,0.10150950987424169,0.020614625087806156,2.4223909888948714,1.1334194881575448,0.10589591346003792,0.020302699201486328,2.4222751530733975,1.2274092598394915,0.05
1076,0.101980985807521,0.020658118694665887,2.3979299806413197,1.1468713397071475,0.10696578229015524,0.020417482338168404,2.4511079571463843,1.2407443794337185,0.05
1077,0.10200753453231994,0.020741813705258426,2.4406237261635915,1.137189656496048,0.10716387764974074,0.01990296547724442,2.482898083600131,1.2486385865644976,0.05
1078,0.1018404137520563,0.02051336160816607,2.417043935684931,1.143132256610053,0.10683935406533154,0.02017742869528857,2.446355711330067,1.243967348879034,0.05
1079,0.10240394728524345,0.02092143961982358,2.434858038311913,1.142678548892339,0.107204062694853,0.02059708298607306,2.472722443667325,1.2375950867479497,0.05
1080,0.10178179010039284,0.021184659163866724,2.4241512446176436,1.1271123531318845,0.10654592175375331,0.01886316312646324,2.4426353844729336,1.265128108588132,0.05
1081,0.10200695924106098,0.02150385097290079,2.4119886727560136,1.1276644198667436,0.10751518336209384,0.020504088564352554,2.4351411082527856,1.253193665634502,0.05
1082,0.10217071271368436,0.020780160402258236,2.398977001508077,1.1480156438691276,0.10676644065163353,0.020419335500760513,2.464429725300182,1.234056131406264,0.05
1083,0.10203973523208074,0.021172685060827506,2.4414313918068293,1.1290547138168698,0.10641410201787949,0.019674344834956257,2.4650430896065454,1.2417865178801797,0.05
1084,0.10187152613486562,0.020823458608772074,2.4214662994657243,1.1366680633454096,0.10590584440664812,0.020164360630918633,2.4404239654541016,1.2267448522827842,0.05
1085,0.1021813555132775,0.020745899062603712,2.410984504790533,1.1465122217223758,0.10661038688637993,0.021359756250273098,2.443681240081787,1.2162763205441562,0.05
1086,0.10154857238133748,0.02068474620491976,2.3997315679277693,1.1373302170208521,0.10644126412543384,0.019639500840143723,2.453470620242032,1.2453411384062334,0.05
1087,0.10167994314715975,0.02119281052035235,2.4346908841814314,1.1228044572330655,0.10734682259234515,0.019666127691214733,2.4469462524760854,1.2642246647314592,0.05
1088,0.10212341323494911,0.02111195910367228,2.421963345436823,1.1358364039943332,0.10662747716361826,0.01958315921100703,2.4439909241416236,1.2520881782878528,0.05
1089,0.1021176887055238,0.021142402885570413,2.4157577696300687,1.136354142711276,0.10674493895335631,0.020054189826954495,2.457881038839167,1.2422387383200906,0.05
1090,0.102040964755274,0.021186498148987692,2.4289976301647367,1.1312897985889798,0.10750845210118727,0.02048797363584692,2.4577243978326972,1.2488646940751509,0.05
1091,0.10182540136433783,0.020862494905789692,2.4109053157624745,1.1370770775136494,0.10673838311975653,0.02028840577060526,2.4267795736139472,1.2436436089602383,0.05
1092,0.1018395626119205,0.02102628124079534,2.414309087253752,1.1334037936869121,0.10654897513714703,0.020566357469016857,2.449568510055542,1.2297386960549788,0.05
1093,0.10213419546683629,0.02106869528957066,2.4058110259828114,1.1401477810882388,0.10774385048584505,0.021009628322314133,2.444750569083474,1.2457343068989841,0.05
1094,0.10190313167515255,0.02102919550435174,2.423364531426203,1.1328058271181016,0.10698544166304848,0.020222517069090496,2.4427801912481133,1.246702421795238,0.05
1095,0.10176696770247959,0.02059213114192798,2.3991243896030245,1.143671847525097,0.10672590001062914,0.01988587062805891,2.428195996717973,1.2511613694104282,0.05
1096,0.10160846174472854,0.021113374403544834,2.4016793285097395,1.129565871897198,0.10697081820531325,0.02092826027761806,2.425453792918812,1.2357603961771184,0.05
1097,0.10197079891250246,0.021264012858626388,2.4031293903078352,1.1335098161583854,0.10670318793166768,0.02154359102926471,2.4322275898673316,1.2167464007030835,0.05
1098,0.10192022969325383,0.02112618616471688,2.3999491589409963,1.1358910288129533,0.10608165440234271,0.01898079780353741,2.439219279722734,1.2541732625527815,0.05
1099,0.10162150948530152,0.020923385418774115,2.41246687798273,1.1314690921987807,0.10723489116538655,0.020004910924895244,2.428209673274647,1.2589576677842573,0.05
1100,0.10189120506956464,0.02129374224958675,2.3808542092641196,1.1357784072558086,0.1070580326698043,0.021444130350242962,2.4162933176214043,1.229019370946017,0.05
1101,0.10178445048985027,0.021108561572397037,2.4164020958400907,1.130237348022915,0.10618778453631834,0.019379093565724113,2.437337875366211,1.2487062486735256,0.05
1102,0.10200734028504008,0.020860540569715556,2.4017496279307773,1.1425860467411222,0.10630666193636981,0.0211353213949637,2.4280355843630703,1.2178196581927212,0.05
1103,0.1018679097649597,0.021099744364619255,2.406949486051287,1.133973396959759,0.10771285877986388,0.019880155270749874,2.435775886882435,1.2694988738406787,0.05
1104,0.10167954862117767,0.021119698726882536,2.402012052990141,1.1307945890086037,0.10652759129350836,0.020655911923809486,2.4252880053086714,1.2323759523305027,0.05
1105,0.1019439823215916,0.020871275725464027,2.4012850466228666,1.1411971151828766,0.10646481541070071,0.020266705107959835,2.433392958207564,1.2372836037115618,0.05
1106,0.10211342555426416,0.021230906292441346,2.414520712125869,1.1347462336222331,0.10623237219723788,0.019914863123135132,2.4629150303927334,1.2337671680883928,0.05
1107,0.1018226689526013,0.02071602533881863,2.43317635286422,1.135497585648582,0.10640167648142035,0.01991767275401137,2.4567518667741255,1.2383296923203901,0.05
1108,0.10137499443122319,0.02059884364938452,2.4151045992260887,1.1325020846866427,0.10671982575546611,0.02126662941141562,2.428636312484741,1.223336631601507,0.05
1109,0.10175829256574313,0.021219456124873387,2.391887278783889,1.1323992638360887,0.10578217899257486,0.019506250000135464,2.428501324220137,1.2398183183236555,0.05
1110,0.10167945140884035,0.02076727154088162,2.419440428415934,1.134355495373408,0.10736706920645454,0.020855134861035782,2.4411494081670586,1.2420087944377551,0.05
1111,0.10204582058248066,0.021037805869820573,2.4201547531854537,1.1361293225061326,0.10599365491758693,0.020010142925788055,2.471339052373713,1.225402447310361,0.05
1112,0.10204827980626197,0.020722199453129655,2.428547734305972,1.1408120549860454,0.10695387355305931,0.020433998497372322,2.4480411139401523,1.2407892779870466,0.05
1113,0.10262151115706988,0.021235956278230463,2.4512700126284646,1.1374570840880984,0.10705864564938979,0.020513141866434704,2.467455170371316,1.2374190146272832,0.05
1114,0.10177979990839958,0.020678505678439422,2.419792952991667,1.1380672809623538,0.10688619857484644,0.019978514957157047,2.4339112151752818,1.251371437853033,0.05
1115,0.10173778821315084,0.021042706932695138,2.393967656862168,1.1351080707141332,0.10619686814871701,0.01931487633423372,2.4245675043626265,1.2527263164520264,0.05
1116,0.10200977609271095,0.02072570040555937,2.399895679383051,1.1457023719946544,0.1062974205071276,0.02022831429812041,2.434505657716231,1.2344809716398066,0.05
1117,0.10154966832626433,0.020677558878170594,2.408566736039661,1.1357288161913555,0.10666405612772162,0.019493037326769394,2.4335928180001,1.2567018270492554,0.05
1118,0.10162241987529255,0.02051843201652879,2.4000387362071445,1.1420720091887884,0.10669043050570921,0.01899861366572705,2.418114510449496,1.270213403485038,0.05
1119,0.10166087090259507,0.021382406398299195,2.385415622166225,1.1284861536253066,0.10670778290791945,0.020487346855754204,2.425580003044822,1.2392927083102139,0.05
1120,0.10194828095180648,0.02097586908244661,2.4208271957579113,1.135282773347128,0.10698889940977097,0.021054597063498062,2.449812650680542,1.2287235097451643,0.05
1121,0.10184517857574281,0.020924388408838285,2.411736550785246,1.1360684760979243,0.10657154362310063,0.02037168988450007,2.438245816664262,1.2363479083234614,0.05
1122,0.10191956339847474,0.021227732433804443,2.4160318147568476,1.1306302448113759,0.10669591616500508,0.019754038107666103,2.434137366034768,1.252010090784593,0.05
1123,0.10180845413179625,0.02116032233018251,2.406787934757414,1.1316050475551969,0.10635427724231374,0.0204970757053657,2.4427554607391357,1.2285929322242737,0.05
1124,0.1019452524681886,0.020501910043614253,2.411817204384577,1.1465034201031639,0.10596576739441264,0.0203238691795956,2.453117760744962,1.2222144386985085,0.05
1125,0.1017327911797024,0.02090843523009902,2.426148249989464,1.1312574573925562,0.10592323744838888,0.019819491204213013,2.4276027245955034,1.2365543625571511,0.05
1126,0.10191389510319346,0.020674479260508503,2.400226672490438,1.1447429813089824,0.10655204613100398,0.019835313528098843,2.422666831450029,1.2498012835329229,0.05
1127,0.10148640047936212,0.02041347080930358,2.3951137292952764,1.1424358458746047,0.10587763312188062,0.020399006760933182,2.4255953918803823,1.2244534329934553,0.05
1128,0.10130158368320692,0.02122265818927969,2.375772549992516,1.1264240074725378,0.10688212513923645,0.020694397728551518,2.4088611602783203,1.2419822866266423,0.05
1129,0.10185513503494717,0.021236004485260872,2.4058189448856173,1.1312188193911599,0.10649595545096831,0.021012514490972866,2.432114601135254,1.22324584830891,0.05
1130,0.10202175609412648,0.021149810847072376,2.415523341723851,1.1343342179343814,0.1060309274630113,0.019700565460053356,2.4581793655048716,1.2349713769826023,0.05
1131,0.10185131235491662,0.020981043776763336,2.404101394471668,1.1365850908415658,0.1059016537937251,0.02025288436561823,2.4299597523429175,1.2269834605130283,0.05
1132,0.10162057585659481,0.021115473382884546,2.392564648673648,1.131589106151036,0.10679233954711394,0.020198284563693134,2.4245006171139805,1.24698097597469,0.05
1133,0.1016919103761514,0.020506149534845634,2.4142934254237582,1.140856527146839,0.10633843053470958,0.020020954649556767,2.4625390659679067,1.233841673894362,0.05
1134,0.10179573279761132,0.020945910630481585,2.4216532423382713,1.1326657789094108,0.10689805109392513,0.020790434527126225,2.437784780155529,1.2345953800461509,0.05
1135,0.1021870928151267,0.020872153563513643,2.4144593874613443,1.143406900621596,0.10680371726101096,0.019114808856763622,2.473297877745195,1.2591185949065469,0.05
1136,0.10186807704823357,0.020939820313027928,2.414168573561169,1.135731414670036,0.10606381635774266,0.019735111770304768,2.4208674864335493,1.2424006028608843,0.05
1137,0.10155062962855611,0.021247922065889553,2.3864172129403975,1.1287707147144137,0.10608817704699257,0.017709205181083897,2.413969039916992,1.2847856337373906,0.05
1138,0.10154364878932635,0.02112253753113605,2.4023773556663874,1.1279467528774625,0.10711264068430121,0.0192847800525752,2.438403931531039,1.2688764225352893,0.05
1139,0.10148539003871736,0.02117903690252985,2.3926699615660167,1.1275930688494729,0.10836395079439337,0.021579433740539986,2.388125116174871,1.2580653374845332,0.05
1140,0.10161267380629267,0.021548737505716935,2.372356102580116,1.1268074810504913,0.10679030079733241,0.019665826958688824,2.4269972064278345,1.2570900212634692,0.05
1141,0.10199268428342682,0.021292748018389658,2.4166945673170543,1.1306597959427607,0.10754124955697493,0.019067675552584908,2.4627563519911333,1.276920199394226,0.05
1142,0.1020817957108929,0.020873783533239647,2.408404140245347,1.1424794310615176,0.10642897134477441,0.020403193309903145,2.442196412519975,1.2320762547579678,0.05
1143,0.10190784132906369,0.020757916117353097,2.413918767656599,1.1402147199426378,0.10702747445214879,0.01921927844258872,2.449986067685214,1.266166703267531,0.05
1144,0.10156034216994331,0.020893148767451446,2.403544550850278,1.132634930667423,0.10619621927087958,0.019722547636113384,2.410304242914373,1.24741253527728,0.05
1145,0.10130501112767629,0.021516132922399612,2.3689576728003368,1.1219860130832309,0.10587104884060947,0.019791852852160282,2.400280475616455,1.2415278120474382,0.05
1146,0.10176988283083552,0.021363485959314164,2.403509054865156,1.1274261190777732,0.10642858662388542,0.020170862363143402,2.4433710141615435,1.2364802794022993,0.05
1147,0.10199869690196854,0.02105994393960351,2.410354415575663,1.1367041596344538,0.1071368320421739,0.019359274344010788,2.4363322257995605,1.2682846947149797,0.05
1148,0.1015766431533155,0.02110028892223324,2.4025705939247493,1.129012949409939,0.10616075857119127,0.019779425707053055,2.4147058616984975,1.2446855035695163,0.05
1149,0.10201558754557655,0.021753629979987938,2.3974494139353433,1.1257492743787312,0.10745479437437924,0.01936830741099336,2.44175969470631,1.2733777490529148,0.05
1150,0.10174701948251043,0.02053488562593148,2.411096913473947,1.142023273876735,0.10653168098493056,0.019782731394198807,2.4089076952500776,1.253197436982935,0.05
1151,0.10160802464400019,0.0209947983689961,2.3754487605321977,1.137174761011487,0.10671892694451592,0.020892421206967396,2.41315373507413,1.2338993440974841,0.05
1152,0.10152357905393555,0.02121503385049956,2.3870648997170583,1.12875792100316,0.10643689605322751,0.02075733346017924,2.4276369268243965,1.2280638434670188,0.05
1153,0.10175432726031258,0.021330094009283044,2.4142251298541115,1.125639625958034,0.10669391670010307,0.020168387923728336,2.4510969898917456,1.2402911619706587,0.05
1154,0.10171747864002273,0.02053193020678702,2.408993755068098,1.1419122048786707,0.10724641518159346,0.020544146780263294,2.422365817156705,1.2495721957900308,0.05
1155,0.10168275840225674,0.020865397705208687,2.3931034973689487,1.1377265055974324,0.10602526637640866,0.020541957833550194,2.4191076322035356,1.2258446433327415,0.05
1156,0.10169608039515358,0.020942268582681816,2.3999050855636597,1.1350952159790766,0.10667054693807256,0.019844098016619682,2.4164671897888184,1.2532355189323425,0.05
1157,0.10111333376594953,0.021127879508726653,2.364884473028637,1.1267321790967668,0.10606393150307915,0.02088703443719582,2.380371939052235,1.2274635434150696,0.05
1158,0.10202894040516444,0.021441091716821705,2.381620140302749,1.1354329316388994,0.10608718679709868,0.02034297043626959,2.451735171404752,1.2245372425426135,0.05
1159,0.10163522015015285,0.02053656548793827,2.418353415670849,1.1383023943219865,0.10653936524282802,0.019434066320007496,2.4638841585679487,1.249329144304449,0.05
1160,0.10160832586033004,0.020949543830716892,2.4180841786520824,1.129558807327634,0.10681179436770352,0.019038375043733555,2.431177919561213,1.269232771613381,0.05
1161,0.10160511572446142,0.0212274835711079,2.397585874512082,1.128035457361312,0.10714693502946333,0.02043492499400269,2.423390106721358,1.249562138860876,0.05
1162,0.10189883286754291,0.021272490089315744,2.4056747811181203,1.1313918885730563,0.1053633838891983,0.019887286153706638,2.4332705411044033,1.2228678464889526,0.05
1163,0.10206794206585203,0.021412648837126437,2.425242236682347,1.1280574003855388,0.10620389133691788,0.020412102934311737,2.451628186485984,1.2255101095546375,0.05
1164,0.10157157090448198,0.020662937002877396,2.4107811621257236,1.1360164398238772,0.10677581212737343,0.019776662726971237,2.42710035497492,1.2545629089528865,0.05
1165,0.10169594823604539,0.02095733272532622,2.4055506728944325,1.1336621656304313,0.10682460191574963,0.020315783267671413,2.4337740377946333,1.2434215491468257,0.05
1166,0.1018593277604807,0.02124941646165791,2.400710628146217,1.1320561071236928,0.10623192922635512,0.019617883996530014,2.4194846153259277,1.2483839880336414,0.05
1167,0.10193739458918571,0.020756117201277187,2.404088701520647,1.1428078015645344,0.1062200360677459,0.020743320188061756,2.445572159507058,1.2204198945652356,0.05
1168,0.10160881759864944,0.020817803551575968,2.389154320671445,1.1379893961406888,0.106409913436933,0.020740596069531006,2.3961598439650102,1.2341543219306252,0.05
1169,0.10194671100803784,0.020831980299027192,2.404552323477609,1.141384121917543,0.10746759243986824,0.02010251005942171,2.4543113708496094,1.256439376961101,0.05
1170,0.10194461189565204,0.02076675310464842,2.4297032923925492,1.1376164910339175,0.10682934658093886,0.01953546499664133,2.4489732438867744,1.2560829466039485,0.05
1171,0.1016540935351735,0.02070772661162274,2.4195560046604703,1.1350161206154596,0.10651230202479796,0.02030690446157347,2.4239613359624688,1.2393156452612444,0.05
1172,0.10139133781194687,0.020772967288004502,2.3778541201636907,1.1367965865702856,0.1059685627167875,0.019687281413511795,2.3989432508295234,1.2458369623530994,0.05
1173,0.1014753949074518,0.02127391000145248,2.373273418063209,1.129375010728836,0.106327816166661,0.020101243630051613,2.4085440418936988,1.2428226416761226,0.05
1174,0.10158861091449148,0.020996071974791232,2.387580457187834,1.1343346706458501,0.10657273910262367,0.019832851365208626,2.4123978398062964,1.2523182034492493,0.05
1175,0.10156230823624701,0.02107246814384347,2.3667027893520536,1.1364562312761943,0.10578015717593106,0.02018552383577282,2.4136667901819404,1.2291593172333457,0.05
1176,0.10129028753865332,0.02159337703848169,2.377090232712882,1.1185201420670463,0.1057158349589868,0.02053404413163662,2.397140242836692,1.2242077805779197,0.05
1177,0.1020270206388973,0.021190159909781955,2.390839150973729,1.1385693635259355,0.10612547329880974,0.02024326033212922,2.4264948801560835,1.2323452721942554,0.05
1178,0.10168448764653433,0.021144377599869455,2.39359868708111,1.1320824580533164,0.10690823806957765,0.02035303735597567,2.4110460714860396,1.2488947781649502,0.05
1179,0.10103047142426173,0.020698711719541324,2.382269161088126,1.1301813593932561,0.10580139674923637,0.02073562602427873,2.411628571423617,1.21898968111385,0.05
1180,0.10159852249281746,0.0205033176046397,2.3974663132712957,1.1424108374686468,0.10593960840593684,0.020456505939364433,2.4383631402795967,1.2219894365830855,0.05
1181,0.10221428903085845,0.021380374984194834,2.391829399835496,1.138312380938303,0.10817938568917188,0.020640824328769337,2.4239518642425537,1.2659808668223294,0.05
1182,0.10188067473825954,0.02118286058040602,2.4126797573907033,1.1314203171502977,0.10698597742752596,0.020087577571923084,2.4497574892911045,1.2480165037241848,0.05
1183,0.1020736140864236,0.02111159965750717,2.4108649435497465,1.1370672980944316,0.10713373801924965,0.020303527993912048,2.443326234817505,1.2479389364069158,0.05
1184,0.10182998737409002,0.021032208355054968,2.4127015953972224,1.1334152462936582,0.10657293891364877,0.020918233320116997,2.4427316188812256,1.2245477654717185,0.05
1185,0.10157094931318647,0.021348907811833278,2.395672854923067,1.1253062529223306,0.10692899267781865,0.019654507579451256,2.4247692715037954,1.2605358362197876,0.05
1186,0.10169255981842677,0.021107575789626156,2.400580184800284,1.1315836409727733,0.10669418492100456,0.019462387839501553,2.451994159004905,1.2542370774529197,0.05
1187,0.10164543223522958,0.021047797009703658,2.4159099544797624,1.1287707076186226,0.10712152651765129,0.02047800569033081,2.4474915374409068,1.2433721098032864,0.05
1188,0.10191550407381285,0.020842882693700847,2.406006006967454,1.1402512235300881,0.10698845711621371,0.019903881729326466,2.419071002440019,1.257877301086079,0.05
1189,0.10160209930368833,0.02093784258301769,2.400062299910046,1.1332726648875646,0.10615080188621175,0.019690500064329666,2.424345081502741,1.2443370060487227,0.05
1190,0.10157523268745058,0.02101538787108092,2.396756927172343,1.1318454898539043,0.10655364529653029,0.020225410772995514,2.425685839219527,1.241427551616322,0.05
1191,0.1016404444263095,0.02073736699475419,2.402523790087019,1.1375567827905928,0.10615420951084657,0.019984105855903843,2.4390117688612505,1.2355997128920122,0.05
1192,0.10150763073137828,0.021069359610832873,2.398311563900539,1.1291030915010543,0.10546134005893361,0.020155727270651947,2.4154871593822134,1.2230148044499485,0.05
1193,0.10127407241435278,0.0212831963740644,2.3781673908233643,1.1241840294429235,0.10680454969406128,0.02012272704054009,2.4040223251689565,1.2528319683941929,0.05
1194,0.10150906071066856,0.02112866270666321,2.3673135326022194,1.1341452456655956,0.10569073530760678,0.02004766548899087,2.415030696175315,1.2298552556471392,0.05
1195,0.1013848100389753,0.0211534205203255,2.381386223293486,1.1283505189986456,0.10685631497339769,0.019041185182603924,2.4080058227885854,1.2747014273296704,0.05
1196,0.1015321168871153,0.020712545939854214,2.374855881645566,1.1414202423322768,0.10709656436334956,0.02034950832074339,2.4006372798572886,1.2548136548562483,0.05
1197,0.1014339370386941,0.021021819540432522,2.3929632845379056,1.1296496845427013,0.10588413951071826,0.020653500052338295,2.4338352463462134,1.2178457325155085,0.05
1198,0.10156189987347239,0.021161723305426892,2.418519899958656,1.1242995418253399,0.1059178581291979,0.020034064623442562,2.4564410773190586,1.2263876470652493,0.05
1199,0.10190199386505853,0.02136594363089119,2.420527043796721,1.1266155753816878,0.10616271130063316,0.02056794020939957,2.447612762451172,1.2223728732629255,0.05
1200,0.10201168007084302,0.021319692133970204,2.4200637397311984,1.1298270026842754,0.10676614398306067,0.020196282389489086,2.449989427219738,1.2413992990146985,0.05
1201,0.10139520555025056,0.020919663632022484,2.420747132528396,1.12536140141033,0.10687449371272867,0.02071537348357114,2.424860564145175,1.2382102771238848,0.05
1202,0.10131442600062915,0.021111673254164912,2.3816445100875128,1.1277261277039845,0.10595822605219754,0.019037911837751217,2.4243996793573555,1.2535263191569934,0.05
1203,0.10130702438099044,0.021046821027994156,2.3923884403137934,1.126726357709794,0.10608195107091557,0.019511631012640217,2.410936615683816,1.249219076199965,0.05
1204,0.10151600145867892,0.021037972310469263,2.3960098368780955,1.1303586122535525,0.10593957386233589,0.020806618966162205,2.4275779724121094,1.2171435139395974,0.05
1205,0.10185901359433219,0.020806227455891314,2.399308760960897,1.1411939618133364,0.1066059402444146,0.02020623382519592,2.4190113327719946,1.2441918524828823,0.05
1206,0.10162040857332093,0.02109922535185303,2.3784967831202914,1.1347242976937975,0.10673305866393176,0.020787973126227207,2.419501478021795,1.2350013960491528,0.05
1207,0.10229405547891345,0.021266158470617875,2.415943071955726,1.1373693261827742,0.10670926625078375,0.021001021293076603,2.435847694223577,1.2269953272559426,0.05
1208,0.10195955208369664,0.021106614797775234,2.4119976248059953,1.134659225032443,0.10609653388912027,0.020071259107102047,2.4473999413576992,1.2310255386612632,0.05
1209,0.1021093719062351,0.020886750736584265,2.4280229466302052,1.1388478123006367,0.10552944242954254,0.019709467464549976,2.465752753344449,1.2232489369132302,0.05
1210,0.10178256300943238,0.02055874848294826,2.416461325827099,1.1411840348016649,0.106084098870104,0.020542118613692848,2.439057371833108,1.223028139634566,0.05
1211,0.10120162030770666,0.021072002216464,2.4043509108679637,1.1217221745422907,0.10587790202010762,0.019376120530068874,2.4426638863303443,1.2415028593756936,0.05
1212,0.10139678170283635,0.0203148470969782,2.4073456809634255,1.14016953820274,0.10662589831785722,0.018943192352625458,2.4290377009998667,1.2678465789014643,0.05
1213,0.10157278428475063,0.020764443557709455,2.3964525120598927,1.136876296429407,0.10670626840808174,0.02121012048287825,2.435838374224576,1.2227552641521802,0.05
1214,0.1021563983744099,0.021153616430681376,2.4261283533913747,1.134829961118244,0.10628562759269368,0.019575257785618305,2.453338449651545,1.2435397018085828,0.05
1215,0.10201485419557207,0.02070271922275424,2.416177068437849,1.1430072727657499,0.10738139125433835,0.020997066389430653,2.4517515789378774,1.237336202101274,0.05
1216,0.10157902769389607,0.02130011934787035,2.39847803683508,1.125882564556031,0.10641021078283136,0.020612249997529117,2.422792499715632,1.2314006957140835,0.05
1217,0.10175119021109172,0.021029073412397077,2.3946329866136824,1.135515713975543,0.10626737096092918,0.020667562769217926,2.425362326882102,1.2269236770543186,0.05
1218,0.10160212839643161,0.021086250476184346,2.39249096597944,1.1318193546363287,0.10604388402266936,0.019964400594207374,2.444006638093428,1.2327883135188709,0.05
1219,0.1017022869061856,0.02090548300406053,2.41871938818977,1.1321922100725628,0.10720515793020075,0.019725572656501423,2.4485956755551426,1.2598725286397068,0.05
1220,0.1018955304863907,0.020991667062931117,2.421852020990281,1.133706876209804,0.10583982481197877,0.018771215595982292,2.4451790072701196,1.2523363774473018,0.05
1221,0.10153266964923768,0.020312043372541666,2.412771429334368,1.141858228615352,0.10664473270828073,0.021019448949532074,2.4342721809040415,1.2256512262604453,0.05
1222,0.10146680279147058,0.02068098523609695,2.3941832042875744,1.136879706666583,0.10669842701066624,0.021712979301810265,2.4204793843356045,1.2156130508943037,0.05
1223,0.10134309406081836,0.021161105173329513,2.383402557600112,1.1269592756316775,0.1065477803349495,0.020371062173084778,2.4241537180813877,1.2387036247686907,0.05
1224,0.10163205489516258,0.020910454647881643,2.401416017895653,1.1341488049143837,0.10662344843149185,0.02097652607004751,2.410223137248646,1.2308938232335178,0.05
1225,0.1019725270924114,0.0214926933071443,2.384711430186317,1.13265437739236,0.10639808259227058,0.020297616804865273,2.4132968945936724,1.2393499287691983,0.05
1226,0.10186101957446053,0.021125575793640956,2.3905375685010637,1.1366013487180073,0.10557362572713332,0.020352779887616634,2.417675343426791,1.2208817980506204,0.05
1227,0.10195041678491093,0.021124222981078283,2.4103758448646184,1.1344486929121471,0.10621293769641356,0.0201853427358649,2.4451594569466333,1.2315199917012996,0.05
1228,0.10196496705923762,0.020745434931346347,2.4127840995788574,1.1418338148366838,0.10590023547410965,0.02007839498533444,2.450127189809626,1.2264113913882861,0.05
1229,0.1013466375214713,0.020658632119496662,2.4074444884345647,1.132271218867529,0.10611830245364796,0.020572493953461,2.431755629452792,1.2245650074698708,0.05
1230,0.10147068702748843,0.020531774942009223,2.409816787356422,1.1368148894537062,0.10620129176161507,0.019358909942887047,2.4434028538790615,1.2481670813126997,0.05
1231,0.10177571432931083,0.021435171853573548,2.4212004457201277,1.1225707545166923,0.10610651089386507,0.019512538120827892,2.448264967311512,1.242226481437683,0.05
1232,0.10159674659371376,0.020698897740138427,2.399801010177249,1.1379967672484261,0.1064492172815583,0.019941266372122547,2.4268597039309414,1.2447870373725891,0.05
1233,0.10189815717084068,0.0215839493265819,2.391815043631054,1.1279211342334747,0.10757611353288997,0.02009384249421683,2.4328018968755547,1.2630850293419578,0.05
1234,0.1016799206180232,0.0202469743256058,2.421946951321193,1.1442695189090002,0.10705374113538048,0.021469274620440872,2.443382740020752,1.2230127670548179,0.05
1235,0.10178010804312569,0.021148239506319874,2.393978555997213,1.133841628120059,0.10647496377879923,0.019645998593081127,2.4350770820270884,1.24956383488395,0.05
1236,0.10141461200657345,0.02092170369412218,2.397647573834374,1.1303286424704961,0.1058429703116417,0.01941015605222095,2.407796686345881,1.247096917845986,0.05
1237,0.10177260016401608,0.021105783326285227,2.388677943320501,1.135600745677948,0.10562558472156525,0.02098494590344754,2.4175268086520108,1.2093073779886419,0.05
1238,0.101704926717849,0.02140826035645746,2.396828083764939,1.1265676958220345,0.10641605745662343,0.019910858436064285,2.4199847308072178,1.2461070147427646,0.05
1239,0.10176417196080798,0.020929333576489063,2.3812956469399587,1.1404376186075664,0.10715002295645801,0.02071333625777201,2.4088142785159024,1.2469708431850781,0.05
1240,0.10164633446506091,0.020994690313403095,2.3968072675523304,1.133671400092897,0.10717625780539079,0.019684155302291565,2.419297283346003,1.2659825520081953,0.05
1241,0.10174055592644782,0.02084100055730059,2.3902480886096047,1.1399415050234114,0.10664140297607942,0.022085525603456932,2.417739001187411,1.2075697400353171,0.05
1242,0.10130041216810544,0.020950878415966316,2.3763506355739774,1.131720551422664,0.10589203915812752,0.020369759337468582,2.427127816460349,1.2250200455838984,0.05
1243,0.1022237003559158,0.021044122188219,2.4328726700374057,1.1370170229957217,0.10582819513299248,0.018891525962813335,2.4648248932578345,1.2457684061743997,0.05
1244,0.10185054086503528,0.021056670296405042,2.4090600411097207,1.1340653938906533,0.10633472150022333,0.019794199615716934,2.4430566267533735,1.2421991445801475,0.05
1245,0.1019278880031336,0.02105758878003274,2.415725588798523,1.1342608744189853,0.10659373348409479,0.020272995260628788,2.440377625552091,1.2383392290635542,0.05
1246,0.10141863425572713,0.02082824001887015,2.413901482309614,1.1290275681586492,0.10668878866867586,0.019050434485755184,2.4274657422846015,1.2672738920558582,0.05
1247,0.10178036757168316,0.021159111100825526,2.4054620606558665,1.13133271251406,0.10676292939619585,0.02164616791362112,2.416365926915949,1.2190620465712114,0.05
1248,0.10147490015342123,0.020815599621051832,2.381746944927034,1.1368366238616763,0.10607831044630571,0.019397405738180332,2.4097646583210337,1.25166517496109,0.05
1249,0.10208178932468097,0.02157053950109652,2.385245067732675,1.1331759776387895,0.10690325701778586,0.021684228865937752,2.4108439575542104,1.2222117131406611,0.05
1250,0.10169198115666707,0.02081881206305254,2.3757375478744507,1.1423158688204629,0.10770393366163428,0.020966762168840927,2.4423297968777744,1.246277473189614,0.05
1251,0.10193575652582305,0.02101444679179362,2.404344053495498,1.1375573788370406,0.107209557836706,0.02217843027954752,2.4350752613761206,1.2136074846441096,0.05
1252,0.10162185806603659,0.020802117085882595,2.3968075400307063,1.137033326285226,0.10698881338943135,0.020566985857757656,2.4395448077808726,1.240527553991838,0.05
1253,0.10176763151373182,0.02119950322611701,2.3994578974587575,1.1314709669067746,0.10640785504471172,0.019657510163431816,2.426062432202426,1.2497943964871494,0.05
1254,0.10133317946678116,0.020864956169610933,2.3918048313685825,1.1310035047076998,0.10559281706809998,0.019090500406243584,2.4299015565352007,1.244065972891721,0.05
1255,0.10154803132727033,0.020845147936294477,2.407596781140282,1.1325383157957167,0.10618541999296709,0.019438181072473526,2.4298345392400567,1.248977856202559,0.05
1256,0.10159362852573395,0.02112423743875254,2.410357327688308,1.127316347190312,0.10714699124748056,0.0190504596314647,2.4394695975563745,1.2740366784009067,0.05
1257,0.10156425266038804,0.020774140111392454,2.40060754049392,1.13568073227292,0.10640963166952133,0.019963984885676342,2.4024242487820713,1.2484280467033386,0.05
1258,0.10167487125311579,0.021121147864808638,2.3687001864115396,1.137334433339891,0.10566435618834062,0.020001425323161213,2.41419995914806,1.2304186008193276,0.05
1259,0.10095073442373957,0.02088386361442861,2.380686152549017,1.1252001722653706,0.10686127909205177,0.020569300617684017,2.4038589000701904,1.2450677752494812,0.05
1260,0.1018765950131984,0.021142206975214538,2.387314830507551,1.1372247976916177,0.1069606522267515,0.020036403089761734,2.427123048088767,1.2530603842301802,0.05
1261,0.10161810545694261,0.020620864572092182,2.4055574848538352,1.1388333241144817,0.1066857481544668,0.019965926523913036,2.4090130545876245,1.2525938099080867,0.05
1262,0.10113201982208661,0.02110700493323661,2.3539525327228366,1.1297097887311662,0.10673449798063799,0.020469868724996395,2.3814706585624,1.2489984252236106,0.05
1263,0.10190026568514961,0.021169794191207205,2.368255620911008,1.1409582864670527,0.10712664506652138,0.01907630197026513,2.4346383051438765,1.2740791223265908,0.05
1264,0.10116770650659289,0.020739610750405563,2.415066298984346,1.1255486494018918,0.1060803857716647,0.020200965672054073,2.425452882593328,1.23249783299186,0.05
1265,0.10118454588311059,0.02099243655712122,2.3764102175122215,1.1285601343427385,0.10638010434129021,0.02027952163056894,2.397380980578336,1.2425354610789905,0.05
1266,0.10168764119346936,0.021005638564626377,2.3935021502631053,1.1349396038623083,0.10567410019311038,0.020060132172974674,2.434045748277144,1.2254701961170544,0.05
1267,0.10134830201665561,0.02072072026896335,2.3914587440944852,1.134259866816657,0.10674291578206149,0.02129518452354453,2.4242178310047495,1.2241110693324695,0.05
1268,0.10165555544552349,0.02083386363284219,2.407279519807725,1.1349779239722662,0.10627155750989914,0.019501228732141582,2.440406084060669,1.2473253282633694,0.05
1269,0.10150275680990446,0.021026606028456064,2.376709977785746,1.1341810183865684,0.10680605132471431,0.022183955562385647,2.4034711014140737,1.211747646331787,0.05
1270,0.10179220157719794,0.020968784932934102,2.399940632638477,1.136480213630767,0.10610185834494504,0.02068321178243919,2.4258800636638296,1.2231969020583413,0.05
1271,0.10158536600924674,0.021072900100123314,2.3791909104301814,1.134411136309306,0.10642695359208366,0.018251828849315643,2.4159487811001865,1.2803127007050947,0.05
1272,0.10126550921372005,0.02101290033065847,2.3798889489400956,1.129074357804798,0.10640364953062752,0.020376035520298916,2.4182213219729336,1.2369079914959995,0.05
1273,0.10134010087876093,0.020838701654048192,2.3933529399690174,1.131357381741206,0.10625765472650528,0.020074961706995964,2.419913812117143,1.239671062339436,0.05
1274,0.10149425605223292,0.020841906468073528,2.3904129437037875,1.1349643937179021,0.10681694000959396,0.019809654913842678,2.4167403307828037,1.2567976171320134,0.05
1275,0.10164086769024532,0.02052762270683334,2.4048234281085787,1.1413001999968575,0.10617888515645807,0.020949918184090744,2.4294894391840156,1.2186814654957165,0.05
1276,0.10156365856528282,0.020356697274283284,2.4017011665162586,1.1437989828132449,0.1063027334484187,0.02018833008002151,2.4422269517725166,1.233842665498907,0.05
1277,0.10160650082287334,0.02028250153220835,2.404351438794817,1.145609682514554,0.10640259493481029,0.021355933933095497,2.4363414374264805,1.2136649326844648,0.05
1278,0.10120531419912975,0.020802225740182968,2.3902667477017356,1.1300084051631747,0.10602805018424988,0.021040795794264835,2.398273381319913,1.2200904000889172,0.05
1279,0.10133462221849532,0.021467278511928662,2.3748380683717274,1.122379258984611,0.10546074604446237,0.021290958605029366,2.4049067063765093,1.2024143609133633,0.05
1280,0.10195867043165933,0.020967807798158555,2.3869024288086664,1.142436765489124,0.1069357456131415,0.02190368673340841,2.4384716857563364,1.2129467996683987,0.05
1281,0.10165013798645564,0.021086336933963355,2.402767328988938,1.1307225553762346,0.10732508992606943,0.02130068178203973,2.4065784324299204,1.2391724694858899,0.05
1282,0.10129786602088384,0.02120422622898505,2.3786583060310003,1.1261411195709592,0.10560402477329428,0.020213108340447598,2.4106815511530097,1.2256819985129617,0.05
1283,0.10169587053713344,0.021100408996322324,2.389019330342611,1.1341053630624498,0.10613328082994981,0.020577861334789883,2.401971838691018,1.2307140122760425,0.05
1284,0.10185301020031884,0.021261048458871386,2.395144019808088,1.1328104195140658,0.10669177906079726,0.019781715151938526,2.446787032214078,1.248843875798312,0.05
1285,0.10181863428581328,0.020996838253701015,2.4097286065419516,1.1344901834215437,0.10706897689537569,0.02135550146075812,2.440483570098877,1.2261727831580422,0.05
1286,0.10147339034648169,0.020910384887385936,2.4035387436548867,1.130552365666344,0.10771938413381577,0.020353189246221023,2.432772918180986,1.260769323869185,0.05
1287,0.10151119122192973,0.02121308944853289,2.385511937595549,1.1288596391677856,0.10754026269370859,0.021010110662742096,2.408352851867676,1.2489324699748645,0.05
1288,0.10158363073354676,0.021184399191822325,2.3755484308515276,1.1328749472186679,0.10680550743233073,0.02174295705150474,2.398096431385387,1.2216317111795598,0.05
1289,0.10147088251653172,0.02154233286689435,2.3910595803033736,1.1203590617293404,0.1055796505375342,0.02003342497416518,2.4324050816622647,1.22444349527359,0.05
1290,0.10160617760959126,0.021017180556165322,2.3855715649468556,1.1346656311125982,0.10585493052547629,0.020762690004299988,2.432335463437167,1.2153776721520857,0.05
1291,0.10177168462957654,0.02148893473315097,2.42731405439831,1.1201921829155512,0.10591433874585411,0.019471705637194893,2.462875561280684,1.236277536912398,0.05
1292,0.10115041885347593,0.020589836651370638,2.394929301171076,1.1322257603917802,0.105855523862622,0.01963766994462772,2.4086460416967217,1.2426278374411843,0.05
1293,0.10136044965613455,0.02087933700975208,2.372792743501209,1.1350636978944142,0.10586397485299544,0.02008470418778333,2.422862941568548,1.2310128157789058,0.05
1294,0.10204052073614937,0.021045407014233724,2.4191288266863142,1.136076488665172,0.10554098066958514,0.020469151945276695,2.453026533126831,1.210831268267198,0.05
1295,0.1015777981707028,0.020978160202503204,2.4100110757918585,1.1299905422187986,0.10662496428598058,0.021125329404392025,2.437203190543435,1.2225520610809326,0.05
1296,0.10186003982311204,0.02107389486350474,2.395992386908758,1.136524403379077,0.10709875280206854,0.020780372264033013,2.412005446173928,1.2439664927395908,0.05
1297,0.10170642854202361,0.021000812251475594,2.3836659363337924,1.1373791382426308,0.10589782148599625,0.020796083421869713,2.4220775690945713,1.2176192565397783,0.05
1298,0.10152921772428922,0.02066649798126448,2.390932185309274,1.1390679677327473,0.10697843473065984,0.020415718074549328,2.423857190392234,1.2464829141443425,0.05
1299,0.10160228787433534,0.021062628432576145,2.3937250886644637,1.1320481640951974,0.10620388117703525,0.020177900113842705,2.4142482497475366,1.2376699718562039,0.05
1300,0.10138567643506187,0.021176055118086793,2.37445558820452,1.129301301070622,0.10660779679363425,0.02133734194053845,2.4089340296658603,1.2236222408034585,0.05
1301,0.10150042335901942,0.02073077012651733,2.3907570384797596,1.1372416501953488,0.10594665665518153,0.019367032515054398,2.419742562554099,1.2476439476013184,0.05
1302,0.10130807473545983,0.021076732758610023,2.3869959172748385,1.1272276469639368,0.1063015955415639,0.020647063428028065,2.420247446406971,1.2290411374785684,0.05
1303,0.10151247041566032,0.021567693468005883,2.3762272596359253,1.1236501066457658,0.10605472123081033,0.019627165726640007,2.3938408331437544,1.249782925302332,0.05
1304,0.10158144079503559,0.02112082780028383,2.383397181828817,1.1325328052043915,0.10500304739583623,0.01890978462655436,2.4230678298256616,1.2372516989707947,0.05
1305,0.10115467827944528,0.02097755586284967,2.3903906231834773,1.1254643357935405,0.10648606446656314,0.01978083454411138,2.4175320105119185,1.2505981705405496,0.05
1306,0.10133804114801544,0.0206869649479077,2.385405722118559,1.1359403786205111,0.10616731575944206,0.020331048660657623,2.404152913527055,1.2358947613022544,0.05
1307,0.10141859877677191,0.02060169770958878,2.3843785297302973,1.1394623120625813,0.1063328046690334,0.0201849728314714,2.4360686432231557,1.2357428778301587,0.05
1308,0.10132147105676788,0.02104028584879069,2.3933631011417935,1.1269510629631223,0.10777751898223703,0.021295444870536976,2.419020566073331,1.2458373579111965,0.05
1309,0.10146735023174967,0.02153366957125919,2.372100205648513,1.1242535554227375,0.10684960132295435,0.019890636375004597,2.4134044647216797,1.256498390978033,0.05
1310,0.1020280835883958,0.02089699124917388,2.4116723310379755,1.1402873694896698,0.10767612674019554,0.02082638442516327,2.450126951391047,1.2469694451852278,0.05
1311,0.10149843316702616,0.021035435875611647,2.4019526754106795,1.1288694100720542,0.10609799013896422,0.020090504464778034,2.4231826175342905,1.2355131669477983,0.05
1312,0.10154143330596742,0.020637586225001586,2.3917487121763683,1.1397272149721782,0.10663637044754895,0.01950051491572098,2.402246193452315,1.2622678930109197,0.05
1313,0.10136796782414119,0.02103021643346264,2.3770172936575755,1.1313515575159163,0.10636234283447266,0.019857386127114296,2.396258592605591,1.250847420909188,0.05
1314,0.10151504530083566,0.02098064858555084,2.3917834815524874,1.132331222295761,0.10605943202972412,0.01967267302626913,2.4503860256888648,1.237657975066792,0.05
1315,0.10146361518473852,0.020241205181394304,2.408439250219436,1.1427603378182365,0.10621131550181996,0.021251388063484974,2.4204136458310215,1.2151158072731711,0.05
1316,0.10164769650215194,0.02075743449053594,2.3959900083996,1.1386072408585322,0.10645547712391074,0.021165150133046238,2.44286508993669,1.2172335223718123,0.05
1317,0.10163317532056854,0.02064959587351907,2.4042235783168246,1.138826881136213,0.10737800191749226,0.018943697298792275,2.4286941181529653,1.2829472693529995,0.05
1318,0.10169300667586781,0.020622907938169583,2.394648347582136,1.142472322498049,0.10604774206876755,0.020510057156736202,2.4066053087061103,1.2294326424598694,0.05
1319,0.10165867936753091,0.020995591811480977,2.389022935004461,1.1354571666036333,0.10634674199602821,0.020147072405300358,2.432972799647938,1.2373988086527044,0.05
1320,0.10180906525679997,0.021260594128675404,2.396859044120425,1.1315976097470237,0.10611874813383276,0.02047366809777238,2.400430917739868,1.2328154119578274,0.05
1321,0.10110341207612128,0.020883280628671248,2.37251611550649,1.1298993868487222,0.10592919588088989,0.02051006799394434,2.3969556418332187,1.2289914163676174,0.05
1322,0.10166136175394058,0.020941121015875114,2.3716903186979748,1.1400667343820845,0.1055632084608078,0.02033427645536986,2.414924144744873,1.2215938026254827,0.05
1323,0.1014574606503759,0.02131568392117818,2.369346947897048,1.128966137057259,0.10715391690080817,0.019476197321306576,2.3764203678477895,1.2782703204588457,0.05
1324,0.10159010759421758,0.02106090129486152,2.376646320025126,1.1352548542476835,0.10556446354497563,0.019864558157595722,2.4185733144933526,1.2302834012291648,0.05
1325,0.10172228355492864,0.021122639998793602,2.37867279847463,1.1362582799934207,0.10627192597497594,0.0205204864455895,2.4206641153855757,1.2308959744193337,0.05
1326,0.10124420658463523,0.02067611018373143,2.380383474486215,1.1352852100417727,0.10587575354359367,0.01972653293474154,2.4062365618619053,1.2417370893738486,0.05
1327,0.10106174328497478,0.02109554044104048,2.367224999836513,1.1258790507203056,0.10641460865736008,0.020711010152643376,2.399112831462513,1.2342493696646257,0.05
1328,0.10183103914771761,0.02115565227965514,2.3843297844841365,1.136641773439589,0.1060148071159016,0.019871908409351654,2.4188469539989126,1.2390885678204624,0.05
1329,0.10152257251597586,0.020925466082103196,2.3959829807281494,1.132745501540956,0.10556404834443872,0.020334962755441666,2.436392242258245,1.2173032706434077,0.05
1330,0.10119647940709478,0.020874702282959505,2.3839032479694913,1.129654905625752,0.10665425658226013,0.020728545178743927,2.410932866009799,1.2363276102326133,0.05
1331,0.10109249945907366,0.02086336813157513,2.3766695998963856,1.129248681522551,0.10593914172866127,0.020360208709131588,2.4049053625626997,1.2305975881489841,0.05
1332,0.10102210885712079,0.020998291782147828,2.3648046311878024,1.1275153997398557,0.10607727887955579,0.020656972954219036,2.381829543547197,1.2320402210408992,0.05
1333,0.10142251263771739,0.020919029733964374,2.354911412511553,1.1390873733020963,0.105988970534368,0.02104762332005934,2.4071589816700327,1.2173951539126309,0.05
1334,0.10152546635695867,0.020953890889705645,2.4019560984202792,1.1310402850310008,0.10588126832788641,0.020167170261794872,2.4136497540907427,1.231552004814148,0.05
1335,0.10144011339261419,0.021411168211627574,2.3701545965103876,1.1265479936486198,0.10604088211601431,0.020871426740830593,2.396556680852717,1.2240777557546443,0.05
1336,0.10144702859577678,0.02091183832713536,2.3934278261093866,1.1320182297910963,0.1061317575248805,0.019260997799309818,2.416478980671276,1.2541193962097168,0.05
1337,0.10203347656698454,0.02120951862473573,2.3948936689467657,1.1375004138265337,0.1067114147272977,0.01977787488563494,2.4457520788366143,1.2495203885165127,0.05
1338,0.10149404566202845,0.02051651029891911,2.421274321419852,1.135295842375074,0.106434089216319,0.02024416633966294,2.4308536486192183,1.237627706744454,0.05
1339,0.10149771595994632,0.021123392618305627,2.395663482802255,1.128353774547577,0.1057200086387721,0.01964202844961123,2.419319889762185,1.23769564520229,0.05
1340,0.10130750937830835,0.020700752779486634,2.379987904003688,1.136137530917213,0.10641635751182382,0.02017053369094025,2.424998153339733,1.2399168339642612,0.05
1341,0.10089372630630221,0.02086778920853422,2.390022800082252,1.1225141712597437,0.10594651035287163,0.01916377195580439,2.3940723592584785,1.2568402832204646,0.05
1342,0.10146103834822065,0.021086610055395534,2.3523536863781156,1.1370178106285276,0.10617866638031873,0.019546233456243168,2.3848677548495205,1.2556751045313748,0.05
1343,0.10132314743740219,0.021238973408582665,2.3643911338987804,1.1288052243845803,0.10539914261211049,0.019946887919848614,2.416563099080866,1.225732440298254,0.05
1344,0.10119400687870525,0.02063634605812175,2.3949349380674816,1.1321662082558586,0.10552937672896819,0.02005153674293648,2.414997100830078,1.2265573794191533,0.05
1345,0.10132373354974247,0.021432189736515284,2.388163929893857,1.1201980724221183,0.1056531539017504,0.01882082020694559,2.4322164058685303,1.2502033710479736,0.05
1346,0.10107715179522832,0.020549363124051263,2.3962146043777466,1.1313128570715587,0.10585713996128603,0.021116123111410576,2.422439380125566,1.2103324153206565,0.05
1347,0.1013851057560671,0.020900602851595198,2.386151660056341,1.1324597213949477,0.10637322813272476,0.020480970936742695,2.395324945449829,1.2387801192023538,0.05
1348,0.10174888567555518,0.021156027780047486,2.3691780737468173,1.138021537235805,0.1053173995830796,0.020005691627209835,2.3975766572085293,1.2267188321460376,0.05
1349,0.10164764665421985,0.021115868640620084,2.3804839168276106,1.1345387668836684,0.10699232058091597,0.021378240124745804,2.4173499670895664,1.2288116108287463,0.05
1350,0.1008835422496001,0.02083066655766396,2.36867964835394,1.1273215682733626,0.10639764368534088,0.02065337652509863,2.3797802925109863,1.2389292933724143,0.05
1351,0.10164097288534754,0.0209236518435535,2.3599781025023687,1.1423507957231431,0.10811423781243237,0.01900702350857583,2.4339374845678154,1.2953567125580527,0.05
1352,0.10200957794274602,0.020547317451841775,2.4015000263849893,1.148945192495982,0.1062078049237078,0.020924443209713154,2.418151768771085,1.2220368493687024,0.05
1353,0.10127614952978634,0.021098605667551357,2.384954225449335,1.1265600153378077,0.10566487705165689,0.021689850667660885,2.394849560477517,1.200530631975694,0.05
1354,0.10136780621750015,0.020861576843474592,2.359782349495661,1.1381681022189913,0.10561756586486643,0.02009661089290272,2.3900887966156006,1.2324013276533647,0.05
1355,0.10123404895975477,0.02081695558237178,2.395073351405916,1.1293271822588784,0.10633283176205376,0.019937701015309853,2.425414800643921,1.242819612676447,0.05
1356,0.10143037477419489,0.02099875385119092,2.3922032515207925,1.130191758984611,0.10748541084202853,0.020154212855479935,2.415143858302723,1.2635952017524026,0.05
1357,0.10104843601584435,0.020889832593855403,2.3704663685389926,1.1290787784826188,0.10658443380485881,0.021659559146924454,2.3868336460807105,1.2211307341402227,0.05
1358,0.10144476663498651,0.021116675432061867,2.366322988555545,1.1332972276778448,0.10612864250486548,0.01998072253032164,2.3963878371498804,1.2436807914213701,0.05
1359,0.1015176446664901,0.020985951868905908,2.375308865592593,1.1355720659097035,0.10660305619239807,0.020726832137866455,2.4302726225419478,1.231469918381084,0.05
1360,0.10171585831613768,0.021025006304539386,2.4104725065685453,1.1317225240525746,0.10559960928830234,0.019685952162200756,2.4400850426067007,1.230256129394878,0.05
1361,0.10193808376789093,0.020920068779516788,2.4447725103014992,1.131405797742662,0.10608487982641567,0.01897528073327108,2.47015042738481,1.2481618848713962,0.05
1362,0.1014866584113666,0.02062528720125556,2.403928512618655,1.1364416934195019,0.106091247363524,0.019977667453614147,2.4142758629538794,1.239416404203935,0.05
1363,0.10141725057647341,0.020672386933472894,2.373752997035072,1.14014666279157,0.10730958459052173,0.021107108247551052,2.396347999572754,1.2447799173268406,0.05
1364,0.10137263472591128,0.020756625082521213,2.366667861030215,1.138986634356635,0.10598862442103299,0.019998964430256325,2.4067659811540083,1.238439988006245,0.05
1365,0.10189400950358027,0.021205675034295945,2.3849915947232927,1.1367683552560353,0.10525689409537749,0.019897079772569916,2.420439264991067,1.2231084108352661,0.05
1366,0.1013486259395168,0.020665627704667195,2.389168796085176,1.1358262030851274,0.1062774204395034,0.020803598348389973,2.409667145122181,1.227542980150743,0.05
1367,0.1014840579813435,0.02138918808971842,2.365402244386219,1.1288169296014876,0.10659481381828134,0.020332078703425148,2.3901284607973965,1.2472290179946206,0.05
1368,0.10126638696307227,0.021103713439688795,2.371440467380342,1.1289654005141485,0.10652317242188887,0.021208854222839527,2.4118489785627886,1.2239165577021511,0.05
1369,0.10150767472528276,0.0211677705381243,2.3788345087142218,1.1310311768736159,0.10601121458140286,0.019806036725640297,2.3962022824720903,1.2448630766435103,0.05
1370,0.10166765643017632,0.021468402418707098,2.382002802122207,1.1275845113254728,0.10617815906351263,0.02038069043985822,2.4176137664101343,1.2324265946041455,0.05
1371,0.10123672779826891,0.020483390405951513,2.389192643619719,1.1372282065096355,0.10656110400503332,0.01915090683509003,2.428101496262984,1.2625836567445234,0.05
1372,0.10160287132575399,0.020925317314409074,2.396196104231335,1.134311856258483,0.10630447620695288,0.019378053617071022,2.4417920762842353,1.250170024958524,0.05
1373,0.10140780075674966,0.020811539187672593,2.394239976292565,1.1330772326106118,0.10590416531671178,0.019515676085244526,2.4123090613972056,1.2453080144795505,0.05
1374,0.1013940888501349,0.020908534815091463,2.378045610019139,1.1341019641785395,0.10606987029314041,0.019268865104426037,2.402517405423251,1.2555165832692927,0.05
1375,0.10177545817125411,0.02064019800829036,2.403346549896967,1.1420358830974215,0.1060362688519738,0.018421376970681278,2.432165947827426,1.265864605253393,0.05
1376,0.10153065267063323,0.021047816190513827,2.3951227437882197,1.1306321904772805,0.10593265972354195,0.019784884611991318,2.4085693142630835,1.2412415905432268,0.05
1377,0.1016680199120726,0.021132906211451405,2.365010902995155,1.1377000822907402,0.10568957098505714,0.020018799061124973,2.40252609686418,1.2329101779244163,0.05
1378,0.10140604472586087,0.02087353608970131,2.384684784071786,1.133713219846998,0.10615952990271828,0.020261611112139442,2.4233736341649834,1.2332836443727666,0.05
1379,0.10136342527610916,0.020860528484696432,2.38827877952939,1.1324021702721006,0.10627313364635814,0.0190312730317766,2.3953052217310127,1.2657761357047341,0.05
1380,0.10113901964255742,0.021659243984946182,2.360630449794588,1.117469412939889,0.10613770376552235,0.020568490113047035,2.3840249234979805,1.2345792867920615,0.05
1381,0.10150134332832836,0.02120740135155973,2.3733321257999966,1.13121240905353,0.1059620888395743,0.020551886748183857,2.4351840886202725,1.2211672284386375,0.05
1382,0.10143146876777921,0.020715638462986265,2.3891568808328536,1.1364852232592446,0.1063495698300275,0.019184658388522537,2.4034436616030606,1.2626094980673357,0.05
1383,0.10154647734903154,0.021025664483507473,2.3747727416810536,1.1354616852033705,0.1061507598920302,0.020500023002651604,2.4101783579046074,1.2309790741313587,0.05
1384,0.10176212730861846,0.021072497037017628,2.3940292994181314,1.1349867369447435,0.10635687546296553,0.01951855920593847,2.4213372360576284,1.252498816360127,0.05
1385,0.10103933921172506,0.020620805433108694,2.382345375560579,1.1319016019503276,0.10599447922273116,0.020039785145358605,2.400744004683061,1.2389450831846758,0.05
1386,0.10137208923697472,0.020728421840994132,2.3860014336449757,1.1356730603036427,0.10569918087937615,0.01945346026596698,2.426071600480513,1.2397000843828374,0.05
1387,0.10124879294917696,0.02093843117888485,2.3830315272013345,1.1296009307815915,0.10640832646326585,0.02131927792321552,2.397410501133312,1.222298871387135,0.05
1388,0.10195355330194746,0.020798438361712863,2.3752464850743613,1.1480529932748704,0.10571072995662689,0.020105504684827545,2.420616041530262,1.2279812856154009,0.05
1389,0.10137033444784936,0.02132291184915673,2.3870221489951726,1.1235440288271223,0.10645830292593349,0.020521314137361267,2.420740929516879,1.2345915978605098,0.05
1390,0.10115218517326173,0.02041995855757878,2.37906060900007,1.1388323988233293,0.10694495182145726,0.020136685533957047,2.4023555625568735,1.2556941834363071,0.05
1391,0.10166402533650398,0.021030235813841933,2.38681884039016,1.135312026455289,0.1062723235650496,0.02012706861238588,2.449778925288807,1.2329493219202214,0.05
1392,0.1015772819519043,0.021320259597684656,2.3995395387922014,1.1252325248150599,0.10692465440793471,0.02057616649703546,2.429601929404519,1.2410493384708057,0.05
1393,0.1018976645455474,0.021032349428250677,2.3990810201281594,1.1374900766781397,0.10656299238855188,0.02127290771088817,2.4057659669355913,1.2246484756469727,0.05
1394,0.10111712717584201,0.020613388091857945,2.3723171211424328,1.1356113595621926,0.10547264868562872,0.019364022395827553,2.4016488898884165,1.2418427196415989,0.05
1395,0.10102011529462677,0.021033606669377713,2.366657012984866,1.1263987606480008,0.10702565651048314,0.020554744723168285,2.3923918333920566,1.2509398785504429,0.05
1396,0.10089261563760894,0.020685660586293255,2.353090064866202,1.1335210629871912,0.10577055473219264,0.02022423620589755,2.3781942670995537,1.235287520018491,0.05
1397,0.1020240540660563,0.021220003942116386,2.3731390691938854,1.1414531809943063,0.10558259961279956,0.019704155285250057,2.42837194962935,1.231894476847215,0.05
1398,0.10143237259416353,0.02109467149490402,2.4085693586440313,1.1250401366324652,0.10576708818023856,0.019749463281848213,2.4109071601520884,1.2381710572676226,0.05
1399,0.10118317852417628,0.0204914967485127,2.3842753058388118,1.1369785652274178,0.10559788888150995,0.01998514478856867,2.3905534744262695,1.2341441349549727,0.05
1400,0.10122375793400265,0.02093861886255798,2.363005212375096,1.1331017372154055,0.10580544647845355,0.02132663841951977,2.40195801041343,1.2091844948855313,0.05
1401,0.10092687429416747,0.020857058155039947,2.3717807871954784,1.1270401520388467,0.10673698308792981,0.020650231025435707,2.4117032181132925,1.2393944209272212,0.05
1402,0.10096200555562973,0.02033798742507185,2.3679422991616383,1.1388918998695554,0.10580938512628729,0.019507783295756035,2.3874244039708916,1.2485471747138284,0.05
1403,0.1009533265162082,0.020824479404836893,2.378689306122916,1.126839055901482,0.1061769886450334,0.019936742091720753,2.393121762709184,1.2461805560372092,0.05
1404,0.10141283752662796,0.02105465708743958,2.37543831552778,1.1320759426979792,0.10609583421186967,0.020879532125863163,2.389096650210294,1.2265067317269065,0.05
1405,0.10161736713988441,0.020973000054558117,2.3722274530501593,1.1384418507417042,0.1061261377551339,0.0201222367415374,2.393183469772339,1.2414412931962446,0.05
1406,0.1016184983863717,0.021061875280879792,2.375812978971572,1.1359698673089345,0.10627853599461642,0.02140774696388028,2.3961129838770088,1.2181931788271123,0.05
1407,0.10137303687986873,0.02108757703432015,2.388679788226173,1.1279732343696414,0.10565498335794969,0.0208703519099138,2.4078029936010186,1.2141320434483616,0.05
1408,0.10108930120865504,0.021176536124022233,2.3584262984139577,1.126570055882136,0.1056929968974807,0.020496374419467014,2.3965037736025723,1.2246316833929582,0.05
1409,0.10116575250313395,0.020975752134940455,2.372833950178964,1.1292331999256497,0.10657099566676399,0.02060706126080318,2.4023222489790483,1.2388142184777693,0.05
1410,0.10104867407963389,0.021141467571613334,2.3555871759142195,1.127026678550811,0.10601657358082858,0.020252883603627033,2.395230835134333,1.2362276044758884,0.05
1411,0.1012278479479608,0.02131161993990342,2.355349904014951,1.1272545570418948,0.1053085049444979,0.021254563704133034,2.390532060102983,1.2029724229465832,0.05
1412,0.10160238579625175,0.020428460867454607,2.3932725361415317,1.1448239896978651,0.10583045062693683,0.019982721656560898,2.4448104338212446,1.2279924858700146,0.05
1413,0.10159446653865632,0.02105122660508468,2.4009018739064536,1.1306844240143186,0.1058062118562785,0.02026580892164599,2.424742113460194,1.2258596528660168,0.05
1414,0.10132556568299021,0.021049496008171922,2.3854058186213174,1.128440221150716,0.10641139542514627,0.020032247020439667,2.389508984305642,1.2496811693364924,0.05
1415,0.10136175421731812,0.02114316016169531,2.357385340191069,1.1328948083378019,0.10594345087354834,0.018875103613192386,2.378344860943881,1.2656979669224133,0.05
1416,0.10150618585092681,0.02078495505044148,2.3673221440542314,1.1409601895582109,0.10615741935643283,0.020919873125173828,2.416491248390891,1.2214526425708423,0.05
1417,0.10130017658784277,0.021628191162432944,2.375231975600833,1.1183933019638062,0.1065618944439021,0.020168128762055527,2.413124517960982,1.2452503876252607,0.05
1418,0.10119934575188727,0.020715050643221253,2.3610975458508445,1.1374663625444685,0.10531056807799773,0.019758394242010334,2.3902812004089355,1.2329872196370906,0.05
1419,0.10162242608410972,0.020990577127252306,2.396238781156994,1.1333892004830497,0.1063282469456846,0.018659942275421185,2.4244162386113945,1.2684828584844416,0.05
1420,0.10162534121246565,0.021340530188310714,2.3804715417680287,1.1296018872942244,0.1052074831995097,0.01941024935380979,2.395082040266557,1.2369282679124312,0.05
1421,0.10128085865151315,0.021236705549416087,2.3566181773231145,1.1295594104698725,0.1060801155187867,0.020806049928069115,2.384363521229137,1.2286086082458496,0.05
1422,0.10123051312707719,0.020978941604317652,2.370760446503049,1.130879331202734,0.10615254870869896,0.020264377986842937,2.4150198806415903,1.2347594499588013,0.05
1423,0.10113948015939622,0.020966132304498127,2.3752626918611073,1.1284144137586867,0.10641144893386147,0.019402138550173153,2.4037142233415083,1.2594433535229077,0.05
1424,0.10164296804439454,0.02090977065797363,2.3696115754899525,1.1407416136491866,0.1058771400289102,0.020291829397055237,2.39903939854015,1.2318982969630847,0.05
1425,0.10167476836414564,0.020923975345102094,2.3865427062624978,1.1377073228359222,0.1062538515437733,0.020695076578042725,2.4130353927612305,1.2285684130408547,0.05
1426,0.10161491412492026,0.02076803112313861,2.3938374519348145,1.1381701287769137,0.10560723597353155,0.01956468710506504,2.4233857935125176,1.2361737977374683,0.05
1427,0.10136809820930164,0.02101573416785825,2.3822907379695346,1.1305891332172213,0.10526716844602065,0.01972969723018733,2.407547018744729,1.229239989410747,0.05
1428,0.10111453082589876,0.021078638089377256,2.398417983736311,1.1210342446962993,0.10548161579803987,0.020086701366711746,2.4192817861383613,1.224041917107322,0.05
1429,0.10124890825578145,0.020963832536446198,2.3759168216160367,1.1305181426661355,0.10611149126833136,0.020157902416857807,2.3806864348324863,1.2429344708269292,0.05
1430,0.10103051506337665,0.02082817005880532,2.356133057957604,1.1328202925977253,0.10603851689533754,0.019467409361492504,2.4069430177861992,1.2500335303219883,0.05
1431,0.10116809092107273,0.02085683969337316,2.3698435454141524,1.1322563148680187,0.1061848605220968,0.019986568357456814,2.4039289951324463,1.2431800202889876,0.05
1432,0.10153068832698323,0.021344216584804513,2.378204572768438,1.1280885083334786,0.10554289072751999,0.019386218945411118,2.4000288356434214,1.2431276603178545,0.05
1433,0.10143005156091281,0.020797405879767167,2.4183474608830045,1.1289834224042439,0.1059352620081468,0.018923062323169274,2.4383703145113858,1.2525699030269275,0.05
1434,0.1012492406935919,0.020663127014856963,2.394537233171009,1.1328148316769373,0.10628982091491873,0.02065507923676209,2.4172914678400215,1.2292365106669338,0.05
1435,0.10104225522705487,0.02097246183880738,2.387059586388724,1.1239839366504125,0.10521084408868443,0.020010383799672127,2.385816118933938,1.2268459580161355,0.05
1436,0.10112296115784418,0.02100013353906217,2.353856614657811,1.1316852186407362,0.10535906052047556,0.019657109779390423,2.395432233810425,1.2349525690078735,0.05
1437,0.10132958598080136,0.02127883525653964,2.3515992561976113,1.1306951642036438,0.10569978234442798,0.020924043079668827,2.372581785375422,1.2209984172474255,0.05
1438,0.10150636980930965,0.021137402525969913,2.375039191473098,1.1323714880716234,0.10550510612401096,0.020140175707638264,2.4081985733725806,1.2256588556549766,0.05
1439,0.10098139622381755,0.020969621127560026,2.3648464850017,1.1272662054924738,0.10605345530943437,0.019841714084825733,2.3806028149344702,1.2481142661788247,0.05
1440,0.10096877440810204,0.020880892518020812,2.355799771490551,1.130597669453848,0.10580694065852599,0.020936597307974644,2.3954669562253086,1.218313450163061,0.05
1441,0.10124809028846878,0.020960408041164988,2.3562496105829873,1.1345037307058061,0.10610844533551823,0.020092229697514664,2.3785891749642114,1.2446065165779807,0.05
1442,0.10117436235859281,0.020852791278489997,2.3707474072774253,1.1322819320928483,0.10575741055336865,0.020443916066803715,2.403420469977639,1.2255857966162942,0.05
1443,0.10092651436016672,0.02098399762152916,2.3679085231962658,1.1252686239424206,0.10561272095550191,0.020544694567268543,2.378250620581887,1.225710386579687,0.05
1444,0.10153231645623843,0.021325940798435892,2.3545427435920354,1.1332189511685145,0.10650494626977226,0.020544483241709797,2.3848134604367344,1.2422465519471602,0.05
1445,0.10126481081048648,0.021065402110772475,2.358706445921035,1.1322468845617204,0.10609097507866946,0.02046288981695067,2.3913326913660224,1.2342951731248335,0.05
1446,0.10106761647122246,0.021054573068838744,2.3743679693767,1.1253872882752192,0.10635797002098778,0.01989257970655506,2.3866657343777744,1.2519746693697842,0.05
1447,0.10098257802781604,0.020960910378822258,2.352327278682164,1.1299678796813601,0.10614616897973148,0.02147857209836895,2.379001509059559,1.2175516215237705,0.05
1448,0.1009862811437675,0.021056757973773137,2.3521556683949063,1.1281593441963196,0.10591630434448068,0.02055640569464727,2.3818295652216133,1.2308320619843223,0.05
1449,0.10139781768832888,0.02108047924758423,2.3595055568785894,1.13444565591358,0.10675492679530924,0.02191492508758198,2.4054748795249243,1.2157050479542126,0.05
1450,0.10097250360108558,0.020797902230350745,2.365840786979312,1.13032386132649,0.1056095144965432,0.019476986066861587,2.3897192261435767,1.2447067336602644,0.05
1451,0.10098098857062203,0.020875172623034035,2.3617533218292963,1.129765632606688,0.10636657070029866,0.021353970874439587,2.390390569513494,1.2221738750284368,0.05
1452,0.10143038790140833,0.02084053973002093,2.3704804352351596,1.1377008713427044,0.1069903549822894,0.020586169240149586,2.391841476613825,1.249715420332822,0.05
1453,0.10120549744793347,0.02092498971060628,2.3696854341597784,1.131673059293202,0.10637153346430171,0.019936293448236855,2.400765375657515,1.2485517046668313,0.05
1454,0.10104643837327049,0.02122028644329735,2.3537287541798184,1.1257772701127189,0.10518736392259598,0.020075502974743194,2.401187614961104,1.2219996723261746,0.05
1455,0.100919790211178,0.020997373564612298,2.364750935917809,1.1254981486570268,0.10600432211702521,0.021307853897186844,2.3871980146928267,1.216489764777097,0.05
1456,0.10153365631898244,0.020761905881088404,2.386786937713623,1.1380776138532729,0.10584085231477564,0.019522602246566254,2.4245087883689185,1.241463222286918,0.05
1457,0.10067639854692277,0.02066150815447881,2.3648695094244823,1.1273238956928253,0.10545238920233467,0.018990477547049522,2.368653167377819,1.2555075992237439,0.05
1458,0.10096545659360431,0.020958658152570326,2.345205925759815,1.1310947778679075,0.1056497334079309,0.021252055059779774,2.3714971325614234,1.2136541225693442,0.05
1459,0.10148324072360992,0.02153450277234827,2.3589374281111217,1.127187280427842,0.1053648753599687,0.02036896077069369,2.397480097683993,1.2204222299835898,0.05
1460,0.10095741227269173,0.02093460446312314,2.3549041407448903,1.1294753352801006,0.10605901276523416,0.02095273035493764,2.362244194204157,1.229676821015098,0.05
1461,0.10143945171009927,0.02123051243168967,2.344130101658049,1.1353527506192524,0.1063258715651252,0.01952340690927072,2.3909989920529453,1.257849476554177,0.05
1462,0.10142830599631582,0.021156318796177704,2.3701284329096475,1.1314140529859633,0.10549839518286964,0.020155144940045746,2.4091539816422896,1.2250341989777305,0.05
1463,0.10158333501645497,0.020942462586043847,2.3692588352021717,1.1389656719707308,0.10635887086391449,0.021678009324453094,2.392397490414706,1.215137698433616,0.05
1464,0.1014867824103151,0.021185041538306644,2.363166536603655,1.1334014918122972,0.10664351419969038,0.02063639157197692,2.380189548839222,1.2441045100038701,0.05
1465,0.10098942830449059,0.021063417551063356,2.340725297019595,1.1303751326742626,0.10577024858106267,0.02042984098873355,2.361856698989868,1.2344367991794238,0.05
1466,0.10122197760002953,0.020903683977112883,2.3524199099767777,1.135881869565873,0.10665304281494835,0.021104863929477604,2.3956449898806484,1.2318345741792158,0.05
1467,0.10089534059876487,0.021038029631156297,2.367865454582941,1.1235731229895638,0.10574305328455838,0.019588047215207058,2.3980292190204966,1.243494293906472,0.05
1468,0.10115400116358485,0.02096993068144435,2.3469871963773454,1.1342839556080955,0.10618150437420065,0.02149113741787997,2.3809385082938452,1.2176196358420632,0.05
1469,0.10093351506761142,0.02079122473618814,2.361976299967085,1.1304505396456945,0.10791081190109253,0.020197378132830967,2.387671405618841,1.276734384623441,0.05
1470,0.10102319185222898,0.02130255222852741,2.3611418860299245,1.122184429849897,0.10655155439268459,0.020205937495285816,2.380177931352095,1.250876697626981,0.05
1471,0.10120274516798201,0.021245744012828385,2.346585069383894,1.1298230034964425,0.10585450584238226,0.020009492015974087,2.3863424604589287,1.2396317666227168,0.05
1472,0.10116570425175485,0.020639704673417976,2.355946904137021,1.139330594312577,0.1053903495723551,0.020665327171710404,2.385221828113903,1.2174560265107588,0.05
1473,0.10125554512654032,0.021396768833732323,2.3581111487888156,1.1255532716001784,0.10570941459048878,0.019807700406421314,2.3728185350244697,1.243470549583435,0.05
1474,0.10132052057555743,0.021504459193065054,2.3459121783574424,1.1271387892110007,0.10524184663187373,0.02002728959037499,2.380810434168035,1.228129050948403,0.05
1475,0.1011848600492591,0.021271966708203156,2.3474251996903193,1.1287728264218284,0.1055785749446262,0.019715254787694324,2.3813326358795166,1.2409998828714544,0.05
1476,0.10081420874311811,0.021066433129211266,2.3615272612798783,1.122650051400775,0.10551730340177362,0.020283816720951687,2.386345451528376,1.2274006442590193,0.05
1477,0.10136308095284871,0.02116900136960404,2.3779131117321195,1.1282989553042821,0.10505971177057787,0.01958796229552139,2.4223078814419834,1.2249733859842473,0.05
1478,0.10120375312509991,0.020856571272902545,2.3715915452866327,1.132625320128032,0.10559498180042613,0.019696360030634838,2.4119392958554355,1.2355845949866555,0.05
1479,0.10130020426142783,0.02157870094691004,2.3699491989044916,1.1204402120340438,0.10628847574645822,0.020187339406799187,2.4048995104703037,1.2410427873784846,0.05
1480,0.10113328819473584,0.02054605424581539,2.379391153653463,1.1358664631843567,0.10564038496125829,0.01921177553859624,2.3994937159798364,1.2486734607002952,0.05
1481,0.10087298318034127,0.020700941594051465,2.3599057651701427,1.1314596519583748,0.10505004633556712,0.019885959442366253,2.3989865346388384,1.2234844023531133,0.05
1482,0.10115770747264226,0.02113908298668407,2.3761690173830305,1.1251386900742848,0.10623160411011089,0.020009774884039707,2.404465848749334,1.2435433972965588,0.05
1483,0.10085317137695494,0.020903241488018205,2.3534932931264243,1.1282999345234461,0.10601185194470665,0.021434320136904716,2.3712545091455635,1.2172997702251782,0.05
1484,0.1011926739343575,0.021088517869689634,2.366697827974955,1.128743549187978,0.1054390628229488,0.019177670675245197,2.4061027440157803,1.2440072731538252,0.05
1485,0.10072829645304453,0.021239496013593106,2.3535650344122026,1.119062975758598,0.10556309737942436,0.021904690021818333,2.36925610628995,1.199316924268549,0.05
1486,0.10066166431421325,0.02094915309654815,2.3437232630593434,1.1255055509862446,0.10541335967454044,0.020524646832861683,2.403528430245139,1.2170685638080945,0.05
1487,0.10141651580731074,0.02138728244851033,2.383663432938712,1.1238519790626706,0.10634411126375198,0.021629446270790966,2.4044209610332143,1.2134090770374646,0.05
1488,0.10126131790734473,0.02099764258379028,2.3709912300109863,1.1310752459934779,0.10583276572552594,0.02018550360067324,2.3935945250771264,1.2342263135043057,0.05
1489,0.101506307721138,0.02080693275534681,2.36823871022179,1.1403397406850542,0.10516260225664485,0.019863960417834194,2.4065772620114414,1.2246573242274197,0.05
1490,0.10114934348634311,0.02090221532576141,2.3851569380078996,1.127911144778842,0.10530900684269992,0.020033694465051998,2.3959048227830366,1.2263252572579817,0.05
1491,0.1013463790572825,0.021173012686804646,2.357321886789231,1.1320029553912936,0.10532276196913286,0.019097861495207657,2.3836470517245205,1.24776860258796,0.05
1492,0.10096611455082893,0.021420098065088194,2.337401032447815,1.1234401095481146,0.1051776720718904,0.019685784354805946,2.3757881684736772,1.2346801161766052,0.05
1493,0.10095119440839403,0.021049032076483683,2.3600953874133883,1.1260241539705367,0.10502379387617111,0.02050577849149704,2.3767359906976875,1.2150131193074314,0.05
1494,0.1011443060068857,0.02104955809634356,2.343965973172869,1.133101761341095,0.10482563958926634,0.02042304707521742,2.3752644712274726,1.212998932058161,0.05
1495,0.10144996306016332,0.02108240296088514,2.380088068190075,1.1313335867155165,0.10647192123261365,0.019412354989485306,2.418865117159757,1.2574182965538718,0.05
1496,0.10080096923879214,0.020971683142263265,2.36376885005406,1.1238319533211845,0.10610835321924904,0.021390692923556675,2.37631216916171,1.219090759754181,0.05
1497,0.10103949159383774,0.021178691204459893,2.35832785424732,1.1255504205113365,0.10556563125415282,0.02017130668867718,2.4162638620896773,1.2246337045322766,0.05
1498,0.10132723762875512,0.02090721626189493,2.372479171979995,1.1339045805590493,0.10542452199892564,0.020762942731380463,2.3920819759368896,1.2148151831193403,0.05
1499,0.10174064196291424,0.02087829913944006,2.374388989948091,1.1423690347444444,0.10596595907753165,0.02145453542470932,2.430984930558638,1.2040314728563482,0.05
1500,0.10113163097273736,0.021265184329379173,2.406623511087327,1.1160042144003368,0.10590637204321948,0.01885017261586406,2.4038280790502373,1.260358376936479,0.05
1501,0.1010740241479306,0.020714751932592618,2.367282208942232,1.1337289824372245,0.10604857585646889,0.019666248932480812,2.389520601792769,1.2497424429113215,0.05
1502,0.10082110283630234,0.021165332424321344,2.3517082078116283,1.1227737622601646,0.10538232800635425,0.018843635578047146,2.370057712901722,1.2567622444846414,0.05
1503,0.10113986120337531,0.02043214234124337,2.370292691957383,1.140095821448735,0.10663741623813455,0.020724465223875912,2.390962253917347,1.2400665499947288,0.05
1504,0.10089291809570222,0.02098519638890312,2.3683946416491555,1.124475523119881,0.10570978644219312,0.018929545936936683,2.406952207738703,1.2542143301530317,0.05
1505,0.10102753642769087,0.02089043968312797,2.370445932660784,1.1286527471882957,0.10529010607437654,0.02034415846521204,2.3952466574582187,1.2198696353218772,0.05
1506,0.10098595225385257,0.021242941641027017,2.3581940673646473,1.1232214073340099,0.10605390098961917,0.020173590376295826,2.371277939189564,1.2433506033637307,0.05
1507,0.1010691574996426,0.021312079968906585,2.3577917303357805,1.1235831862404233,0.10526333410631526,0.01953025348484516,2.37217716737227,1.2402261278846047,0.05
1508,0.1009720109757923,0.020849837744165035,2.339603270803179,1.1345228041921342,0.105606616220691,0.020694430578838695,2.3748067075555976,1.223282364281741,0.05
1509,0.10146285114543778,0.021171355442631812,2.370294060025896,1.1317710904848008,0.10565660826184532,0.02038080600852316,2.3988806984641333,1.2257398962974548,0.05
1510,0.10122594166369665,0.021136467389407613,2.3627416008994695,1.1292411642415183,0.10551333427429199,0.020343261347575622,2.398464462973855,1.2237085645849055,0.05
1511,0.10131259972140902,0.021085928682060467,2.35239653360276,1.1340540973913102,0.10677307708696886,0.02011302071200176,2.3737743117592554,1.2584462545134805,0.05
1512,0.10125411975951422,0.021344313575398354,2.367370809827532,1.1247219627811795,0.10580119490623474,0.020129475403915752,2.403874570673162,1.232659486207095,0.05
1513,0.10117106937936374,0.020968325946125247,2.3689507870447066,1.1302647079740251,0.10576278242197903,0.022000858729535885,2.374096003445712,1.200419301336462,0.05
1514,0.10135877771036965,0.02067596469784067,2.349992627189273,1.14365772548176,0.10612918775190007,0.01968031893060966,2.392290808937766,1.2505191510373896,0.05
1515,0.10135588990080924,0.020677579832928523,2.380390865462167,1.1374880132221041,0.1060052290558815,0.021261069584976543,2.403939268805764,1.2140953053127637,0.05
1516,0.10105247564968609,0.02086616391759543,2.368537658736819,1.1300186898027147,0.10546612197702582,0.01929438579827547,2.3837850744074043,1.2466777021234685,0.05
1517,0.10118345206692106,0.021057122763955875,2.359732531365894,1.130580070472899,0.10596458410674875,0.019150687296959488,2.4348502159118652,1.2493079087950967,0.05
1518,0.10139953983681542,0.020445869614680607,2.401492436726888,1.1387749172392345,0.10654043541713194,0.02044518393549052,2.4211823723532935,1.2376685359261252,0.05
1519,0.10077063916694551,0.020851019282071365,2.3673497835795083,1.1249224415847234,0.10603939064524391,0.01990273112261837,2.375205386768688,1.2476921135729009,0.05
1520,0.10087787306734494,0.021014338359236717,2.349877641314552,1.1272951577390944,0.10591923377730629,0.020037485286593437,2.378110798922452,1.242012787948955,0.05
1521,0.10111421009614355,0.020682766656613068,2.351407834461757,1.1383472780386608,0.10575325448404659,0.021104917268861424,2.3867875012484463,1.2156092470342463,0.05
1522,0.10083605278105963,0.021397060138129052,2.34069287776947,1.1206412797882443,0.10524743863127449,0.019707877781580795,2.363952788439664,1.2380006367510015,0.05
1523,0.10109038313939459,0.021192279511264393,2.3564224867593673,1.1266775556973048,0.10634627328677611,0.020065079527822407,2.3950849012895064,1.2466068484566428,0.05
1524,0.10078002210883867,0.020973547583534605,2.3409188247862316,1.1279457083770208,0.10524762828241695,0.02073997851799835,2.3456917025826196,1.2210146513852207,0.05
1525,0.10080365127041227,0.021306342068350033,2.338435269537426,1.1222591229847498,0.10592560063708913,0.019750024869360706,2.355018312280828,1.2525078654289246,0.05
1526,0.10127605639752887,0.020886003904576813,2.3341769661222185,1.1409656462215243,0.1057443381710486,0.020403305745937607,2.386062903837724,1.2296080535108393,0.05
1527,0.10155962389849481,0.021742428120757853,2.368398041952224,1.122664301168351,0.10614936663345857,0.02111825922673399,2.3885227983648125,1.2229175621812993,0.05
1528,0.10090212754550434,0.020916348034959464,2.363345816021874,1.1270464261372883,0.10508742793039842,0.01957581149922176,2.3793963519009678,1.234353092583743,0.05
1529,0.10134870434800784,0.021230963901394888,2.341322830745152,1.1340902575424738,0.10503681139512495,0.01996478692374446,2.3850968967784536,1.224421132694591,0.05
1530,0.10078236141375133,0.021064745461834327,2.371125567527044,1.1201271982420058,0.10507849468426271,0.019516586834056812,2.383592583916404,1.2345196387984536,0.05
1531,0.1015731781011536,0.021439130772792157,2.380895586240859,1.1265018114021845,0.10510855980894783,0.019593887708403847,2.436747767708518,1.2229438532482495,0.05
1532,0.10122503499899592,0.020452176353761127,2.409534976595924,1.133550199724379,0.10544338348236951,0.01994576525281776,2.425693381916393,1.2248136888850818,0.05
1533,0.10059328732036409,0.020450675483083443,2.366845959708804,1.129483034213384,0.10536130314523523,0.020639999938959427,2.377373066815463,1.2189514311877163,0.05
1534,0.10078966422449975,0.0213528024032712,2.3470880644662038,1.119319613490786,0.1050683618946509,0.019740169698541813,2.3571929931640625,1.2351252490823919,0.05
1535,0.10070442408323288,0.02100959519988724,2.342598631268456,1.1253768532049089,0.10565835576165807,0.020585711537437004,2.3849233280528677,1.2244681986895474,0.05
1536,0.10124945658303443,0.02162337156810931,2.3621473596209572,1.1200922131538391,0.10588865794918755,0.0189949744804339,2.4112146984447134,1.2556307099082253,0.05
1537,0.10082402364129112,0.02053368603810668,2.379234262875148,1.1299598969164348,0.1051772717725147,0.019505152648145504,2.3905234336853027,1.2353377233852039,0.05
1538,0.10127094388008118,0.02110589366583597,2.3677822124390375,1.1297445368199122,0.10558978739109906,0.020718740638006817,2.3901664343747226,1.2193876288153909,0.05
1539,0.10104148497893697,0.020728109604013816,2.374796782221113,1.1313081284364064,0.10588363287123767,0.019569580527869137,2.40348388931968,1.2455842711708762,0.05
1540,0.10103611985132807,0.021502548850895392,2.356681528545561,1.1193351106984275,0.10563793101093986,0.02012182247232307,2.368123704736883,1.236697408286008,0.05
1541,0.10087141909060024,0.0208012610008674,2.349680701891581,1.1314670188086373,0.10556926307353107,0.020412568510933357,2.3763590942729604,1.2278620654886419,0.05
1542,0.10066577756688708,0.02088565949261898,2.3446961414246332,1.1266631285349529,0.10569929060610858,0.019956281831996006,2.3520889065482398,1.244442414153706,0.05
1543,0.10081539586895988,0.021275358052835577,2.334819277127584,1.1238368778001695,0.10571539876135913,0.02097621780227531,2.361994656649503,1.2223846533081748,0.05
1544,0.10145110246681031,0.02131362696222606,2.343633084070115,1.1340228815873463,0.10694592039693486,0.02082278122278777,2.375565528869629,1.2473496794700623,0.05
1545,0.10093909998734792,0.021584165726034416,2.346206704775492,1.1178573398363023,0.10525808889757503,0.02089069343426011,2.369887048547918,1.2133705074136907,0.05
1546,0.10157271864868346,0.02097583877011424,2.3639858790806363,1.1391404185976302,0.10577146979895505,0.02043453206054189,2.399422537196766,1.2268542538989673,0.05
1547,0.10113220129694257,0.020976996049284935,2.359747426850455,1.1311545982247306,0.10628661513328552,0.020848278887569904,2.3812456130981445,1.232517578385093,0.05
1548,0.1008027974693548,0.020787250516670092,2.3426118805294944,1.1317885745139349,0.10498212345621803,0.01983248357745734,2.3627920800989326,1.230434390631589,0.05
1549,0.1009333451234159,0.02113347653565662,2.3264530329477218,1.1307067445346288,0.10534587163816798,0.0204608291387558,2.350476958534934,1.2276054295626553,0.05
1550,0.10070920859773953,0.020956025924533606,2.3416698489870345,1.1267296927315849,0.10462642731991681,0.020561650141396305,2.3592791990800337,1.209439673207023,0.05
1551,0.10091663950255939,0.02183572646407854,2.3278263069334484,1.1160529965446109,0.1053180294958028,0.02014621804383668,2.348365371877497,1.2337631474841724,0.05
1552,0.10136185284881365,0.021294314015124525,2.3477975186847506,1.1317912538846333,0.10539355332201178,0.01922363516959277,2.3944936882365835,1.24449960751967,0.05
1553,0.10137615743137542,0.021286154409781807,2.3719596522194997,1.1274081156367348,0.10579549250277606,0.020064757036214523,2.382570895281705,1.2381004853682085,0.05
1554,0.10088802075811795,0.02122443825716064,2.3579544112795876,1.1216807578291212,0.10540002584457397,0.020096362737769432,2.379048715938221,1.230263514952226,0.05
1555,0.10129136964678764,0.02100552540893356,2.3498162031173706,1.1357536500408536,0.10475524718111212,0.02006461217322133,2.3848771398717705,1.2168372436003252,0.05
1556,0.10074304469994136,0.021371500344858282,2.349583546320597,1.1175141717706407,0.10568795420906761,0.01971994611349973,2.37975718758323,1.2434086853807622,0.05
1557,0.10152199101589975,0.021046663834048168,2.3591309899375554,1.1376803474766868,0.10642996769059788,0.020934405313296753,2.3828095522793857,1.2333493612029336,0.05
1558,0.10108716076328642,0.020691998103367432,2.374885082244873,1.1329262242430733,0.10603443804112347,0.020642292516475372,2.3798575834794478,1.2318713827566667,0.05
1559,0.10100822274883588,0.021299987033541714,2.3357337429409935,1.1270179549853008,0.10540956936099312,0.020545788955959408,2.3737841952930796,1.2225187908519397,0.05
1560,0.10108847100110281,0.021536137553907576,2.347376675832839,1.1215713180246807,0.10626803812655536,0.020597454329783268,2.3529203154824,1.2428276051174512,0.05
1561,0.10099706958447184,0.021108387348552544,2.356582828930446,1.1264570752779643,0.10561023923483762,0.01968909410590475,2.386354598132047,1.2411519722505049,0.05
1562,0.10076990883265223,0.020976277777836436,2.3467841091610135,1.126515807140441,0.10620304468003186,0.021826397458260708,2.363817908547141,1.2147693363103,0.05
1563,0.10095825578485217,0.02136013257716383,2.3401179143360684,1.123938879796437,0.10546896064823325,0.019610329107804733,2.372860691764138,1.2426005060022527,0.05
1564,0.10122974536248616,0.0215019504761412,2.354505663826352,1.1236547501314254,0.1048664464191957,0.020425904711539097,2.400042187083851,1.2088023857636885,0.05
1565,0.10128319760163625,0.02101328441252311,2.3755176691781905,1.1302947160743533,0.10633774440396916,0.020951297980817882,2.4067637486891313,1.2263761596246199,0.05
1566,0.10167787330491203,0.02152347664481827,2.3863809392565773,1.1258117201782407,0.10543796691027554,0.020372665063901382,2.3994440598921343,1.2214171832258052,0.05
1567,0.10122134252673104,0.0205811553945144,2.3767088708423434,1.1374619659923373,0.10532381182367151,0.020215393721380016,2.3757124814120205,1.2270258665084839,0.05
1568,0.10117440244981221,0.021350848843299207,2.3743842272531417,1.1215942133040655,0.10653670470822942,0.020897777073762634,2.4050710418007593,1.2317643490704624,0.05
1569,0.10123261046551522,0.0211381186686811,2.3461034922372725,1.132669122446151,0.10483510859987953,0.019737711345607586,2.36991641738198,1.227964623407884,0.05
1570,0.10128302606088775,0.02112909180245229,2.3574062812896,1.1315974323522477,0.10644922744144093,0.021284456195479088,2.426929538900202,1.2179095365784385,0.05
1571,0.10093634859437034,0.021000813936725968,2.380115276291257,1.1226876392250968,0.10622971640391783,0.019676190631633454,2.398578817194158,1.2513547593897039,0.05
1572,0.10118498706391879,0.020946094012331395,2.379347801208496,1.1289082907495045,0.10475389794869856,0.019875959831882607,2.3786361000754614,1.2218315276232632,0.05
1573,0.10102170652576856,0.020933739597066528,2.3477935336885,1.1322006313573747,0.1050469225103205,0.020366991446776825,2.3903579711914062,1.2155270197174766,0.05
1574,0.10094082053928148,0.021340812600794293,2.3531724214553833,1.1213656621319907,0.10771998424421657,0.020342068577354603,2.3587466153231533,1.2758089737458662,0.05
1575,0.10128294747500192,0.02108426077202672,2.3303682917640325,1.1379000743230183,0.10518865896896883,0.020909986543384464,2.3586940331892534,1.2138346271081404,0.05
1576,0.10147067727077574,0.02150225206943495,2.3506483180182323,1.1292388283071064,0.1066097461364486,0.020170292393727737,2.3829912922599097,1.2521908229047602,0.05
1577,0.10083083897119477,0.021038551903551535,2.361434959229969,1.1235587611084892,0.10522570664232428,0.020122347060929646,2.3854186101393267,1.224983437494798,0.05
1578,0.10071612451048124,0.021051881701818535,2.343397026970273,1.1246054527305422,0.10521559755910527,0.020058812488886444,2.3614976839585737,1.2308361747048118,0.05
1579,0.1012004982857477,0.021465831680134648,2.3509835572469804,1.1244966089725494,0.10605666176839308,0.02089194335382093,2.396810683337125,1.2239322391423313,0.05
1580,0.10075568691605613,0.020849012836281742,2.3575495254425776,1.126623578014828,0.10603294995698062,0.020493860441175373,2.377279281616211,1.2353259487585588,0.05
1581,0.10094550234221276,0.021431265132767812,2.3541218496504284,1.119460362763632,0.10491917146877809,0.01991931882432916,2.379531426863237,1.2240907170555808,0.05
1582,0.10153014212846756,0.020800242843549876,2.3572115954898654,1.14315565710976,0.10592944378202612,0.020649921995672314,2.3906492319974033,1.2274605523456226,0.05
1583,0.10104856444966226,0.021421026926310288,2.3594367731185186,1.1206633902731395,0.10435935245318846,0.01978809310292656,2.380109895359386,1.2154031991958618,0.05
1584,0.10081752176795687,0.020798942096353995,2.3613556623458862,1.128100450549807,0.10550801320509477,0.019445576959035614,2.3961112932725386,1.2420264374126087,0.05
1585,0.1010216430184387,0.021157989455830483,2.3786390735989524,1.1215452523458571,0.10564456744627519,0.01983396971428936,2.3961676467548716,1.2369784279303118,0.05
1586,0.1007342299535161,0.020740346273496038,2.362169850440252,1.1274436854180836,0.10552031208168376,0.02024160943586718,2.3698245828801934,1.231609127738259,0.05
1587,0.10092541096465928,0.021380495235678695,2.3380266484760104,1.1232929868357522,0.10513691807335074,0.020139178007163784,2.374904849312522,1.2249738628214055,0.05
1588,0.1008682871858279,0.021421414312152637,2.359541586467198,1.1170291375546229,0.10642008754340085,0.02024124257943847,2.3791554407639937,1.2477457902648232,0.05
1589,0.10027890510502316,0.020870261382134186,2.3384737287248885,1.1204781078156971,0.10548160834745927,0.02094352296130224,2.3509887782010166,1.2205639264800332,0.05
1590,0.10077147647028878,0.021383883254159065,2.325680346716018,1.1226157872449785,0.10592830858447334,0.019941438328136097,2.376365986737338,1.2444642348722978,0.05
1591,0.1008706268455301,0.021307436904559534,2.3709245976947604,1.117078877630688,0.10572177307172255,0.02019759165969762,2.3784701824188232,1.2347895990718494,0.05
1592,0.10075055506257784,0.021332072981056712,2.3387849841799055,1.1206126496905373,0.10563603991811926,0.020621693777767094,2.3550637418573555,1.2292742078954524,0.05
1593,0.10111744098720096,0.021819534201529763,2.3388639120828536,1.1181853257474446,0.10623269866813313,0.021597182208841496,2.3826391480185767,1.2161824649030513,0.05
1594,0.10082196550709861,0.021077970175870826,2.3696541502362205,1.1209490398565929,0.10544594038616527,0.020764554088765926,2.409158381548795,1.2117960344661365,0.05
1595,0.10097837323943774,0.021014193627273754,2.374077115740095,1.1244681704612005,0.10501197386871684,0.01990120637823235,2.3805982633070513,1.2260956872593274,0.05
1596,0.10101918681036859,0.021781054414099173,2.3511801617486134,1.1145266095797222,0.10510449585589496,0.019041901708326557,2.369469924406572,1.2473578723994168,0.05
1597,0.10132946872285434,0.020921206589610802,2.3752839281445457,1.1331084356421517,0.10540492561730472,0.02014762315560471,2.4248823035847056,1.220169560475783,0.05
1598,0.1006471257479418,0.02073619483659665,2.3750147365388417,1.1232156682582128,0.10483684526248412,0.019588623703880745,2.377973664890636,1.2293696836991743,0.05
1599,0.10078744306450799,0.02119052064205919,2.337177872657776,1.1245028646219344,0.1050947518511252,0.01921177553859624,2.3708971630443227,1.2434800809079951,0.05
1600,0.10147075692103022,0.02093992413332065,2.3771701199667796,1.1351826176756905,0.1053784882480448,0.021084258502179928,2.4289838834242388,1.2000877911394292,0.05
1601,0.10074434234272867,0.021294256827483576,2.367392693247114,1.1155231509889876,0.10526395656845787,0.020948571237650784,2.378053318370472,1.21069706028158,0.05
1602,0.10140207090548106,0.02139556858067711,2.360671083132426,1.127995823110853,0.10614381256428632,0.021539064632220703,2.3886681253259834,1.2143612829121677,0.05
1603,0.1011526801046871,0.021166683174669743,2.350695570309957,1.129580828405562,0.10502263835885307,0.018876184286041695,2.380939917130904,1.246741078116677,0.05
1604,0.10103721384491239,0.021517596983661253,2.368417189234779,1.1167089016664595,0.10610884834419597,0.020743851126594978,2.399253173307939,1.2274492924863643,0.05
1605,0.10102864922512145,0.021016574109948817,2.3725174324853078,1.125737990651812,0.10546073046597568,0.01883361116051674,2.394213459708474,1.253699692812833,0.05
1606,0.10107639378734998,0.0215017454964774,2.3546455076762607,1.1205638547738392,0.10506364838643507,0.019485430029982872,2.390369848771529,1.2334903803738682,0.05
1607,0.1011039949953556,0.02118802602802004,2.3703464837301347,1.124250081323442,0.10516649145971645,0.01979033039374785,2.3883619091727515,1.2298508069731973,0.05
1608,0.10070883926181566,0.02128522570378014,2.3548911753154935,1.1174940381731306,0.10510619255629453,0.020163899287581444,2.3748008121143687,1.2238856824961575,0.05
1609,0.10068388194555328,0.021097909792193344,2.3424504597981772,1.1232293390092396,0.10514185442165895,0.019743138500912624,2.3557584285736084,1.236822621388869,0.05
1610,0.10079008784322512,0.020952954090067318,2.343474041847956,1.1280478593849002,0.1053670197725296,0.021834164519201626,2.37697941606695,1.195261223749681,0.05
1611,0.1008605407107444,0.020997274112665935,2.3428607327597484,1.1286931960355668,0.10487509180199016,0.020159779201177033,2.378121787851507,1.2186818773096257,0.05
1612,0.10050541535019875,0.021159889176487923,2.349294441086905,1.1170516425655002,0.10521799732338298,0.019616636955602604,2.357270370830189,1.2405731190334668,0.05
1613,0.10087166265362785,0.020870907520431848,2.3283147300992693,1.1343521376450856,0.10567013106562874,0.019782394509423862,2.3596094088120894,1.2458328442140059,0.05
1614,0.10148057501230921,0.021259208431556112,2.3583460932686213,1.1327581221149081,0.1064125035296787,0.02171263649043712,2.403812516819347,1.2132348364049739,0.05
1615,0.10104771969573838,0.02115326909170974,2.3650665907632735,1.1248756803217388,0.10578066517006267,0.019109389490701935,2.368983117016879,1.2596288594332608,0.05
1616,0.10118141628447033,0.02106160151639155,2.356019610450381,1.1311923662821453,0.10516844554380937,0.01999862322753126,2.3802340030670166,1.227349649776112,0.05
1617,0.10076027736067772,0.021293628539535262,2.34275640192486,1.1207816884631203,0.10579424080523578,0.020190488377755337,2.3690718954259697,1.2382606701417402,0.05
1618,0.10098912974908239,0.02101544454871189,2.3407050598235357,1.1313326798734211,0.10540308871052483,0.01888314008035443,2.384141596880826,1.2535706812685186,0.05
1619,0.10073609933966682,0.02082430600144324,2.36265800680433,1.1257042558420272,0.10579219054092061,0.020074200223792683,2.3952590985731645,1.2353079589930447,0.05
1620,0.1009183871958937,0.021392503775478827,2.3540793714069186,1.1197017984730857,0.10512950880960985,0.01959180450913581,2.3775533762845127,1.235243407162753,0.05
1621,0.10084713942238263,0.021408754245688517,2.345972600437346,1.1195731773262931,0.10652217336676338,0.01975820857015523,2.3680266467007725,1.2616739598187534,0.05
1622,0.10110238442818324,0.020806405737641313,2.3504327478862943,1.1358330391702198,0.10570518875663931,0.020197493786161595,2.374289859424938,1.235295908017592,0.05
1623,0.10085383767173403,0.020883228740699235,2.3403235163007463,1.1313474561486925,0.10519043694842946,0.01938524859195406,2.367420803416859,1.242619601162997,0.05
1624,0.10097261819811094,0.021081277923215003,2.343633708499727,1.129100053083329,0.10531111400235783,0.019403789277103813,2.3781996206803755,1.2425065582448787,0.05
1625,0.10119417824205898,0.020884028170257807,2.3678022168931507,1.1326425359362648,0.10553860799832777,0.018832179040394047,2.398826902562922,1.2543631900440564,0.05
1626,0.10076207099925905,0.020533692291272537,2.3799714077086676,1.1285732828435444,0.10465275428511879,0.01999256091023033,2.388433976606889,1.2155171036720276,0.05
1627,0.10100488471133369,0.021215609696117185,2.351648909705026,1.1254557087307884,0.10525481064211238,0.021144020625136116,2.3879209648479116,1.2046316211873835,0.05
1628,0.10092658957555181,0.021367705648853666,2.3589629445757185,1.1193850735823314,0.10481682352044365,0.01887442891231992,2.38585411418568,1.2416770566593518,0.05
1629,0.1006820026252951,0.021054981675531183,2.355541984240214,1.121432024808157,0.10543029890819029,0.01989095928994092,2.373377951708707,1.2361111749302258,0.05
1630,0.10079282096454076,0.02107842071425347,2.3301172653834024,1.1282645676817213,0.10479805076664145,0.02001115967604247,2.351920387961648,1.2253537069667468,0.05
1631,0.10066318831273488,0.02113796513350237,2.3507844436736334,1.1203475594520569,0.10580959780649705,0.02027837187051773,2.390824794769287,1.232459550554102,0.05
1632,0.10095887223169916,0.020959357487126476,2.365682210241045,1.1268538520449685,0.10516413436694579,0.01958856807852333,2.4067354419014673,1.2301642352884465,0.05
1633,0.10076698980161122,0.021360863310595352,2.3527052913393294,1.1175814625762759,0.1048670770092444,0.019286826930262825,2.3628065369345923,1.2390436801043423,0.05
1634,0.10082974958987463,0.021072614782800276,2.3495041756402877,1.1252418586186,0.1052346717227589,0.019383006644519894,2.3672568147832695,1.2435819235715,0.05
1635,0.10081811533087776,0.021136195154949314,2.341697301183428,1.1252989343234472,0.1046364348043095,0.02006808871572668,2.3631445494565098,1.2187379923733799,0.05
1636,0.10057002909126736,0.021245609702808515,2.3454637016568864,1.117395655030296,0.10504150390625,0.021204593337394974,2.380858984860507,1.2005663839253513,0.05
1637,0.10090380960277148,0.021167425882248653,2.343476426033747,1.1260323779923576,0.10525793108073148,0.021364089270884342,2.350982124155218,1.207680425860665,0.05
1638,0.10063435403364045,0.02082556439563632,2.3223241510845365,1.1317109635898046,0.10521882433782924,0.021668523634699257,2.3567035414955835,1.1996653242544695,0.05
1639,0.10057541639322326,0.021377649779121082,2.328330777940296,1.1182891499428522,0.10591820288788188,0.021472810005599804,2.3443601348183374,1.2200357805598865,0.05
1640,0.10088989333737464,0.0215339822295521,2.3292196080798195,1.1212742995648157,0.10531633956865831,0.01961004954170097,2.353529626672918,1.2434198639609597,0.05
1641,0.10102253229845137,0.021481437675122703,2.3143258492151895,1.127956713948931,0.1060341779481281,0.021482038057663223,2.350302804600109,1.2209822156212546,0.05
1642,0.10078448128132593,0.020983823464207706,2.3421368428639004,1.1275857828912281,0.10527019541371953,0.020417798310518265,2.381907809864391,1.2206664193760266,0.05
1643,0.10111308523586818,0.02119346060568378,2.366995930671692,1.124993302992412,0.10494827953251926,0.020989557982168415,2.3896845037286933,1.2012375430627302,0.05
1644,0.10112811234735307,0.021310175658159312,2.3645117169334773,1.1234563887119293,0.10653654418208382,0.020654956556179306,2.3990627852353184,1.237819178537889,0.05
1645,0.10074045526839438,0.02107911929488182,2.3597765139171054,1.1212714101587022,0.10562663796273145,0.0204391498118639,2.3990497372367163,1.2239398035136135,0.05
1646,0.1007569320499897,0.020740219768846317,2.3798070521581742,1.1243728299935658,0.1056143817576495,0.02008857357908379,2.4073587114160713,1.2290443832224065,0.05
1647,0.1011467847440924,0.021165228182716028,2.3665916465577626,1.126312797977811,0.10573781891302629,0.019859971647912807,2.367472453550859,1.2440624237060547,0.05
1648,0.10084577507915951,0.021043978897588595,2.34011215255374,1.1280134973071871,0.10582728683948517,0.02053923024372621,2.3762594786557285,1.2305092107165942,0.05
1649,0.10072112331787746,0.021233726159802506,2.3399514697846913,1.1217576364676158,0.10517928139729933,0.01982580650259148,2.356175747784701,1.2358343276110562,0.05
1650,0.10111062778603463,0.02156131268878068,2.3461250407355174,1.1217612837042128,0.1070966666395014,0.020204895006662064,2.4034589420665395,1.2571436166763306,0.05
1651,0.10137830798824628,0.02131424422952391,2.3697397197995866,1.127333321741649,0.10502967441623862,0.02018776231191375,2.3662890737706963,1.2235803983428262,0.05
1652,0.1010382870833079,0.021632450632750988,2.3371618531999134,1.1206843455632527,0.10620864142071117,0.020781085657125168,2.37829607183283,1.2328918847170742,0.05
1653,0.10100467236978668,0.021328819383467947,2.361771611940293,1.1211627239272708,0.1055267947641286,0.021280550905926662,2.383967334573919,1.2081313729286194,0.05
1654,0.10069168820267632,0.021146806843933604,2.345935509318397,1.1217105218342371,0.10563350333408876,0.020722500641237606,2.351078163493763,1.22800443389199,0.05
1655,0.10088521153444335,0.02167588308276165,2.331557285218012,1.1178751147928692,0.10461426729505713,0.01933115974745967,2.3602452711625532,1.2336130738258362,0.05
1656,0.10080423472183091,0.021142761599982067,2.375380754470825,1.1181532996041434,0.10482337799939243,0.019920445470647377,2.403246771205555,1.2174092856320469,0.05
1657,0.10071692065823645,0.02061175268941692,2.3564607870011103,1.1308112016745977,0.10571852800520984,0.019840144636956127,2.3690900152379815,1.243749651041898,0.05
1658,0.10107682982370966,0.021273227408528328,2.3461694490341913,1.1268381377061207,0.105936276641759,0.01925429981201887,2.3948007063432173,1.254679333079945,0.05
1659,0.10088385393222173,0.020946067513986713,2.3613721302577426,1.1264812861170088,0.10549478977918625,0.020309165712784637,2.372859304601496,1.229140574281866,0.05
1660,0.10077444871976263,0.0214798218082814,2.332548907824925,1.1193827560969762,0.10681303658268669,0.021245071579786865,2.364144867116755,1.2385303378105164,0.05
1661,0.10084233344310806,0.021573519467243125,2.3578922862098333,1.1137978164922624,0.1052642132748257,0.020562676204876465,2.3692106767134233,1.2201885906132786,0.05
1662,0.1005763363625322,0.020970633297803857,2.3272162902922857,1.1266707934084392,0.10456462746316736,0.02023386557332494,2.3386062275279653,1.2188939723101528,0.05
1663,0.10047458750861031,0.021180573318685805,2.330412331081572,1.1197978116217113,0.1056546772068197,0.021114719354293564,2.352427851070057,1.2203135923905806,0.05
1664,0.10093817717972256,0.02130652686935805,2.33282778944288,1.1260674610024406,0.10549254715442657,0.020577568306841633,2.378080714832653,1.2226834026249973,0.05
1665,0.10155599422398068,0.02163218032746088,2.3539688984553018,1.1276825056189583,0.10605024952780116,0.020613774149255318,2.3775713443756104,1.2332152182405645,0.05
1666,0.10104624128767423,0.021352919040336496,2.361448645591736,1.1215767179216658,0.10585528747601942,0.020288777283646843,2.3815831487829033,1.2350135824897073,0.05
1667,0.10111517476893607,0.021168917107085388,2.339228181611924,1.1310795204980033,0.10581854324449193,0.01989949266002937,2.3884369893507524,1.2406936179507861,0.05
1668,0.10084479940789086,0.02084559550331462,2.3512844755536033,1.1297271720000677,0.1049042052843354,0.02106430423869328,2.3595473766326904,1.2048885117877612,0.05
1669,0.10058205237700826,0.020744267673719497,2.344966837338039,1.12776232617242,0.1050053597851233,0.01967060896144672,2.3748240254142066,1.23173020102761,0.05
1670,0.10058047782097544,0.020831636219684566,2.355939365568615,1.1237889528274536,0.10545592890544371,0.02000529564578425,2.3871122923764316,1.2315902330658652,0.05
1671,0.10122911064397722,0.02153666193286578,2.3500789120083763,1.12383318515051,0.10565105893395164,0.020294484005055645,2.386360536922108,1.2298593737862327,0.05
1672,0.10069776982778594,0.020979286082798525,2.3475578342165266,1.1248581182389032,0.10607627914710478,0.02100608116862449,2.3801922581412573,1.2253655086864124,0.05
1673,0.10069355173479944,0.02087765765775527,2.3454766614096507,1.1272225337369102,0.1049173426899043,0.019983523948626083,2.3713935938748447,1.2243976159529253,0.05
1674,0.10091462163698106,0.021052521498252947,2.334811358224778,1.1302797226678758,0.1047954491593621,0.01977187649092891,2.3448211279782383,1.2315072092142971,0.05
1675,0.10064430268747467,0.02121138989570595,2.33304196312314,1.1220498567535764,0.10625763440674002,0.02186815288256515,2.3680683482776987,1.214175982908769,0.05
1676,0.10050999586071287,0.02111486004044612,2.3314948422568187,1.1216037330173312,0.10582157834009691,0.019448340193114498,2.3426723913712935,1.258930271322077,0.05
1677,0.1009058045844237,0.02113622897082851,2.320522739773705,1.1312869716258276,0.10619987682862715,0.019806228070096535,2.364252372221513,1.2550224607641047,0.05
1678,0.10058793194946788,0.02102069534538757,2.3442185946873257,1.1225009972140902,0.10465518859299747,0.02094858910211108,2.350600741126321,1.204011862928217,0.05
1679,0.10070602294235002,0.021221450995653868,2.3382768630981445,1.1220360568591528,0.10570023276589134,0.021119950254532425,2.3703676137057217,1.2175321037119085,0.05
1680,0.10043364319772947,0.021123797433184727,2.3391010647728327,1.118376700651078,0.10535648736086758,0.020420050163837997,2.3604403842579234,1.2266406308520923,0.05
1681,0.10047715902328491,0.02101906275908862,2.32207114923568,1.124747660898027,0.10541118613698265,0.020059426738457245,2.337887915697965,1.2394576235250994,0.05
1682,0.10128140396305493,0.021737233247785342,2.3373607794443765,1.12341123961267,0.10544423962181265,0.02102765745737336,2.386482347141613,1.2110351757569746,0.05
1683,0.1008246789375941,0.021052630684737648,2.3662862323579335,1.1221837202707927,0.10466685552488673,0.020522611469707706,2.3734938448125664,1.208186079155315,0.05
1684,0.10080788816724505,0.021128075374733834,2.3399631466184343,1.1256036304292225,0.10501650382171977,0.01947614635256204,2.3627490347081963,1.238257343118841,0.05
1685,0.1005219364804881,0.02052507671483216,2.3426758448282876,1.1314020057519276,0.10529397834431041,0.021752253682775932,2.3693478974429043,1.1969648870554837,0.05
1686,0.10088030124704044,0.021299391474929593,2.3475253127870106,1.1221131143115817,0.10483531315218318,0.020631512711671265,2.362164714119651,1.211643023924394,0.05
1687,0.10026099639279502,0.021380350636761813,2.311159622101557,1.1153810038453056,0.10505117272788828,0.020484363998879086,2.3103514801372182,1.229265879500996,0.05
1688,0.10066576302051544,0.02095187131670259,2.3210737648464383,1.1300630555266427,0.10530518063090065,0.01967759532007304,2.3739008470015093,1.2377715381709011,0.05
1689,0.10060430424554008,0.02087136415675992,2.346598227818807,1.125339156105405,0.10479305481368845,0.019171587530184876,2.3900896419178355,1.2344113750891252,0.05
1690,0.10062295393574805,0.021180407388047093,2.348841604732332,1.1190825970399947,0.10568511892448772,0.02110685958442363,2.35652249509638,1.220260668884624,0.05
1691,0.10114722344137374,0.021401049258808296,2.347853041830517,1.125352870850336,0.104866277765144,0.019393056800419636,2.389057592912154,1.2316528938033364,0.05
1692,0.10118042500246138,0.02104625278817756,2.3797247523353215,1.1267384815783728,0.10554896769198505,0.020919609306888146,2.388826001774181,1.2148219563744285,0.05
1693,0.10038950826440539,0.021364065796314252,2.3296491645631336,1.1145790276073275,0.10548676550388336,0.020187738182192497,2.3401466499675405,1.2379512136632747,0.05
1694,0.10117111159932046,0.02154494884113471,2.328374601545788,1.1268483315195357,0.10654797540469603,0.020802913741631943,2.377107771960172,1.2394796447320418,0.05
1695,0.10062967950389498,0.021012563901465563,2.3366062811442783,1.1250210574695043,0.10587288303808733,0.02099233196878975,2.356432416222312,1.22632450949062,0.05
1696,0.10073148051188105,0.021100066203091825,2.3322232564290366,1.126183637550899,0.10582350262186745,0.019747330045158214,2.355938889763572,1.2503356662663547,0.05
1697,0.10088160190553892,0.021098398980462833,2.33335694812593,1.12899264835176,0.10651006143201482,0.022062873213805935,2.3514435291290283,1.218655060638081,0.05
1698,0.10079824764813695,0.021422515423702344,2.31986927986145,1.1235407917272477,0.1045643158934333,0.020591289905661888,2.3487030376087534,1.2097198421304876,0.05
1699,0.10051920868101574,0.021439879556142148,2.316938979285104,1.1181987751097906,0.10483496365222064,0.021236276254057884,2.3596389293670654,1.2000459649346091,0.05
1700,0.10024825696434293,0.02110903865347306,2.3285957347779047,1.1170651884306044,0.10527750240130858,0.020606849427250298,2.335185072638772,1.2263760566711426,0.05
1701,0.10116250263083548,0.02182518881523893,2.3184502124786377,1.1230562116418565,0.10438894141804088,0.021122566508975895,2.3521229137073862,1.1949029022997075,0.05
1702,0.10068574210717565,0.02189120659161182,2.332292011805943,1.1094322956743694,0.10467510264028203,0.020023336972702633,2.374285654588179,1.2181781855496494,0.05
1703,0.10103919445758774,0.021593449060760793,2.3359614270074025,1.1217226329303922,0.10577407817948949,0.020355415530502796,2.3656153678894043,1.2352501966736533,0.05
1704,0.10100375736753146,0.020807053516840653,2.34224301860446,1.135485467456636,0.1053641526536508,0.021150964058258316,2.3879435062408447,1.2066750147125938,0.05
1705,0.10078733272495724,0.021328093395346685,2.345587792850676,1.1200672132628304,0.10548724030906503,0.019736732440915974,2.3653863776813853,1.2419328472831033,0.05
1706,0.10115689500456765,0.021704007782751604,2.325601566405523,1.1239374223209562,0.10555615614761006,0.0211505994878032,2.3579677885228936,1.2165175676345825,0.05
1707,0.10164186766459829,0.021305201863426538,2.355881401470729,1.1355570058027904,0.10596987130967053,0.021237107501788574,2.4362346042286265,1.2074083414944736,0.05
1708,0.10115487926772662,0.0208158212314759,2.4012915520440963,1.126522843326841,0.10546255721287294,0.021170722066678783,2.3904437802054663,1.2077479525045915,0.05
1709,0.10054603006158556,0.02068525189090343,2.343947104045323,1.128426126071385,0.1048007532954216,0.020076441663232716,2.3734687891873447,1.2197924689813093,0.05
1710,0.10117852474961962,0.021477875610192616,2.357377909478687,1.1225373986221494,0.1055383560332385,0.020959056575189938,2.3782448335127397,1.2159370346502825,0.05
1711,0.10027797076673735,0.0215263777146382,2.34067964553833,1.1068959278719765,0.10504983568733389,0.019458643584088844,2.3553214506669478,1.24075955694372,0.05
1712,0.10122382019956906,0.021408815690804096,2.3325599148159935,1.129788095042819,0.10595389252359216,0.02005891027775678,2.370438575744629,1.243811921639876,0.05
1713,0.10120295307465962,0.021413976481805246,2.359216888745626,1.123936150755201,0.10515559803355824,0.020607222633605652,2.3862936930222944,1.213708752935583,0.05
1714,0.10097155826432365,0.021365772356234845,2.351953006926037,1.1217251107806252,0.10505872964859009,0.019910035400905392,2.3687929673628374,1.2292152805761858,0.05
1715,0.1008830623967307,0.02133840045315169,2.337370372953869,1.1234191429047358,0.10479598831046712,0.020296898924491623,2.365444616837935,1.2168928547339006,0.05
1716,0.10093875938937777,0.021458201731244724,2.3406024887448265,1.1214906544912429,0.1063073609362949,0.022381193766539745,2.374390818855979,1.2036451480605386,0.05
1717,0.10058995141159921,0.02117236517369747,2.346074450583685,1.1191368259134746,0.10609678653153506,0.019982152025807987,2.3550318371165884,1.2512862953272732,0.05
1718,0.10184772827085994,0.021673175195852917,2.338973425683521,1.1356963501090096,0.10477881472219121,0.020011851056055588,2.374660752036355,1.220407095822421,0.05
1719,0.10082460389960379,0.02090859983027691,2.3368224246161327,1.1309556052798317,0.10556051947853783,0.020624442618678917,2.3709831454537134,1.2245248664509167,0.05
1720,0.10068319897566523,0.02114393679602515,2.346464957509722,1.121492231176013,0.10501761057160118,0.02023543104190718,2.36279634995894,1.2230842980471524,0.05
1721,0.10124482533761434,0.021524543275258372,2.3523824555533275,1.1239291415328072,0.10545952889052304,0.01994390091435476,2.3969239321621982,1.2309277762066235,0.05
1722,0.10071956224384762,0.020917549840218964,2.3692777043297175,1.1221846852983748,0.10585807263851166,0.021987681700424713,2.396668932654641,1.1980740102854641,0.05
1723,0.10054830710093181,0.020874700309442624,2.3302007572991505,1.1274319716862269,0.10601681470870972,0.022032839838754047,2.3321002179926094,1.2132594206116416,0.05
1724,0.10068292738426299,0.021137357068558533,2.3127551703225997,1.1283603750524067,0.10594424266706813,0.02224583754485304,2.3571032827550713,1.2025474147363142,0.05
1725,0.10082072250190235,0.021529582861278738,2.352061527115958,1.115410478342147,0.10607327317649667,0.020259269936518234,2.3855680335651743,1.2391664765097878,0.05
1726,0.10102748516060057,0.020915379237738393,2.3711728027888705,1.1280075283277602,0.10623009773817929,0.022008785893293945,2.406624512238936,1.203101326118816,0.05
1727,0.10119154286526498,0.021246188630660374,2.3757805540448143,1.1237509789920987,0.10453298552469774,0.019702036695724182,2.38463755087419,1.2196914878758518,0.05
1728,0.10031575496707644,0.021168409647153958,2.3371444827034358,1.1155179980255308,0.10525966503403404,0.019198015162890606,2.345994234085083,1.2520341764796863,0.05
1729,0.10070386511229333,0.021109018253073805,2.329650646164304,1.125966815721421,0.10436969182708046,0.019657902419567108,2.347551389174028,1.2247255065224387,0.05
1730,0.10074236226223764,0.020780156233481,2.3192664555140903,1.135390823795682,0.1049989868294109,0.01990682902661237,2.34912092035467,1.2320189584385266,0.05
1731,0.1002398645948796,0.021323602757461015,2.319079734030224,1.1145092646280925,0.10506471652876247,0.021415567872199146,2.3481265631589023,1.2033576423471624,0.05
1732,0.1012683083258924,0.02117917722179776,2.3587346360796975,1.1300356700306846,0.10528819330713966,0.02077177649533207,2.3873240730979224,1.2128635157238354,0.05
1733,0.10033120214939117,0.02108473576871412,2.325070307368324,1.1199152568976085,0.10521187565543434,0.02112874100831422,2.331046798012473,1.2154533104463057,0.05
1734,0.10073332772368476,0.021543276717975027,2.32009414264134,1.1197821824323564,0.10611661591313103,0.02117754603651437,2.351136424324729,1.2285541025075046,0.05
1735,0.10093756197463899,0.021441112738102674,2.338147532372248,1.1222994781675792,0.1051788783886216,0.020401914180679756,2.3453105362978848,1.226477173241702,0.05
1736,0.10073996015957423,0.021529286434607848,2.3354212670099166,1.117129202399935,0.105352021753788,0.019523203880949455,2.350031787698919,1.2465700073675676,0.05
1737,0.10082857363990375,0.021842156403831074,2.332096536954244,1.1133090271836235,0.10514805804599416,0.0206883754581213,2.359728076241233,1.2172480442307212,0.05
1738,0.10088160314730235,0.02144106841158299,2.3372340429396856,1.121363876830964,0.1052132011814551,0.019686818969520656,2.369484554637562,1.2366307323629206,0.05
1739,0.10075868879045759,0.021173536067917234,2.3319376707077026,1.1253155115104856,0.1057058186693625,0.020731995220888744,2.3750869794325395,1.224459090016105,0.05
1740,0.10114254057407379,0.02097845509914415,2.360789270628066,1.1311238436471849,0.10511344400319186,0.019477732310240917,2.405149048024958,1.2316844084046104,0.05
1741,0.10109680731381689,0.021082386707088778,2.3753961494990756,1.1252091768242063,0.10485848784446716,0.020708981816741554,2.3893971659920434,1.2051106799732556,0.05
1742,0.10124311631634123,0.020838865522472633,2.424066736584618,1.1232716739177704,0.10625334219499068,0.02091864344071258,2.4169153300198642,1.2233108769763599,0.05
1743,0.10041928007489159,0.02099501017835878,2.365786870320638,1.1153280096394675,0.10521381145173853,0.021213351325555282,2.3751114064996894,1.2049869028004734,0.05
1744,0.10040300357199851,0.02115412351364891,2.3350635085787093,1.11796488790285,0.10452761636538939,0.02032287283377214,2.357972665266557,1.2125003012743862,0.05
1745,0.10087299985545022,0.02158523670264653,2.3461882841019404,1.1165175892057873,0.10664387860081413,0.021799270910295574,2.3672562512484463,1.223440863869407,0.05
1746,0.10036448318333853,0.021013504603788966,2.3251549232573736,1.1219885845979054,0.10565671866590326,0.02042314884337512,2.3465166742151435,1.2353680242191662,0.05
1747,0.10124325007200241,0.021390916269627355,2.3585447470347085,1.1253377341088795,0.10542028126391498,0.02176818768070503,2.4061260656876997,1.1918166333978826,0.05
1748,0.10071815869637898,0.02088478161022067,2.359722375869751,1.1247230683054243,0.10474140738899057,0.020754488185048103,2.3516348708759653,1.209411388093775,0.05
1749,0.10092993399926595,0.02137253207287618,2.3238189958390736,1.1263842313062578,0.10671711577610536,0.02198609591207721,2.360018014907837,1.2226167700507424,0.05
1750,0.10069184218134199,0.021651001558417364,2.3267750569752286,1.115461793683824,0.10540310564366254,0.022027075629342686,2.342753757130016,1.1989698518406262,0.05
1751,0.10083595556872231,0.021266859113460497,2.3251707270031883,1.1263477603594463,0.10600687834349545,0.0210240361365405,2.397255529056896,1.2202057350765576,0.05
1752,0.10039141100077402,0.0210736556244748,2.350194459869748,1.1163162234283628,0.10534146563573317,0.019760071215304462,2.354453758759932,1.2407371185042642,0.05
1753,0.1007215440982864,0.021681487471574827,2.318187128929865,1.1171636964593614,0.10549441792748192,0.020075179043818604,2.3527518835934726,1.2378343343734741,0.05
1754,0.10074666585950624,0.021516108841058753,2.3257066068195162,1.1194697987465632,0.10629736293445934,0.01972642761062492,2.3773479244925757,1.2559491179206155,0.05
1755,0.10053851845718566,0.02096451759072287,2.348296818279085,1.1218206343196688,0.10517339543862776,0.0205402018671686,2.3614529479633677,1.220373272895813,0.05
1756,0.10083461198068801,0.02138693289210399,2.3394689105805897,1.1210597881249018,0.10569938001307574,0.021311042661016636,2.3704084049571645,1.2136850194497542,0.05
1757,0.1008536373930318,0.021633894138392947,2.3203887315023515,1.1203171128318423,0.10593195733698932,0.021654252470894295,2.3526794693686743,1.2150181911208413,0.05
1758,0.10071056247467086,0.021170511398287045,2.3318028847376504,1.1244404301756905,0.10491802204738963,0.01998884772712534,2.3594670078971167,1.2266900539398193,0.05
1759,0.10098642004387719,0.021375987257453658,2.33940483274914,1.1243276993433635,0.10431455346671017,0.02068175697191195,2.3699438138441606,1.1986671686172485,0.05
1760,0.10082239320590383,0.021345873962023428,2.3417686223983765,1.1211766330968767,0.10515908896923065,0.0209471108391881,2.372966332869096,1.2096463170918552,0.05
1761,0.10088475137239411,0.02088725617865012,2.358972606204805,1.1281553577809107,0.10476299713958394,0.0206780382855372,2.3834504214200107,1.2050090865655378,0.05
1762,0.1003852326955114,0.021429549836154495,2.33172109013512,1.1127694305919467,0.10532643713734367,0.021089135415174744,2.356120152906938,1.213521951978857,0.05
1763,0.1005021615752152,0.021006796619899216,2.331293157168797,1.1236486576852345,0.10532663559371774,0.021342985586009243,2.3682848756963555,1.2060159932483325,0.05
1764,0.10053107355322156,0.021411598393959657,2.33586277280535,1.115216932126454,0.10512867298993198,0.02013960556889122,2.365968357432972,1.2265876585786992,0.05
1765,0.10047175664277304,0.021528353825921102,2.3268524294807795,1.1134975538367318,0.1054647605527531,0.02076557126234878,2.3309407884424385,1.2277956334027378,0.05
1766,0.10084643977738562,0.021178473408023517,2.319561492829096,1.129447035846256,0.10607398369095543,0.021921918473460457,2.351378917694092,1.2127655094320124,0.05
1767,0.10074766991393906,0.021346377430572397,2.327635061173212,1.1224988372552962,0.10474780811504884,0.01878753617744554,2.3687480362978848,1.2454558285799893,0.05
1768,0.10075254401280767,0.020729207367237126,2.3406114124116444,1.1323444218862624,0.1057340448552912,0.020742747001349926,2.3646092848344282,1.2269040779633955,0.05
1769,0.1008316817737761,0.021264528833507074,2.3337478580928983,1.1245934736161005,0.10524701462550597,0.020400162786245346,2.360774343663996,1.2247821309349753,0.05
1770,0.10070271417498589,0.02111329719246853,2.340002355121431,1.123787862913949,0.1057362129742449,0.02104393257336183,2.364362131465565,1.2209731882268733,0.05
1771,0.10077625442118872,0.021509764560808737,2.338223377863566,1.1176851164726984,0.10451802814548666,0.020472549240697514,2.3859796307303687,1.2037136554718018,0.05
1772,0.101024543600423,0.02080482430756092,2.357204414549328,1.1329535033021654,0.10560756718570535,0.021716780283234337,2.371045632795854,1.203606594692577,0.05
1773,0.1005488932132721,0.021391689777374268,2.320337238765898,1.119076608192353,0.10524687374180014,0.020637366412715477,2.3402064713564785,1.2241488370028408,0.05
1774,0.10112158954143524,0.02107871769528304,2.341827114423116,1.1324920200166249,0.10494932396845384,0.021312125704505226,2.3818725022402676,1.196369474584406,0.05
1775,0.10057972655409858,0.021514979457216605,2.3514050585883006,1.1110139233725411,0.1048438169739463,0.020460336130451073,2.380615321072665,1.2115465510975232,0.05
1776,0.10066565374533336,0.02091763782802792,2.3534551291238692,1.1242692910489582,0.10463201254606247,0.018780727616765282,2.3895371827212246,1.2391182671893726,0.05
1777,0.10067257817302432,0.02124910353727284,2.37358904452551,1.1137516867546808,0.10509254173798994,0.020029121925207703,2.384078957817771,1.224452555179596,0.05
1778,0.10041797604589235,0.020796768079023985,2.3359598375502086,1.1252321757021404,0.1052567410198125,0.021822491152720017,2.379217516292225,1.1928414864973589,0.05
1779,0.10082026837127549,0.021193061777878375,2.3453246695654735,1.1234791988418216,0.10544617203148929,0.01978033400056037,2.3754678639498623,1.2382231571457603,0.05
1780,0.10064788003052984,0.020740965603008157,2.3459094308671498,1.1289563959553128,0.10481313277374614,0.020959381691434166,2.342299157922918,1.208615172993053,0.05
1781,0.10075389735755466,0.021190679698650326,2.334833230291094,1.1242976912430354,0.10492607883431694,0.020248992029916157,2.3894104957580566,1.2156596237962896,0.05
1782,0.10057763116700309,0.02086676741462378,2.3549760977427163,1.1232220530509949,0.10508713803508064,0.019695717164061287,2.3774926879189233,1.232329861684279,0.05
1783,0.10038330423690024,0.021007958333939314,2.3351178566614785,1.1204833402520133,0.10498737069693478,0.020452174527401275,2.348080201582475,1.2210878675634211,0.05
1784,0.10058832878158205,0.02145225563574405,2.3390403872444514,1.1149133642514546,0.10541953891515732,0.0198362259702249,2.365623040632768,1.2385416193441912,0.05
1785,0.10110204791029294,0.020881549166958956,2.335543853896005,1.137301192397163,0.10537277433005246,0.019998834383758633,2.3569987470453437,1.2360790371894836,0.05
1786,0.10092132148288545,0.020971037026139953,2.346784932272775,1.1296486882936387,0.10516350039026955,0.020796461454169315,2.368709780953147,1.2135987877845764,0.05
1787,0.1004887923953079,0.02110946322569535,2.340103796550206,1.1195658189909798,0.10502615706487135,0.01874135189097036,2.3865544579245825,1.2483851747079329,0.05
1788,0.10084506301652818,0.02068954003265216,2.3759857359386625,1.127913311833427,0.10545974969863892,0.021383666010065513,2.3852580460635098,1.2044700600884177,0.05
1789,0.10047942595112891,0.021515144722624904,2.3362352507455006,1.1120385626951854,0.10520316728136757,0.02092839955267581,2.369251923127608,1.2116449800404636,0.05
1790,0.10134311392903328,0.02190859338623427,2.351390208516802,1.1184123626777105,0.10551244900985197,0.020588184960863808,2.3793077685616235,1.2226237058639526,0.05
1791,0.1011964822454112,0.02152270759411511,2.3385935624440513,1.1257567845639729,0.10538650033148853,0.02142349596727978,2.3367703394456343,1.211906005035747,0.05
1792,0.10087139851280622,0.021243917977526075,2.322003137497675,1.1281489772456033,0.10475874624469063,0.020555511963638393,2.3611455180428247,1.211835590275851,0.05
1793,0.10106370491640908,0.021615256200588885,2.329725435801915,1.1230238789603824,0.10581388121301477,0.02077223165807399,2.3482059998945757,1.2311917814341458,0.05
1794,0.10064105884659857,0.02134437355700703,2.3392660106931413,1.1180805010454995,0.10506443747065285,0.020407566546716473,2.37940974669023,1.2172554297880693,0.05
1795,0.10068379679606074,0.021619416152437527,2.3275269269943237,1.1157822140625544,0.1051362617449327,0.021644698625261135,2.333153247833252,1.2032006057825955,0.05
1796,0.10094222319977623,0.022139258505333038,2.314590891202291,1.113141119480133,0.1052878654815934,0.021231467412276703,2.364740935238925,1.2081797448071567,0.05
1797,0.10092756968168985,0.021096898730666863,2.362441795212882,1.1241250506469183,0.10456016592004082,0.019892843440175056,2.381645007566972,1.217017417604273,0.05
1798,0.10059780538791702,0.02135993872902223,2.346977392832438,1.115361857981909,0.10512715984474529,0.01993947916410186,2.3541102409362793,1.2329315055500378,0.05
1799,0.10118931993132546,0.02173871939469661,2.341002413204738,1.1208115220069885,0.10763577168638055,0.021267760714346714,2.386462623422796,1.2500676621090283,0.05
1800,0.10162262405667986,0.02149853196793369,2.356048203649975,1.13127220812298,0.105785149064931,0.022853253917260605,2.352394710887562,1.1881589510224082,0.05
1801,0.10107204477701869,0.022217455231362863,2.3298377082461403,1.1111242544083368,0.1049156900156628,0.02063287557526068,2.347274281761863,1.216201440854506,0.05
1802,0.10088897017495972,0.021737320880804743,2.3209687982286726,1.1188392085688454,0.10488107326355847,0.019333400170911442,2.346147060394287,1.241724057631059,0.05
1803,0.10124791200671877,0.021590320105176596,2.3440310784748624,1.1243456247307004,0.10566635700789365,0.020484034141356296,2.385140440680764,1.2266183712265708,0.05
1804,0.10077469902379173,0.021204123650455757,2.346521871430533,1.1221071254639399,0.10546660084616054,0.020263290879401295,2.3535921573638916,1.2333477627147327,0.05
1805,0.10061734098763693,0.02099904100898476,2.3390593642280217,1.1245541246164412,0.10499094765294682,0.020325235768475315,2.352220990441062,1.2228700085119768,0.05
1806,0.10045084694311732,0.021162123197600954,2.3194153025036766,1.121891404901232,0.1051525656472553,0.02136566388336095,2.34104492447593,1.2075290517373518,0.05
1807,0.10081957262896356,0.021694708105531476,2.314554770787557,1.119586320150466,0.10488507693464105,0.02012244442647154,2.342598655007102,1.2267329367724331,0.05
1808,0.10021094463410832,0.02122426081803583,2.3045904636383057,1.1188155838421412,0.1045919419689612,0.02036982410672036,2.322347640991211,1.2199728163805874,0.05
1809,0.10065647782314391,0.021313986652308985,2.3081417878468833,1.1252214525427138,0.10563694482499902,0.02085028419440443,2.356931036168879,1.224347017028115,0.05
1810,0.10091831393185116,0.021578213066927025,2.327395819482349,1.121322826260612,0.10497345165772871,0.021311876618049362,2.3407936746423896,1.205072738907554,0.05
1811,0.10089379336152758,0.021811638382219133,2.322269803001767,1.1171891277744657,0.10596464709802107,0.022081985223022373,2.346574609929865,1.2083382985808633,0.05
1812,0.1012574943403403,0.02186690891782443,2.3284617151532854,1.1221193472544353,0.10579572821205313,0.020709987137128006,2.3728075244209985,1.2271532849832014,0.05
1813,0.1009923837014607,0.021510972242270197,2.3488870291482833,1.1198508115041823,0.10520563477819617,0.02169100787829269,2.367173758420077,1.1968577829274265,0.05
1814,0.10053891511190505,0.02142321786266707,2.3372529290971302,1.114863355954488,0.10556416145779869,0.020303165540099144,2.359515515240756,1.23331679539247,0.05
1815,0.10074789378614653,0.021193767188205606,2.3303906520207724,1.1250043851988656,0.10514846444129944,0.01922629587352276,2.383364894173362,1.241770402951674,0.05
1816,0.10079550228658177,0.021265350104797454,2.3566501310893466,1.1192730140118372,0.10539794103665785,0.02033548548140309,2.3621969656510786,1.228809730573134,0.05
1817,0.10059793080602374,0.021352838747025954,2.332604402587527,1.1183809567065466,0.10567343167283318,0.020263117145408283,2.3528873053464023,1.2376288175582886,0.05
1818,0.10058083722279185,0.021540547987180098,2.3275363445281982,1.1152985081786202,0.10558603297580373,0.021048391830514778,2.356074875051325,1.2195378596132451,0.05
1819,0.10048153215930575,0.020924772158087718,2.3270919039135887,1.1257168153921764,0.10511071573604237,0.019774945283477955,2.341839616948908,1.2383474924347617,0.05
1820,0.10086622284281821,0.02135780214198998,2.3245067709968206,1.1252670671258653,0.10519683699716222,0.019988298839466137,2.3730423233725806,1.2295622879808599,0.05
1821,0.1003697191675504,0.021105683319980188,2.329492966334025,1.1193821217332567,0.10484978082505139,0.01959571767259728,2.3415551619096235,1.236770207231695,0.05
1822,0.10070676356554031,0.02121935507637404,2.320987167812529,1.1255507270495098,0.10592784529382532,0.020671848207712173,2.336372635581277,1.237845410000194,0.05
1823,0.10101465703476042,0.02122094069740602,2.350152713911874,1.1258437590939658,0.10444415767084468,0.019047788259657947,2.3865600499239834,1.2306153503331272,0.05
1824,0.10049395706681978,0.021280596653620403,2.33333877154759,1.1175994660173143,0.10575563596053557,0.02117125622250817,2.3504237695173784,1.2216028679500928,0.05
1825,0.10085017376002811,0.021196649143738405,2.3274895406904674,1.1275725747857774,0.10478179766373201,0.021193209019574253,2.3734777840701016,1.197076212276112,0.05
1826,0.1007729380258492,0.021253763742390134,2.3414226543335688,1.122098942597707,0.10538120906461369,0.02062350892546502,2.3496748100627554,1.2252190492369912,0.05
1827,0.10035120199124019,0.0207964125577183,2.33708393573761,1.1236789921919506,0.1050919158892198,0.021001308817755093,2.358276844024658,1.2101567604325034,0.05
1828,0.10062412101598013,0.021017455695463077,2.334692353294009,1.125194827715556,0.10474133830178868,0.01933756758543578,2.3496068824421275,1.2381539995020086,0.05
1829,0.10083887335799989,0.02146407791102926,2.3302254790351506,1.121450805947894,0.10594881325960159,0.01978907429359176,2.3477910431948574,1.253636587749828,0.05
1830,0.10079667149555116,0.02142899700750907,2.3354546342577254,1.120262554713658,0.10532978177070618,0.020286233249035748,2.382050319151445,1.2244608781554482,0.05
1831,0.1004209757915565,0.021486691509683926,2.3431436334337508,1.110056962285723,0.1056237518787384,0.020201434719968926,2.3452914628115566,1.239388026974418,0.05
1832,0.10077089035794848,0.021712697399336667,2.3270167169116793,1.1157604910078502,0.10544021630829031,0.02043062380769036,2.3533483635295522,1.229522168636322,0.05
1833,0.10074524262121745,0.022048935560243472,2.3187971796308244,1.1101666788260143,0.1075951253825968,0.023250509222800083,2.3061470118435947,1.225662881677801,0.05
1834,0.1011976810793082,0.021889086901431994,2.301451779547192,1.1258815228939056,0.10597223382104527,0.02157688242467967,2.3301885561509565,1.2218692898750305,0.05
1835,0.10120055576165517,0.021050141702982642,2.347742830004011,1.1334597042628698,0.1058784926479513,0.020101247863336044,2.3886357870968906,1.237817726351998,0.05
1836,0.10120432007880438,0.021500686094874426,2.3604382503600347,1.1219850239299594,0.10605788298628548,0.02152752825482325,2.3997365561398594,1.2106597748669712,0.05
1837,0.10054827250895046,0.021538763927916687,2.3619545868464877,1.1077992575509208,0.10572003844109448,0.02072290280325846,2.365006511861628,1.2269414121454412,0.05
1838,0.10088958750878062,0.02159947766700671,2.342145244280497,1.1173731273128873,0.10510506277734583,0.020612912421876736,2.388011498884721,1.2122407013719732,0.05
1839,0.10103296949749901,0.02138740724573533,2.352095666385832,1.122492104768753,0.10506152632561597,0.019694196652959694,2.3873445120724766,1.229877688667991,0.05
1840,0.10056467886481966,0.02094534332198756,2.3424033437456404,1.1239060262839,0.10475899888710542,0.02020643837749958,2.353026866912842,1.2204458442601291,0.05
1841,0.10068591453489803,0.021693112550392038,2.343653922989255,1.1111252591723488,0.10517563806338744,0.01966183226216923,2.371440518986095,1.2359879992224954,0.05
1842,0.10068590158507937,0.020965290034101122,2.3423461686997187,1.1259429823784601,0.10459129444577477,0.020537058738144962,2.346599080345847,1.2117648991671475,0.05
1843,0.10088870142187391,0.021362572708832368,2.341008436112177,1.1223208691392625,0.10573781281709671,0.02003697356717153,2.392037023197521,1.2356093580072576,0.05
1844,0.10042221276533037,0.020895409885616528,2.358701995440892,1.118795653184255,0.10478929565711455,0.01996406785805117,2.3540136380629106,1.2257018522782759,0.05
1845,0.10059102748831113,0.020821417881441966,2.326644954227266,1.1300632102148873,0.10438171029090881,0.019471697170626034,2.355729514902288,1.227054319598458,0.05
1846,0.10057542100548744,0.021321252986256565,2.321454814502171,1.1207923860776992,0.10558382083069194,0.02133987945589152,2.352122328498147,1.2144543420184741,0.05
1847,0.10060657401170049,0.020876683050855285,2.358746193704151,1.12284859589168,0.10547937181862918,0.020425632342018864,2.3839196291836826,1.2242908423597163,0.05
1848,0.1004514784685203,0.020748331388902096,2.333327157156808,1.1273974974950154,0.10461705855347893,0.021177317015826702,2.347800991751931,1.1992346156727185,0.05
1849,0.10085606965280715,0.02193970446075712,2.311387612706139,1.1160497821512676,0.10493731566450813,0.02152543260969899,2.3420615196228027,1.1998253627256914,0.05
1850,0.10052640239397685,0.021220156656844274,2.330556239400591,1.1200136485553922,0.10493568331003189,0.019754349169406025,2.366512580351396,1.230324143713171,0.05
1851,0.10057988053276426,0.02117390527079503,2.3327660049710954,1.121566306977045,0.1056785373525186,0.02010256712409583,2.3477067080411045,1.241978033022447,0.05
1852,0.10092078894376755,0.02143742527724022,2.3259198041189286,1.1244832887536003,0.10552731156349182,0.020728454501791435,2.3604683009060947,1.223883482542905,0.05
1853,0.10074781555505026,0.021534084608512267,2.3229468095870245,1.119685268118268,0.10500566119497473,0.020116940902715378,2.365586909380826,1.2246569936925715,0.05
1854,0.10056515800810996,0.02096897636407188,2.34560988062904,1.1228016387848627,0.10576325045390562,0.021682920950380238,2.357292261990634,1.210148106921803,0.05
1855,0.10067788866304216,0.021115517753752925,2.3242935566675094,1.1263887002354576,0.10484136844223196,0.019967300986701794,2.332139665430242,1.2310533957047896,0.05
1856,0.10058462797176271,0.021609458917131025,2.3187659127371654,1.1157501907575698,0.1055135049603202,0.021795134822076016,2.345594427802346,1.2052484913305803,0.05
1857,0.10070207431202843,0.02132046916743829,2.3209926514398482,1.1234335572946639,0.10468933595852419,0.021270061081106014,2.3548050576990303,1.1974244551225142,0.05
1858,0.10102273328673272,0.022032977436624822,2.35559872786204,1.1086753691945757,0.10518925366076556,0.019683368673378773,2.394352501088923,1.2312471974979748,0.05
1859,0.10061592041026979,0.02091398047992871,2.3453911542892456,1.1249605630125319,0.10501043498516083,0.019255905158140442,2.3688436421481045,1.2413218346509067,0.05
1860,0.1004921542037101,0.02115990562985341,2.343450035367693,1.1179549523762293,0.10458976165814833,0.01958201639354229,2.353878714821555,1.2293791608376936,0.05
1861,0.10032304092532113,0.02139339917561128,2.306405918938773,1.1173116578942253,0.10455504601651971,0.020202545787800442,2.3422153429551558,1.2186069596897473,0.05
1862,0.1006019597961789,0.02145510260015726,2.320964115006583,1.1187443080402555,0.1052102107893337,0.01955435187979178,2.3615882830186323,1.2407995028929277,0.05
1863,0.10061003853167806,0.02166474009642289,2.3378426744824363,1.111337430420376,0.10467823188413274,0.020678956315598705,2.3445960608395664,1.2110663002187556,0.05
1864,0.10050513453426815,0.02124476202187084,2.3358704987026395,1.1180333395799,0.10513107546351173,0.020135861990804024,2.3866875821893867,1.2225667129863391,0.05
1865,0.10072136865485282,0.021080699194932266,2.347057138170515,1.1234019554796673,0.10466386581009085,0.02073991468006914,2.3684444427490234,1.2047901478680698,0.05
1866,0.10029265142622448,0.021281366169984852,2.342159799167088,1.1117937366167705,0.1047567210414193,0.020844094624573536,2.369221557270397,1.2044082067229531,0.05
1867,0.10029286288079761,0.021385097233135076,2.3292265165419805,1.1123100008283342,0.10570651225068352,0.019899804145097733,2.3438522165471856,1.2473637082360007,0.05
1868,0.10113354825547763,0.02150525250250385,2.3359409059797014,1.1253777174722581,0.10557916083119133,0.020136093551462345,2.3579025702043013,1.2372808456420898,0.05
1869,0.10064874997451193,0.021081732253410986,2.3472756260917302,1.1218852329821813,0.10610351237383756,0.02146803333678029,2.3786317218433726,1.2169832424684004,0.05
1870,0.10071364116101038,0.021605855718787228,2.3483641034080867,1.1124828841005052,0.10456774722446095,0.01986559988422827,2.3779265013608066,1.2184576283801685,0.05
1871,0.1001892164349556,0.02096381051731961,2.3429211491630193,1.115923863081705,0.10593743351372806,0.02066518044607206,2.3575692176818848,1.2339312380010432,0.05
1872,0.10064674718748956,0.02197826649284079,2.3132982708158947,1.1107099567140852,0.10452418029308319,0.02041231078857725,2.355227903886275,1.2111918276006526,0.05
1873,0.10085054593426841,0.02173676042418395,2.3471275795073736,1.1128501906281425,0.10524182766675949,0.02144079553810033,2.372789664701982,1.2014627131548794,0.05
1874,0.10038669212233453,0.021372408229148106,2.3266033955982754,1.11496498187383,0.10509826378388838,0.021165518259460277,2.3581255782734263,1.2070297978141091,0.05
1875,0.10089554105486188,0.021626272194442294,2.333536840620495,1.1186779936154683,0.10428192060102116,0.020521312782710247,2.3566372828050093,1.2038846720348706,0.05
1876,0.10049639890591304,0.021083422759104343,2.3366316159566245,1.120933202050981,0.10531592572277243,0.020824624056165867,2.357733379710804,1.2182793617248535,0.05
1877,0.10089647716709546,0.02110343821169365,2.334646383921305,1.1289314996628534,0.10473719781095331,0.019164637577804653,2.3645144375887783,1.238548305901614,0.05
1878,0.10069256346850168,0.021516851415591582,2.3455186230795726,1.114410509665807,0.10468474436889995,0.020834232087839733,2.377302950078791,1.201549605889754,0.05
1879,0.10055727919652349,0.02131001983902284,2.3505767583847046,1.1148298269226438,0.10483290593732487,0.021397359753874214,2.368723912672563,1.194966126572002,0.05
1880,0.10067244920702208,0.02105165570087376,2.3391318377994357,1.1245895283562797,0.10548844933509827,0.020217817784710365,2.3878393823450264,1.2278447584672407,0.05
1881,0.10049437429933321,0.0214433416147672,2.3524958860306513,1.1105214598632993,0.10541957887736234,0.01955535135824572,2.3535808433185923,1.246568349274722,0.05
1882,0.10069089258710544,0.021223367080979404,2.3405210915065946,1.1212462882200878,0.10616308518431404,0.021342408420010048,2.376437945799394,1.221125922419808,0.05
1883,0.10074726243813832,0.02138006075152329,2.3464788425536383,1.1180482435794104,0.10560675778172234,0.01987788004970009,2.362217079509388,1.2421341321685098,0.05
1884,0.10076036233277548,0.021365512007226545,2.3341835737228394,1.1210602862494332,0.10465399785475298,0.02054690738970583,2.356735207817771,1.2107947360385547,0.05
1885,0.10088877291196868,0.02160340090770097,2.330973642213004,1.1195127055758523,0.10552380843596025,0.021057887764816933,2.34415695884011,1.220487047325481,0.05
1886,0.10081158188127336,0.021087755183024064,2.3144472440083823,1.1315870724973225,0.10460088740695607,0.02024322951381857,2.354508226568049,1.2162514925003052,0.05
1887,0.10045856769595828,0.02120955443630616,2.350614661262149,1.1148573344662076,0.10543846880847757,0.022058892487124962,2.368596683848988,1.193872164596211,0.05
1888,0.10112049164516586,0.021497362648092565,2.344406865891956,1.1235812036764055,0.10523944754492152,0.02083534620363604,2.4032105099071157,1.2074399265376003,0.05
1889,0.10114176890679769,0.020953055027694928,2.3854499487649825,1.1266842768305825,0.10504805025729266,0.020132782699709587,2.397763122211803,1.2187527201392434,0.05
1890,0.10032350907013529,0.020987146866640875,2.335882005237398,1.119550836937768,0.10488687252456491,0.021254171871326187,2.3551167358051646,1.2016306573694402,0.05
1891,0.10057172250180017,0.021219562960877306,2.346494209198725,1.117744335106441,0.10423483767292717,0.020053460686044258,2.368580623106523,1.2099114060401917,0.05
1892,0.10086993961816743,0.02135649516380259,2.3443119071778797,1.1214065069244021,0.10512268881906163,0.020363968289033932,2.4064082449132744,1.2138927416367964,0.05
1893,0.10086061042689141,0.020605060693231366,2.3924692755653743,1.1266171449706668,0.10549498688090932,0.02083686078813943,2.3993861241774126,1.2132852402600376,0.05
1894,0.10064076348429635,0.021138171111011787,2.3451126643589566,1.121029297510783,0.10486983914266933,0.020044220611453056,2.3395783684470435,1.2285967089913108,0.05
1895,0.10041572685752596,0.021142241035011552,2.321666507493882,1.121136425506501,0.106778429990465,0.022926485335285015,2.3336274840615014,1.2103133635087446,0.05
1896,0.10054068515698115,0.021636854990252426,2.313841848146348,1.1153082294123513,0.10520802641456778,0.02070804922418161,2.3527789549394087,1.219443749297749,0.05
1897,0.10077102624234699,0.02120125475561335,2.33041931333996,1.1253115747656142,0.10547464408657768,0.021303984759883446,2.3572910265489058,1.2119549837979404,0.05
1898,0.10050576605967113,0.021624392541568904,2.333023650305612,1.1110227462791262,0.1049035286361521,0.020738062194802544,2.3522458293221216,1.2128601670265198,0.05
1899,0.10072870020355497,0.021260793586926802,2.3402759234110513,1.1213029211475736,0.10487230663949793,0.020926434292711994,2.3674351302060215,1.2054304101250388,0.05
1900,0.10023833935459454,0.021431366292138893,2.3323713086900257,1.1096651866322471,0.10525150055235083,0.019369738091799347,2.339396996931596,1.249755783514543,0.05
1901,0.1004642794529597,0.02107381909376099,2.319923372495742,1.12382453254291,0.10492855378172615,0.020126376978375694,2.3419992706992407,1.2276436415585605,0.05
1902,0.10045067380581583,0.021202931446688517,2.3102739992595853,1.1229000347001212,0.10452977500178597,0.021024718203327873,2.339170217514038,1.2022670886733315,0.05
1903,0.10036656934590567,0.021221769086661794,2.3242697034563338,1.1180420645645686,0.1046173945069313,0.02128849102353508,2.350506760857322,1.1964767087589612,0.05
1904,0.1006618243243013,0.021467715213518767,2.3310409159887406,1.1176739931106567,0.1057635559277101,0.02166681575842879,2.3558182933113794,1.2107711542736401,0.05
1905,0.10085836602818399,0.021378461581965286,2.315080483754476,1.1265819768110912,0.10498525202274323,0.019400657069954006,2.3379370299252598,1.2441044829108499,0.05
1906,0.10059069061563128,0.02100992961121457,2.3374157576333907,1.124132058450154,0.10538212209939957,0.02108297243037007,2.3691871382973413,1.2121455615217036,0.05
1907,0.10051426663994789,0.02151528171574076,2.3106107938857305,1.1178575300035023,0.10406498881903561,0.021087232469157738,2.3312254602258857,1.1933100115169177,0.05
1908,0.10055881862839063,0.02113412901581753,2.338398269244603,1.1208141204856692,0.10500167242505333,0.02009350781074979,2.380188833583485,1.2221255194057117,0.05
1909,0.10117365047335625,0.021617808201838108,2.3454363970529464,1.1220295571145558,0.10533695329319347,0.020635588687251915,2.3763321963223545,1.2187608317895369,0.05
1910,0.1007139686317671,0.021204343708675532,2.3508748610814414,1.120017531372252,0.10625244812531905,0.020233244042504917,2.374587730927901,1.2454665411602368,0.05
1911,0.10040842014409247,0.021285423210689,2.3305712824776057,1.116345675218673,0.10413943976163864,0.020101469518108803,2.3584447990764272,1.2090704115954312,0.05
1912,0.10048953426026162,0.021350962775094167,2.334438437507266,1.1158837236109234,0.10532230206511238,0.020437175577337093,2.3846423625946045,1.2207740165970542,0.05
1913,0.10079512496789296,0.021197007835975716,2.3455352669670466,1.1228552772885276,0.10575017062100497,0.020309485071762043,2.37765435738997,1.2332828099077398,0.05
1914,0.10121437924958411,0.021755413418369635,2.340152626945859,1.1211488019852411,0.10420995815233751,0.020696815949949352,2.3694681471044365,1.1963691982355984,0.05
1915,0.10052718701107162,0.021196170066971155,2.347295874641055,1.1171611561661674,0.10516636005856773,0.020696020431139252,2.357022588903254,1.218002270568501,0.05
1916,0.10041490392315955,0.021811905250485455,2.316690825280689,1.1087218054703303,0.10483650930903175,0.01955340819602663,2.3430098620328037,1.2370600266890093,0.05
1917,0.10071228976760592,0.021306501368858984,2.3323633727573214,1.1216430848553067,0.10446429252624512,0.01974415745247494,2.3586802916093306,1.222666621208191,0.05
1918,0.10100850799963587,0.02149670511218054,2.335410021600269,1.1231540413129897,0.1047626557675275,0.021330883895809002,2.358338572762229,1.1969677047296003,0.05
1919,0.1006739114721616,0.021574431875099737,2.332122189658029,1.1155651240121751,0.10499061305414546,0.020522655241868713,2.369323817166415,1.215494367209348,0.05
1920,0.101154375821352,0.020936834315458935,2.3328014271599904,1.1377905365966616,0.1049126149578528,0.02075212381102822,2.3664251457561147,1.2099247954108499,0.05
1921,0.10155570205478441,0.02151027000287459,2.376979935736883,1.125512645358131,0.10494844005866484,0.020777537148784508,2.400747862729159,1.2032684792171826,0.05
1922,0.10082591821750005,0.02076710984554319,2.367250675246829,1.1277260028180622,0.10483050075444308,0.020577106286178936,2.374217163432728,1.2102244387973438,0.05
1923,0.10035886349422592,0.020926028889204775,2.3305582262220836,1.122545022340048,0.10523636368187991,0.020335649902170353,2.343988288532604,1.2292166189713911,0.05
1924,0.10079118609428406,0.02075663200091748,2.317086338996887,1.1372738281885784,0.10575178604234349,0.02036387473344803,2.3661231127652256,1.234533597122539,0.05
1925,0.10104540664525259,0.021655075961635226,2.359032318705604,1.1160001570270175,0.10516411269252951,0.018802461129697887,2.377367713234641,1.251759496602145,0.05
1926,0.10050446664293607,0.02102095041690128,2.3366196098781766,1.1223463728314353,0.10560967366803777,0.02023113899948922,2.3627911697734487,1.2350124445828525,0.05
1927,0.10054680953423183,0.02078778680325264,2.3370235817773,1.1277757187684376,0.10560103912245143,0.020411865870383652,2.36044396053661,1.2316946929151362,0.05
1928,0.10077310850222905,0.02148401311465672,2.3249306111108687,1.120795766512553,0.10506928305734288,0.020365172235125847,2.3785859888250176,1.2183649919249795,0.05
1929,0.10075301499593825,0.021381243065531765,2.337367375691732,1.1199619599751063,0.10466529564423994,0.020656725053082813,2.356298229911111,1.2089117602868513,0.05
1930,0.10054435314876693,0.020830489562026093,2.347082796550932,1.12486070394516,0.10520670833912762,0.01973421329801733,2.3751397999850186,1.2344219251112505,0.05
1931,0.1006596154045491,0.020885472740268425,2.3358475253695534,1.1283133370535714,0.10580347952517596,0.0214564133096825,2.364155314185403,1.2141102660786023,0.05
1932,0.10084908597526096,0.022027745089005856,2.320156767254784,1.1123954625356764,0.1054331050677733,0.021242858164689758,2.3623685620047827,1.2113312157717617,0.05
1933,0.1008989257471902,0.021163911824779853,2.34025308064052,1.1266496607235499,0.1053640138019215,0.020910441706126385,2.347633556886153,1.2195447087287903,0.05
1934,0.10071237651365143,0.021309561340049618,2.315624997729347,1.1249313141618456,0.10594438016414642,0.021158421750773083,2.3477501652457495,1.2261691039258784,0.05
1935,0.10035881666200501,0.0210874890021625,2.319314031373887,1.1215637226899464,0.1054753830487078,0.021672696637159043,2.3361118706789883,1.208831321109425,0.05
1936,0.10064199602320081,0.021430982365494684,2.3238134497687932,1.119457571279435,0.10616627064618198,0.02152826569297097,2.3594749840823086,1.2208651033314792,0.05
1937,0.10032713626112257,0.021547140043583653,2.3299289657956077,1.1096141295773643,0.10495288466865366,0.020582382143898445,2.3649172349409624,1.214426582509821,0.05
1938,0.10085709197890191,0.02160638388955877,2.3262841360909596,1.119757313103903,0.10575606809421019,0.021009125831452282,2.3574536496942695,1.2234481247988613,0.05
1939,0.10097163170576096,0.02152058267078939,2.33667368548257,1.1216862343606495,0.10509763658046722,0.02090118977833878,2.3473627784035425,1.2144563577391885,0.05
1940,0.10034287206473805,0.021388715598732233,2.3211633364359536,1.1148504416147869,0.10548447275703604,0.0201411232013594,2.3783646496859463,1.2311940735036677,0.05
1941,0.10055757154311452,0.020891134804558186,2.342176079750061,1.124893504948843,0.10537005419080908,0.0207164522937753,2.3436454209414395,1.22434293681925,0.05
1942,0.10047500864380882,0.021112387423359212,2.3170579501560757,1.1238408131258828,0.10536861622875388,0.020601195029237053,2.3371978889812124,1.2279088280417703,0.05
1943,0.10071137955500967,0.021506587309496745,2.31911716007051,1.1202723880608876,0.10644043440168555,0.021838405592875046,2.366496107795022,1.2187413302334873,0.05
1944,0.1006783317951929,0.021668315820750735,2.3370439381826493,1.1127915183703105,0.1054242571646517,0.020571802912110634,2.359447630968961,1.2251595475456931,0.05
1945,0.10090753684441249,0.02116470653120251,2.351790984471639,1.1244984169801076,0.10576880113645033,0.02131740664216605,2.386826211755926,1.2116626501083374,0.05
1946,0.1005678293960435,0.02105125897963132,2.352126093137832,1.1199062012490772,0.10440011390230873,0.02105621248483658,2.3658617409792813,1.1937056563117288,0.05
1947,0.10052812170414697,0.021535094627844437,2.3276021764391945,1.1143401151611692,0.10492475195364519,0.01904542651027441,2.3419066125696357,1.249205150387504,0.05
1948,0.10018185295519375,0.021464615572421325,2.305159250895182,1.11331288871311,0.10596000945026224,0.022711053998632866,2.3123162659731777,1.202515808018771,0.05
1949,0.10070508878145899,0.021914107259362936,2.304158710298084,1.1149878885064806,0.10590973699634726,0.021646009250120682,2.34267596764998,1.2167393402619795,0.05
1950,0.10032643626133601,0.021265082793044194,2.3118022964114235,1.1188665969031197,0.10513493080030788,0.02170662632720037,2.3175250833684746,1.2050610780715942,0.05
1951,0.10077370596783501,0.021788185085391716,2.3090242544809976,1.117905555736451,0.10488414425741542,0.018999384800818832,2.350037011233243,1.2476878003640608,0.05
1952,0.10071322534765516,0.020991478248366287,2.3175216913223267,1.1309305968738737,0.10452066700566899,0.019642586227167736,2.3565431508150967,1.2262529839168896,0.05
1953,0.10081644835216659,0.0205801181450841,2.337396434375218,1.137247295606704,0.10489267720417543,0.019899349744347008,2.36296068538319,1.227274396202781,0.05
1954,0.10043002434429668,0.02096264556582485,2.3243975979941234,1.1244680469944364,0.10592945936051282,0.020709539340300995,2.3493466160514136,1.2345290942625566,0.05
1955,0.10057285037778672,0.02141371209706579,2.3164037693114508,1.1199019934449876,0.10522292486645958,0.020954412831501526,2.339909705248746,1.2173882885412737,0.05
1956,0.10042584669731912,0.02085243274147312,2.3292320115225658,1.1256218623547327,0.10547595471143723,0.019985348155552692,2.3355799371545967,1.242696138945493,0.05
1957,0.10096686989778564,0.022155513144319967,2.298294356891087,1.1165682531538463,0.10466326163573698,0.02050511073321104,2.317014390772039,1.2197601470080288,0.05
1958,0.10050553314033009,0.021510450834674493,2.315969086828686,1.1167078117529552,0.10521111569621346,0.020115774124860764,2.3612167185003106,1.22966345873746,0.05
1959,0.1003055480264482,0.02092209436176788,2.3224845273154124,1.1231721668016343,0.10534827343442223,0.020335391841151497,2.3500787128101694,1.2302419001405889,0.05
1960,0.10058698501615297,0.021320305365536894,2.339868176551092,1.11735995610555,0.10643211142583327,0.020888546905056996,2.3552758476950904,1.2398160966959866,0.05
1961,0.10038807172150839,0.021179775929167158,2.3288265523456393,1.1184006035327911,0.10519379445097664,0.019713987257670273,2.3442622965032403,1.2407436750151895,0.05
1962,0.10016763405430884,0.021081806382253057,2.316611891701108,1.1183941562970479,0.10545713319019838,0.020725128494880417,2.332685340534557,1.2281030091372402,0.05
1963,0.10048568071354003,0.021075049636974222,2.307457373255775,1.1267211366267431,0.1051213422959501,0.01962643980302594,2.3087532303550025,1.2481473901055076,0.05
1964,0.10049897964511599,0.021218263122829654,2.3080423389162337,1.1240058512914748,0.10554156858812679,0.01972325069999153,2.3666518168015913,1.243035982955586,0.05
1965,0.10091681033372879,0.021481005097961144,2.3263111398333596,1.12345385267621,0.10541006313128905,0.021264277398586273,2.367793148214167,1.2093570774251765,0.05
1966,0.10107927237238203,0.02125186031861674,2.37370088554564,1.121808043548039,0.10532858832315965,0.02022075102749196,2.3947455232793633,1.2232076308944009,0.05
1967,0.1002251963530268,0.021202153703641324,2.3252677463349842,1.1154073065235501,0.10545045882463455,0.02085204388607632,2.3431578332727607,1.2233367128805681,0.05
1968,0.10069831780024938,0.02160586505418732,2.3262675546464466,1.1165955293746221,0.10494928468357433,0.020039661618118935,2.345810586755926,1.22903034361926,0.05
1969,0.10073010765370868,0.02118697560702761,2.316085792723156,1.1276454641705467,0.10555438494140451,0.02067334306511012,2.355300773273815,1.2265606685118242,0.05
1970,0.10036936668413025,0.021211723131792887,2.3351353974569413,1.1161257851691473,0.10494990037246184,0.020159276794980873,2.3600769259712915,1.2237971045754172,0.05
1971,0.09996344805473373,0.020907888965060312,2.299318415778024,1.1212474831512995,0.1061055680567568,0.022182892499999565,2.30658466165716,1.2171365347775547,0.05
1972,0.1005578301846981,0.021836879796215465,2.31446479615711,1.1115260351271856,0.10519052838737314,0.02033075944266536,2.3562901236794214,1.2259373339739712,0.05
1973,0.10064612364485151,0.021404840429091736,2.3258760259264992,1.1196504547482444,0.10556153343482451,0.020264996385032482,2.3538680510087446,1.235157142985951,0.05
1974,0.10052282948579107,0.02139899813170944,2.317843618847075,1.118907895826158,0.10401597144928845,0.01963717050173066,2.3420620181343774,1.2191636128859087,0.05
1975,0.10071532197651409,0.021371815863641955,2.32441352662586,1.1219874081157504,0.10473824631084096,0.019492686556821518,2.366459998217496,1.2316191629929976,0.05
1976,0.10037135563436009,0.021563155665284113,2.325605874969846,1.1110428117570423,0.10495358976450833,0.020525004545396023,2.3520797165957363,1.2181557416915894,0.05
1977,0.10009837292489551,0.02126458990165875,2.3133511940638223,1.1140054237274897,0.10583717917854135,0.02110921320590106,2.3228310454975474,1.229993142864921,0.05
1978,0.10023181335557074,0.02128791669383645,2.297228898320879,1.1194321428026472,0.10513921488415111,0.020321499979631466,2.3339488723061304,1.2295645421201533,0.05
1979,0.10016886872195062,0.021331370231651124,2.3258944011869884,1.1115710735321045,0.10572298142043027,0.020203290591863068,2.351086074655706,1.2401765964247964,0.05
1980,0.10038264840841293,0.021886150020041635,2.3123855193456015,1.1074528523853846,0.10534561493180016,0.020088832825422287,2.332007711583918,1.2387340719049627,0.05
1981,0.10056834845315843,0.021350154830586342,2.3253717933382307,1.1192894918578011,0.10509025170044466,0.0205607685175809,2.360022111372514,1.2185852419246326,0.05
1982,0.10062553680368833,0.021057197713248786,2.3296441464197066,1.1254379678340185,0.10404334285042503,0.020004259930415588,2.3551994453776968,1.2097417712211609,0.05
1983,0.10028895363211632,0.020641121569843518,2.3186733495621454,1.1292219559351604,0.10608410428870808,0.0202008860016411,2.3264465765519575,1.252375066280365,0.05
1984,0.10070819975364775,0.02175816266043555,2.3177056653159007,1.1154595954077584,0.10495912283658981,0.020062300630591133,2.3476454561406914,1.2284073287790471,0.05
1985,0.10062704980373383,0.021312208158806675,2.3319701296942577,1.1199028009460086,0.10434735363179987,0.02031512287530032,2.36506969278509,1.2076306505636736,0.05
1986,0.10036582056255568,0.02162615420474183,2.329862600281125,1.1088207917554038,0.10476092791015451,0.01976994848386808,2.3290586471557617,1.2340078516439958,0.05
1987,0.10047974721306846,0.021272561912025725,2.3014286359151206,1.1238579551378887,0.10542054203423587,0.019580539823933082,2.3459831151095303,1.2476033893498508,0.05
1988,0.1004347943124317,0.02153225511401182,2.3227181150799705,1.113507138831275,0.1056363054297187,0.02012237838723443,2.344200524416837,1.2414384484291077,0.05
1989,0.10057867105518069,0.02129164586464564,2.3161543948309764,1.1225096186002095,0.10545381700450723,0.021301475268873302,2.329287225549871,1.2171894366090947,0.05
1990,0.10083900019526482,0.021967043080145403,2.3162565117790583,1.11418782387461,0.10530038313432173,0.020927509292960167,2.3449999635869805,1.2184574658220464,0.05
1991,0.10051683052664712,0.021720118931539002,2.312129917598906,1.1135082500321525,0.10554134032943031,0.021523447368632664,2.3534293824976142,1.209671979600733,0.05
1992,0.10017684155276843,0.02157689209672667,2.3150011471339633,1.1089987698055448,0.10496216470544989,0.020586516200141472,2.3097180236469614,1.2255693728273565,0.05
1993,0.10056647108424277,0.02162237824606044,2.3096546615873064,1.116950932003203,0.10593988949602301,0.021390015344050797,2.3633640896190298,1.2183246612548828,0.05
1994,0.10048433943163781,0.021411015940386625,2.3108853726159957,1.1192893868400937,0.10491937534375624,0.01958853683688424,2.3329342061823066,1.2400299039754001,0.05
1995,0.100862448236772,0.02155989051486055,2.301742684273493,1.1257025996843975,0.1049654029987075,0.01928569698198275,2.33355975151062,1.2468821948224849,0.05
1996,0.10065024558986936,0.020997217124594108,2.3142995607285273,1.1302006471724737,0.10605229505083778,0.022667892446572132,2.356397737156261,1.1964085047895259,0.05
1997,0.1002972995241483,0.021387270651757717,2.313404372760228,1.1155197010153817,0.10482190888036381,0.01952357878061858,2.3292623433199795,1.240114152431488,0.05
1998,0.10045261077937626,0.021519272366449946,2.316991437049139,1.115268471695128,0.10502294789661061,0.020154750990596684,2.326309420845725,1.2321020635691555,0.05
1999,0.10002336509170986,0.021282583563810305,2.3000694059190296,1.114801755973271,0.10516964440995996,0.020246196030215782,2.3441793701865454,1.229633087461645,0.05
2000,0.10048819688104448,0.02136892494967296,2.315326826913016,1.1193200619447798,0.10598337176171216,0.021437491882931103,2.349876815622503,1.2209422263232144,0.05
