epoch,train_loss,train_recon,train_kl,train_phys,val_loss,val_recon,val_kl,val_phys,phys_weight
1,0.5141770313767826,0.5136147579726051,0.056227703085717035,0.0,0.5049942910671235,0.5044119358062744,0.05823565497994423,0.0,0.0
2,0.4989510143504423,0.498321310562246,0.06297103753861259,0.0,0.49005643725395204,0.4893844544887543,0.0671974927186966,0.0,0.0
3,0.49371321411693797,0.49298559742815357,0.07276179729139104,0.0,0.49590075612068174,0.4951157093048096,0.078504179418087,0.0,0.0
4,0.4895491950652179,0.488662987947464,0.08862075560233172,0.0,0.4854167878627777,0.4844364821910858,0.09803121984004974,0.0,0.0
5,0.47833941789234385,0.4771957064376158,0.11437101136235629,0.0,0.4780581533908844,0.47675509452819825,0.13030574321746827,0.0,0.0
6,0.46313165566500497,0.46159275139079375,0.15389069038278916,0.0,0.43482689261436464,0.433064329624176,0.17625641226768493,0.0,0.0
7,0.44505211009698753,0.44288986746002645,0.2162241567583645,0.0,0.43394113779067994,0.43147440552711486,0.24667320549488067,0.0,0.0
8,0.4221171964617336,0.4190321915289935,0.30850060722407174,0.0,0.39484480023384094,0.39129447340965273,0.355033677816391,0.0,0.0
9,0.389910044038997,0.3854999542236328,0.44100941454662995,0.0,0.38244659304618833,0.37752997875213623,0.49166136384010317,0.0,0.0
10,0.36600781889522777,0.3599850552923539,0.6022767354460323,0.0,0.35926021337509156,0.3525752604007721,0.6684954166412354,0.0,0.0
11,0.33092570304870605,0.3227995844448314,0.8126121373737559,0.0,0.30794665217399597,0.2992648005485535,0.8681851506233216,0.0,0.0
12,0.29659271766157713,0.2862762125099407,1.0316505011390238,0.0,0.2854666024446487,0.27444597482681277,1.1020630121231079,0.0,0.0
13,0.25897780761999245,0.2460390303064795,1.2938777278451359,0.0,0.23860137164592743,0.22499204874038697,1.3609317064285278,0.0,0.0
14,0.22419030263143427,0.20834978450747096,1.5840519245933085,0.0,0.21388210356235504,0.19748806655406953,1.6394034624099731,0.0,0.0
15,0.1986399994176977,0.1800280651625465,1.861193530699786,0.0,0.201601305603981,0.18271682858467103,1.8884478569030763,0.0,0.0
16,0.17538899095619426,0.15415706792298486,2.1231923313701855,0.0,0.17229149639606475,0.1511692523956299,2.1122243881225584,0.0,0.0
17,0.15494822228656097,0.13156737168045604,2.3380849641912125,0.0,0.15967492759227753,0.13656071722507476,2.3114209175109863,0.0,0.0
18,0.13355524969451568,0.10800604916670743,2.5549202666563144,0.0,0.131620329618454,0.10654685348272323,2.507347917556763,0.0,0.0
19,0.10828620721312131,0.08085877404493444,2.7427433799294865,0.0,0.11142610609531403,0.08492060899734497,2.6505496501922607,0.0,0.0
20,0.09378792783793281,0.06506010692785769,2.872782174278708,0.0,0.09034236520528793,0.06269510462880135,2.764726161956787,0.0,0.0
21,0.08193454453173805,0.05207920468905393,2.9855341490577247,0.0,0.079601588845253,0.05111602246761322,2.8485568046569822,0.0,0.0
22,0.07226046262418523,0.04187776509891538,3.0382698002983544,0.0,0.06846299096941948,0.040035516023635864,2.8427474975585936,0.0,0.0
23,0.06700741937931846,0.03676511654082466,3.024230480194092,0.0,0.06421811431646347,0.03550055809319019,2.8717556476593016,0.0,0.0
24,0.064735546708107,0.03465148357345777,3.0084063866559196,0.0,0.059935516119003295,0.03162768743932247,2.8307827949523925,0.0,0.0
25,0.060837954063625896,0.03107226881034234,2.9765686287599453,0.0,0.059497928619384764,0.03132024854421615,2.8177679061889647,0.0,0.0
26,0.057611997732344794,0.028118995840058607,2.949300261104808,0.0,0.058479854464530946,0.030500807613134385,2.7979048252105714,0.0,0.0
27,0.0563039939631434,0.02701177798649844,2.9292216581456803,0.0,0.05673154667019844,0.02895382568240166,2.77777214050293,0.0,0.0
28,0.05504258722066879,0.02604752132559524,2.89950668110567,0.0,0.05184151455760002,0.024238913506269454,2.760260248184204,0.0,0.0
29,0.05125258512356702,0.022570292520172456,2.8682293471168068,0.0,0.04993570670485496,0.022613310441374778,2.7322396755218508,0.0,0.0
30,0.050645496915368474,0.022202334202387753,2.8443163422977222,0.0,0.04896887317299843,0.02198651432991028,2.6982359886169434,0.0,0.0
31,0.04983447141507093,0.02181130855837289,2.8023163991815903,0.0,0.04708104357123375,0.020257388427853584,2.682365608215332,0.0,0.0
32,0.048126445097081805,0.02028713736902265,2.783930820577285,0.0,0.045530184358358386,0.01891903467476368,2.6611151695251465,0.0,0.0
33,0.047174215974176634,0.019641471369301573,2.7532745529623592,0.0,0.0466803215444088,0.02031121924519539,2.6369102954864503,0.0,0.0
34,0.04540285972111365,0.01816654999685638,2.723631031372968,0.0,0.045579653978347776,0.019533802568912507,2.6045850276947022,0.0,0.0
35,0.044724727378172034,0.01776364478556549,2.696108299143174,0.0,0.04382148161530495,0.01797935739159584,2.5842125415802,0.0,0.0
36,0.04347457232720712,0.016813620486680197,2.6660952848546646,0.0,0.042574291676282884,0.0169776463881135,2.5596646308898925,0.0,0.0
37,0.042991224457235896,0.016696444548228207,2.629477963728063,0.0,0.04274565204977989,0.017333797179162502,2.5411855220794677,0.0,0.0
38,0.04278564496951945,0.016569802592344144,2.6215842892141903,0.0,0.04262678548693657,0.017364087328314782,2.5262699127197266,0.0,0.0
39,0.041306830723496044,0.015398304087712485,2.5908527234021355,0.0,0.04079720005393028,0.015697427466511725,2.5099772930145265,0.0,0.0
40,0.04091986619374331,0.01521850366364507,2.570136308670044,0.0,0.04078582003712654,0.016000773571431638,2.4785046100616457,0.0,0.0
41,0.040331093923133964,0.014841318349627888,2.548977669547586,0.0,0.04075537249445915,0.016104425489902496,2.465094804763794,0.0,0.0
42,0.0398616768858012,0.014600079999688794,2.5261597212623146,0.0,0.03931648209691048,0.014882336929440498,2.443414545059204,0.0,0.0
43,0.039252676727140653,0.014184671125429519,2.506800609476426,0.0,0.03905148208141327,0.014715652167797088,2.433583068847656,0.0,0.0
44,0.0389646795742652,0.013968976981499615,2.4995703136219696,0.0,0.038706264644861224,0.014502647519111633,2.420361852645874,0.0,0.0
45,0.03919833504101809,0.014398209915003356,2.4800125851350674,0.0,0.038899794965982434,0.014715193212032318,2.418460321426392,0.0,0.0
46,0.03819307772552266,0.013495352502693148,2.469772633384256,0.0,0.037236227095127104,0.013174752704799175,2.4061474323272707,0.0,0.0
47,0.03756026178598404,0.012963021338424262,2.459724117727841,0.0,0.03740115836262703,0.013508913666009903,2.389224576950073,0.0,0.0
48,0.03716491688700283,0.012765924774986856,2.4398992342107437,0.0,0.036221031844615934,0.012484615854918956,2.3736416339874267,0.0,0.0
49,0.036814465242273664,0.012540426324395573,2.427403884775498,0.0,0.03580106869339943,0.012132000923156739,2.366906690597534,0.0,0.0
50,0.036311596193734336,0.012178210103336503,2.4133386892430924,0.0,0.03689748868346214,0.013306646794080734,2.3590842723846435,0.0,0.0
51,0.03655652329325676,0.01256886453312986,2.3987659847035125,0.0,0.036596004664897916,0.01319512389600277,2.3400879859924317,0.0,0.0
52,0.035583453581613654,0.011723825927166379,2.385962864931892,0.0,0.035028520971536636,0.011746880412101746,2.3281641006469727,0.0,0.0
53,0.036059587755623984,0.012323912233114243,2.373567623250625,0.0,0.034742601215839386,0.011435545608401298,2.3307056427001953,0.0,0.0
54,0.03574230456176926,0.012036444783649024,2.370585974525003,0.0,0.0348001092672348,0.011492952704429626,2.3307156562805176,0.0,0.0
55,0.0353163406252861,0.011639247155364822,2.3677093982696533,0.0,0.03483530730009079,0.011576672457158566,2.325863552093506,0.0,0.0
56,0.03529392445788664,0.011628583511885475,2.3665341349209057,0.0,0.03563485220074654,0.012354518100619317,2.328033447265625,0.0,0.0
57,0.034914218765847826,0.011251918971538544,2.366230053060195,0.0,0.03445140868425369,0.01121663860976696,2.3234770774841307,0.0,0.0
58,0.0345795535865952,0.011033297078136136,2.3546257159289192,0.0,0.034101253002882005,0.010920882225036621,2.3180371284484864,0.0,0.0
59,0.03418902044787126,0.010673665934625794,2.351535446503583,0.0,0.03495182320475578,0.011885142885148525,2.3066681385040284,0.0,0.0
60,0.03420722900944598,0.010870207101106644,2.3337022556978115,0.0,0.034534893929958344,0.011554740183055402,2.2980154514312745,0.0,0.0
61,0.033896180855877256,0.01061438423964907,2.3281797381008373,0.0,0.03529319167137146,0.012348637171089649,2.294455575942993,0.0,0.0
62,0.033690165947465336,0.010558949071256554,2.313121767605052,0.0,0.03329418450593948,0.010384494066238403,2.2909690856933596,0.0,0.0
63,0.03338877308894606,0.010352876694763409,2.303589666590971,0.0,0.03252664804458618,0.009784577041864395,2.2742071628570555,0.0,0.0
64,0.03337922407423749,0.010286692475133082,2.309253215789795,0.0,0.03415310457348823,0.011429354548454285,2.272375059127808,0.0,0.0
65,0.03311860079274458,0.010091067565714611,2.302753406412461,0.0,0.03265721052885055,0.00980831142514944,2.284889888763428,0.0,0.0
66,0.03329163943143452,0.010321368244202697,2.297027181176578,0.0,0.03344348073005676,0.01074751578271389,2.269596529006958,0.0,0.0
67,0.03327829193542985,0.010332654065945569,2.294563826392679,0.0,0.03254656195640564,0.009827191568911075,2.2719370841979982,0.0,0.0
68,0.03295789527542451,0.010034647331956555,2.2923248795902027,0.0,0.03234568722546101,0.009612086974084378,2.2733600616455076,0.0,0.0
69,0.03245122533510713,0.009528096655712408,2.2923129586612476,0.0,0.0326563723385334,0.009985377267003059,2.2670995712280275,0.0,0.0
70,0.03264346477739951,0.009808341589044122,2.2835123819463394,0.0,0.031848640739917757,0.009292839840054513,2.255580186843872,0.0,0.0
71,0.03239255179377163,0.00955673844060477,2.283581355038811,0.0,0.03325209766626358,0.010572741366922855,2.267935609817505,0.0,0.0
72,0.03234730288386345,0.009493768105612081,2.2853534922880283,0.0,0.03332355171442032,0.010692611522972583,2.263094186782837,0.0,0.0
73,0.03204243882175754,0.009253715575837037,2.2788724057814655,0.0,0.03184916451573372,0.009289047867059707,2.256011724472046,0.0,0.0
74,0.03218775089172756,0.009419466861907174,2.2768285274505615,0.0,0.032317837700247765,0.009712305665016175,2.26055326461792,0.0,0.0
75,0.03195922427317675,0.009236389442401774,2.272283568101771,0.0,0.0321006715297699,0.009548475965857506,2.255219554901123,0.0,0.0
76,0.031702361233970695,0.008992187596638413,2.2710173971512737,0.0,0.0322263166308403,0.009686636179685593,2.253968095779419,0.0,0.0
77,0.03173911166103447,0.00907866659519427,2.2660445045022404,0.0,0.031593289226293564,0.009174614399671554,2.2418675422668457,0.0,0.0
78,0.03161567953579566,0.009041676653877777,2.257400358424467,0.0,0.03154612258076668,0.009127547033131123,2.2418575286865234,0.0,0.0
79,0.031273536493673045,0.008718773366554695,2.255476348540362,0.0,0.031447216868400574,0.009047550521790982,2.239966630935669,0.0,0.0
80,0.031173198648235378,0.008721104494350799,2.2452095256132236,0.0,0.03125937394797802,0.008947190642356873,2.231218433380127,0.0,0.0
81,0.031135242980192688,0.008736259714864632,2.2398983730989346,0.0,0.032258044183254245,0.010101300291717052,2.215674352645874,0.0,0.0
82,0.031036574612645543,0.008686426972203395,2.235014789244708,0.0,0.03034287802875042,0.008082973677664996,2.2259904384613036,0.0,0.0
83,0.03123568436678718,0.008910400190335862,2.232528532252592,0.0,0.031073376908898352,0.008866408467292785,2.2206969261169434,0.0,0.0
84,0.030960134175770423,0.00862656278973993,2.2333571910858154,0.0,0.03216591477394104,0.009948874264955521,2.2217041015625,0.0,0.0
85,0.03095585830947932,0.008607992683263385,2.2347865525413964,0.0,0.030699003860354422,0.008463639207184315,2.223536491394043,0.0,0.0
86,0.030538431423551896,0.008245642461320934,2.229278929093305,0.0,0.0317560251802206,0.009609375707805156,2.2146649837493895,0.0,0.0
87,0.0306407203349997,0.008399617310394259,2.224110350889318,0.0,0.029972454905509947,0.00784928621724248,2.21231689453125,0.0,0.0
88,0.030347586225937393,0.00819413730984225,2.215344919877894,0.0,0.03065341301262379,0.008602557145059109,2.205085611343384,0.0,0.0
89,0.03039822475436856,0.008275321027373566,2.212290413239423,0.0,0.0311839334666729,0.009188899770379066,2.199503517150879,0.0,0.0
90,0.030502919874647084,0.008412126670865452,2.2090793637668384,0.0,0.031081316247582435,0.00912095345556736,2.1960363388061523,0.0,0.0
91,0.030540887266397476,0.00852538486394812,2.2015502873589012,0.0,0.0314470287412405,0.009556224942207337,2.1890804290771486,0.0,0.0
92,0.03037728018620435,0.008328576243537314,2.204870434368358,0.0,0.030007288977503776,0.00804219376295805,2.1965095520019533,0.0,0.0
93,0.03039598519749501,0.008275080198312508,2.21209052029778,0.0,0.030501293018460274,0.008436929807066918,2.2064363956451416,0.0,0.0
94,0.03028871864080429,0.008128236047923565,2.216048282735488,0.0,0.030337759852409364,0.00827813781797886,2.2059622287750242,0.0,0.0
95,0.029936949777252534,0.007844012367593892,2.2092938002418068,0.0,0.029464329406619073,0.0075128949247300625,2.1951435089111326,0.0,0.0
96,0.030652844730545494,0.00861869681188289,2.203414846869076,0.0,0.030310139432549475,0.008294449653476477,2.2015690326690676,0.0,0.0
97,0.029964774299193832,0.007828241844168481,2.2136532699360565,0.0,0.029742742702364922,0.007745041605085134,2.1997701644897463,0.0,0.0
98,0.030118043150971916,0.008008934940923662,2.210910867242252,0.0,0.02995266318321228,0.007931292615830898,2.202137088775635,0.0,0.0
99,0.030082542449235916,0.007935151293435517,2.214739168391508,0.0,0.02941230349242687,0.007388376630842686,2.2023927688598635,0.0,0.0
100,0.02988936927388696,0.007782454218934564,2.210691536174101,0.0,0.029729741066694258,0.007704280596226454,2.202546167373657,0.0,0.0
101,0.029471976572976392,0.007422322626499569,2.2049654652090633,0.0,0.029312634468078615,0.007404828630387783,2.190780687332153,0.0,0.0
102,0.029506975346628356,0.007599492968224427,2.190748270820169,0.0,0.029464089125394822,0.0076988587155938145,2.1765230655670167,0.0,0.0
103,0.02962458024130148,0.0078085518496878005,2.1816028847413906,0.0,0.030070339143276215,0.00835037138313055,2.1719968795776365,0.0,0.0
104,0.02954590167192852,0.00772410020341768,2.1821801942937515,0.0,0.029913857206702234,0.008212859369814396,2.1700997829437254,0.0,0.0
105,0.029478003106573048,0.007676158839946284,2.1801844905404484,0.0,0.03006916679441929,0.008415011037141085,2.165415573120117,0.0,0.0
106,0.029331496642792925,0.007626227212741095,2.170526995378382,0.0,0.029724715650081633,0.008089128974825143,2.163558769226074,0.0,0.0
107,0.029627895859234473,0.007914572899394175,2.17133233126472,0.0,0.029708939790725707,0.008055995032191277,2.1652945041656495,0.0,0.0
108,0.02930385937147281,0.007539316683131105,2.1764543336980484,0.0,0.029036691039800645,0.007382045686244965,2.1654646396636963,0.0,0.0
109,0.029296561856480205,0.007558987640282687,2.1737574970020965,0.0,0.03015931285917759,0.008513850346207618,2.1645463943481444,0.0,0.0
110,0.029633332153453547,0.007826824754695682,2.1806507811826816,0.0,0.02990802451968193,0.008104863204061985,2.180316162109375,0.0,0.0
111,0.029685620108948034,0.00780715886503458,2.1878461417029884,0.0,0.029593055322766303,0.007741244602948427,2.1851810932159426,0.0,0.0
112,0.02960798012859681,0.007678619421580259,2.192936097874361,0.0,0.02890397235751152,0.007033939100801944,2.1870033740997314,0.0,0.0
113,0.029227609253104997,0.007323554196559331,2.1904055371003994,0.0,0.029487117007374764,0.007692363485693932,2.179475450515747,0.0,0.0
114,0.029079208698342827,0.0072570522863637,2.182215690612793,0.0,0.0290129654109478,0.007265807222574949,2.1747158050537108,0.0,0.0
115,0.028914944652248833,0.0071590847390539504,2.175586055306827,0.0,0.02946055568754673,0.007813433650881052,2.1647122859954835,0.0,0.0
116,0.029348833376870435,0.0076704704038360536,2.167836343540865,0.0,0.029197172820568086,0.007622094079852104,2.1575079441070555,0.0,0.0
117,0.029111033415093142,0.007505744147826643,2.1605289823868694,0.0,0.02914065644145012,0.007650271989405155,2.1490384578704833,0.0,0.0
118,0.02902567189405946,0.007434903205755879,2.159076915067785,0.0,0.028638966381549835,0.00709980521351099,2.1539162158966065,0.0,0.0
119,0.029205368941321093,0.007552496130194734,2.165287326363956,0.0,0.028844479471445084,0.0072376027703285216,2.160687780380249,0.0,0.0
120,0.028923827168696067,0.007301590788890333,2.1622237177456127,0.0,0.029371608421206473,0.0077935165725648405,2.1578092098236086,0.0,0.0
121,0.02907283593188314,0.0074819887659567244,2.1590847828808952,0.0,0.028669454157352448,0.007126744836568832,2.1542709350585936,0.0,0.0
122,0.0290635149268543,0.007382855312350918,2.1680659827064064,0.0,0.028816739097237587,0.007130500860512257,2.1686238765716555,0.0,0.0
123,0.028944339822320378,0.007256812388625215,2.168752810534309,0.0,0.029265518859028818,0.007669991999864578,2.1595527648925783,0.0,0.0
124,0.029042093740666613,0.00736676893361351,2.1675325000987335,0.0,0.029013491049408913,0.007411953341215849,2.1601538181304933,0.0,0.0
125,0.02885390818119049,0.007248445112696465,2.1605463588938996,0.0,0.028811413794755936,0.007262223307043314,2.1549190998077394,0.0,0.0
126,0.02855445455540629,0.007022255620754817,2.1532199382781982,0.0,0.029662713035941125,0.008232074230909348,2.1430639266967773,0.0,0.0
127,0.028836948468404656,0.0073867179453372955,2.145023093504064,0.0,0.02916751280426979,0.00773826539516449,2.1429248332977293,0.0,0.0
128,0.02870085123268997,0.007159011548056322,2.1541840188643513,0.0,0.027814552932977677,0.006318918988108635,2.149563360214233,0.0,0.0
129,0.028541350627646726,0.007015327073852806,2.152602392084458,0.0,0.028650707751512527,0.007191329076886177,2.145937919616699,0.0,0.0
130,0.028449755052433294,0.006985131870297825,2.1464623423183666,0.0,0.029026720300316812,0.007658210676163435,2.1368510246276857,0.0,0.0
131,0.028889569179976687,0.007485686061794267,2.1403883905971752,0.0,0.028451110795140268,0.007085473369807005,2.136563777923584,0.0,0.0
132,0.02824589829234516,0.006777851623209084,2.146804725422579,0.0,0.02850375883281231,0.00708854915574193,2.1415210247039793,0.0,0.0
133,0.028495100600754514,0.007100098081590498,2.139500253340777,0.0,0.029509427025914192,0.008205179870128632,2.1304247856140135,0.0,0.0
134,0.028537133160759422,0.0071722191813237525,2.136491424897138,0.0,0.028636585921049118,0.007351001538336277,2.128558540344238,0.0,0.0
135,0.0283434129155734,0.0069622303194859445,2.1381183091331932,0.0,0.02762758657336235,0.006318022310733795,2.130956506729126,0.0,0.0
136,0.028477834537625313,0.00711893876466681,2.135889642378863,0.0,0.028460780158638954,0.007155070919543505,2.1305709362030028,0.0,0.0
137,0.02838048284106395,0.007047347094425384,2.1333136558532715,0.0,0.02814849279820919,0.006865574698895216,2.1282918453216553,0.0,0.0
138,0.028476187959313393,0.007155211971086615,2.132097608902875,0.0,0.028464128822088243,0.007219790574163198,2.124433898925781,0.0,0.0
139,0.02843787247205482,0.007079474901890054,2.135839784846586,0.0,0.028511348366737365,0.007253119815140962,2.125822973251343,0.0,0.0
140,0.028582023785394782,0.007262587629477768,2.131943674648509,0.0,0.027679388225078583,0.0063898485153913494,2.1289540767669677,0.0,0.0
141,0.02814554806579562,0.006789669312317581,2.135587958728566,0.0,0.028539199009537698,0.007300444319844246,2.1238755702972414,0.0,0.0
142,0.02815520905834787,0.006873547044747016,2.128166254828958,0.0,0.028380802273750304,0.0071976822800934315,2.118312120437622,0.0,0.0
143,0.02830295089413138,0.007069817278534174,2.123313412946813,0.0,0.028373552858829497,0.007217318005859852,2.1156235694885255,0.0,0.0
144,0.028539032291840103,0.007297372445464134,2.1241660118103027,0.0,0.029677389934659005,0.008405937813222408,2.12714524269104,0.0,0.0
145,0.028101551949101335,0.006772773449911791,2.1328778827891632,0.0,0.027732028439641,0.006435093656182289,2.1296935081481934,0.0,0.0
146,0.028119896264637217,0.006831068463404389,2.128882842905381,0.0,0.027899009734392168,0.0067161675542593,2.118284273147583,0.0,0.0
147,0.027999714674318537,0.0067869365105734155,2.121277865241556,0.0,0.02780798524618149,0.006664239801466465,2.1143746376037598,0.0,0.0
148,0.02832358900238486,0.007119671660749351,2.120391747530769,0.0,0.02788272500038147,0.006704363226890564,2.1178361892700197,0.0,0.0
149,0.0283903387539527,0.007144133122090031,2.124620605917538,0.0,0.02845817767083645,0.007266679313033819,2.119149923324585,0.0,0.0
150,0.02806015411282287,0.006804714718943133,2.125543987049776,0.0,0.027967964112758637,0.006731162592768669,2.1236801624298094,0.0,0.0
151,0.028301750693251106,0.007017377353108981,2.1284374209011303,0.0,0.02865881659090519,0.007440134137868881,2.1218682765960692,0.0,0.0
152,0.028036176720086264,0.0067281341180205345,2.1308043003082275,0.0,0.02809942588210106,0.00685155251994729,2.124787378311157,0.0,0.0
153,0.02822553103460985,0.006925490493064418,2.1300041114582733,0.0,0.027589043229818346,0.006329133454710245,2.125990962982178,0.0,0.0
154,0.027922622202073828,0.006658365292584195,2.1264257431030273,0.0,0.028105533495545388,0.006911701895296574,2.119383192062378,0.0,0.0
155,0.027950987986782017,0.006752993801937383,2.1197994176079247,0.0,0.02825714834034443,0.0071480898186564445,2.1109059333801268,0.0,0.0
156,0.028002301778863457,0.006872558774536147,2.1129743211409626,0.0,0.027608922868967056,0.006564774829894304,2.1044147968292237,0.0,0.0
157,0.02786695584654808,0.006762519643148955,2.110443676219267,0.0,0.028126483038067817,0.0070900390855968,2.103644514083862,0.0,0.0
158,0.028188871110186857,0.007088923607678974,2.1099948181825527,0.0,0.028455299139022828,0.007369052153080702,2.108624744415283,0.0,0.0
159,0.027851535336059684,0.006719141102889005,2.113239456625546,0.0,0.028127208724617957,0.007062702160328627,2.1064507007598876,0.0,0.0
160,0.028056817348389065,0.006942104904309791,2.1114713304183064,0.0,0.02785407304763794,0.0067584913223981856,2.1095582485198974,0.0,0.0
161,0.028454106081934535,0.007238550139043261,2.121555622886209,0.0,0.027822479605674744,0.006616943143308162,2.1205536842346193,0.0,0.0
162,0.028113478137289778,0.006856886943911805,2.12565912919886,0.0,0.028545457497239114,0.007315384224057198,2.123007392883301,0.0,0.0
163,0.02782385314212126,0.006607451969209839,2.1216401633094337,0.0,0.028600960224866866,0.007474146783351898,2.1126813888549805,0.0,0.0
164,0.028021467082640705,0.006856655400684651,2.116481191971723,0.0,0.028434667363762857,0.007337733265012502,2.109693431854248,0.0,0.0
165,0.02762579227633336,0.0065371858723023354,2.1088606469771443,0.0,0.028165648505091668,0.007194773014634848,2.097087574005127,0.0,0.0
166,0.027804719832013634,0.0068149233565611,2.0989797115325928,0.0,0.027943407371640205,0.007012435980141163,2.09309720993042,0.0,0.0
167,0.027504823444520727,0.006587556727668818,2.091726709814633,0.0,0.02751093916594982,0.00668534142896533,2.082559871673584,0.0,0.0
168,0.02797590382397175,0.0070670293096233815,2.090887518490062,0.0,0.02812211439013481,0.007234088890254497,2.0888025760650635,0.0,0.0
169,0.027996972422389424,0.006993266041664516,2.1003706875969383,0.0,0.027503912895917894,0.006479793414473534,2.102411985397339,0.0,0.0
170,0.027953170678194833,0.006848749732050826,2.110442133510814,0.0,0.027591764554381372,0.006434146407991647,2.11576189994812,0.0,0.0
171,0.027732197085724157,0.006546798326513346,2.118539936402265,0.0,0.028033472970128058,0.006912296824157238,2.1121176719665526,0.0,0.0
172,0.02770728453555528,0.006565413465175559,2.1141871284036076,0.0,0.027640819922089575,0.006577312480658293,2.10635085105896,0.0,0.0
173,0.027787617133820757,0.006700630573665395,2.108698704663445,0.0,0.027362228929996492,0.006332191172987223,2.1030037879943846,0.0,0.0
174,0.02766986289883361,0.006639068727107609,2.103079459246467,0.0,0.02785928174853325,0.0069338507950305935,2.0925431728363035,0.0,0.0
175,0.027824926792698747,0.006803529720534296,2.102139711380005,0.0,0.0282917320728302,0.007327614538371563,2.0964117527008055,0.0,0.0
176,0.027762242976356957,0.006715251297196921,2.104699218974394,0.0,0.02731127366423607,0.0062926880083978174,2.101858615875244,0.0,0.0
177,0.027897130369263536,0.006834126351510777,2.1063004521762623,0.0,0.027676915749907494,0.006624590419232845,2.105232524871826,0.0,0.0
178,0.027760777293759233,0.006663275225197568,2.109750228769639,0.0,0.02809351198375225,0.007003747299313546,2.1089765548706056,0.0,0.0
179,0.02743337840280112,0.006303065292098943,2.1130313172059902,0.0,0.02801004536449909,0.0070067816413939,2.100326347351074,0.0,0.0
180,0.027877917403683942,0.006869562928948332,2.100835491629208,0.0,0.027737976610660554,0.006783478148281574,2.0954498767852785,0.0,0.0
181,0.02784171371775515,0.006787928779992987,2.1053785296047436,0.0,0.028099149093031885,0.00703373746946454,2.106541156768799,0.0,0.0
182,0.027603942243491903,0.006523669943870867,2.1080272758708283,0.0,0.027512037381529807,0.006511851120740176,2.1000186920166017,0.0,0.0
183,0.02775379182661281,0.006772110594765228,2.0981681627385758,0.0,0.02798772379755974,0.007036418654024601,2.0951305389404298,0.0,0.0
184,0.02771149970152799,0.00676548494683469,2.0946014909183277,0.0,0.0273431196808815,0.006390674412250519,2.0952445030212403,0.0,0.0
185,0.027559914242695358,0.006582738283802481,2.09771764979643,0.0,0.02767610624432564,0.006757902354001999,2.091820478439331,0.0,0.0
186,0.02750499305479667,0.006576116826823529,2.092887696097879,0.0,0.027276388928294183,0.00643128314986825,2.084510612487793,0.0,0.0
187,0.027809627463712412,0.006880174445755342,2.0929453372955322,0.0,0.02760823741555214,0.006650539953261614,2.0957698822021484,0.0,0.0
188,0.027699007378781542,0.006601167541435536,2.109784056158627,0.0,0.027386478334665298,0.006316565163433552,2.1069913864135743,0.0,0.0
189,0.02739074092139216,0.0063128489179207995,2.1077892359565285,0.0,0.02796398401260376,0.007006796915084124,2.095718765258789,0.0,0.0
190,0.027406000258291468,0.006451840457670829,2.095416040981517,0.0,0.027317959815263748,0.006460903212428093,2.0857056617736816,0.0,0.0
191,0.02748575762790792,0.00659200269728899,2.0893755379845116,0.0,0.027836616709828378,0.007027205545455217,2.080941152572632,0.0,0.0
192,0.02736965358695563,0.006517713149899945,2.0851941108703613,0.0,0.027304434776306154,0.006511805672198534,2.079262924194336,0.0,0.0
193,0.02751934221562217,0.006702740895835792,2.081660172518562,0.0,0.027224920317530633,0.0064525392837822436,2.077238130569458,0.0,0.0
194,0.027629990678499725,0.006787916124962708,2.0842075067407944,0.0,0.027496979758143424,0.00663613984361291,2.086084079742432,0.0,0.0
195,0.027427287005326328,0.006531558656955466,2.0895728924695183,0.0,0.02804192379117012,0.0071587651036679745,2.088315963745117,0.0,0.0
196,0.02776584489380612,0.006846354781266521,2.091949056176578,0.0,0.027826309949159623,0.006899115163832903,2.092719554901123,0.0,0.0
197,0.027655458296923077,0.0066400426713859335,2.1015416033127727,0.0,0.02748810425400734,0.006513475626707077,2.0974629402160643,0.0,0.0
198,0.027558573247755274,0.006575059063513489,2.098351464552038,0.0,0.028255349025130272,0.007382845040410757,2.0872503757476806,0.0,0.0
199,0.027240607777939123,0.006308640956002123,2.0931967286502613,0.0,0.027215774357318877,0.006403806246817112,2.0811968803405763,0.0,0.0
200,0.02731784455039922,0.006465968730695108,2.0851876735687256,0.0,0.027903108298778533,0.007122931536287069,2.0780176639556887,0.0,0.0
201,0.027621156042989564,0.0068019407472628005,2.0819215774536133,0.0,0.028812151029706003,0.008001772966235877,2.0810378551483155,0.0,0.0
202,0.02750103690606706,0.006635168868610088,2.0865868540371166,0.0,0.027944220602512358,0.0071261988021433355,2.081802225112915,0.0,0.0
203,0.027504696675083217,0.006661317338619162,2.0843379497528076,0.0,0.027375101298093795,0.006563744321465492,2.081135702133179,0.0,0.0
204,0.027540216879809603,0.006646336001508376,2.0893881601445816,0.0,0.027965640276670457,0.007108711823821068,2.085692882537842,0.0,0.0
205,0.02760639797677012,0.0066885896684492335,2.091780886930578,0.0,0.0273945827037096,0.006527887750416994,2.0866695404052735,0.0,0.0
206,0.02737230873283218,0.006468971917296157,2.0903337001800537,0.0,0.027592757344245912,0.006755838450044393,2.083691883087158,0.0,0.0
207,0.02766856211511528,0.00677320161176955,2.0895361058852253,0.0,0.028101279214024544,0.007240548077970743,2.0860732078552244,0.0,0.0
208,0.027569936807541287,0.006645085618776434,2.0924851613886215,0.0,0.027016958221793175,0.006153209507465363,2.0863749504089357,0.0,0.0
209,0.02728961660143207,0.006368015016264775,2.092160196865306,0.0,0.02707887515425682,0.006268012709915638,2.081086254119873,0.0,0.0
210,0.027448766043081003,0.0065430786515421726,2.09056879492367,0.0,0.02669791169464588,0.005831858888268471,2.086605358123779,0.0,0.0
211,0.02727083850871114,0.006438945885747671,2.083189277087941,0.0,0.027384254336357116,0.006734678708016873,2.0649575710296633,0.0,0.0
212,0.027444340836475876,0.006727041594464989,2.071729954551248,0.0,0.02704736404120922,0.006380293983966112,2.0667070388793944,0.0,0.0
213,0.027531081372324157,0.006802340613349396,2.072874153361601,0.0,0.027278081700205802,0.006513464916497469,2.0764616966247558,0.0,0.0
214,0.027449090033769608,0.006547291078330839,2.0901799622704003,0.0,0.0269792053848505,0.0061097308993339535,2.086947536468506,0.0,0.0
215,0.027282575035796446,0.006389742141918224,2.089283354142133,0.0,0.02803182601928711,0.0072219339199364185,2.0809893131256105,0.0,0.0
216,0.027430928476593074,0.006633432034183951,2.079749724444221,0.0,0.027226917445659637,0.006467581260949373,2.075933647155762,0.0,0.0
217,0.027228385538739318,0.006430977845893186,2.079740790759816,0.0,0.027034276351332664,0.006265170220285654,2.076910638809204,0.0,0.0
218,0.02747095946003409,0.00662776521023582,2.084319465300616,0.0,0.02681579366326332,0.005990496650338173,2.0825297355651857,0.0,0.0
219,0.027276378453654403,0.006446280763210619,2.083009818020989,0.0,0.027279179915785788,0.006526373513042927,2.075280714035034,0.0,0.0
220,0.02728313404847594,0.006515015902764657,2.0768118325401757,0.0,0.02763732485473156,0.006959386356174946,2.067793846130371,0.0,0.0
221,0.027184908880906945,0.006393046748331364,2.0791862571940705,0.0,0.027405505999922752,0.006706609390676022,2.0698897361755373,0.0,0.0
222,0.027349502615192357,0.006579502677435384,2.077000042971443,0.0,0.0274750929325819,0.006753932405263186,2.0721160888671877,0.0,0.0
223,0.027084169580655938,0.006369804059538771,2.071436601526597,0.0,0.027334506064653395,0.006692088302224874,2.0642418384552004,0.0,0.0
224,0.02739147294093581,0.006702534827020238,2.0688938673804786,0.0,0.027812235429883002,0.007144913356751203,2.0667322158813475,0.0,0.0
225,0.027384375715080428,0.006605389884070438,2.0778986285714542,0.0,0.028260859474539757,0.007525667455047369,2.0735193252563477,0.0,0.0
226,0.02738716354703202,0.006624188575455371,2.0762975496404312,0.0,0.02648504599928856,0.005734649719670415,2.0750396251678467,0.0,0.0
227,0.027005081119782785,0.00624824917930014,2.0756832431344425,0.0,0.027074742689728738,0.006415503099560738,2.065923976898193,0.0,0.0
228,0.026786551975152072,0.006153531619073714,2.0633020821739647,0.0,0.027292563393712044,0.006793010700494051,2.0499552726745605,0.0,0.0
229,0.02764669619500637,0.006996592616333681,2.0650104073917164,0.0,0.02778889164328575,0.007080090325325727,2.070880174636841,0.0,0.0
230,0.02735213705283754,0.006517864024157033,2.083427345051485,0.0,0.02721104584634304,0.006370779499411583,2.0840266704559327,0.0,0.0
231,0.027314287226866272,0.006435354870250996,2.0878932616289925,0.0,0.027271823957562447,0.006498437654227018,2.077338695526123,0.0,0.0
232,0.027423060006078553,0.00659559149404659,2.0827468703774845,0.0,0.027071711793541908,0.006269039493054152,2.0802672863006593,0.0,0.0
233,0.027077515445211354,0.0062297370065661035,2.08477783203125,0.0,0.02774379886686802,0.00695606367662549,2.078773593902588,0.0,0.0
234,0.027213319478666082,0.006452160065664965,2.0761160009047566,0.0,0.027836642414331435,0.007172967586666345,2.066367530822754,0.0,0.0
235,0.02718506074127029,0.006413212703431354,2.077184887493358,0.0,0.02743590846657753,0.00670673893764615,2.0729169845581055,0.0,0.0
236,0.02721776013426921,0.006447830456582939,2.076993030660293,0.0,0.02699221558868885,0.006243606470525265,2.074860954284668,0.0,0.0
237,0.026968944050809917,0.00616053245304262,2.0808411906747257,0.0,0.026834623515605928,0.006152591854333878,2.0682032108306885,0.0,0.0
238,0.027122845434967208,0.006397140349316246,2.0725705763872933,0.0,0.026876525208353996,0.006238979939371348,2.063754510879517,0.0,0.0
239,0.0269344557514962,0.006226702045430155,2.0707754247328816,0.0,0.02682616636157036,0.006223504710942507,2.0602662563323975,0.0,0.0
240,0.02707547793055282,0.006426096209050978,2.0649382086361157,0.0,0.02743028849363327,0.006821162812411785,2.060912561416626,0.0,0.0
241,0.02713582303155871,0.006468859254656469,2.0666964334600113,0.0,0.02714637592434883,0.006498523522168398,2.064785289764404,0.0,0.0
242,0.027203573352273774,0.006465131964753656,2.0738441663629867,0.0,0.027580364421010018,0.006866516917943955,2.071384859085083,0.0,0.0
243,0.027093396905590508,0.006295362761353745,2.0798034808214974,0.0,0.026610375568270683,0.005875362642109394,2.0735013484954834,0.0,0.0
244,0.02703769800855833,0.006264962338130264,2.077273635303273,0.0,0.026644542813301086,0.0059866058640182015,2.0657937049865724,0.0,0.0
245,0.027069384013028705,0.006386409130166559,2.0682975264156567,0.0,0.027155574783682822,0.006549517903476953,2.0606058120727537,0.0,0.0
246,0.02693826047813191,0.006330733324455864,2.0607527564553654,0.0,0.026912227272987366,0.006374580040574074,2.0537646770477296,0.0,0.0
247,0.027142470373826867,0.006548318874967449,2.0594151861527386,0.0,0.026524862647056578,0.0059505560901016,2.057430696487427,0.0,0.0
248,0.02706506278584985,0.006416344330372179,2.064871872172636,0.0,0.027451177686452867,0.006867140159010887,2.0584038734436034,0.0,0.0
249,0.026984268361154723,0.006353655720458311,2.0630613214829387,0.0,0.02710242532193661,0.006524878926575184,2.05775465965271,0.0,0.0
250,0.027107054915498283,0.006479140398476054,2.062791473725263,0.0,0.02651642933487892,0.00590418754145503,2.0612242221832275,0.0,0.0
251,0.027199263300965813,0.006539147045901593,2.0660116953008316,0.0,0.027236339449882508,0.006602001748979092,2.063433790206909,0.0,0.0
252,0.02666498808299794,0.006052515195573077,2.0612473487854004,0.0,0.027141199633479118,0.006631145346909761,2.051005458831787,0.0,0.0
253,0.026944450157530168,0.006435728193644215,2.0508722277248608,0.0,0.02722102254629135,0.006730493530631066,2.0490530014038084,0.0,0.0
254,0.026938374866457546,0.006415396600085146,2.0522978586309097,0.0,0.027186137065291403,0.006687354575842619,2.0498782634735107,0.0,0.0
255,0.02673421854920247,0.006182988338610705,2.0551230486701515,0.0,0.026415833830833436,0.005957375653088093,2.045845890045166,0.0,0.0
256,0.026874990366837558,0.006426670095499824,2.0448320753434124,0.0,0.026984377577900887,0.00654517887160182,2.0439199447631835,0.0,0.0
257,0.02694665520068477,0.0063652608488850735,2.0581394644344555,0.0,0.027255625650286674,0.006657377444207668,2.0598248481750487,0.0,0.0
258,0.026998921680976364,0.0063786134123802185,2.062030820285573,0.0,0.027249441668391227,0.006701285485178232,2.054815673828125,0.0,0.0
259,0.027059183949056792,0.00651516773573616,2.0544016781975243,0.0,0.02627868950366974,0.00576803432777524,2.051065540313721,0.0,0.0
260,0.026959013741682556,0.006381680695887874,2.057733367471134,0.0,0.02681057117879391,0.006252030283212662,2.0558541297912596,0.0,0.0
261,0.026808100040344632,0.00621685799320831,2.0591242453631233,0.0,0.027472593262791632,0.006918525602668524,2.055406856536865,0.0,0.0
262,0.027160019120749307,0.00655462929759832,2.0605390492607567,0.0,0.02701013796031475,0.006371417175978422,2.063872146606445,0.0,0.0
263,0.027066624120754355,0.006407690398833331,2.0658934116363525,0.0,0.026362380385398863,0.0056667373515665535,2.069564390182495,0.0,0.0
264,0.02687946367351448,0.006183830144650796,2.0695634028490852,0.0,0.02722753770649433,0.006614482495933771,2.061305570602417,0.0,0.0
265,0.026859793921603876,0.006278849973836366,2.058094445396872,0.0,0.02734144255518913,0.00684205861762166,2.0499383926391603,0.0,0.0
266,0.026957489550113678,0.006423504420501345,2.05339856708751,0.0,0.02640094794332981,0.0059224309399724005,2.0478517532348635,0.0,0.0
267,0.02692742317038424,0.00633977194700171,2.058765130884507,0.0,0.026547343656420707,0.006031338497996331,2.0516005992889403,0.0,0.0
268,0.026881096555906182,0.006305406582267845,2.057569054996266,0.0,0.026738904044032098,0.0062042494304478165,2.0534655094146728,0.0,0.0
269,0.02667319413055392,0.006096649723237052,2.057654478970696,0.0,0.026290490850806238,0.005794404726475477,2.049608612060547,0.0,0.0
270,0.02668777053408763,0.006209007573916632,2.047876329982982,0.0,0.02665220685303211,0.006298501417040825,2.0353705883026123,0.0,0.0
271,0.026658840915736032,0.0062914019834031075,2.0367439354167267,0.0,0.026823950186371803,0.006478676479309798,2.034527397155762,0.0,0.0
272,0.027004186502274347,0.006584752515396651,2.041943437912885,0.0,0.026791165024042128,0.006357339210808277,2.0433826446533203,0.0,0.0
273,0.026694877511438203,0.006176863139604821,2.0518014711492203,0.0,0.026683558896183967,0.00618650196120143,2.0497057914733885,0.0,0.0
274,0.026843331425505525,0.006302952656851095,2.0540379075443043,0.0,0.02636018842458725,0.00590058621019125,2.045960235595703,0.0,0.0
275,0.026934311889550266,0.0064908298663794994,2.044348253923304,0.0,0.02674696333706379,0.006342844711616636,2.040411853790283,0.0,0.0
276,0.026878513724488372,0.0064193073331433185,2.045920666526346,0.0,0.027122627198696136,0.006720171310007572,2.0402456283569337,0.0,0.0
277,0.027102484313004157,0.006603656966677483,2.0498827906215893,0.0,0.026592890545725823,0.006101638451218605,2.049125242233276,0.0,0.0
278,0.02677408101804116,0.006253646056660835,2.0520435641793644,0.0,0.02714945897459984,0.006657901313155889,2.0491558074951173,0.0,0.0
279,0.026626769124585038,0.006129438167109209,2.049733133877025,0.0,0.026973043754696845,0.006543964147567749,2.0429080009460447,0.0,0.0
280,0.02667448965503889,0.006225689012995537,2.044880137724035,0.0,0.026421119272708894,0.006002226006239652,2.0418894290924072,0.0,0.0
281,0.026703143273206317,0.0062914685729671925,2.0411675397087548,0.0,0.026896327361464502,0.006526611093431711,2.036971616744995,0.0,0.0
282,0.02667923436007079,0.006261021254912895,2.0418213535757626,0.0,0.027049646899104118,0.006623797491192818,2.042584991455078,0.0,0.0
283,0.027068075121325606,0.0064997843959752255,2.0568291159237133,0.0,0.026441679149866105,0.005868348106741905,2.0573331356048583,0.0,0.0
284,0.02675908595761832,0.006132190417060081,2.062689556795008,0.0,0.026339035853743552,0.005799715034663677,2.0539321422576906,0.0,0.0
285,0.02673469582463012,0.006146338357425788,2.0588358009562775,0.0,0.026537446677684783,0.005964168906211853,2.0573278427124024,0.0,0.0
286,0.02666615727631485,0.006124227335128714,2.054193047916188,0.0,0.02622227557003498,0.005779876280575991,2.044240045547485,0.0,0.0
287,0.02685211818007862,0.006383334752172232,2.0468784079832187,0.0,0.02705804109573364,0.006593946274369955,2.046409559249878,0.0,0.0
288,0.026558475349755847,0.006075687952997053,2.0482787805445053,0.0,0.02682623565196991,0.006368919555097818,2.0457316875457763,0.0,0.0
289,0.026513530489276436,0.0060990812421283305,2.0414449467378506,0.0,0.026514606550335884,0.006144099403172731,2.0370507717132567,0.0,0.0
290,0.026554410181501332,0.006190878969124135,2.0363531673655793,0.0,0.026665978133678436,0.006307160574942827,2.035881853103638,0.0,0.0
291,0.026650661273914224,0.006281875676530249,2.0368786138646744,0.0,0.026827314868569374,0.0064579139463603495,2.036940097808838,0.0,0.0
292,0.02654733760830234,0.006161857944201021,2.0385480207555435,0.0,0.02712639905512333,0.006793977785855531,2.033242177963257,0.0,0.0
293,0.026543562464854297,0.006279344615690848,2.0264218344407925,0.0,0.02716662213206291,0.006934943702071905,2.023167943954468,0.0,0.0
294,0.026644224081845844,0.006291653248755371,2.03525710105896,0.0,0.026865342631936073,0.0064991281367838384,2.0366214752197265,0.0,0.0
295,0.02661491185426712,0.006293014595832895,2.0321897478664623,0.0,0.026846447959542274,0.006496924720704555,2.0349523544311525,0.0,0.0
296,0.026616142076604506,0.006217659697594012,2.039848299587474,0.0,0.02684388943016529,0.006420175079256296,2.042371416091919,0.0,0.0
297,0.02668674334007151,0.006277159102918471,2.040958460639505,0.0,0.026691871508955956,0.0063454809598624705,2.0346391201019287,0.0,0.0
298,0.02650692708352033,0.006125544033506338,2.038138319464291,0.0,0.026933572813868524,0.006593465991318226,2.0340107440948487,0.0,0.0
299,0.026328591520295423,0.005979781340369407,2.0348810588612274,0.0,0.02699539326131344,0.006757717952132225,2.0237675666809083,0.0,0.0
300,0.026462020462050158,0.006231520653647535,2.0230500417597153,0.0,0.026923193782567977,0.006750367023050785,2.017282724380493,0.0,0.0
301,0.026598106741028672,0.006411270046716227,2.0186837000005386,0.0,0.02679521217942238,0.006599810905754566,2.019540214538574,0.0,0.0
302,0.026385215275427875,0.00608172982602435,2.0303485954509064,0.0,0.027341101318597794,0.007052440941333771,2.028866100311279,0.0,0.0
303,0.026740283979212538,0.006434996557586333,2.030528839896707,0.0,0.026489333435893058,0.006244727596640587,2.0244606018066404,0.0,0.0
304,0.02626394940649762,0.006014064913067748,2.0249884970047893,0.0,0.026710812002420425,0.006538847927004099,2.0171963691711428,0.0,0.0
305,0.026668202789390787,0.006494863451842,2.0173339703503776,0.0,0.028111721202731133,0.007965372130274772,2.014634943008423,0.0,0.0
306,0.02686960797976045,0.006603757138637935,2.0265851301305435,0.0,0.026373513415455817,0.006034736335277557,2.033877801895142,0.0,0.0
307,0.026769674657022253,0.006319005014922689,2.045067043865428,0.0,0.026398564875125884,0.00594521351158619,2.0453351497650147,0.0,0.0
308,0.026643354993532684,0.006140288184670841,2.0503067409290985,0.0,0.027114541083574296,0.006652621552348137,2.0461920261383058,0.0,0.0
309,0.02627609166152337,0.00585870524210965,2.0417386784273037,0.0,0.02659350112080574,0.0062591835856437685,2.033431816101074,0.0,0.0
310,0.026620621299918962,0.006322188193307203,2.029843372457168,0.0,0.026812738552689553,0.00657992297783494,2.023281621932983,0.0,0.0
311,0.0265179910861394,0.006255477940773263,2.026251372169046,0.0,0.02638055756688118,0.006159512791782618,2.022104549407959,0.0,0.0
312,0.026600840556270936,0.006373259266290595,2.0227581893696502,0.0,0.02710437960922718,0.006890782807022333,2.02135968208313,0.0,0.0
313,0.026513815473984268,0.0062302397564053535,2.028357617995318,0.0,0.026648787409067155,0.006378065329045057,2.027072286605835,0.0,0.0
314,0.026323059245067483,0.006064323215361904,2.0258736610412598,0.0,0.026711221411824228,0.006521573383361101,2.0189648628234864,0.0,0.0
315,0.026451759259490407,0.006269064156667274,2.0182695669286392,0.0,0.027421804890036584,0.007246310263872147,2.017549514770508,0.0,0.0
316,0.026512054726481438,0.006277723237872124,2.0234331804163315,0.0,0.026775451749563216,0.00657113092020154,2.0204320907592774,0.0,0.0
317,0.026467355735161725,0.006214896545690649,2.0252459469963524,0.0,0.026310599222779275,0.006068185530602932,2.024241399765015,0.0,0.0
318,0.026711190009818357,0.0064196411301107965,2.029154959846945,0.0,0.02591214030981064,0.00562698133289814,2.028515911102295,0.0,0.0
319,0.026665787376901683,0.006334821310113458,2.03309666409212,0.0,0.0268348827958107,0.00647600032389164,2.0358882427215574,0.0,0.0
320,0.026581983136780122,0.0061415351982064105,2.044044859269086,0.0,0.02660570405423641,0.0061311513185501095,2.047455310821533,0.0,0.0
321,0.026701416710720342,0.006237536422250902,2.046388093162985,0.0,0.02628873996436596,0.0059246175922453405,2.0364122867584227,0.0,0.0
322,0.026189036009942785,0.005843167330193169,2.03458693448235,0.0,0.026621298119425773,0.006369290314614773,2.025200843811035,0.0,0.0
323,0.026274116271558928,0.006021921468131682,2.0252195246079387,0.0,0.026033276319503786,0.00585642009973526,2.017685604095459,0.0,0.0
324,0.02640401933561353,0.006214943960966433,2.018907568034004,0.0,0.027047542855143547,0.0069065036252141,2.0141040325164794,0.0,0.0
325,0.026193390764734325,0.0060494209858862795,2.014397053157582,0.0,0.02675950191915035,0.006642724107950926,2.011677885055542,0.0,0.0
326,0.02651935158406987,0.006359634866171023,2.015971730737125,0.0,0.026593311131000517,0.006430069915950298,2.0163240909576414,0.0,0.0
327,0.026557773680371398,0.006348415716167758,2.020935857997221,0.0,0.026745178177952765,0.006531105749309063,2.0214072704315185,0.0,0.0
328,0.026242002187406317,0.005996442454702714,2.024556033751544,0.0,0.02621169351041317,0.005975072178989649,2.0236621856689454,0.0,0.0
329,0.02598221819190418,0.005780635456390241,2.0201583048876595,0.0,0.02640821449458599,0.006317213363945484,2.009100151062012,0.0,0.0
330,0.026560460600782845,0.006485346786896972,2.0075114123961506,0.0,0.027048461139202118,0.006929085124284029,2.0119376182556152,0.0,0.0
331,0.02630010893677964,0.006190014482640168,2.01100949680104,0.0,0.02655697911977768,0.006480524409562349,2.007645535469055,0.0,0.0
332,0.0260500868453699,0.005961677032139371,2.0088410167133106,0.0,0.026452384144067764,0.0063792913220822815,2.007309341430664,0.0,0.0
333,0.02680314956780742,0.006700950592537136,2.010219966664034,0.0,0.0270735427737236,0.006898900028318167,2.0174643993377686,0.0,0.0
334,0.026576376355746213,0.0063390341477797315,2.023734275032492,0.0,0.026680733636021615,0.0064381853677332405,2.024254846572876,0.0,0.0
335,0.02640383175629027,0.006212015636265278,2.0191816512276146,0.0,0.025846711918711664,0.005718220956623554,2.012849140167236,0.0,0.0
336,0.02642584394882707,0.006253078826429213,2.0172765745836148,0.0,0.026136020570993422,0.005956125166267157,2.0179895401000976,0.0,0.0
337,0.026174542439334533,0.005935784018434146,2.0238758956684784,0.0,0.02662997841835022,0.0064442864619195465,2.018569231033325,0.0,0.0
338,0.026409524876405212,0.006217197241152034,2.019232799025143,0.0,0.025903629884123803,0.005718347709625959,2.0185282707214354,0.0,0.0
339,0.026213205802966568,0.006001259474193349,2.021194668377147,0.0,0.026508744060993194,0.006324322801083327,2.018442153930664,0.0,0.0
340,0.026451414122300988,0.006303610964952146,2.0147803460850433,0.0,0.026925472915172576,0.006784942373633385,2.0140531063079834,0.0,0.0
341,0.026541656211895102,0.0063215151757878415,2.0220141340704525,0.0,0.026448849961161612,0.006171733792871237,2.0277116775512694,0.0,0.0
342,0.026501900461666724,0.006174711674890097,2.032718938939712,0.0,0.026766161248087884,0.006386697199195624,2.0379464626312256,0.0,0.0
343,0.02631237730383873,0.005923217573367497,2.0389160548939422,0.0,0.025805208086967468,0.005459477473050356,2.0345730781555176,0.0,0.0
344,0.026492048602770355,0.00617237068603144,2.0319678222431854,0.0,0.02695056051015854,0.006685844995081425,2.026471567153931,0.0,0.0
345,0.02619433863198056,0.005937135970110402,2.0257203298456528,0.0,0.026802937686443328,0.0065963991917669775,2.0206538677215575,0.0,0.0
346,0.026212536675088546,0.0060379898504299276,2.0174546942991367,0.0,0.02609184868633747,0.005994115117937326,2.0097734451293947,0.0,0.0
347,0.02657944961067508,0.006392717197099153,2.018673265681547,0.0,0.026114185526967048,0.005867868196219206,2.0246317386627197,0.0,0.0
348,0.026375734740320372,0.006141581134322812,2.023415397195255,0.0,0.026301360130310057,0.006040516495704651,2.0260844230651855,0.0,0.0
349,0.02645726315677166,0.006132942103945157,2.032432163462919,0.0,0.02573062591254711,0.005386284273117781,2.034434270858765,0.0,0.0
350,0.026399615275509217,0.006126074805198347,2.0273541001712574,0.0,0.026602845638990402,0.006385515909641981,2.021733045578003,0.0,0.0
351,0.026009277824093315,0.005824943401795977,2.018433514763327,0.0,0.026607711613178254,0.006525037251412869,2.0082674980163575,0.0,0.0
352,0.02616043936680345,0.006058308624607676,2.0102131366729736,0.0,0.025762286409735678,0.005663291271775961,2.0098995208740233,0.0,0.0
353,0.026214057689203936,0.006173790514688282,2.0040267635794247,0.0,0.026655906066298484,0.006658226437866688,1.999768042564392,0.0,0.0
354,0.02620222419500351,0.006151476327110739,2.005074837628533,0.0,0.026646673679351807,0.0065331653691828254,2.0113508701324463,0.0,0.0
355,0.026358845917617574,0.006266515537658159,2.0092330750297096,0.0,0.02627246081829071,0.006120942812412977,2.015151834487915,0.0,0.0
356,0.02612863853573799,0.005954894675489734,2.0173744313857136,0.0,0.027010780572891236,0.00684625692665577,2.016452407836914,0.0,0.0
357,0.026289323235259336,0.006165223826161202,2.0124099955839267,0.0,0.026618700847029685,0.006494258437305689,2.012444257736206,0.0,0.0
358,0.026442478356115958,0.006255787797272205,2.0186691143933464,0.0,0.026996235921978952,0.006789977103471756,2.020625925064087,0.0,0.0
359,0.02606306882465587,0.005847955067806384,2.021511428496417,0.0,0.026460069045424462,0.006298959162086249,2.0161109447479246,0.0,0.0
360,0.026353654616019306,0.00617711607585935,2.0176539000342872,0.0,0.025974390283226966,0.005792407784610987,2.018198299407959,0.0,0.0
361,0.02623572923681315,0.006083751973860404,2.015197788967806,0.0,0.026277394965291023,0.006139255594462156,2.0138139724731445,0.0,0.0
362,0.026053957093287918,0.006002737839213189,2.0051219673717724,0.0,0.02700638920068741,0.0070609236136078835,1.99454665184021,0.0,0.0
363,0.026350486585322547,0.006352925947045579,1.9997561188305126,0.0,0.026425187289714814,0.00633505629375577,2.0090131759643555,0.0,0.0
364,0.026262401329243883,0.006113356390200993,2.014904534115511,0.0,0.02616834230720997,0.005943385604768992,2.022495698928833,0.0,0.0
365,0.026315509396440843,0.006062980933005319,2.025252903209013,0.0,0.0258465226739645,0.00555345444008708,2.0293068408966066,0.0,0.0
366,0.02611062182661365,0.005830183488262051,2.0280438591452206,0.0,0.026725174859166145,0.006485702283680439,2.023947238922119,0.0,0.0
367,0.026131441816687584,0.0059842217220541305,2.014722038717831,0.0,0.026889845728874207,0.006758937239646911,2.013090896606445,0.0,0.0
368,0.026317753993413028,0.0062029180116951466,2.011483641231761,0.0,0.027050743624567986,0.006915685907006264,2.0135058403015136,0.0,0.0
369,0.02622772797065623,0.006048565210007569,2.0179163287667667,0.0,0.025740299746394156,0.0055490157566964625,2.01912841796875,0.0,0.0
370,0.026128510013222694,0.005993060165030115,2.013545029303607,0.0,0.025764017552137374,0.005656086839735508,2.010793113708496,0.0,0.0
371,0.026162032476242852,0.0060928013887913786,2.006923156626084,0.0,0.02619591951370239,0.006167428195476532,2.0028491973876954,0.0,0.0
372,0.026494907105670255,0.00641232419430333,2.0082583357306087,0.0,0.025380875170230865,0.005198819003999234,2.018205690383911,0.0,0.0
373,0.026094813228530044,0.005885664784513852,2.02091487716226,0.0,0.027010809630155563,0.006780616659671068,2.0230193614959715,0.0,0.0
374,0.026345614782151056,0.006092300802907523,2.0253314831677605,0.0,0.02581021375954151,0.0055090393871068954,2.030117464065552,0.0,0.0
375,0.026036241913543028,0.005798181738047039,2.0238060670740463,0.0,0.02580779530107975,0.005648129666224122,2.015966606140137,0.0,0.0
376,0.02612249191631289,0.006025379441459389,2.0097113006255207,0.0,0.02542922869324684,0.005345055088400841,2.0084174156188963,0.0,0.0
377,0.025915428667384034,0.005905338480849476,2.0010090224883137,0.0,0.02613194063305855,0.00616213409230113,1.996980619430542,0.0,0.0
378,0.02618844555143048,0.006251568933401038,1.993687713847441,0.0,0.026255208626389505,0.006258075684309005,1.9997133255004882,0.0,0.0
379,0.026157414102379012,0.006121653022573274,2.003576131427989,0.0,0.02677791602909565,0.006628159619867802,2.0149756908416747,0.0,0.0
380,0.02621986245846047,0.00607678124352413,2.0143081300398884,0.0,0.025522103533148766,0.005326482094824314,2.0195621967315676,0.0,0.0
381,0.026293814949253026,0.006148711093427504,2.0145104141796337,0.0,0.02633427418768406,0.006156689394265414,2.017758512496948,0.0,0.0
382,0.026050911668468926,0.005906225949087564,2.014468613792868,0.0,0.026947588101029395,0.00683444244787097,2.011314630508423,0.0,0.0
383,0.02642439875532599,0.006312516517937183,2.011188268661499,0.0,0.02671951949596405,0.00651484178379178,2.0204678535461427,0.0,0.0
384,0.02629989177426871,0.006073751623797066,2.022614030277028,0.0,0.02621738165616989,0.005933383479714394,2.028399848937988,0.0,0.0
385,0.025985867880723056,0.005786702776437297,2.0199165414361393,0.0,0.026561957597732545,0.0064249662682414055,2.0136991500854493,0.0,0.0
386,0.026109823190114078,0.006023862399160862,2.008596090709462,0.0,0.025699461251497267,0.005602876096963883,2.0096585750579834,0.0,0.0
387,0.026288387201288167,0.006177932462271522,2.0110455120311066,0.0,0.02599472925066948,0.005803554132580757,2.019117498397827,0.0,0.0
388,0.026145533275078323,0.005960297606447164,2.0185235949123608,0.0,0.026813146844506263,0.006583963707089424,2.022918367385864,0.0,0.0
389,0.02619350066079813,0.006008451010155327,2.018504998263191,0.0,0.025768011435866357,0.005643341783434152,2.0124670028686524,0.0,0.0
390,0.026331429643666044,0.006229515954413835,2.010191433569964,0.0,0.026325733214616776,0.00620111795142293,2.012461614608765,0.0,0.0
391,0.026138370199238554,0.006062252583968288,2.007611821679508,0.0,0.02553228847682476,0.005425442801788449,2.010684633255005,0.0,0.0
392,0.02594529530581306,0.005858183756251545,2.0087111907846786,0.0,0.026031888276338577,0.005924675147980452,2.010721302032471,0.0,0.0
393,0.026444086585851276,0.006329356500988498,2.0114730526419247,0.0,0.026063422858715057,0.00585816390812397,2.0205259323120117,0.0,0.0
394,0.026174020460423303,0.006009239895159707,2.01647808972527,0.0,0.026128996536135672,0.005978988297283649,2.0150008678436278,0.0,0.0
395,0.026099046911386883,0.005999782807467615,2.0099264874177822,0.0,0.026393195241689683,0.006300083175301552,2.009311294555664,0.0,0.0
396,0.025991158779053128,0.0059768226107253745,2.001433667014627,0.0,0.026163318753242494,0.0061323042958974835,2.0031014680862427,0.0,0.0
397,0.02609475965009016,0.006136919289608212,1.9957840723149918,0.0,0.0262684915214777,0.006288578920066357,1.9979913473129272,0.0,0.0
398,0.02638685199267724,0.00635362249415587,2.003322994007784,0.0,0.02639816589653492,0.006242664577439427,2.0155501842498778,0.0,0.0
399,0.026002480045837516,0.005854303482919931,2.0148176866419174,0.0,0.026452407985925675,0.006316117011010647,2.013629150390625,0.0,0.0
400,0.02619745965827914,0.006136700784897103,2.0060759572421802,0.0,0.02577277459204197,0.005684182047843933,2.0088592529296876,0.0,0.0
401,0.02600849178784034,0.006002460003775709,2.0006032200420605,0.0,0.026417816430330275,0.00641511483117938,2.000270199775696,0.0,0.0
402,0.0260083324768964,0.006027762394617586,1.9980570498634787,0.0,0.026643318682909013,0.006636243034154177,2.0007076263427734,0.0,0.0
403,0.026181961135829195,0.006168765673304305,2.0013195696999047,0.0,0.02593543119728565,0.005908185848966241,2.0027245759963987,0.0,0.0
404,0.026153091450824457,0.006148508996428812,2.0004582825829003,0.0,0.026203499734401704,0.0061833375133574005,2.0020162582397463,0.0,0.0
405,0.025860945201095414,0.005875046611489619,1.998589880326215,0.0,0.025662345066666602,0.005707216355949641,1.995512890815735,0.0,0.0
406,0.025965354460127214,0.006071748321547228,1.98936067609226,0.0,0.02689911387860775,0.0069903797470033165,1.9908734083175659,0.0,0.0
407,0.026270382654140976,0.006285847822094665,1.998453504898969,0.0,0.026804193481802942,0.006730534788221121,2.007365894317627,0.0,0.0
408,0.026147571556708393,0.006082870175733286,2.0064701683381023,0.0,0.02634405978024006,0.006219525635242462,2.0124534606933593,0.0,0.0
409,0.02594190233332269,0.00586224374744822,2.007965894306407,0.0,0.026770057156682014,0.006667362432926894,2.0102694988250733,0.0,0.0
410,0.02565836358596297,0.005652753526673597,2.0005610269658707,0.0,0.025938450917601587,0.0059799413662403825,1.9958509922027587,0.0,0.0
411,0.02587020999806769,0.005959876895170002,1.9910333647447473,0.0,0.025575660169124603,0.005638503842055798,1.9937156915664673,0.0,0.0
412,0.026375011595733026,0.006449942394871922,1.9925069949206184,0.0,0.026362942159175874,0.006328270398080349,2.0034671306610106,0.0,0.0
413,0.026156344944063353,0.006050441715428058,2.0105903639512905,0.0,0.025617867708206177,0.005417674081400037,2.0200193405151365,0.0,0.0
414,0.026250849861432526,0.006088370402507922,2.0162479877471924,0.0,0.02686358615756035,0.006659460533410311,2.020412540435791,0.0,0.0
415,0.026031731573097846,0.005920601433471721,2.0111130405874813,0.0,0.02575400285422802,0.005710224155336618,2.004377913475037,0.0,0.0
416,0.026296383208211732,0.006312620004310328,1.998376355451696,0.0,0.026094625517725945,0.006008654925972223,2.0085971355438232,0.0,0.0
417,0.02614545394830844,0.006050633567878429,2.0094820611617146,0.0,0.025680158659815787,0.0054725841619074345,2.0207575798034667,0.0,0.0
418,0.026033627198022956,0.005857016179053222,2.0176611507640168,0.0,0.02570394314825535,0.005512687098234892,2.0191256999969482,0.0,0.0
419,0.026152366772294044,0.006057120393961668,2.0095246819888843,0.0,0.02667880989611149,0.006532249134033918,2.014656162261963,0.0,0.0
420,0.025977827499017996,0.005922108998193461,2.0055718842674706,0.0,0.02521027736365795,0.0051268994808197025,2.0083377838134764,0.0,0.0
421,0.026066087076769155,0.006003550883820828,2.0062536912805893,0.0,0.026182476431131363,0.006024233065545559,2.0158244132995606,0.0,0.0
422,0.02596068469917073,0.005873292684555054,2.0087392189923454,0.0,0.026228172704577446,0.0061032167635858055,2.0124956130981446,0.0,0.0
423,0.02576285699272857,0.005747023641186602,2.0015833447961247,0.0,0.02632044218480587,0.006306847929954529,2.0013595104217528,0.0,0.0
424,0.025898893637692228,0.0059134775005719245,1.998541649650125,0.0,0.025867614895105362,0.0058458767831325534,2.002173900604248,0.0,0.0
425,0.025930538883104044,0.005981960635194007,1.9948578722336714,0.0,0.02687784917652607,0.006935136765241623,1.9942712783813477,0.0,0.0
426,0.025895653621238822,0.006021806258050834,1.987384789130267,0.0,0.02584490440785885,0.0059357439167797565,1.9909160614013672,0.0,0.0
427,0.02591231596820495,0.006027117316775462,1.9885198579115027,0.0,0.026225263625383376,0.006292930617928505,1.9932333946228027,0.0,0.0
428,0.025922273559605375,0.006028511479277821,1.9893762925091911,0.0,0.026873475313186644,0.006940230634063483,1.9933245420455932,0.0,0.0
429,0.025793474167585373,0.005896238747107632,1.9897235421573414,0.0,0.026059082150459288,0.006098897941410541,1.9960184335708617,0.0,0.0
430,0.026045734172358233,0.0061100226388696366,1.9935711902730606,0.0,0.02617766261100769,0.0061811055056750774,1.999655795097351,0.0,0.0
431,0.02630563178921447,0.00627424825421151,2.003138373879825,0.0,0.025673622265458107,0.005501918029040098,2.0171704292297363,0.0,0.0
432,0.026007496697061202,0.005871591185603072,2.0135906093260822,0.0,0.02562152370810509,0.0054894894361495975,2.013203477859497,0.0,0.0
433,0.02611953513148953,0.00603531944729826,2.0084215963588044,0.0,0.025959818065166472,0.005886020045727492,2.0073798418045046,0.0,0.0
434,0.025791475439772886,0.005804418394451632,1.9987057798049028,0.0,0.026123743131756784,0.006152826361358166,1.9970916986465455,0.0,0.0
435,0.025834532235475147,0.005926929003394702,1.9907603614470537,0.0,0.026932839676737784,0.0070328846573829654,1.989995551109314,0.0,0.0
436,0.02622034860884442,0.00627674932098564,1.9943599700927734,0.0,0.025842247158288957,0.005765922646969557,2.0076323986053466,0.0,0.0
437,0.025950253886335036,0.005876692559789209,2.0073561948888443,0.0,0.026151663064956664,0.006040244083851576,2.0111419200897216,0.0,0.0
438,0.025949526797322667,0.005968378308941336,1.9981148803935331,0.0,0.026034877821803092,0.0060547620989382265,1.998011589050293,0.0,0.0
439,0.025875573320423857,0.00592362683485536,1.9951946945751415,0.0,0.02552558444440365,0.00556900491937995,1.9956579446792602,0.0,0.0
440,0.025960726334768182,0.0060655791038537726,1.9895147365682266,0.0,0.02582878842949867,0.005843614414334297,1.9985175132751465,0.0,0.0
441,0.02606688702807707,0.006109549636569093,1.995733801056357,0.0,0.02664954625070095,0.006606949120759964,2.004259777069092,0.0,0.0
442,0.025797841741758233,0.005814016111852492,1.9983825893963085,0.0,0.026067392155528068,0.006072964798659086,1.9994427680969238,0.0,0.0
443,0.025909332339377963,0.005945503382998354,1.996382979785695,0.0,0.02600691616535187,0.005955252051353455,2.005166435241699,0.0,0.0
444,0.026100609889801812,0.0060751599478809275,2.0025450271718643,0.0,0.026217857375741005,0.006100156717002392,2.011770153045654,0.0,0.0
445,0.025909390519647038,0.005834048148244619,2.0075343005797444,0.0,0.025716958194971086,0.00565726263448596,2.0059696197509767,0.0,0.0
446,0.02607618042213075,0.00608957778005039,1.9986603260040283,0.0,0.02547266036272049,0.005467133596539497,2.0005526542663574,0.0,0.0
447,0.02582193582373507,0.005854497389758334,1.9967438964282764,0.0,0.02697279453277588,0.006971603352576494,2.0001190900802612,0.0,0.0
448,0.025807046386248925,0.005925996968632235,1.988104967509999,0.0,0.025768544152379037,0.005888385139405728,1.9880159139633178,0.0,0.0
449,0.026070939815219712,0.0061362817993058875,1.9934658373103422,0.0,0.026075048372149467,0.006010220199823379,2.0064829349517823,0.0,0.0
450,0.026128968771766212,0.006106709842296208,2.0022259249406704,0.0,0.026091601699590683,0.006043548788875341,2.0048053741455076,0.0,0.0
451,0.02590257871676894,0.005860027281896156,2.00425520363976,0.0,0.025982785597443582,0.005939422827214003,2.004336380958557,0.0,0.0
452,0.025871343472424674,0.005918809705797364,1.9952534367056454,0.0,0.02593001052737236,0.005964033119380474,1.9965977907180785,0.0,0.0
453,0.025918248931274694,0.005999908755149911,1.9918340795180376,0.0,0.026232506334781646,0.006265161372721195,1.9967345237731933,0.0,0.0
454,0.025918842786375212,0.0060357348171665385,1.9883108629899866,0.0,0.025577589124441146,0.005600979132577777,1.9976610898971559,0.0,0.0
455,0.025908852434333635,0.005964522359564024,1.9944330594118904,0.0,0.025728794932365417,0.005710691027343273,2.0018105030059816,0.0,0.0
456,0.025690038743264535,0.005676128161961541,2.0013911022859463,0.0,0.02649654559791088,0.006447523925453424,2.0049022436141968,0.0,0.0
457,0.025929313372163212,0.0059886146610712305,1.9940699128543629,0.0,0.025542498379945756,0.005568164121359587,1.9974335193634034,0.0,0.0
458,0.02623879613683504,0.00627856030512382,1.9960236409131218,0.0,0.02540956437587738,0.005362264858558774,2.004729986190796,0.0,0.0
459,0.02594941865433665,0.005960690925883896,1.9988727920195635,0.0,0.02659514546394348,0.006561428215354681,2.0033717155456543,0.0,0.0
460,0.02591387160560664,0.00591197598944692,2.0001896339304306,0.0,0.02562436945736408,0.005559027753770351,2.0065341711044313,0.0,0.0
461,0.025780571076799843,0.005813022856326664,1.9967548426459818,0.0,0.026104871928691865,0.006144685577601195,1.9960187435150147,0.0,0.0
462,0.026049711138886565,0.006091212114209638,1.9958499038920683,0.0,0.02566774971783161,0.005604487285017968,2.0063262701034548,0.0,0.0
463,0.026075298843138358,0.006104035193429273,1.997126396964578,0.0,0.025885358080267908,0.005854185204952955,2.003117299079895,0.0,0.0
464,0.025805684573510113,0.005808846449808162,1.9996838639764225,0.0,0.026299646869301797,0.006238353811204434,2.006129336357117,0.0,0.0
465,0.026054933119346115,0.00604161576313131,2.0013317711213054,0.0,0.026553799957036973,0.006410783063620329,2.0143017292022707,0.0,0.0
466,0.026023174143012834,0.0059083316146450885,2.011484314413632,0.0,0.026117566600441934,0.005923602636903525,2.0193964004516602,0.0,0.0
467,0.025799334925763747,0.005733825759414364,2.0065509711994842,0.0,0.025537868216633796,0.00550109501928091,2.0036772966384886,0.0,0.0
468,0.026024501113330618,0.006078279851114049,1.9946221814436071,0.0,0.025646943226456644,0.005678981635719537,1.996796178817749,0.0,0.0
469,0.02583297769374707,0.005927740623626639,1.9905237239949845,0.0,0.02598540484905243,0.006041898112744093,1.9943508148193358,0.0,0.0
470,0.02570393561002086,0.005825047929059057,1.98788882003111,0.0,0.025414253771305084,0.005509617179632187,1.9904637813568116,0.0,0.0
471,0.02581138306242578,0.0059848919182139285,1.9826491720536177,0.0,0.026768427714705466,0.006888876017183065,1.9879552125930786,0.0,0.0
472,0.025899383075097027,0.006081326535957701,1.981805682182312,0.0,0.025486420094966888,0.005562269967049361,1.9924151182174683,0.0,0.0
473,0.02576738815097248,0.0058992972926181905,1.986809120458715,0.0,0.026095975935459138,0.006146188173443079,1.9949788331985474,0.0,0.0
474,0.025500115445431543,0.005676007856998374,1.9824108306099386,0.0,0.025612271577119827,0.005781735759228468,1.9830535173416137,0.0,0.0
475,0.02573654888307347,0.006017932777895647,1.9718616639866549,0.0,0.026824596896767618,0.007033286802470684,1.9791310548782348,0.0,0.0
476,0.025776540860533714,0.0060401551206322275,1.9736386327182545,0.0,0.025895601511001586,0.0060325033962726595,1.9863098382949829,0.0,0.0
477,0.026035600177505436,0.006187165868194664,1.9848434784833122,0.0,0.025727834179997446,0.005755571648478508,1.997226309776306,0.0,0.0
478,0.02593477859216578,0.005989607943988898,1.9945170879364014,0.0,0.025642888993024825,0.0055731629952788355,2.006972646713257,0.0,0.0
479,0.025608029873932108,0.005689682548536974,1.9918347456875969,0.0,0.025700464099645614,0.005773327313363552,1.992713737487793,0.0,0.0
480,0.025795809705467784,0.005969389752649209,1.982642082607045,0.0,0.026125295832753182,0.0062696518376469616,1.9855644226074218,0.0,0.0
481,0.02602653895669124,0.0062267291359603405,1.9799809946733362,0.0,0.025311899557709693,0.005416969815269112,1.9894930124282837,0.0,0.0
482,0.02582611483247841,0.00589090002262417,1.9935215501224293,0.0,0.026081116870045662,0.006077203620225191,2.0003913402557374,0.0,0.0
483,0.02593273384606137,0.005997378817375968,1.9935355256585514,0.0,0.02618315666913986,0.006186890788376332,1.999626588821411,0.0,0.0
484,0.02566029887427302,0.005777609014116666,1.9882690555909102,0.0,0.02534877136349678,0.005445184465497732,1.9903587341308593,0.0,0.0
485,0.025867255733293647,0.006042829413405236,1.982442673514871,0.0,0.025656937435269356,0.005812925938516855,1.9844011545181275,0.0,0.0
486,0.025838343207450473,0.006074282176354352,1.976406132473665,0.0,0.025506168231368066,0.005677369423210621,1.9828799486160278,0.0,0.0
487,0.02558476324467098,0.0058045210590695635,1.978024258333094,0.0,0.026179160922765732,0.006384034361690283,1.9795127391815186,0.0,0.0
488,0.025922784253078347,0.00618871912250624,1.9734065743053661,0.0,0.02608194537460804,0.006239836942404509,1.9842109203338623,0.0,0.0
489,0.02561799162889228,0.005773013074170141,1.9844978977652157,0.0,0.025934253260493277,0.006050969287753105,1.988328456878662,0.0,0.0
490,0.025779786903192017,0.005931926836424014,1.984786033630371,0.0,0.02697702795267105,0.007088146172463894,1.9888882160186767,0.0,0.0
491,0.025662798982332733,0.0058461795013178795,1.9816619859022253,0.0,0.02538234293460846,0.005545200128108263,1.9837142705917359,0.0,0.0
492,0.025744777830208048,0.005961758057203363,1.9783020159777474,0.0,0.02588284872472286,0.0059768551029264925,1.9905994176864623,0.0,0.0
493,0.025701036457629764,0.005831852637450485,1.986918428364922,0.0,0.025328053161501884,0.00537542263045907,1.995263123512268,0.0,0.0
494,0.0259940562879338,0.006074695491834599,1.991936115657582,0.0,0.026025450229644774,0.0059592283330857755,2.006622242927551,0.0,0.0
495,0.025777217000722885,0.0058096862014602214,1.996753131642061,0.0,0.02673558294773102,0.0067317385226488115,2.000384545326233,0.0,0.0
496,0.025712237967287794,0.005820450509953148,1.989178783753339,0.0,0.0264551792293787,0.006525428034365177,1.9929752111434937,0.0,0.0
497,0.02577147851972019,0.005886855042156051,1.9884624340954948,0.0,0.025683007016777993,0.005767729692161083,1.9915278196334838,0.0,0.0
498,0.025998245705576503,0.006151052767082173,1.9847193746005787,0.0,0.025976033136248588,0.0060886586084961895,1.9887375116348267,0.0,0.0
499,0.02567626700243529,0.005897651755196207,1.9778615727144129,0.0,0.02581354007124901,0.005951665714383126,1.98618745803833,0.0,0.0
500,0.02569150081013932,0.005936368094647632,1.97551331800573,0.0,0.025647369027137757,0.00583163583651185,1.9815733671188354,0.0,0.0
501,0.02567791347117985,0.005918699700166197,1.9759214345146627,0.0,0.025405723601579666,0.005566634144634009,1.9839090347290038,0.0,0.0
502,0.02600374028963201,0.006187359528506503,1.9816381230073816,0.0,0.02620488665997982,0.006245435401797295,1.995945143699646,0.0,0.0
503,0.025832133586792386,0.005917928702033618,1.9914205635295195,0.0,0.026567071303725244,0.00652649886906147,2.0040573120117187,0.0,0.0
504,0.02579298330580487,0.005827266147688907,1.9965717722387875,0.0,0.026757655292749406,0.00671834871172905,2.0039307117462157,0.0,0.0
505,0.025896449080284906,0.00599457389291595,1.9901875608107622,0.0,0.026383108273148537,0.006406253390014172,1.9976855278015138,0.0,0.0
506,0.025850338970913607,0.005897302098353119,1.995303750038147,0.0,0.026101609319448472,0.00606495076790452,2.0036659479141234,0.0,0.0
507,0.025971538770724747,0.006028926821754259,1.9942612297394697,0.0,0.026017984375357628,0.0060085589997470375,2.0009425401687624,0.0,0.0
508,0.025816852007718646,0.005882664665798931,1.9934187496409697,0.0,0.02600559815764427,0.006053851265460253,1.9951747179031372,0.0,0.0
509,0.025500120375962818,0.005688023506937658,1.98120976896847,0.0,0.02562090754508972,0.005806275457143783,1.9814632415771485,0.0,0.0
510,0.02574443137821029,0.006024642683127347,1.97197888879215,0.0,0.025598173961043358,0.005799087416380644,1.9799087047576904,0.0,0.0
511,0.02586534126278232,0.006071727175046416,1.9793614429586075,0.0,0.025672420114278793,0.005691810045391321,1.9980610370635987,0.0,0.0
512,0.025594035930493298,0.005736463292337516,1.9857573228723862,0.0,0.02544938027858734,0.00556953102350235,1.9879849910736085,0.0,0.0
513,0.02530573111246614,0.005550438565585543,1.975529299062841,0.0,0.025645645335316658,0.0059050582349300385,1.9740587234497071,0.0,0.0
514,0.025504209320334828,0.005887472317280138,1.9616737365722656,0.0,0.02575506120920181,0.006063816603273153,1.9691244840621949,0.0,0.0
515,0.02570572791292387,0.00601038577802041,1.9695342709036434,0.0,0.025802778825163842,0.006032625725492835,1.9770153999328612,0.0,0.0
516,0.025687976028112805,0.005961391006541603,1.972658536013435,0.0,0.026045836880803107,0.006313491053879261,1.9732346296310426,0.0,0.0
517,0.025728917078060264,0.006107729695299093,1.9621188009486479,0.0,0.025855425745248795,0.006125195790082217,1.97302303314209,0.0,0.0
518,0.025673229795168426,0.006011598935241208,1.9661631233551924,0.0,0.026080815121531487,0.0063532177358865734,1.972759771347046,0.0,0.0
519,0.02563706018468913,0.0059723896522294075,1.966467071981991,0.0,0.02657841145992279,0.0067983981221914295,1.97800133228302,0.0,0.0
520,0.02591519013923757,0.006142025429974584,1.9773164917440975,0.0,0.025749732926487922,0.005874166544526815,1.9875566959381104,0.0,0.0
521,0.025613336111692822,0.005771155578686911,1.9842181205749512,0.0,0.02644992507994175,0.006526075210422278,1.9923850297927856,0.0,0.0
522,0.025642485631739393,0.0058456868590677485,1.9796799421310425,0.0,0.025802503898739816,0.005956470407545567,1.9846033573150634,0.0,0.0
523,0.02551682457766112,0.005779736593146534,1.973708854002111,0.0,0.02611367776989937,0.006317743472754956,1.9795934677124023,0.0,0.0
524,0.025787102168097216,0.006052627611686201,1.97344751217786,0.0,0.025941878184676172,0.006093457154929638,1.9848421812057495,0.0,0.0
525,0.025782395044670385,0.005969513700727154,1.9812882016686832,0.0,0.026545435562729834,0.006626148521900177,1.9919287443161011,0.0,0.0
526,0.0256473327822545,0.005827577045077787,1.981975611518411,0.0,0.02618696503341198,0.006373328622430563,1.9813636779785155,0.0,0.0
527,0.02574963856707601,0.005985240780693644,1.9764398055918075,0.0,0.025649699568748473,0.005721563473343849,1.9928136348724366,0.0,0.0
528,0.025402989348067957,0.0055938041221131295,1.9809185406740974,0.0,0.026710941269993783,0.0068983109667897224,1.9812630414962769,0.0,0.0
529,0.02582036594257635,0.006070596028995865,1.9749770444982193,0.0,0.026272831857204436,0.006414285209029913,1.985854721069336,0.0,0.0
530,0.025922438129782677,0.006118604557259995,1.9803834171856152,0.0,0.026149702444672584,0.006208822503685952,1.9940880060195922,0.0,0.0
531,0.02581690635313006,0.005895072895595256,1.9921833977979773,0.0,0.02597736716270447,0.005920035112649202,2.005733275413513,0.0,0.0
532,0.02587908331085654,0.005962626570287873,1.991645665729747,0.0,0.025978461280465125,0.005998060293495655,1.9980401277542115,0.0,0.0
533,0.025655928999185562,0.005718422478393596,1.993750719463124,0.0,0.025911588966846467,0.005969326198101044,1.994226336479187,0.0,0.0
534,0.025855019469471538,0.005999012959792334,1.9856006958905388,0.0,0.025835428014397623,0.005896185990422964,1.9939242601394653,0.0,0.0
535,0.025520281866192818,0.005738972028826966,1.9781310418072868,0.0,0.025479204207658767,0.005681075528264046,1.9798129558563233,0.0,0.0
536,0.025731046958004728,0.006009475793689489,1.9721571487538956,0.0,0.025612719357013702,0.0057583143003284935,1.9854405164718627,0.0,0.0
537,0.025362566003904623,0.005623036228558596,1.973953036700978,0.0,0.026533054187893867,0.0068132240325212475,1.9719830274581909,0.0,0.0
538,0.02581542478326489,0.00618047993082334,1.9634944971869974,0.0,0.02593540959060192,0.00614608246833086,1.978932762145996,0.0,0.0
539,0.025666120736037985,0.005882933489320909,1.9783187263152178,0.0,0.025897959619760512,0.005971065070480108,1.9926895141601562,0.0,0.0
540,0.02610982538146131,0.006229054045808666,1.9880771847332226,0.0,0.026341351866722106,0.006296428851783276,2.0044922828674316,0.0,0.0
541,0.025664332815829444,0.005737928673624992,1.9926404602387373,0.0,0.025329412519931795,0.005333923501893878,1.9995489358901977,0.0,0.0
542,0.025460195344160583,0.005574923885219237,1.9885271927889656,0.0,0.02616862244904041,0.006274561956524849,1.9894061088562012,0.0,0.0
543,0.02518589170101811,0.005444283898481552,1.9741608044680428,0.0,0.025769988447427748,0.005988992750644684,1.9780996322631836,0.0,0.0
544,0.02576921507716179,0.006056000478565693,1.9713214916341446,0.0,0.02546747587621212,0.005640063621103764,1.9827412843704224,0.0,0.0
545,0.025627676945398834,0.0058672820382258475,1.9760395148221184,0.0,0.026008810475468637,0.0061854619532823564,1.9823349237442016,0.0,0.0
546,0.02544003418263267,0.005768261137692367,1.967177384039935,0.0,0.02542068623006344,0.005710899643599987,1.9709786891937255,0.0,0.0
547,0.02545668842161403,0.005817477755686816,1.9639210911358105,0.0,0.025850879773497582,0.006169670727103949,1.9681209325790405,0.0,0.0
548,0.025532353778972346,0.005921118043582229,1.9611236277748556,0.0,0.026142160594463348,0.006463069748133421,1.9679091215133666,0.0,0.0
549,0.02578492495505249,0.0061357261284309276,1.9649199387606453,0.0,0.02564583346247673,0.005890223104506731,1.9755610704421998,0.0,0.0
550,0.02557040290797458,0.005903176360708826,1.9667226987726547,0.0,0.02582177594304085,0.006095052603632212,1.972672414779663,0.0,0.0
551,0.025613538811312002,0.005904420087223544,1.9709119235768038,0.0,0.025618276000022887,0.005766566749662161,1.9851709365844727,0.0,0.0
552,0.025590506217935505,0.005765758810893577,1.9824747969122494,0.0,0.025486407428979875,0.005531798303127289,1.9954609870910645,0.0,0.0
553,0.025455895482617265,0.005619250237941742,1.9836645547081442,0.0,0.024940883740782738,0.005081371543928981,1.9859512090682983,0.0,0.0
554,0.025608861709342283,0.0058587970869506106,1.975006524254294,0.0,0.026010661944746973,0.006212618574500084,1.9798043727874757,0.0,0.0
555,0.025676395853652674,0.005944504265618675,1.9731891786350924,0.0,0.0256321981549263,0.005819332413375377,1.981286597251892,0.0,0.0
556,0.025515862028388417,0.005781538592761054,1.973432414671954,0.0,0.02647109143435955,0.00669229943305254,1.977879238128662,0.0,0.0
557,0.025467782116988125,0.005818642456741894,1.9649140063454122,0.0,0.02639608159661293,0.006715048383921385,1.9681033849716187,0.0,0.0
558,0.025753627366879406,0.006121763411690207,1.9631864603827982,0.0,0.025219086930155753,0.005434198025614023,1.9784889459609984,0.0,0.0
559,0.025397881975068766,0.005717861137407667,1.9680020949419808,0.0,0.026056745275855064,0.006353471614420414,1.9703274726867677,0.0,0.0
560,0.025619325063684407,0.005984669469077797,1.9634655994527481,0.0,0.02519448585808277,0.005485411174595356,1.970907497406006,0.0,0.0
561,0.025667593430946854,0.006042897591696066,1.9624696128508623,0.0,0.025551524385809897,0.005865895003080368,1.9685629606246948,0.0,0.0
562,0.02555867821416434,0.005889528814484091,1.9669149833567001,0.0,0.025258558616042138,0.005495081655681133,1.9763477563858032,0.0,0.0
563,0.0254671751138042,0.005812177078469712,1.9654998709173763,0.0,0.026109544560313225,0.006404370721429587,1.9705174684524536,0.0,0.0
564,0.025298105004955742,0.005696792155504227,1.9601313015993904,0.0,0.025935610756278038,0.006270943116396666,1.9664667844772339,0.0,0.0
565,0.025496022447067147,0.0058990053229910485,1.9597017694922054,0.0,0.025185278803110122,0.0054645022377371785,1.9720776796340942,0.0,0.0
566,0.025826743420432594,0.0061516075340263985,1.9675136453965132,0.0,0.026308386772871017,0.006489540915936232,1.9818846464157105,0.0,0.0
567,0.025861076024525306,0.006026357877999544,1.9834718353608076,0.0,0.02537120133638382,0.005378138460218907,1.9993063449859618,0.0,0.0
568,0.02570647735367803,0.0057717825779143505,1.9934695257860071,0.0,0.025818188861012458,0.005809859279543162,2.000833010673523,0.0,0.0
569,0.025560213800738838,0.00569494000142988,1.98652744994444,0.0,0.025944904983043672,0.00606788657605648,1.987701916694641,0.0,0.0
570,0.025835778564214706,0.006056035814039847,1.977974344702328,0.0,0.025233901292085647,0.00536038838326931,1.9873513221740722,0.0,0.0
571,0.02567416659611113,0.00589177171316217,1.9782394942115336,0.0,0.026273338496685027,0.006433036923408508,1.9840301513671874,0.0,0.0
572,0.025357361444655585,0.005648477276896729,1.9708884603836958,0.0,0.02659817449748516,0.006873020250350237,1.9725155115127564,0.0,0.0
573,0.02527569289154866,0.005669585593483027,1.9606108104481417,0.0,0.02572682499885559,0.0061036170925945045,1.9623208522796631,0.0,0.0
574,0.025515603120712674,0.0060104011448428914,1.950520255986382,0.0,0.02587018460035324,0.006254285294562578,1.9615899562835692,0.0,0.0
575,0.025372226448620066,0.005763438776792849,1.9608787859187407,0.0,0.025516036525368692,0.0058119227178394794,1.9704113721847534,0.0,0.0
576,0.025325643227380866,0.005727886797531563,1.9597757073009716,0.0,0.025613485276699065,0.006021419540047646,1.9592066049575805,0.0,0.0
577,0.02554742279736435,0.00606561778113246,1.9481805773342358,0.0,0.02555791288614273,0.005966519098728895,1.9591394186019897,0.0,0.0
578,0.025422582512392718,0.005859631908071392,1.9562951256247127,0.0,0.02592269256711006,0.006274957861751318,1.9647735118865968,0.0,0.0
579,0.025743035928291434,0.006143223220372901,1.9599813222885132,0.0,0.026104405522346497,0.006371787842363119,1.973261785507202,0.0,0.0
580,0.025673022493720055,0.005936721367213656,1.9736301197725183,0.0,0.02541077584028244,0.005497571919113398,1.9913203954696654,0.0,0.0
581,0.025350943317308146,0.0055806040489936575,1.9770339937771069,0.0,0.025881308317184448,0.006095843762159348,1.9785464763641358,0.0,0.0
582,0.025534620727686322,0.005864990409463644,1.9669630527496338,0.0,0.02519042417407036,0.0054602958261966705,1.9730129003524781,0.0,0.0
583,0.025571489268366027,0.005913223523427458,1.9658266025431015,0.0,0.026388252899050713,0.006601649522781372,1.9786604166030883,0.0,0.0
584,0.02553685469662442,0.005808575051453184,1.9728280165616203,0.0,0.026483407989144326,0.006634820904582739,1.984858751296997,0.0,0.0
585,0.0252648117568563,0.005529856966698871,1.9734955324846155,0.0,0.025474201142787933,0.0057281085290014746,1.9746093034744263,0.0,0.0
586,0.025546865647330004,0.005839272566577967,1.9707593637354233,0.0,0.025479710102081297,0.005690294224768877,1.9789416790008545,0.0,0.0
587,0.025696959456100184,0.006022862377850448,1.9674097650191362,0.0,0.025597424060106278,0.005823887046426534,1.9773537158966064,0.0,0.0
588,0.025234046118224367,0.005507654784356847,1.972639196059283,0.0,0.026041161641478537,0.006269440334290266,1.9771721839904786,0.0,0.0
589,0.025281752952758002,0.0056702084839344025,1.9611545029808493,0.0,0.02568543367087841,0.0060610734857618805,1.962436056137085,0.0,0.0
590,0.02587718845290296,0.006284892175565748,1.9592296516194063,0.0,0.02544303722679615,0.005736309848725796,1.9706727504730224,0.0,0.0
591,0.02581401004949037,0.006075782810940462,1.9738227689967436,0.0,0.02607102058827877,0.006187042407691479,1.9883978843688965,0.0,0.0
592,0.02567042498027577,0.0058913078871281705,1.9779117458006914,0.0,0.02507335804402828,0.005193877685815096,1.9879481077194214,0.0,0.0
593,0.025481635047232404,0.005695246653083493,1.978638866368462,0.0,0.025559910014271735,0.005726018454879522,1.9833891630172729,0.0,0.0
594,0.025387421250343323,0.0056154321166960635,1.9771989513846004,0.0,0.026018450781702996,0.006206203438341618,1.9812247514724732,0.0,0.0
595,0.025327058399424833,0.005639459910419057,1.9687599154079662,0.0,0.02582310251891613,0.0061066077090799805,1.9716495752334595,0.0,0.0
596,0.025188472888925496,0.005592942456988727,1.9595531225204468,0.0,0.02657163590192795,0.006949121225625276,1.962251567840576,0.0,0.0
597,0.02550310970229261,0.00598743957850863,1.9515670257456161,0.0,0.02591973654925823,0.006325474847108126,1.959426259994507,0.0,0.0
598,0.025440536001149344,0.0058705962865668185,1.9569940146277933,0.0,0.025780826434493066,0.0061635544523596765,1.9617271661758422,0.0,0.0
599,0.025347782079787815,0.005837086889454547,1.951069572392632,0.0,0.025495085492730142,0.005905123986303806,1.9589962482452392,0.0,0.0
600,0.025736959979814643,0.006110181949813576,1.9626778294058407,0.0,0.025985633581876756,0.006212731916457414,1.9772902250289917,0.0,0.0
601,0.02573395980631604,0.006013781270560096,1.9720178842544556,0.0,0.02503727488219738,0.005181919690221548,1.9855355501174927,0.0,0.0
602,0.025331227108836174,0.005558982436709544,1.9772244972341202,0.0,0.025727596879005433,0.005872976873070002,1.9854620218276977,0.0,0.0
603,0.025445917292552835,0.005730866974986652,1.971505087964675,0.0,0.025555025786161423,0.005832781456410885,1.9722244262695312,0.0,0.0
604,0.025474217884680805,0.005853579571361051,1.9620639085769653,0.0,0.02550443895161152,0.005773732904344797,1.9730706930160522,0.0,0.0
605,0.025700547020224965,0.006032732479712542,1.9667814689524032,0.0,0.0269889909774065,0.007164915651082992,1.9824075937271117,0.0,0.0
606,0.025278871659846866,0.005521262612412958,1.975760957773994,0.0,0.025613969564437865,0.005825486686080694,1.9788483381271362,0.0,0.0
607,0.02548367760198958,0.005814632976098973,1.966904506963842,0.0,0.025825878605246544,0.006070627178996801,1.975525164604187,0.0,0.0
608,0.025345186757690766,0.005666884401922717,1.9678302582572489,0.0,0.02507166564464569,0.005372573249042034,1.9699092626571655,0.0,0.0
609,0.025296099264832103,0.00572600492331035,1.9570094697615679,0.0,0.02639319859445095,0.006777648441493511,1.961555051803589,0.0,0.0
610,0.02545265623313539,0.005905161228250055,1.9547495561487533,0.0,0.026070361211895942,0.006454809755086899,1.9615551233291626,0.0,0.0
611,0.025255249813199043,0.005702689646140617,1.955256041358499,0.0,0.02563284896314144,0.0060535038355737925,1.9579345703125,0.0,0.0
612,0.02556536511025008,0.005968790364396923,1.9596575147965376,0.0,0.025483701005578042,0.005680360551923514,1.9803340435028076,0.0,0.0
613,0.025546339943128472,0.005776479347225498,1.9769861347535078,0.0,0.025430356711149217,0.00558577124029398,1.9844585180282592,0.0,0.0
614,0.025476446923087624,0.005707510418313391,1.97689371249255,0.0,0.025256704539060593,0.005437250807881355,1.9819453954696655,0.0,0.0
615,0.025477218715583578,0.005790180417106432,1.968703873017255,0.0,0.02541518844664097,0.005711322277784347,1.9703866958618164,0.0,0.0
616,0.025533735861673075,0.005939840366516043,1.9593895884121166,0.0,0.025893335044384003,0.006217904947698116,1.9675430297851562,0.0,0.0
617,0.025477369808975386,0.005902323762283605,1.9575046511257397,0.0,0.025589092448353768,0.005925152264535427,1.966394066810608,0.0,0.0
618,0.02532231862492421,0.0056771486723685965,1.964517032398897,0.0,0.025539880618453026,0.00578038515523076,1.9759495258331299,0.0,0.0
619,0.025537489858620307,0.0058808271115755335,1.965666329159456,0.0,0.025379367545247077,0.00563219441100955,1.9747173309326171,0.0,0.0
620,0.025494207573287627,0.005837621496004217,1.9656586857403027,0.0,0.02609446831047535,0.006398859340697527,1.969560933113098,0.0,0.0
621,0.025404966381542823,0.005815759903806097,1.9589206962024464,0.0,0.02558232806622982,0.005913358181715012,1.9668970584869385,0.0,0.0
622,0.02549880469108329,0.0058706045862944685,1.9628200460882748,0.0,0.025387048721313477,0.0056482086889445785,1.9738840341567994,0.0,0.0
623,0.02541109437451643,0.005778020193033358,1.9633074297624475,0.0,0.02561011426150799,0.0059136047028005125,1.9696510076522826,0.0,0.0
624,0.025488159564488074,0.005878337960251991,1.9609821894589592,0.0,0.025872239843010902,0.006174568459391594,1.969767189025879,0.0,0.0
625,0.02562451724182157,0.005996769540669287,1.9627747956444235,0.0,0.025315408781170844,0.005552969314157963,1.9762440204620362,0.0,0.0
626,0.025249057394616744,0.005569267251035746,1.9679790454752304,0.0,0.025092151761054993,0.005301489448174834,1.979066300392151,0.0,0.0
627,0.025791254332836938,0.006015587433734361,1.977566775153665,0.0,0.02530735731124878,0.005400007218122482,1.9907350301742555,0.0,0.0
628,0.02545739447369295,0.005701880984227447,1.975551401867586,0.0,0.02564990222454071,0.005880595557391644,1.9769307136535645,0.0,0.0
629,0.02512085503515075,0.005469250273616875,1.9651605381685144,0.0,0.025546614453196524,0.005894681625068188,1.9651932954788207,0.0,0.0
630,0.025196707971832332,0.005686767782796831,1.9509940287646126,0.0,0.02581721618771553,0.006241585779935122,1.957563090324402,0.0,0.0
631,0.02523658490356277,0.005750385140452315,1.9486200178370756,0.0,0.025379915535449982,0.00577023969963193,1.9609675884246827,0.0,0.0
632,0.02568983834455995,0.0060886128202957265,1.9601225782843197,0.0,0.025036763027310373,0.005287707131356001,1.9749056100845337,0.0,0.0
633,0.02533771437318886,0.005682938047410811,1.9654776909772087,0.0,0.02570452503859997,0.005991397425532341,1.9713128089904786,0.0,0.0
634,0.02525409869849682,0.005694319904946229,1.9559779307421516,0.0,0.025982094556093217,0.00637640580534935,1.9605689287185668,0.0,0.0
635,0.02518566500614671,0.005639545482528561,1.9546119886286117,0.0,0.025966304168105126,0.006325738411396742,1.964056658744812,0.0,0.0
636,0.025615459636730308,0.006017908673076069,1.9597551472046797,0.0,0.025373861938714982,0.005606387741863728,1.976747465133667,0.0,0.0
637,0.025679900584851995,0.005921986118397292,1.9757914823644303,0.0,0.025312889739871024,0.005397170782089233,1.9915719747543335,0.0,0.0
638,0.025283293798565865,0.00548467124976656,1.9798622552086325,0.0,0.02467155419290066,0.004832940781489015,1.9838614225387574,0.0,0.0
639,0.025492955547045257,0.005773295100559206,1.9719660843119902,0.0,0.025516333431005477,0.005741216335445642,1.977511739730835,0.0,0.0
640,0.025390696766621926,0.005710810998125988,1.9679886172799503,0.0,0.025680626183748244,0.005910737533122301,1.9769889116287231,0.0,0.0
641,0.025125840130974266,0.0055248094996547,1.9601030910716337,0.0,0.025363976135849953,0.005704308860003948,1.965966796875,0.0,0.0
642,0.025445928577991092,0.005889513995498419,1.9556415431639727,0.0,0.025956285744905473,0.006269118096679449,1.968716812133789,0.0,0.0
643,0.025275510681026122,0.00572983649394968,1.954567453440498,0.0,0.02558167800307274,0.005942804459482432,1.963887357711792,0.0,0.0
644,0.025642088340485796,0.006105535937582745,1.9536552849937887,0.0,0.02531050592660904,0.0055971488822251555,1.9713357210159301,0.0,0.0
645,0.025406090980943513,0.005717625238877886,1.968846601598403,0.0,0.02609390579164028,0.006282643415033817,1.9811262845993043,0.0,0.0
646,0.025653929504401544,0.0059071696801658935,1.9746760410421036,0.0,0.025241261720657347,0.005355015676468611,1.988624596595764,0.0,0.0
647,0.025519154637175447,0.005717363181140493,1.9801791906356812,0.0,0.02551970034837723,0.005608249641954899,1.9911451578140258,0.0,0.0
648,0.025670260300531107,0.005820440073661944,1.9849820698008818,0.0,0.025959700345993042,0.006023847311735153,1.9935853481292725,0.0,0.0
649,0.025511831045150757,0.005677960840437342,1.9833870985928703,0.0,0.025479955971240996,0.005585442949086428,1.9894513368606568,0.0,0.0
650,0.025763336130801368,0.005922435728066108,1.984090061748729,0.0,0.02548869214951992,0.005476910481229424,2.0011782169342043,0.0,0.0
651,0.025401819935616327,0.0055157190243549205,1.9886101344052483,0.0,0.02563087232410908,0.005703883431851864,1.9926989555358887,0.0,0.0
652,0.02508781138150131,0.005359225742080633,1.9728585972505457,0.0,0.025368311256170274,0.005676719266921282,1.9691592454910278,0.0,0.0
653,0.025301996289807206,0.005779138629269951,1.9522857946508072,0.0,0.02586023658514023,0.0063054910860955715,1.955474615097046,0.0,0.0
654,0.025651108144837266,0.006145710399483933,1.9505398483837353,0.0,0.025804442167282105,0.006126155611127615,1.9678286790847779,0.0,0.0
655,0.025570903411682916,0.005861372495179667,1.9709530788309433,0.0,0.025570933893322944,0.005687708500772715,1.9883225917816163,0.0,0.0
656,0.02530889936229762,0.005559120518977151,1.9749779280494242,0.0,0.025441056489944457,0.005668223090469837,1.9772833824157714,0.0,0.0
657,0.02570136055788573,0.005977481466663235,1.9723879449507769,0.0,0.025973216444253922,0.00613798089325428,1.9835236310958861,0.0,0.0
658,0.025250850793193367,0.005526872735251398,1.972397860358743,0.0,0.0250565979629755,0.0052873346023261545,1.9769263744354248,0.0,0.0
659,0.025302695877411786,0.0056581190129851595,1.9644577012342566,0.0,0.025789972767233847,0.00608108239248395,1.9708890914916992,0.0,0.0
660,0.0251504937734674,0.005584025481606231,1.9566468701643103,0.0,0.025280427187681198,0.005703717470169067,1.9576710224151612,0.0,0.0
661,0.025691499824033064,0.006200165515217711,1.9491334873087265,0.0,0.025623004510998727,0.005951769556850195,1.9671235084533691,0.0,0.0
662,0.025439058156574473,0.0057903446037979684,1.9648713995428646,0.0,0.025359172746539115,0.005562069825828075,1.97971031665802,0.0,0.0
663,0.025196238694822088,0.005506833576980759,1.9689405665678137,0.0,0.025537753105163576,0.0057870842516422275,1.9750669240951537,0.0,0.0
664,0.025666167850003523,0.0059855935328146995,1.9680574781754439,0.0,0.02557581216096878,0.005796189419925213,1.977962327003479,0.0,0.0
665,0.02540693202001207,0.005704989054185503,1.970194367801442,0.0,0.025424030050635336,0.005674702348187566,1.974932861328125,0.0,0.0
666,0.025267306824817377,0.005651141133378534,1.9616166142856373,0.0,0.025168802961707114,0.00545378103852272,1.9715022325515748,0.0,0.0
667,0.025197049712433535,0.005608441280748914,1.9588608671637142,0.0,0.026057449728250505,0.006420103274285794,1.9637347221374513,0.0,0.0
668,0.02544521354138851,0.005855088396107449,1.9590125715031343,0.0,0.025782141461968423,0.006052958127111196,1.9729183673858643,0.0,0.0
669,0.025219658060985452,0.00552542252904352,1.9694236026090735,0.0,0.025450121611356735,0.0056690827943384646,1.9781039237976075,0.0,0.0
670,0.025338344823788193,0.0057169017929802925,1.9621443327735453,0.0,0.025828451663255692,0.006169239524751902,1.9659212350845336,0.0,0.0
671,0.0256875538650681,0.006066404940450893,1.9621149371652042,0.0,0.025092141702771187,0.005295814946293831,1.9796327590942382,0.0,0.0
672,0.025355091099353397,0.005640255150330418,1.971483686391045,0.0,0.026806363463401796,0.0070108437910676,1.9795520544052123,0.0,0.0
673,0.025343956973622826,0.005655996583621292,1.968796077896567,0.0,0.026292174682021142,0.006552003137767315,1.9740171909332276,0.0,0.0
674,0.02533653553794412,0.0056624485124998234,1.9674087271970861,0.0,0.02528088055551052,0.005543770082294941,1.9737110614776612,0.0,0.0
675,0.025320383555748883,0.0057277354302213476,1.9592648674460018,0.0,0.025874963402748107,0.00624266704544425,1.9632296800613402,0.0,0.0
676,0.02552000422249822,0.005920498604502748,1.959950559279498,0.0,0.025588126480579378,0.005833154357969761,1.9754972219467164,0.0,0.0
677,0.025685228297815603,0.005950788282515372,1.973444055108463,0.0,0.02565719820559025,0.00577371921390295,1.9883479595184326,0.0,0.0
678,0.025319590945454204,0.005512673626927768,1.980691811617683,0.0,0.025803936645388603,0.005949737131595611,1.985420036315918,0.0,0.0
679,0.025236209197079435,0.005498560200281003,1.9737649665159338,0.0,0.026375232636928557,0.006594420224428177,1.978081226348877,0.0,0.0
680,0.02537604739122531,0.005735038533149397,1.964100949904498,0.0,0.02587607577443123,0.006203433219343424,1.9672643184661864,0.0,0.0
681,0.025362723561770776,0.005762706647681839,1.9600017491508932,0.0,0.02521371766924858,0.005529481172561646,1.9684236764907836,0.0,0.0
682,0.02535919943714843,0.00572235178311958,1.9636848393608541,0.0,0.025338921695947647,0.005563731770962477,1.9775190114974976,0.0,0.0
683,0.025258805054952118,0.005557395161732155,1.9701410391751457,0.0,0.02541408911347389,0.005642219772562384,1.9771869659423829,0.0,0.0
684,0.025135982014677104,0.0055249687832068,1.9611013706992655,0.0,0.02573787420988083,0.00611343365162611,1.9624440670013428,0.0,0.0
685,0.025308078264488894,0.005814361550352152,1.9493716814938713,0.0,0.025812285766005517,0.006254563014954329,1.95577232837677,0.0,0.0
686,0.0254040078862625,0.005917339147452046,1.9486669372109806,0.0,0.02600026987493038,0.0063913344405591484,1.9608935594558716,0.0,0.0
687,0.025498182567603448,0.005964446730692597,1.9533736355164473,0.0,0.025631602108478545,0.005957906413823366,1.9673695802688598,0.0,0.0
688,0.025399687097353095,0.005690809037974652,1.9708878573249369,0.0,0.02550591342151165,0.005672336183488369,1.9833577632904054,0.0,0.0
689,0.02530008674982716,0.005562983151963528,1.973710396710564,0.0,0.025630073621869087,0.005870924610644579,1.9759149312973023,0.0,0.0
690,0.025334597948719475,0.005756208590944023,1.9578389700721293,0.0,0.026325329020619393,0.00668894536793232,1.9636384487152099,0.0,0.0
691,0.02528178637080333,0.005692739231402383,1.9589047712438248,0.0,0.025564517080783843,0.0058779515326023105,1.968656587600708,0.0,0.0
692,0.02526156823424732,0.005732914405491422,1.952865390216603,0.0,0.02547033168375492,0.005883617606014013,1.9586714506149292,0.0,0.0
693,0.02533445693552494,0.0058028047959155895,1.953165236641379,0.0,0.0256544753909111,0.006008091941475868,1.9646384000778199,0.0,0.0
694,0.02516160730053397,0.005660870852058425,1.9500736979877247,0.0,0.025226479023694993,0.005661274585872888,1.956520414352417,0.0,0.0
695,0.025520387269994792,0.005964229787316392,1.9556158220066744,0.0,0.024777624011039733,0.005009781150147319,1.976784348487854,0.0,0.0
696,0.02506671188508763,0.005447809283128556,1.9618903188144459,0.0,0.025392751023173333,0.005743190739303827,1.9649560928344727,0.0,0.0
697,0.025154474136583945,0.005640552132664358,1.9513922859640682,0.0,0.025344351679086684,0.005767908785492182,1.9576443195343018,0.0,0.0
698,0.025136683136224747,0.005701229250168099,1.943545432651744,0.0,0.025535160675644875,0.0060054980218410495,1.952966332435608,0.0,0.0
699,0.025443125625743586,0.005979776628972853,1.9463349370395435,0.0,0.025640318542718886,0.006041758880019188,1.9598560094833375,0.0,0.0
700,0.02507483893457581,0.005586982677307199,1.9487856416141285,0.0,0.025008673220872878,0.005440921895205975,1.9567752361297608,0.0,0.0
701,0.02553648885120364,0.006054808330886504,1.9481680463342106,0.0,0.026512594148516654,0.006834729760885239,1.9677865028381347,0.0,0.0
702,0.02535335872979725,0.005723789389080861,1.962956982500413,0.0,0.024953162297606468,0.005188381113111973,1.976478147506714,0.0,0.0
703,0.02531745394363123,0.005655472276403624,1.966198205947876,0.0,0.02523514851927757,0.00549486130475998,1.974028730392456,0.0,0.0
704,0.025343416368260104,0.00571421577649958,1.9629201117683859,0.0,0.025657287612557412,0.005920661054551602,1.9736626386642455,0.0,0.0
705,0.02524144618826754,0.005607595804202206,1.9633850840961231,0.0,0.025694337487220765,0.006044328212738037,1.9650009870529175,0.0,0.0
706,0.025228897328762448,0.005721318288980161,1.9507579733343685,0.0,0.025709966942667962,0.006217651907354594,1.9492316007614137,0.0,0.0
707,0.024987185045200234,0.005654722096069771,1.9332463110194487,0.0,0.02516973651945591,0.0057599334046244625,1.9409803390502929,0.0,0.0
708,0.025284961194676513,0.005949969074743635,1.933499245082631,0.0,0.024792656674981116,0.005307150539010763,1.9485507011413574,0.0,0.0
709,0.025424297789440435,0.0059267606257515796,1.9497537402545704,0.0,0.026856106519699097,0.007142330054193735,1.9713776350021361,0.0,0.0
710,0.025380784755243975,0.005761642584248501,1.9619142588447123,0.0,0.025618406757712365,0.005863157659769058,1.9755249500274659,0.0,0.0
711,0.025065195034531987,0.005444588331396089,1.9620607179753922,0.0,0.0259465366601944,0.006291276682168246,1.965526032447815,0.0,0.0
712,0.02528519325834863,0.005781995077781817,1.950319865170647,0.0,0.025426022335886957,0.005798996705561876,1.9627025842666626,0.0,0.0
713,0.025558329132549903,0.005956501508241191,1.9601828000124764,0.0,0.025164973735809327,0.005386518407613039,1.9778455257415772,0.0,0.0
714,0.025673715178580844,0.0059225564986905635,1.9751159163082348,0.0,0.025934160873293876,0.005995858088135719,1.9938303232192993,0.0,0.0
715,0.02527681365609169,0.005447926903691362,1.9828887126025032,0.0,0.024931706488132477,0.005100878793746233,1.9830828428268432,0.0,0.0
716,0.025180744555066612,0.005549808991525103,1.9630936033585493,0.0,0.025519955530762674,0.005851048603653907,1.9668906688690186,0.0,0.0
717,0.025423822924494743,0.005856702241170055,1.9567121267318726,0.0,0.026454494893550874,0.006757981609553099,1.9696513891220093,0.0,0.0
718,0.02522333568948157,0.0056335837580263615,1.9589752169216381,0.0,0.02547840103507042,0.005816925037652254,1.9661476135253906,0.0,0.0
719,0.02515210353714578,0.005643401021028266,1.9508702754974365,0.0,0.026188796386122704,0.006596437841653824,1.9592359066009521,0.0,0.0
720,0.025086251799674594,0.005634457585127915,1.9451794343836166,0.0,0.025181270390748977,0.005618086270987988,1.956318473815918,0.0,0.0
721,0.025092805571415844,0.005628258263801827,1.9464547704247868,0.0,0.02669384256005287,0.007166817598044872,1.952702522277832,0.0,0.0
722,0.025523042854140785,0.006087006507989238,1.9436036909327787,0.0,0.02520487494766712,0.005554062686860562,1.9650813102722169,0.0,0.0
723,0.02520555696066688,0.005591896883047679,1.9613660293466904,0.0,0.02583504132926464,0.006106231641024351,1.9728809118270874,0.0,0.0
724,0.025312386453151703,0.005716307307867443,1.9596079447690178,0.0,0.025667374953627586,0.0059567859396338465,1.971058988571167,0.0,0.0
725,0.025394941734917024,0.005796840825282475,1.959810130736407,0.0,0.025467175245285033,0.005735401716083288,1.973177433013916,0.0,0.0
726,0.024991139550419414,0.005371205152615029,1.9619934909483965,0.0,0.025836306065320967,0.0061933804303407666,1.964292621612549,0.0,0.0
727,0.024842446560368818,0.005402612910770318,1.9439834145938648,0.0,0.02537149041891098,0.00592220900580287,1.9449282169342041,0.0,0.0
728,0.025086000233012086,0.005766510004725526,1.9319490544936235,0.0,0.02537374198436737,0.005963773373514414,1.9409969329833985,0.0,0.0
729,0.025252043543493048,0.005885526537895203,1.9366517487694235,0.0,0.02518259435892105,0.005635354388505221,1.95472412109375,0.0,0.0
730,0.025530529372832355,0.006036649978555301,1.949387978104984,0.0,0.025685366615653037,0.0059954307973384855,1.9689936637878418,0.0,0.0
731,0.025263714768430767,0.005643807077670798,1.961990805233226,0.0,0.025410110130906105,0.005648821219801902,1.9761289834976197,0.0,0.0
732,0.02505742243545897,0.005488494602853761,1.956892826977898,0.0,0.025405316799879073,0.005832018330693245,1.9573298931121825,0.0,0.0
733,0.025157210691010252,0.005691592252868063,1.946561890489915,0.0,0.026160300150513648,0.006601140554994345,1.9559159755706788,0.0,0.0
734,0.025544024894342703,0.006024843958370826,1.9519181461895214,0.0,0.0257407296448946,0.006045603100210429,1.969512701034546,0.0,0.0
735,0.025100233362001532,0.005495501134325476,1.9604732779895557,0.0,0.02547737881541252,0.005836750194430351,1.9640629053115846,0.0,0.0
736,0.025455488439868477,0.0059564356034731165,1.9499053534339457,0.0,0.025353216752409934,0.005728663131594658,1.9624553680419923,0.0,0.0
737,0.024947569102925414,0.005365925101453767,1.9581644535064697,0.0,0.02591085284948349,0.0062720651738345625,1.9638787984848023,0.0,0.0
738,0.02519235255963662,0.005678240675479174,1.9514112332287956,0.0,0.02542887404561043,0.005855870712548494,1.9573003768920898,0.0,0.0
739,0.02505973255371346,0.005629126694710816,1.943060643532697,0.0,0.026091092079877854,0.006624506134539842,1.946658682823181,0.0,0.0
740,0.025310843306429246,0.005930031923686757,1.938081187360427,0.0,0.025432820618152618,0.005916108377277851,1.951671314239502,0.0,0.0
741,0.02582080925212187,0.006289563306114253,1.9531246002982645,0.0,0.025100890547037125,0.0053084357641637325,1.9792454957962036,0.0,0.0
742,0.02511834813391461,0.005349847542888978,1.9768500818925745,0.0,0.025421755388379097,0.005632616486400366,1.9789138793945313,0.0,0.0
743,0.025130024179816246,0.0055503047016613625,1.9579720286762012,0.0,0.026157907769083978,0.006567052099853754,1.9590856075286864,0.0,0.0
744,0.02518586628139019,0.005696800208705313,1.9489066530676449,0.0,0.02457081414759159,0.004986921325325966,1.9583893537521362,0.0,0.0
745,0.025047474157284286,0.005591413499239613,1.9456061054678524,0.0,0.02452862188220024,0.004985889699310064,1.9542732954025268,0.0,0.0
746,0.02534920974251102,0.005785579464453108,1.9563631029690014,0.0,0.025901007279753686,0.006181900203227997,1.971910834312439,0.0,0.0
747,0.025321232264532763,0.00571350465693018,1.9607728158726412,0.0,0.025531116500496866,0.005885718297213316,1.9645399093627929,0.0,0.0
748,0.024894671405062956,0.005434142288697117,1.9460529790205114,0.0,0.02582494616508484,0.00632857158780098,1.9496376276016236,0.0,0.0
749,0.025258659768630478,0.0058701313100755215,1.9388528922024895,0.0,0.026040026172995567,0.0065088274888694285,1.953119945526123,0.0,0.0
750,0.02527256857822923,0.005802539040279739,1.9470030069351196,0.0,0.025575761497020722,0.005926979426294565,1.964878249168396,0.0,0.0
751,0.024985874181284624,0.005435469861635391,1.9550404688891243,0.0,0.026100756227970125,0.006513033341616392,1.958772325515747,0.0,0.0
752,0.02498526476761874,0.005555625237962779,1.9429639928481157,0.0,0.025329453498125078,0.005837931390851736,1.9491522312164307,0.0,0.0
753,0.02510557170299923,0.005716912804500145,1.9388659351012285,0.0,0.025940164178609847,0.006505357380956411,1.943480658531189,0.0,0.0
754,0.025464467485161388,0.0060376412892604574,1.9426826729493982,0.0,0.025622398778796195,0.005993654485791922,1.962874460220337,0.0,0.0
755,0.02488438774119405,0.0053609033279559196,1.9523484426386215,0.0,0.025137488171458243,0.005584225431084633,1.9553263187408447,0.0,0.0
756,0.025021803729674396,0.005612258470672018,1.9409545519772697,0.0,0.024865886941552163,0.005439642397686839,1.9426245212554931,0.0,0.0
757,0.025544758557396775,0.006166783051893991,1.9377976305344526,0.0,0.025492139160633087,0.005906705930829048,1.9585433721542358,0.0,0.0
758,0.025216223233762908,0.005683058735859745,1.953316464143641,0.0,0.02506271004676819,0.005439396295696497,1.962331485748291,0.0,0.0
759,0.02531283173490973,0.005741465590236818,1.9571366450365852,0.0,0.02526245191693306,0.005589177832007408,1.9673274993896483,0.0,0.0
760,0.025181393193847993,0.005597769227974555,1.95836243909948,0.0,0.026264239102602005,0.006637268699705601,1.9626970767974854,0.0,0.0
761,0.025131632409551564,0.005607023944749552,1.952460899072535,0.0,0.024540334567427637,0.004916152544319629,1.962418270111084,0.0,0.0
762,0.02496536514338325,0.005506286589319215,1.945907894302817,0.0,0.025343680381774904,0.0058389225974679,1.9504757881164552,0.0,0.0
763,0.025603495209532624,0.006161819102571291,1.9441676560570211,0.0,0.02616792693734169,0.006515094824135303,1.9652832269668579,0.0,0.0
764,0.025176295462776634,0.005592069670777111,1.958422632778392,0.0,0.024938588961958885,0.005195405147969723,1.9743184089660644,0.0,0.0
765,0.024915740989586887,0.005319023504853249,1.9596718199112837,0.0,0.026097185909748077,0.006423624604940415,1.9673561334609986,0.0,0.0
766,0.025382665807709974,0.005830617731108385,1.9552048374624813,0.0,0.02484978511929512,0.005180723499506712,1.9669062137603759,0.0,0.0
767,0.02522989406305201,0.005684708491625155,1.9545185846440933,0.0,0.02505180425941944,0.00541296424344182,1.9638840436935425,0.0,0.0
768,0.02514584198155824,0.0056014358723426565,1.9544406918918384,0.0,0.025340165942907333,0.0057106039486825464,1.9629562377929688,0.0,0.0
769,0.025158438502865678,0.005703722263741142,1.9454716654384838,0.0,0.025584302470088006,0.0060637244954705235,1.9520578861236573,0.0,0.0
770,0.025283048258108252,0.005873160464141299,1.9409888141295488,0.0,0.024938564002513885,0.0054029193706810474,1.953564500808716,0.0,0.0
771,0.025333491866202915,0.0058645493186572015,1.9468942950753605,0.0,0.02607811614871025,0.006463906541466713,1.961421012878418,0.0,0.0
772,0.025116621133159187,0.00557271226802293,1.954390939544229,0.0,0.025721431896090507,0.006141706556081772,1.9579725742340088,0.0,0.0
773,0.02513923934277366,0.005691919914063285,1.9447319858214434,0.0,0.025626270100474358,0.006095919851213693,1.953035020828247,0.0,0.0
774,0.02514264633988633,0.005711226833655554,1.943142014391282,0.0,0.02487027682363987,0.005338846100494265,1.953143095970154,0.0,0.0
775,0.02493552754030508,0.005543981733567575,1.9391546249389648,0.0,0.02472934201359749,0.005315754422917962,1.9413588047027588,0.0,0.0
776,0.024899769683971125,0.005598914727349491,1.9300855328054989,0.0,0.02584037519991398,0.006484169140458107,1.935620665550232,0.0,0.0
777,0.024851504932431615,0.005600545966230771,1.9250959508559282,0.0,0.025706572085618974,0.006354886665940284,1.9351686716079712,0.0,0.0
778,0.02523163180140888,0.0059199066394392185,1.9311725602430456,0.0,0.02509494498372078,0.005569162033498287,1.9525783777236938,0.0,0.0
779,0.02526885095764609,0.005837452625307967,1.943139861611759,0.0,0.025168612971901892,0.005608822125941515,1.9559791326522826,0.0,0.0
780,0.025202533449320233,0.005742760292966576,1.9459773512447582,0.0,0.025739775970578194,0.006176276970654726,1.9563498735427856,0.0,0.0
781,0.02516240330741686,0.0056937572765438,1.9468646329991959,0.0,0.025294238328933717,0.00574953006580472,1.9544708490371705,0.0,0.0
782,0.024865897372364998,0.005440014250138227,1.9425884064506083,0.0,0.02504734359681606,0.0055184151977300646,1.9528928995132446,0.0,0.0
783,0.025205707396654523,0.005818583756027853,1.9387124005485983,0.0,0.025511764362454413,0.006007513217628002,1.9504251718521117,0.0,0.0
784,0.024963426348917624,0.00554486273733132,1.9418564473881441,0.0,0.02535770684480667,0.0058498156256973745,1.9507891893386842,0.0,0.0
785,0.025113168994293493,0.00577572755077306,1.933744192123413,0.0,0.026966283470392226,0.007568730320781469,1.939755368232727,0.0,0.0
786,0.025293196277583346,0.005979075863519136,1.9314120797549976,0.0,0.025199730694293977,0.005725824180990458,1.947390651702881,0.0,0.0
787,0.02540793949190308,0.005973019144114326,1.9434920759762035,0.0,0.02553165890276432,0.005929003749042749,1.960265564918518,0.0,0.0
788,0.02527898714384612,0.005701459286844029,1.957752830841962,0.0,0.025344304740428925,0.005651833675801754,1.9692471981048585,0.0,0.0
789,0.02516787389622015,0.005588255548740134,1.9579618748496561,0.0,0.025547578930854797,0.005835848674178123,1.971173071861267,0.0,0.0
790,0.02494861317031524,0.005409944145118489,1.9538669375812305,0.0,0.02587515152990818,0.006304282881319523,1.957086944580078,0.0,0.0
791,0.02499553857042509,0.005597203668645199,1.93983354287989,0.0,0.02520737759768963,0.005784994084388017,1.9422384023666381,0.0,0.0
792,0.025089908719939345,0.005773002446136054,1.9316906438154333,0.0,0.02510412484407425,0.00570599902421236,1.9398126363754273,0.0,0.0
793,0.024955732528777683,0.00566881793715498,1.9286914853488697,0.0,0.026083053275942802,0.00667183194309473,1.9411222457885742,0.0,0.0
794,0.02511394988088047,0.005739715059890467,1.9374235447715311,0.0,0.02520718574523926,0.0056650562211871145,1.9542130470275878,0.0,0.0
795,0.025287792415303344,0.005836751613327686,1.9451041712480432,0.0,0.025215644389390945,0.005615494027733803,1.9600150823593139,0.0,0.0
796,0.02523334017571281,0.005751547376241754,1.9481793501797844,0.0,0.024964407458901404,0.005352643877267837,1.9611763954162598,0.0,0.0
797,0.02477358204915243,0.005251929930904333,1.9521652319852043,0.0,0.025302456319332124,0.0057091954164206985,1.9593261241912843,0.0,0.0
798,0.025044352473581537,0.005595731603748658,1.9448621623656328,0.0,0.02500027380883694,0.005487285740673542,1.9512988328933716,0.0,0.0
799,0.024936979965252036,0.00554736254408079,1.9389618004069609,0.0,0.024831937998533248,0.005379014369100332,1.9452923774719237,0.0,0.0
800,0.024809014271287358,0.005527963423553635,1.9281051509520586,0.0,0.025733304768800737,0.006382918730378151,1.9350386381149292,0.0,0.0
801,0.02508810754208004,0.0058334803701761894,1.9254627788768095,0.0,0.025972091034054755,0.0065208845771849155,1.945120668411255,0.0,0.0
802,0.025172302608980852,0.00579580881030244,1.9376493692398071,0.0,0.02521558478474617,0.005655573029071092,1.9560011625289917,0.0,0.0
803,0.0251037983552498,0.005631245289217024,1.9472553730010986,0.0,0.026192134246230125,0.006627929769456387,1.9564204931259155,0.0,0.0
804,0.025044829639441827,0.005605139358736137,1.9439690603929407,0.0,0.024933452159166335,0.00544365905225277,1.9489794015884399,0.0,0.0
805,0.025202678187805062,0.005744203459471464,1.9458475323284374,0.0,0.025715719908475876,0.0060893152840435505,1.9626405000686646,0.0,0.0
806,0.024855962351841086,0.005406921537702575,1.9449041170232437,0.0,0.025154384970664977,0.005666860286146403,1.948752498626709,0.0,0.0
807,0.024933567708906007,0.005609841140754083,1.9323727032717537,0.0,0.02581741362810135,0.006421404704451561,1.939600944519043,0.0,0.0
808,0.025205957538941327,0.00592788023983731,1.927807793897741,0.0,0.02595084495842457,0.00654234616085887,1.9408498764038087,0.0,0.0
809,0.025146924835794112,0.0057402111261206515,1.9406714158899643,0.0,0.02501760944724083,0.005423921998590231,1.9593688011169434,0.0,0.0
810,0.025174048674457213,0.005673910984221627,1.9500138058381922,0.0,0.025637830048799513,0.006047365162521601,1.9590465068817138,0.0,0.0
811,0.02485948012155645,0.005427900071748916,1.943158044534571,0.0,0.026018335297703744,0.006515160668641329,1.9503175497055054,0.0,0.0
812,0.02523117622031885,0.005834412103628411,1.9396764530855066,0.0,0.025344284251332283,0.005806132685393095,1.9538151979446412,0.0,0.0
813,0.02530577066628372,0.005788979969699593,1.9516791105270386,0.0,0.024890566244721413,0.005226716492325067,1.9663850307464599,0.0,0.0
814,0.025134937180315748,0.00554557640434188,1.9589361302992876,0.0,0.024803945794701576,0.0051158781629055735,1.968806767463684,0.0,0.0
815,0.025311116567429376,0.005803336498930174,1.9507780565935022,0.0,0.025209639593958853,0.005642546992748976,1.9567093133926392,0.0,0.0
816,0.02522023657665533,0.005772940841886927,1.9447296016356523,0.0,0.024990545958280562,0.005425545200705528,1.9565001249313354,0.0,0.0
817,0.02500648347332197,0.005521677160526023,1.9484806621775907,0.0,0.024778987094759942,0.005185662116855383,1.959332537651062,0.0,0.0
818,0.025118219063562507,0.005640979801468989,1.9477239847183228,0.0,0.02556973695755005,0.006008682027459145,1.9561055183410645,0.0,0.0
819,0.025216461323639926,0.005767778794774238,1.944868298137889,0.0,0.025061631575226784,0.005498963128775358,1.9562669038772582,0.0,0.0
820,0.0249014046481427,0.0053937634288826405,1.950764165205114,0.0,0.024870427697896956,0.005263748904690146,1.960667896270752,0.0,0.0
821,0.025142699041787314,0.0056310691870749,1.9511630184510176,0.0,0.024584901705384254,0.004954826924949885,1.9630075693130493,0.0,0.0
822,0.025075638228479552,0.0055742305977379576,1.950140777756186,0.0,0.02544776163995266,0.005901992507278919,1.9545769691467285,0.0,0.0
823,0.025244865128222632,0.005797453087699764,1.944741263109095,0.0,0.025135275349020957,0.005525854043662548,1.9609420776367188,0.0,0.0
824,0.024856960948775795,0.00537743849460693,1.9479522985570572,0.0,0.025328828766942025,0.005778068862855435,1.955076026916504,0.0,0.0
825,0.025114669738446966,0.005680791924104971,1.9433878239463358,0.0,0.025348267704248428,0.005800980515778065,1.9547287225723267,0.0,0.0
826,0.02501366868176881,0.00561038708752569,1.940328233382281,0.0,0.02520071268081665,0.005721860844641924,1.9478852033615113,0.0,0.0
827,0.024953398415270972,0.005613784333143164,1.9339614615720861,0.0,0.025289663299918174,0.005842862837016583,1.9446800231933594,0.0,0.0
828,0.024901352713213247,0.005572828765520278,1.9328524575513952,0.0,0.025834720581769943,0.006409354321658611,1.94253671169281,0.0,0.0
829,0.025153174010269782,0.005828564712668166,1.9324609461952658,0.0,0.02530186325311661,0.005814006086438894,1.9487857580184937,0.0,0.0
830,0.02506253934081863,0.005664366050897276,1.9398173654780668,0.0,0.025863423198461532,0.006303162034600973,1.9560261249542237,0.0,0.0
831,0.024850535589982483,0.005429259884883375,1.9421276064480053,0.0,0.025298283994197847,0.0058775383047759535,1.9420745134353639,0.0,0.0
832,0.025306343155748704,0.005959524280008148,1.9346819274565752,0.0,0.025692304223775865,0.006176389381289482,1.9515915632247924,0.0,0.0
833,0.02496828105958069,0.005520296967862283,1.9447984485065235,0.0,0.025069475173950195,0.005506361648440361,1.956311321258545,0.0,0.0
834,0.02472398232887773,0.00533905195291428,1.9384930274065804,0.0,0.0253363162279129,0.0059420264326035975,1.9394290447235107,0.0,0.0
835,0.02490665248649962,0.0056442092720638305,1.9262443640652824,0.0,0.025292257219552992,0.005996882263571024,1.9295375347137451,0.0,0.0
836,0.025142958716434592,0.005823363659574705,1.931959586984971,0.0,0.02454078271985054,0.005011892225593328,1.9528891324996949,0.0,0.0
837,0.024977396077969494,0.005513760836466271,1.9463635683059692,0.0,0.025191360712051393,0.005578143708407879,1.9613217830657959,0.0,0.0
838,0.025031698977246004,0.005541366552386214,1.949033309431637,0.0,0.02565823383629322,0.0061266723088920115,1.9531561851501464,0.0,0.0
839,0.025054918492541593,0.00565898826564936,1.9395930837182438,0.0,0.024851491674780846,0.005384137760847807,1.9467353820800781,0.0,0.0
840,0.025155403377378687,0.005715768811676432,1.9439634996301987,0.0,0.02482489123940468,0.005231172125786543,1.9593719244003296,0.0,0.0
841,0.02515554997850867,0.005716827807619292,1.9438722904990702,0.0,0.02535376511514187,0.005871911719441414,1.9481853723526001,0.0,0.0
842,0.02511469241889084,0.005710672669331817,1.9404020099078907,0.0,0.025328346714377403,0.005791681632399559,1.9536665201187133,0.0,0.0
843,0.024851775125545615,0.00544352618539158,1.9408249574549057,0.0,0.024744600430130957,0.005282508768141269,1.9462091684341432,0.0,0.0
844,0.024930676007095504,0.00562674505636096,1.9303931348464067,0.0,0.024912204220891,0.005485006980597973,1.9427197933197022,0.0,0.0
845,0.025184522108996615,0.005755806670469397,1.942871612661025,0.0,0.025157440826296805,0.0055593645200133325,1.9598077058792114,0.0,0.0
846,0.02503825132461155,0.0056054944117717885,1.9432757391649134,0.0,0.02524065487086773,0.005751694552600384,1.9488960742950439,0.0,0.0
847,0.02478537883828668,0.005479012232492952,1.9306367425357593,0.0,0.02486617714166641,0.005531164444983005,1.9335012674331664,0.0,0.0
848,0.025078431977068678,0.0058399922050097405,1.9238440008724438,0.0,0.02563902214169502,0.0062105835415422915,1.9428438901901246,0.0,0.0
849,0.02495114045108066,0.005542923230677843,1.9408217598410213,0.0,0.02521636225283146,0.005673514679074287,1.9542847871780396,0.0,0.0
850,0.025010042549932703,0.00561242808094796,1.9397614843705122,0.0,0.025587185472249984,0.006122161075472832,1.9465025424957276,0.0,0.0
851,0.024831020437619266,0.005534899366252562,1.9296122018028707,0.0,0.02494998499751091,0.005595951434224844,1.9354033708572387,0.0,0.0
852,0.02504908775582033,0.005770712351316915,1.9278376032324398,0.0,0.025297896936535835,0.00588048119097948,1.94174165725708,0.0,0.0
853,0.025139612200505593,0.00581075664719238,1.9328855766969568,0.0,0.025440707802772522,0.005942479334771633,1.9498229265213012,0.0,0.0
854,0.025126543663003865,0.005639144301633625,1.9487399774439194,0.0,0.02516186460852623,0.0055340415798127655,1.9627824068069457,0.0,0.0
855,0.024865995873423183,0.005408486625289216,1.9457509447546566,0.0,0.024715638533234597,0.005198825802654028,1.9516813278198242,0.0,0.0
856,0.024872952633920836,0.005545667208292905,1.9327285780626184,0.0,0.024913324043154716,0.005527175683528185,1.9386149406433106,0.0,0.0
857,0.025114898405530873,0.00585177557214218,1.9263123273849487,0.0,0.02480517029762268,0.005361147038638592,1.944402313232422,0.0,0.0
858,0.02513633624595754,0.005761969834566116,1.937436678830315,0.0,0.0251331090927124,0.0056031071580946445,1.9530002117156982,0.0,0.0
859,0.02492226189111962,0.005483283524346703,1.9438978714101456,0.0,0.025093238428235055,0.005529100215062499,1.9564138889312743,0.0,0.0
860,0.02485948636689607,0.0054157854550901585,1.9443701295291675,0.0,0.024973393604159354,0.005446103820577264,1.9527290344238282,0.0,0.0
861,0.025005399852114564,0.0056464448845123544,1.9358955341226913,0.0,0.025249682366847992,0.005788937583565712,1.9460745573043823,0.0,0.0
862,0.02512344597455333,0.005737615721848081,1.9385830444448136,0.0,0.026190582662820816,0.006666836701333523,1.9523746490478515,0.0,0.0
863,0.02494565342717311,0.0055203800199224665,1.9425273712943583,0.0,0.024958652257919312,0.005450089043006301,1.9508563041687013,0.0,0.0
864,0.025155702277141458,0.005725690328023013,1.9430012141957003,0.0,0.02560347840189934,0.005996914859861135,1.9606564044952393,0.0,0.0
865,0.02481693829245427,0.0053473260691937275,1.9469612836837769,0.0,0.02480412870645523,0.005318830069154501,1.948529887199402,0.0,0.0
866,0.025229130926377633,0.005870181765845593,1.935894959113177,0.0,0.02650521919131279,0.006991740502417088,1.9513479471206665,0.0,0.0
867,0.02503946138655438,0.005574103253071799,1.9465358046924366,0.0,0.025330071896314622,0.005745792947709561,1.958427906036377,0.0,0.0
868,0.025101375711314818,0.005585023996365421,1.9516352204715504,0.0,0.025449052825570105,0.005908112600445747,1.9540940046310424,0.0,0.0
869,0.02488443792304572,0.005527737796964014,1.9356700532576616,0.0,0.02514812983572483,0.005801554955542088,1.9346575021743775,0.0,0.0
870,0.025023934376590392,0.0057557307676795655,1.9268203833523918,0.0,0.02540905624628067,0.005997626669704914,1.9411429643630982,0.0,0.0
871,0.02499862847959294,0.005646916435045355,1.9351712605532478,0.0,0.024951307103037834,0.0054861105978488926,1.9465197324752808,0.0,0.0
872,0.024870699928963885,0.0055020591244101524,1.936864130637225,0.0,0.02433958500623703,0.004961860552430153,1.9377724885940553,0.0,0.0
873,0.024962267345365358,0.005693593172027785,1.926867456997142,0.0,0.025039582699537277,0.005693477857857942,1.9346104621887208,0.0,0.0
874,0.025018079535049552,0.005716016077819993,1.9302064250497257,0.0,0.024783532693982126,0.00537289809435606,1.9410635709762574,0.0,0.0
875,0.02484441680066726,0.00557304740719059,1.9271370312746834,0.0,0.024724637717008592,0.005396426655352116,1.9328211545944214,0.0,0.0
876,0.024888054851223442,0.005657386527780224,1.9230668895384844,0.0,0.024560383707284927,0.005236307717859745,1.9324076652526856,0.0,0.0
877,0.025082763722714257,0.0057904357090592384,1.929232821745031,0.0,0.025323935225605963,0.005872707720845938,1.9451228380203247,0.0,0.0
878,0.025014458005042636,0.005648039390935618,1.9366419245215023,0.0,0.024778065085411072,0.005307709984481335,1.947035551071167,0.0,0.0
879,0.02483103040824918,0.005476522204630515,1.935450883472667,0.0,0.02553744800388813,0.006145644932985306,1.9391803741455078,0.0,0.0
880,0.02489553380976705,0.005616173367289936,1.9279360701056087,0.0,0.025064601004123686,0.005718549247831106,1.9346052646636962,0.0,0.0
881,0.024982765645665282,0.005672108628513182,1.9310657557319193,0.0,0.0249048188328743,0.005444986745715141,1.9459832668304444,0.0,0.0
882,0.024758676066994667,0.005415222854079569,1.9343453575583065,0.0,0.025195974484086038,0.005762720853090287,1.943325400352478,0.0,0.0
883,0.02495838581200908,0.005644142737283427,1.9314243442871992,0.0,0.025308261066675185,0.005909688491374254,1.939857268333435,0.0,0.0
884,0.024741149343111935,0.005467599312610486,1.927355072077583,0.0,0.02563927471637726,0.006307122018188238,1.933215355873108,0.0,0.0
885,0.024928669828702423,0.00572097537052982,1.9207694810979508,0.0,0.024653293937444688,0.005348219396546483,1.930507493019104,0.0,0.0
886,0.025153819800299758,0.005851270713131218,1.9302549292059505,0.0,0.024992264434695245,0.00550910560414195,1.948315930366516,0.0,0.0
887,0.025140863898045877,0.005657690905911081,1.948317338438595,0.0,0.024931447207927705,0.005276755150407553,1.9654692888259888,0.0,0.0
888,0.025082456495831993,0.00552676511271035,1.9555692181867712,0.0,0.025036659836769105,0.0054220988415181635,1.961456060409546,0.0,0.0
889,0.025146823157282436,0.005659701412214953,1.948712194667143,0.0,0.02514789216220379,0.005612019263207912,1.9535873413085938,0.0,0.0
890,0.024866802508340162,0.005438967224429636,1.9427835871191586,0.0,0.02486190162599087,0.005371402064338326,1.9490500688552856,0.0,0.0
891,0.024702999302569556,0.005360304487540442,1.9342695194132187,0.0,0.0249597180634737,0.005565162748098373,1.9394556283950806,0.0,0.0
892,0.024791502886835265,0.005521788508357371,1.9269714776207418,0.0,0.024690280109643935,0.005369318416342139,1.932096242904663,0.0,0.0
893,0.02475130755235167,0.005555714754497304,1.9195593244889204,0.0,0.024812540411949156,0.005547436513006687,1.9265104055404663,0.0,0.0
894,0.025020913385293064,0.005839642630342175,1.9181271230473238,0.0,0.02542910948395729,0.006109958980232477,1.9319150924682618,0.0,0.0
895,0.02478908615953782,0.0055402709335527,1.9248815774917603,0.0,0.024842994287610054,0.005485417693853379,1.9357577085494995,0.0,0.0
896,0.02487732141333468,0.005648035282159553,1.9229286838980282,0.0,0.024730120971798896,0.005430048517882824,1.930007314682007,0.0,0.0
897,0.024950578808784485,0.005669466274626115,1.9281113007489372,0.0,0.02547857500612736,0.0060554657131433485,1.9423109531402587,0.0,0.0
898,0.0249431996661074,0.005617259618114023,1.932594053885516,0.0,0.025454892963171005,0.006004450004547834,1.9450443506240844,0.0,0.0
899,0.02506122803863357,0.005729836822651765,1.933139162905076,0.0,0.025543981045484544,0.00610605338588357,1.9437927961349488,0.0,0.0
900,0.024677217116250712,0.005331353667904349,1.9345864127664005,0.0,0.024898479133844374,0.00547738466411829,1.9421095371246337,0.0,0.0
901,0.02494229080484194,0.005680253920967088,1.9262037417467903,0.0,0.025113510340452193,0.005755762849003076,1.9357748746871948,0.0,0.0
902,0.02466817233054077,0.005446847911704989,1.9221324850531185,0.0,0.025119851529598235,0.005799086950719357,1.9320764541625977,0.0,0.0
903,0.024899342152125695,0.005630414001643658,1.926892876625061,0.0,0.02462729662656784,0.005170910619199276,1.9456387042999268,0.0,0.0
904,0.025049243998878142,0.0056805914980085455,1.9368652876685648,0.0,0.025664076581597327,0.006141417473554611,1.952266001701355,0.0,0.0
905,0.024851811501909706,0.005387941539725836,1.9463870314990772,0.0,0.024779771268367768,0.005219772085547447,1.9559999465942384,0.0,0.0
906,0.02506156452000141,0.005646287929266691,1.9415277242660522,0.0,0.02518297769129276,0.005707271676510572,1.9475706338882446,0.0,0.0
907,0.024700442876885918,0.005372538669582675,1.9327904617085176,0.0,0.02486965209245682,0.005500841466709971,1.9368811130523682,0.0,0.0
908,0.024844426113893005,0.005641095723737688,1.9203330488765942,0.0,0.02523829974234104,0.005947161093354225,1.9291139602661134,0.0,0.0
909,0.024870728745180017,0.005650486194473856,1.9220242921043844,0.0,0.02594545967876911,0.006581556610763073,1.9363903045654296,0.0,0.0
910,0.025055372320553836,0.0057681203162407175,1.928725235602435,0.0,0.024605508148670196,0.005134193040430546,1.9471315145492554,0.0,0.0
911,0.0250979654271813,0.005688967731069116,1.9408998699749218,0.0,0.02504643499851227,0.0055446714162826535,1.9501763820648192,0.0,0.0
912,0.024915513418176594,0.005543995895149077,1.937151782652911,0.0,0.02555689439177513,0.0061286138370633125,1.942828106880188,0.0,0.0
913,0.02514609650653951,0.00582654368789757,1.9319553234997917,0.0,0.02484210431575775,0.005378396436572075,1.946370792388916,0.0,0.0
914,0.02506633913692306,0.005633246126201223,1.9433093070983887,0.0,0.02510555721819401,0.005522743426263332,1.958281445503235,0.0,0.0
915,0.02472665467683007,0.0053241854423985765,1.9402469677083634,0.0,0.024702001735568045,0.005300609022378921,1.9401392936706543,0.0,0.0
916,0.024654632324681562,0.005395967759849394,1.9258664706174065,0.0,0.024936532601714134,0.0055862991604954,1.9350234270095825,0.0,0.0
917,0.02472411479581805,0.005479874965899131,1.9244240101645975,0.0,0.02623570300638676,0.00693761482834816,1.9298089027404786,0.0,0.0
918,0.024764433831853026,0.005588917582131484,1.9175516787697287,0.0,0.025085657089948653,0.005780953262001276,1.9304704904556274,0.0,0.0
919,0.024692471851320827,0.005494813325212282,1.9197659352246452,0.0,0.025019583106040955,0.005759754311293363,1.9259828805923462,0.0,0.0
920,0.025136259658371702,0.005917917197460637,1.9218342654845293,0.0,0.024881020933389664,0.005473196413367987,1.9407825469970703,0.0,0.0
921,0.024968977250597057,0.005693219656891683,1.9275758266448975,0.0,0.025650925934314728,0.00622646389529109,1.9424462795257569,0.0,0.0
922,0.024605367223129553,0.005242946448133272,1.9362421666874605,0.0,0.025041448697447777,0.005633604247123003,1.940784502029419,0.0,0.0
923,0.024551626404418665,0.005363885066745912,1.918774177046383,0.0,0.02471870556473732,0.005535370297729969,1.9183335542678832,0.0,0.0
924,0.02471723034977913,0.005662365186521236,1.905486590722028,0.0,0.0249867033213377,0.00586268724873662,1.9124016284942627,0.0,0.0
925,0.024795568164657143,0.005727326278300846,1.9068242311477661,0.0,0.02484431564807892,0.005576981231570244,1.9267334461212158,0.0,0.0
926,0.024631486767355132,0.005480226375820006,1.9151260993059944,0.0,0.024948734045028686,0.005639471486210823,1.930926299095154,0.0,0.0
927,0.024830484543653095,0.0056722717469229415,1.9158213278826546,0.0,0.025052275508642197,0.005727308709174395,1.9324967861175537,0.0,0.0
928,0.024756161934312654,0.005533908466425012,1.922225412200479,0.0,0.024627101421356202,0.00524761425331235,1.9379488229751587,0.0,0.0
929,0.024539033608401522,0.0053524068173240215,1.9186627023360308,0.0,0.025013381987810133,0.005775314196944237,1.9238068103790282,0.0,0.0
930,0.02477976307272911,0.005630475633284625,1.9149287798825432,0.0,0.02564605064690113,0.006399505957961083,1.9246545076370238,0.0,0.0
931,0.02495254795340931,0.005830956321647938,1.912159197470721,0.0,0.025149297341704367,0.005891382042318582,1.925791573524475,0.0,0.0
932,0.024827092009432176,0.005674800369888544,1.9152292293660782,0.0,0.025718072056770326,0.006379243545234203,1.9338828802108765,0.0,0.0
933,0.024706377264331367,0.0054468691129894815,1.925950849757475,0.0,0.025511229783296584,0.006141193490475416,1.9370036840438842,0.0,0.0
934,0.02479940203621107,0.0055918785852982714,1.9207523780710556,0.0,0.025124860927462578,0.00576481856405735,1.9360043287277222,0.0,0.0
935,0.025034699698581415,0.005726768416078652,1.93079314512365,0.0,0.024473471194505693,0.004934172751381994,1.9539299011230469,0.0,0.0
936,0.024686815545839423,0.0052656070329248905,1.9421209237154793,0.0,0.025116965919733048,0.0056099179200828075,1.9507047891616822,0.0,0.0
937,0.024693600176011816,0.005402268211850349,1.9291332679636337,0.0,0.024456749856472015,0.0051544588059186935,1.9302290678024292,0.0,0.0
938,0.02437030469231746,0.00520417039446971,1.9166134665994083,0.0,0.025726881250739096,0.00650218753144145,1.922469425201416,0.0,0.0
939,0.02473756090244826,0.005683410885360311,1.9054150511236752,0.0,0.02532455436885357,0.006112844590097666,1.921170997619629,0.0,0.0
940,0.025222155539428488,0.006018673261517987,1.9203482585794784,0.0,0.024506521597504615,0.0051144233904778956,1.9392098903656005,0.0,0.0
941,0.02456938519197352,0.005296320654451847,1.9273064907859354,0.0,0.02581953480839729,0.006453504227101803,1.93660306930542,0.0,0.0
942,0.025144227725618026,0.005929495673626661,1.9214732156080359,0.0,0.024769380688667297,0.005403192806988954,1.9366188526153565,0.0,0.0
943,0.024893137461998883,0.00559136553612702,1.9301772398107193,0.0,0.025912807509303092,0.006430093850940466,1.9482714176177978,0.0,0.0
944,0.024783185080570334,0.005424444180201082,1.935874160598306,0.0,0.025114486739039422,0.0056913050822913645,1.9423182487487793,0.0,0.0
945,0.02481588666491649,0.005508925902711994,1.9306961087619556,0.0,0.02488946430385113,0.0055128118023276326,1.9376652717590332,0.0,0.0
946,0.024891861330936935,0.005650040036176934,1.9241821555530323,0.0,0.025354453548789024,0.006053286511451006,1.9301167488098145,0.0,0.0
947,0.02509914886425523,0.005858389277230291,1.9240760242237764,0.0,0.024934395775198938,0.005509180389344693,1.942521595954895,0.0,0.0
948,0.02476680202080923,0.005397021113073125,1.9369781578288359,0.0,0.02507622614502907,0.005633026547729969,1.9443200349807739,0.0,0.0
949,0.02491486434112577,0.005531689672566512,1.9383174882215612,0.0,0.02457043416798115,0.005052810395136475,1.9517624139785767,0.0,0.0
950,0.02500165341531529,0.005543958888772656,1.9457694853053373,0.0,0.02529066354036331,0.00569607550278306,1.959458875656128,0.0,0.0
951,0.02477742260431542,0.005364557152942699,1.9412865989348467,0.0,0.025734368711709976,0.006302596721798182,1.9431772470474242,0.0,0.0
952,0.024488247602301484,0.005226479459773092,1.926176856545841,0.0,0.024993936344981194,0.005737213976681232,1.9256723165512084,0.0,0.0
953,0.02455996908247471,0.005545144489801982,1.9014825330061071,0.0,0.0249630194157362,0.005906169302761555,1.9056850910186767,0.0,0.0
954,0.02451367720085032,0.00555929692242952,1.8954380680533016,0.0,0.024807541444897652,0.0056944314390420915,1.9113110065460206,0.0,0.0
955,0.024969143573852146,0.005855223821366534,1.911392008557039,0.0,0.02463449239730835,0.005291788000613451,1.9342705011367798,0.0,0.0
956,0.024791718844105217,0.005498891422415481,1.929282784461975,0.0,0.02537383921444416,0.005940719600766897,1.9433120489120483,0.0,0.0
957,0.024673549129682427,0.005359014633166439,1.9314535155015833,0.0,0.024689025431871413,0.005347528867423535,1.934149694442749,0.0,0.0
958,0.02481705673477229,0.005631791290772312,1.9185265793519861,0.0,0.02494814544916153,0.005690941028296948,1.925720477104187,0.0,0.0
959,0.02488753670716987,0.00570281151243869,1.918472591568442,0.0,0.024816473945975304,0.005489172041416168,1.93273024559021,0.0,0.0
960,0.024698644547778016,0.005444422994247254,1.9254221846075619,0.0,0.024899743124842645,0.005521584395319223,1.9378158569335937,0.0,0.0
961,0.024757470826015752,0.005536182893111426,1.922128859688254,0.0,0.025001177191734315,0.005689975619316101,1.9311201572418213,0.0,0.0
962,0.02480544533361407,0.005580048652037102,1.9225396969739128,0.0,0.024771227315068246,0.005440355464816094,1.933087205886841,0.0,0.0
963,0.024844323668409798,0.005642472519813215,1.9201851872836841,0.0,0.02555137313902378,0.0062529826536774635,1.9298391103744508,0.0,0.0
964,0.02455247434623101,0.0053461152128875256,1.9206359947428984,0.0,0.024915684759616853,0.005614371877163649,1.9301313638687134,0.0,0.0
965,0.024592597475823236,0.005464950110763311,1.9127647876739502,0.0,0.024932798370718955,0.00574551410973072,1.918728494644165,0.0,0.0
966,0.024787723689394837,0.005716968026450451,1.9070756365271175,0.0,0.024758511409163474,0.005544239282608032,1.9214272260665894,0.0,0.0
967,0.02479207712937804,0.005665570387945455,1.9126507184084724,0.0,0.02569214776158333,0.006401224900037051,1.9290923357009888,0.0,0.0
968,0.02481081851703279,0.005533442229909056,1.9277376707862406,0.0,0.02482670806348324,0.00535601144656539,1.9470696926116944,0.0,0.0
969,0.024613975382903042,0.005264073254211861,1.9349902517655317,0.0,0.02556173801422119,0.0061340522021055225,1.9427686214447022,0.0,0.0
970,0.024837511865531698,0.005527467932552099,1.9310044541078455,0.0,0.02526481933891773,0.005862797517329455,1.940202236175537,0.0,0.0
971,0.024722470518420723,0.0054972218349576,1.9225248939850752,0.0,0.025134320929646493,0.005798635073006153,1.9335685968399048,0.0,0.0
972,0.02456013672053814,0.0053436967872959725,1.921644035507651,0.0,0.0262997604906559,0.006988690327852964,1.9311070919036866,0.0,0.0
973,0.02465381725307773,0.005515373366720536,1.913844445172478,0.0,0.024758295342326164,0.005523326434195041,1.92349693775177,0.0,0.0
974,0.024499399477944654,0.00542090688010349,1.907849304816302,0.0,0.025034169480204583,0.005886879563331604,1.9147290229797362,0.0,0.0
975,0.024877543944646332,0.005758332061197828,1.9119212417041553,0.0,0.024988631159067153,0.005656899604946375,1.9331732273101807,0.0,0.0
976,0.02491116107386701,0.005634363494156038,1.927679791170008,0.0,0.024993224069476128,0.005583286378532648,1.9409938335418702,0.0,0.0
977,0.024845208753557765,0.00555408704916344,1.9291122170055615,0.0,0.02534205950796604,0.005965966545045376,1.9376094102859498,0.0,0.0
978,0.02446802256300169,0.005223415928947575,1.9244606915642233,0.0,0.024844571575522424,0.00558757008984685,1.9257002115249633,0.0,0.0
979,0.024693889433846754,0.005586967502227601,1.9106922360027538,0.0,0.02515948414802551,0.00596424238756299,1.9195242404937745,0.0,0.0
980,0.024841021417694932,0.005751449532587738,1.9089572429656982,0.0,0.025426701456308366,0.00616400120779872,1.92627010345459,0.0,0.0
981,0.02453421034357127,0.005344643586260431,1.91895671451793,0.0,0.02540905848145485,0.006090866588056088,1.931819200515747,0.0,0.0
982,0.024977714042453206,0.005755975102896199,1.9221739488489487,0.0,0.024626141786575316,0.0052482836414128545,1.9377858877182006,0.0,0.0
983,0.0248793083078721,0.005534817053772071,1.9344491608002607,0.0,0.024676278233528137,0.005236500920727849,1.9439778089523316,0.0,0.0
984,0.02471515119952314,0.0054405008113997825,1.9274650601779713,0.0,0.02428380437195301,0.00493687461130321,1.9346929788589478,0.0,0.0
985,0.02460621899979956,0.005333204644129556,1.9273014839957743,0.0,0.025467752292752267,0.006091016624122858,1.937673568725586,0.0,0.0
986,0.024654389852110076,0.005380522870623013,1.927386767723981,0.0,0.024511688202619553,0.005141564738005399,1.9370123863220214,0.0,0.0
987,0.024568538784104234,0.005387345465886242,1.9181193814558142,0.0,0.025110637396574022,0.005919298250228166,1.919133973121643,0.0,0.0
988,0.02466474659740925,0.005561687380951994,1.9103059137568754,0.0,0.025229675322771074,0.005998411541804671,1.9231264114379882,0.0,0.0
989,0.02465851473457673,0.005557137048419784,1.9101378006093643,0.0,0.024244942516088486,0.005023957323282957,1.9220986366271973,0.0,0.0
990,0.0247451705748544,0.005619627998813111,1.912554334191715,0.0,0.02473939135670662,0.005470302794128657,1.9269089221954345,0.0,0.0
991,0.025018473758417016,0.005785317187580992,1.923315721399644,0.0,0.0244289580732584,0.004989064810797572,1.9439893960952759,0.0,0.0
992,0.024915425654719856,0.00549298371462261,1.9422442632562973,0.0,0.02491721771657467,0.005360491992905736,1.955672597885132,0.0,0.0
993,0.02456048656912411,0.005135454840081579,1.9425032279070686,0.0,0.024385780096054077,0.004959519347175955,1.942626142501831,0.0,0.0
994,0.02449902771588634,0.00532019735478303,1.917883087606991,0.0,0.024974603578448294,0.0057665430009365085,1.9208061456680299,0.0,0.0
995,0.024530116687802708,0.0054703122278785005,1.905980530907126,0.0,0.024691534414887428,0.005538526177406311,1.9153008699417113,0.0,0.0
996,0.024736658834359226,0.005636877928148298,1.9099781583337223,0.0,0.024865953624248503,0.005599784292280674,1.9266170024871827,0.0,0.0
997,0.02443342491546098,0.0052701412042712465,1.91632842316347,0.0,0.02453131377696991,0.00532193286344409,1.9209380865097045,0.0,0.0
998,0.02463009361835087,0.0055000145700486265,1.913007932550767,0.0,0.02398451752960682,0.004717610590159893,1.9266907691955566,0.0,0.0
999,0.024910892195561352,0.005667069474892581,1.9243823149624992,0.0,0.02497219741344452,0.00555981807410717,1.9412379741668702,0.0,0.0
1000,0.024888180744122055,0.005520278807072078,1.9367902278900146,0.0,0.024543311446905136,0.005094864964485168,1.9448447227478027,0.0,0.0
1001,0.024989210178746897,0.0056291380897164345,1.9360072332270004,0.0,0.024733348935842513,0.005217195954173803,1.9516153812408448,0.0,0.0
1002,0.024792484719963634,0.005414470646749525,1.937801438219407,0.0,0.02448013462126255,0.005049782479181886,1.9430352449417114,0.0,0.0
1003,0.024489605908884722,0.0052289197714451485,1.9260686916463516,0.0,0.02498766966164112,0.005682299099862576,1.9305371522903443,0.0,0.0
1004,0.0246609583058778,0.005515499369186514,1.91454596379224,0.0,0.024238011613488198,0.004964175820350647,1.9273836135864257,0.0,0.0
1005,0.024605643113746363,0.0054471952128498,1.9158448191250073,0.0,0.024000433832407,0.004737230995669961,1.9263203859329223,0.0,0.0
1006,0.02475144900381565,0.005591655095272204,1.9159794344621546,0.0,0.025120191276073456,0.005843504704535008,1.9276687145233153,0.0,0.0
1007,0.024785857538090032,0.005599978845566511,1.9185879160376156,0.0,0.02506510019302368,0.0057643789798021315,1.9300722122192382,0.0,0.0
1008,0.024695882683291155,0.005502051180776428,1.9193832032820757,0.0,0.02578904516994953,0.0064792785793542865,1.930976676940918,0.0,0.0
1009,0.0243696038994719,0.005244055625927799,1.9125548671273624,0.0,0.025399108603596687,0.0062403280287981035,1.9158781051635743,0.0,0.0
1010,0.024683439008453312,0.005618200582616469,1.906523865811965,0.0,0.024803918600082398,0.005608762241899967,1.9195156812667846,0.0,0.0
1011,0.024637785356710937,0.005576451719902894,1.906133448376375,0.0,0.02408519573509693,0.0049370208755135534,1.914817452430725,0.0,0.0
1012,0.024763888405526385,0.005646697108579033,1.9117191328721888,0.0,0.025262124091386794,0.0060015680268406865,1.9260555982589722,0.0,0.0
1013,0.024564631502417958,0.005487229757230072,1.9077402002671187,0.0,0.025207015872001647,0.006114274822175502,1.90927414894104,0.0,0.0
1014,0.0245817128349753,0.005540662582087166,1.9041050812777351,0.0,0.024864327907562257,0.005687747709453106,1.917658019065857,0.0,0.0
1015,0.024437919149503988,0.0053549687761594265,1.9082951054853552,0.0,0.024314486980438234,0.0051418296992778775,1.9172657489776612,0.0,0.0
1016,0.024724859634743017,0.005638204076710869,1.9086655658834122,0.0,0.0255608256906271,0.006313756387680769,1.924707007408142,0.0,0.0
1017,0.024704328135532493,0.005543466301306206,1.9160862319609697,0.0,0.02517225742340088,0.005901024490594864,1.9271233320236205,0.0,0.0
1018,0.024233374306384253,0.005103842684013002,1.912953208474552,0.0,0.024208595603704454,0.005055703967809677,1.9152892112731934,0.0,0.0
1019,0.024673704277066624,0.005658375784097349,1.901532902437098,0.0,0.025128059089183807,0.006019351631402969,1.9108707189559937,0.0,0.0
1020,0.024674372747540474,0.0056348019279539585,1.9039571355370914,0.0,0.024580544978380203,0.00540674664080143,1.917379879951477,0.0,0.0
1021,0.024611501242308056,0.0054639966007979475,1.9147504988838644,0.0,0.024598674848675728,0.005310977995395661,1.9287696838378907,0.0,0.0
1022,0.02466745751307291,0.005536634255858029,1.9130823962828691,0.0,0.02547285258769989,0.006245908234268427,1.922694492340088,0.0,0.0
1023,0.02491186504416606,0.005732568063061027,1.9179297405130722,0.0,0.025020761787891387,0.005688625946640968,1.9332136392593384,0.0,0.0
1024,0.02473032343036988,0.005461346960681326,1.9268976660335766,0.0,0.024546586349606513,0.005146346241235733,1.9400240421295165,0.0,0.0
1025,0.024569731205701828,0.005323803435791941,1.924592789481668,0.0,0.02525778003036976,0.005933391116559506,1.9324389219284057,0.0,0.0
1026,0.02452878522522309,0.005310095600126421,1.9218690255109,0.0,0.024020493775606156,0.00470538754016161,1.9315106630325318,0.0,0.0
1027,0.024561103214235866,0.005370333872954635,1.9190769546172197,0.0,0.024989521503448485,0.005768360011279583,1.9221161603927612,0.0,0.0
1028,0.024444838547531295,0.005405388457481475,1.9039450463126688,0.0,0.024473778530955316,0.005339586827903986,1.9134191989898681,0.0,0.0
1029,0.024628181120052058,0.005579720799098997,1.9048460792092716,0.0,0.02500959485769272,0.005830026883631945,1.917956805229187,0.0,0.0
1030,0.024559166830252197,0.0054901789271217935,1.9068988281137802,0.0,0.025038984045386313,0.00588103923946619,1.9157945156097411,0.0,0.0
1031,0.024599868256379578,0.005506297162569621,1.9093571550705855,0.0,0.024410074204206468,0.005226868949830532,1.9183205366134644,0.0,0.0
1032,0.02431656453101074,0.005247179090100176,1.9069385949303121,0.0,0.024669936299324034,0.005534490384161472,1.9135446071624755,0.0,0.0
1033,0.024814219049671116,0.005788613302523599,1.9025606057223152,0.0,0.024673127010464667,0.005503912083804607,1.9169214963912964,0.0,0.0
1034,0.024876900674665674,0.005679751773748328,1.9197149206610287,0.0,0.02491060979664326,0.00550834434106946,1.9402266263961792,0.0,0.0
1035,0.024436359019840464,0.005119254593463505,1.931710495668299,0.0,0.025665537640452384,0.00631705354899168,1.9348484516143798,0.0,0.0
1036,0.024632730576045373,0.005416193867430967,1.9216537265216602,0.0,0.02422458790242672,0.0049096251837909225,1.9314963102340699,0.0,0.0
1037,0.025020510725238743,0.005795969079960795,1.9224542379379272,0.0,0.025126974657177926,0.005706446524709463,1.9420528650283813,0.0,0.0
1038,0.024826709838474497,0.005493621369275977,1.9333089099210852,0.0,0.02570965327322483,0.006258509214967489,1.9451144218444825,0.0,0.0
1039,0.02449965970042874,0.005214280558421332,1.9285379998824175,0.0,0.024941682815551758,0.00563898216933012,1.9302700996398925,0.0,0.0
1040,0.024354083025280165,0.0052025904057218745,1.915149310055901,0.0,0.02468486987054348,0.0054796235635876656,1.9205246686935424,0.0,0.0
1041,0.02454822148908587,0.0055400003295610935,1.9008221275666182,0.0,0.024746620655059816,0.005641053058207035,1.9105568170547484,0.0,0.0
1042,0.024544674574452287,0.005443195839795996,1.9101479333989761,0.0,0.02516857422888279,0.00591208590194583,1.9256489038467408,0.0,0.0
1043,0.024541208958801103,0.005405576023108819,1.9135633216184729,0.0,0.025420090928673745,0.006230747606605291,1.9189343452453613,0.0,0.0
1044,0.024569657138165307,0.00546904604005463,1.9100611279992497,0.0,0.02479696348309517,0.005636085569858551,1.91608784198761,0.0,0.0
1045,0.024797537418849328,0.005705283708213007,1.9092254708794987,0.0,0.02438114881515503,0.005096728820353747,1.9284420490264893,0.0,0.0
1046,0.024493637220824465,0.00531615546959288,1.9177482408635758,0.0,0.02667749561369419,0.007427372597157955,1.9250123262405396,0.0,0.0
1047,0.024630685939508325,0.005490858518682858,1.9139827910591574,0.0,0.024937772005796433,0.005742562934756279,1.9195209264755249,0.0,0.0
1048,0.024761827772154528,0.005643904099569601,1.9117923904867733,0.0,0.02483546733856201,0.005581831373274326,1.92536358833313,0.0,0.0
1049,0.024328962516258743,0.005151562255752438,1.917740071521086,0.0,0.02575691193342209,0.00653269300237298,1.9224218845367431,0.0,0.0
1050,0.02444260545513209,0.005363844718564959,1.9078761409310734,0.0,0.02468814216554165,0.0055485573597252365,1.91395845413208,0.0,0.0
1051,0.02470068819820881,0.005670596188043847,1.9030092533896952,0.0,0.024252414330840112,0.005087488004937768,1.9164926528930664,0.0,0.0
1052,0.024480617550366065,0.0054161278530955315,1.9064489743288826,0.0,0.024608762189745902,0.005420073680579662,1.9188688755035401,0.0,0.0
1053,0.024737768094329274,0.00559245641617214,1.914531244951136,0.0,0.024173832312226296,0.004831441957503557,1.93423912525177,0.0,0.0
1054,0.024717721211559632,0.005445335334276452,1.927238611614003,0.0,0.02431366629898548,0.004896754445508122,1.9416912317276,0.0,0.0
1055,0.0244233939139282,0.005169252782840939,1.9254141414866728,0.0,0.025391754135489462,0.006082575768232346,1.9309178590774536,0.0,0.0
1056,0.024697030291837806,0.005505988976972944,1.9191041693967932,0.0,0.02514430955052376,0.005859695374965668,1.928461456298828,0.0,0.0
1057,0.024624970796353677,0.005423282848342377,1.9201688485987045,0.0,0.025397101417183876,0.006079837959259748,1.9317264556884766,0.0,0.0
1058,0.024458270300837123,0.005275867536992711,1.9182403297985302,0.0,0.024731316044926642,0.005468613188713789,1.9262703657150269,0.0,0.0
1059,0.024637202787048677,0.005548222702653969,1.9088980029611027,0.0,0.02404474951326847,0.0048660019412636755,1.9178747653961181,0.0,0.0
1060,0.02471123997341184,0.005573325434370953,1.9137914811863619,0.0,0.024474648758769035,0.005111646093428135,1.9363003492355346,0.0,0.0
1061,0.024505732361884677,0.005264958284576149,1.9240774617475622,0.0,0.0243277870118618,0.005023437272757292,1.9304349899291993,0.0,0.0
1062,0.02457447875948513,0.005405756809255656,1.9168722489300896,0.0,0.025116917863488197,0.005866019614040851,1.9250898599624633,0.0,0.0
1063,0.02465626926106565,0.0054682636195245915,1.9188006064471077,0.0,0.024909869953989982,0.005544011481106281,1.9365859031677246,0.0,0.0
1064,0.02448962365879732,0.0052455832414767326,1.9244040671516867,0.0,0.024337586015462875,0.0050082126632332805,1.9329373836517334,0.0,0.0
1065,0.024507514694157767,0.005350809790851439,1.915670535143684,0.0,0.024516136571764945,0.005307971313595772,1.9208166360855103,0.0,0.0
1066,0.024811489617123324,0.005694434813716833,1.9117055219762467,0.0,0.024870793148875237,0.005602805037051439,1.9267988443374633,0.0,0.0
1067,0.024495334090555414,0.005353848175967441,1.9141486392301672,0.0,0.024782590195536615,0.005546465236693621,1.9236125469207763,0.0,0.0
1068,0.024569161674555612,0.005431826089454048,1.913733622607063,0.0,0.02431398630142212,0.00502455891110003,1.9289427757263184,0.0,0.0
1069,0.02455043398282107,0.00536250470973113,1.9187929700402653,0.0,0.024448273703455925,0.0051962404511868955,1.9252033472061156,0.0,0.0
1070,0.024656071163275662,0.0055142599157989025,1.9141811483046587,0.0,0.024850955978035928,0.005626794882118702,1.9224161148071288,0.0,0.0
1071,0.024451573324554107,0.005335287300541121,1.9116286319844864,0.0,0.024930255487561226,0.005762270279228687,1.9167985677719117,0.0,0.0
1072,0.02467210021089105,0.005610505283317145,1.9061595411861645,0.0,0.024680592492222785,0.005491556692868471,1.9189035892486572,0.0,0.0
1073,0.02456184498527471,0.005431286908467026,1.9130558616974775,0.0,0.024389730766415596,0.005151551123708487,1.9238179922103882,0.0,0.0
1074,0.024383613620610797,0.005329141776789637,1.9054472516564762,0.0,0.024933938309550284,0.005837411433458328,1.9096526622772216,0.0,0.0
1075,0.02441475069259896,0.005392134463524117,1.9022616708979887,0.0,0.02416265942156315,0.004992397967725992,1.9170261859893798,0.0,0.0
1076,0.02449497613398468,0.005395416252534179,1.9099560344920439,0.0,0.025172408297657968,0.005949847400188446,1.9222561120986938,0.0,0.0
1077,0.0243788932395332,0.005281674292157678,1.9097219144596773,0.0,0.0248110581189394,0.005614555533975362,1.9196502685546875,0.0,0.0
1078,0.024507125401321578,0.0054742468466215275,1.903287929647109,0.0,0.02432541362941265,0.005191764421761036,1.9133649349212647,0.0,0.0
1079,0.024877470205811894,0.005807716015945463,1.9069754376130945,0.0,0.02468710094690323,0.005464677326381206,1.9222424030303955,0.0,0.0
1080,0.02477612905204296,0.00556728441049071,1.9208844830008114,0.0,0.024768832698464395,0.005406044516712427,1.9362788915634155,0.0,0.0
1081,0.024790249436217195,0.005458888625178267,1.933136126574348,0.0,0.024498219788074493,0.005007729958742857,1.9490490436553956,0.0,0.0
1082,0.024600529933677,0.00514648126109558,1.9454049082363354,0.0,0.025148854404687882,0.005641251336783171,1.9507603406906129,0.0,0.0
1083,0.02478586246862131,0.005444614189293455,1.9341248694588156,0.0,0.02462952248752117,0.00520983524620533,1.9419687509536743,0.0,0.0
1084,0.02450185378684717,0.0052193106590386696,1.9282543799456429,0.0,0.024464772269129752,0.005120071116834879,1.9344701290130615,0.0,0.0
1085,0.02448504516745315,0.0053068872486405514,1.917815839543062,0.0,0.02527306489646435,0.006016258336603642,1.9256806373596191,0.0,0.0
1086,0.02452641451621757,0.005390582250102478,1.9135832576190723,0.0,0.024443088471889494,0.005230046901851892,1.921304178237915,0.0,0.0
1087,0.02423759056803058,0.005206675241317819,1.9030915849349077,0.0,0.02478957697749138,0.005711659044027329,1.907791829109192,0.0,0.0
1088,0.024175474748891944,0.005249317899784621,1.8926157320246977,0.0,0.02471909038722515,0.005724592972546816,1.8994498014450074,0.0,0.0
1089,0.02438249428044347,0.005482294377596939,1.8900200268801521,0.0,0.02477203421294689,0.005725947115570307,1.9046087741851807,0.0,0.0
1090,0.024651697891599992,0.005647280308253625,1.9004418078590841,0.0,0.024287977442145347,0.005080635566264391,1.9207342147827149,0.0,0.0
1091,0.02455751093871453,0.005409745636450893,1.9147765776690315,0.0,0.02467395141720772,0.005426212586462498,1.9247740030288696,0.0,0.0
1092,0.024502103381297168,0.005375749376766822,1.9126354736440323,0.0,0.024888046830892564,0.005690693575888872,1.9197353839874267,0.0,0.0
1093,0.02455007449230727,0.005458525245023125,1.9091549550785738,0.0,0.02449439689517021,0.005345021933317184,1.9149376153945923,0.0,0.0
1094,0.02451457269489765,0.005460648770060609,1.9053924504448385,0.0,0.02561023607850075,0.006412393320351839,1.9197843551635743,0.0,0.0
1095,0.024321537136155015,0.005251025123631253,1.9070512406966265,0.0,0.025162726640701294,0.006067072693258524,1.9095654249191285,0.0,0.0
1096,0.024396104080712095,0.005421589156064917,1.8974515550276811,0.0,0.024324991926550864,0.005273295845836401,1.9051696538925171,0.0,0.0
1097,0.024419164723333192,0.00543805247391848,1.8981113013099222,0.0,0.025092649087309838,0.005968931596726179,1.912371826171875,0.0,0.0
1098,0.0244833113735213,0.005445203004295335,1.903810879763435,0.0,0.025203076750040056,0.006096443347632885,1.9106633424758912,0.0,0.0
1099,0.024440583608606282,0.005390331888680949,1.9050252086975996,0.0,0.02472390905022621,0.0055682571604847905,1.9155652284622193,0.0,0.0
1100,0.02431320508613306,0.0053005059907103285,1.90126993375666,0.0,0.02471521608531475,0.005654170736670494,1.9061045885086059,0.0,0.0
1101,0.024194733075359288,0.0052779951297185,1.8916738524156458,0.0,0.025594231858849525,0.006618492491543293,1.89757399559021,0.0,0.0
1102,0.02460549125338302,0.005698693806634229,1.8906797871870153,0.0,0.02491093799471855,0.005816608387976885,1.9094330310821532,0.0,0.0
1103,0.024664807407295004,0.005592229502166019,1.9072578584446627,0.0,0.024274269118905067,0.005022920947521925,1.9251348733901978,0.0,0.0
1104,0.02447275401038282,0.005340556148439646,1.913219879655277,0.0,0.024647096544504164,0.005430697090923786,1.9216399431228637,0.0,0.0
1105,0.02412061535698526,0.005079451236216461,1.9041164482341093,0.0,0.025001353397965432,0.005934623256325722,1.9066730976104735,0.0,0.0
1106,0.024544836843714994,0.005549611058086157,1.8995226551504696,0.0,0.02468867376446724,0.005541557632386685,1.9147116661071777,0.0,0.0
1107,0.024451663827194887,0.005357410402639824,1.909425370833453,0.0,0.024539975076913835,0.00531002338975668,1.9229951858520509,0.0,0.0
1108,0.024410431985469425,0.005279458073132178,1.9130974447025972,0.0,0.02535335160791874,0.006085519120097161,1.926783275604248,0.0,0.0
1109,0.024280357777195817,0.005132428671726409,1.9147929444032556,0.0,0.02382054105401039,0.0046206962317228316,1.919984555244446,0.0,0.0
1110,0.024710348204654807,0.00562940162661321,1.9080946866203756,0.0,0.0251217283308506,0.005892152898013592,1.9229575872421265,0.0,0.0
1111,0.024780424202189726,0.005516825435573564,1.9263599339653463,0.0,0.024899204447865485,0.005414972454309464,1.9484232664108276,0.0,0.0
1112,0.024350619600976214,0.0050009107491111055,1.934970918823691,0.0,0.024631119146943093,0.0053107948042452335,1.9320325136184693,0.0,0.0
1113,0.02459139804191449,0.005449905142407207,1.9141493404612822,0.0,0.02450572922825813,0.005259149894118309,1.9246579647064208,0.0,0.0
1114,0.02464134662466891,0.0054619103286634475,1.9179436669630163,0.0,0.024349373951554298,0.005039540166035294,1.9309834241867065,0.0,0.0
1115,0.024467115673948738,0.005290112595128662,1.9177003748276655,0.0,0.025102220848202704,0.005874590948224068,1.9227629899978638,0.0,0.0
1116,0.02460081721929943,0.0054796541328815855,1.9121163662742167,0.0,0.02481677904725075,0.005564502533525228,1.925227689743042,0.0,0.0
1117,0.024439234724816156,0.005282303181422108,1.915693205945632,0.0,0.024732213467359543,0.0054980282671749595,1.9234185934066772,0.0,0.0
1118,0.024197737412417635,0.005143392776303431,1.9054345102871166,0.0,0.024883767962455748,0.005811019986867905,1.9072749137878418,0.0,0.0
1119,0.024270943968611604,0.005346752319704084,1.8924192049924065,0.0,0.024386977776885033,0.005372863262891769,1.9014115571975707,0.0,0.0
1120,0.024133637218790895,0.0052739755688783,1.8859662027919994,0.0,0.02439258396625519,0.005470031686127186,1.8922552347183228,0.0,0.0
1121,0.02460019980721614,0.005721601986271494,1.8878598353442024,0.0,0.024250079318881033,0.005184441059827805,1.906563901901245,0.0,0.0
1122,0.024531845770338002,0.005553832715925048,1.8978013641694014,0.0,0.02429761365056038,0.0051521042361855505,1.9145509481430054,0.0,0.0
1123,0.02414678387782153,0.005070918321828632,1.9075865885790657,0.0,0.024553242698311807,0.005388056812807918,1.9165186166763306,0.0,0.0
1124,0.024044843061881906,0.005052806878024165,1.8992036861531876,0.0,0.02514345906674862,0.006157146766781807,1.8986312627792359,0.0,0.0
1125,0.024473304695942822,0.00558019508881604,1.8893110261243933,0.0,0.024970990791916847,0.0059026583097875115,1.9068332672119142,0.0,0.0
1126,0.02465283969307647,0.005593500730088528,1.9059339621487785,0.0,0.024537698179483414,0.0052327227778732775,1.930497646331787,0.0,0.0
1127,0.02423343906069503,0.005059948218438555,1.917349100112915,0.0,0.024664029106497766,0.005481990240514279,1.9182039737701415,0.0,0.0
1128,0.02446886436904178,0.005394629038432065,1.9074235733817606,0.0,0.024746647849678994,0.005599320586770773,1.9147327184677123,0.0,0.0
1129,0.024655551375711664,0.0055574639700353146,1.9098088040071375,0.0,0.02465587705373764,0.005386435054242611,1.9269441843032837,0.0,0.0
1130,0.024362681104856378,0.005235879490261569,1.9126801981645472,0.0,0.024486826732754707,0.0053237535990774635,1.9163074016571044,0.0,0.0
1131,0.024432781645480323,0.0053653111681342125,1.906747109749738,0.0,0.025051526352763177,0.005936616472899914,1.911491084098816,0.0,0.0
1132,0.024659307016169325,0.005608605111346525,1.9050702277351828,0.0,0.024313584715127946,0.005106892623007298,1.9206692457199097,0.0,0.0
1133,0.02464677711181781,0.005486628396765274,1.9160149167565739,0.0,0.024987543746829034,0.0057055334560573105,1.9282011032104491,0.0,0.0
1134,0.02435349114239216,0.0052000227767755,1.9153468959471758,0.0,0.02456124611198902,0.0053757899440824986,1.91854567527771,0.0,0.0
1135,0.024177511277444223,0.005110443542327951,1.9067068099975586,0.0,0.024513447284698488,0.0054053965024650095,1.910805058479309,0.0,0.0
1136,0.024360086111461416,0.0053017146008856155,1.9058371712179745,0.0,0.024608400464057923,0.005446392856538296,1.9162008047103882,0.0,0.0
1137,0.024692734155584786,0.005603164407041143,1.9089569905224968,0.0,0.024793189018964767,0.0054789655841887,1.9314223527908325,0.0,0.0
1138,0.024448581368607634,0.0051555634092758686,1.9293018649606144,0.0,0.0244045477360487,0.005020669847726822,1.938387894630432,0.0,0.0
1139,0.024359807043391114,0.0051631616318927095,1.9196645862915938,0.0,0.024753610044717787,0.005527237802743912,1.9226372718811036,0.0,0.0
1140,0.024600724634878775,0.005481843179201379,1.9118881716447718,0.0,0.024198542535305022,0.00499042090959847,1.920812201499939,0.0,0.0
1141,0.024533854907049853,0.0054218047298491,1.9112050393048454,0.0,0.024813177064061165,0.005572693236172199,1.9240484237670898,0.0,0.0
1142,0.024340619168737355,0.005213351180667386,1.912726830033695,0.0,0.024257743358612062,0.005003940407186746,1.9253803014755249,0.0,0.0
1143,0.024247866781318888,0.0051429590812939055,1.9104907793157242,0.0,0.024158426746726035,0.0049817516468465325,1.9176675796508789,0.0,0.0
1144,0.024627528755980378,0.005600088905981358,1.9027440197327559,0.0,0.025147856026887894,0.005985180381685495,1.9162675380706786,0.0,0.0
1145,0.02430021872415262,0.0052429062095196806,1.9057312712949865,0.0,0.02473630867898464,0.005561182368546724,1.9175126791000365,0.0,0.0
1146,0.024582871838527566,0.005497220711892142,1.9085651215384989,0.0,0.0245827067643404,0.00532853864133358,1.9254168748855591,0.0,0.0
1147,0.02433912598473184,0.005166932118727881,1.9172194004058838,0.0,0.024754225462675094,0.0055055349133908745,1.9248691082000733,0.0,0.0
1148,0.024310555856894043,0.005302055327988723,1.9008500856511734,0.0,0.02427002750337124,0.005208192020654678,1.9061835765838624,0.0,0.0
1149,0.024073150666321024,0.005156475968439789,1.8916674782248104,0.0,0.024591615051031114,0.005595572106540203,1.899604368209839,0.0,0.0
1150,0.024084128658561146,0.0052115555359598465,1.8872573515948128,0.0,0.024488240480422974,0.005529074836522341,1.8959166288375855,0.0,0.0
1151,0.024509270620696685,0.005612665568204487,1.8896605687982895,0.0,0.024488051980733873,0.005450156144797802,1.9037896156311036,0.0,0.0
1152,0.024357286117532673,0.005408211063374491,1.8949075376286226,0.0,0.024729746952652933,0.0057041610591113566,1.90255868434906,0.0,0.0
1153,0.024670039687086556,0.005611871204832021,1.9058168916141285,0.0,0.02483685240149498,0.005578770581632852,1.9258082389831543,0.0,0.0
1154,0.024088717887506765,0.004979738746495808,1.9108979631872738,0.0,0.024486121907830238,0.005416280217468738,1.9069841861724854,0.0,0.0
1155,0.024202265174073333,0.005273426882922649,1.8928838968276978,0.0,0.02482510283589363,0.005887633096426726,1.8937469720840454,0.0,0.0
1156,0.02450904677457669,0.005624388481545097,1.8884658603107227,0.0,0.024496457353234292,0.005446596071124077,1.9049860954284668,0.0,0.0
1157,0.024256969199461097,0.005301356836057761,1.8955612813725191,0.0,0.024165597185492514,0.005106266494840384,1.9059330940246582,0.0,0.0
1158,0.024520448025535133,0.005540629985797054,1.8979818470337813,0.0,0.024605433642864227,0.005458319094032049,1.9147114992141723,0.0,0.0
1159,0.024483048083151087,0.005388727986856419,1.9094320255167343,0.0,0.024643168598413468,0.00541858347132802,1.922458553314209,0.0,0.0
1160,0.024718466269619325,0.005626669564448735,1.9091797015246224,0.0,0.02456650696694851,0.00538698323071003,1.9179523706436157,0.0,0.0
1161,0.024241288795190698,0.005101841189624632,1.9139448544558357,0.0,0.02536133714020252,0.0061630520038306715,1.919828510284424,0.0,0.0
1162,0.024264896069379413,0.005204554400680696,1.9060341891120463,0.0,0.0245138518512249,0.005421561887487769,1.9092290639877318,0.0,0.0
1163,0.024027429521083832,0.005128311075489311,1.8899119040545296,0.0,0.024425772950053215,0.005522961821407079,1.8902811765670777,0.0,0.0
1164,0.024325409904122353,0.0055142636136973604,1.8811146722120398,0.0,0.02387109212577343,0.004934151796624065,1.8936941146850585,0.0,0.0
1165,0.024317181285689857,0.005465694538810674,1.8851487496319939,0.0,0.02459649443626404,0.005629745544865727,1.89667489528656,0.0,0.0
1166,0.024161761517033857,0.005244057132479022,1.8917704540140488,0.0,0.024608368426561354,0.005619091913104057,1.8989276885986328,0.0,0.0
1167,0.024578291484538245,0.005638880572993965,1.8939411079182344,0.0,0.02494237683713436,0.005889241024851799,1.9053136110305786,0.0,0.0
1168,0.02449742364971077,0.005484826588893638,1.9012597098070032,0.0,0.024541743472218512,0.005440804455429315,1.9100938796997071,0.0,0.0
1169,0.024535747025819385,0.0055560710949494555,1.8979676681406357,0.0,0.024211370944976808,0.005157806072384119,1.905356526374817,0.0,0.0
1170,0.02440857679090079,0.005323592655579834,1.9084984695210176,0.0,0.02454107403755188,0.005367547925561667,1.9173527002334594,0.0,0.0
1171,0.024373944081804332,0.00533364069483736,1.904030344065498,0.0,0.023965756595134734,0.004897741042077542,1.9068015813827515,0.0,0.0
1172,0.024299778372925872,0.005304730743827189,1.899504822843215,0.0,0.024459801986813544,0.005383008904755115,1.9076793909072876,0.0,0.0
1173,0.02445519682677353,0.00539995206739096,1.9055245062884163,0.0,0.024127547070384024,0.004951660148799419,1.9175886869430543,0.0,0.0
1174,0.02440930957741597,0.005355666062849409,1.905364387175616,0.0,0.02436850666999817,0.005227705836296082,1.9140800952911377,0.0,0.0
1175,0.024340946446446812,0.0053302775246693804,1.9010669694227331,0.0,0.02441662736237049,0.005362059129402042,1.905456829071045,0.0,0.0
1176,0.02438576749580748,0.005398301051600891,1.8987466657862944,0.0,0.024229593202471734,0.005136655643582344,1.9092938423156738,0.0,0.0
1177,0.02415721622460029,0.005165235796833739,1.8991980903288896,0.0,0.02468063198029995,0.005632382910698652,1.9048249483108521,0.0,0.0
1178,0.024249108069959807,0.005257703062585171,1.8991405473035925,0.0,0.024052847921848298,0.005003796797245741,1.9049051761627198,0.0,0.0
1179,0.024127566419980106,0.0051156614961869575,1.9011905193328857,0.0,0.024423031508922576,0.005330676957964897,1.909235429763794,0.0,0.0
1180,0.02425331052611856,0.005309549352044568,1.8943761306650497,0.0,0.02388879545032978,0.004897772008553148,1.8991024017333984,0.0,0.0
1181,0.024204619228839874,0.005320235155522823,1.888438442174126,0.0,0.0248588003218174,0.005898580513894558,1.8960219860076903,0.0,0.0
1182,0.02436506496194531,0.005471326849039863,1.889373828383053,0.0,0.024086294695734978,0.005071969609707594,1.9014325618743897,0.0,0.0
1183,0.024218815652763143,0.005236117443179383,1.898269863689647,0.0,0.024741795659065247,0.005709270806983113,1.9032525300979615,0.0,0.0
1184,0.02451858012115254,0.005510115886435789,1.9008464602863087,0.0,0.02459108717739582,0.005422624666243792,1.9168462753295898,0.0,0.0
1185,0.024554215809878183,0.005482569528634057,1.9071646788541008,0.0,0.025035842880606653,0.005850231926888228,1.9185611963272096,0.0,0.0
1186,0.02447138573316967,0.005275944028707112,1.9195442339953255,0.0,0.02450845018029213,0.0052185019478201864,1.9289947748184204,0.0,0.0
1187,0.0244073843693032,0.00519234682981144,1.9215038033092724,0.0,0.02402492016553879,0.004789111576974392,1.9235809326171875,0.0,0.0
1188,0.024234954815577057,0.005241719841518823,1.8993235475876753,0.0,0.02475935034453869,0.005789295397698879,1.8970055818557738,0.0,0.0
1189,0.024007903411984444,0.005140392000184339,1.8867511679144466,0.0,0.02514881081879139,0.006228289753198624,1.892052173614502,0.0,0.0
1190,0.02420914370347472,0.0053149089765022785,1.88942350359524,0.0,0.024734912812709807,0.005687857046723366,1.9047056436538696,0.0,0.0
1191,0.024393559707438246,0.0053511832785957,1.9042376981062048,0.0,0.02432905025780201,0.0051884960383176805,1.9140554428100587,0.0,0.0
1192,0.02419617081827977,0.005164390840731999,1.903178053743699,0.0,0.025313883274793624,0.0062564976513385774,1.9057385683059693,0.0,0.0
1193,0.024133538936867434,0.005154582521165995,1.8978956727420582,0.0,0.024310042336583137,0.005276530887931586,1.9033511400222778,0.0,0.0
1194,0.024228323579711074,0.005270945784800193,1.8957378163057215,0.0,0.02438350096344948,0.005360202537849546,1.9023298740386962,0.0,0.0
1195,0.024117512957138175,0.005186201237580355,1.8931312140296488,0.0,0.02390907295048237,0.0049061690457165245,1.9002904415130615,0.0,0.0
1196,0.02424532821511521,0.005296332104241147,1.8948996838401346,0.0,0.02398698627948761,0.004886304028332233,1.9100683212280274,0.0,0.0
1197,0.02412394083598081,0.005145918139640023,1.8978023178437178,0.0,0.024121206998825074,0.005116088129580021,1.9005119800567627,0.0,0.0
1198,0.024320270866155624,0.005414579200613148,1.8905692310894238,0.0,0.02425827831029892,0.005214380100369453,1.9043898105621337,0.0,0.0
1199,0.024153682567617473,0.005160044330884428,1.8993638894137215,0.0,0.02517319656908512,0.006100111082196236,1.9073086023330688,0.0,0.0
1200,0.024319618940353394,0.005392053356284604,1.8927566093557022,0.0,0.024524306133389472,0.0055278935469686985,1.8996413469314575,0.0,0.0
1201,0.024490015690817553,0.005468262606026495,1.9021753423354204,0.0,0.02465311922132969,0.005427887849509716,1.9225232124328613,0.0,0.0
1202,0.024716764140655014,0.005469620063462678,1.9247144671047436,0.0,0.023904889076948165,0.0045273186638951305,1.9377570629119873,0.0,0.0
1203,0.024100726141649133,0.0048789081766324885,1.9221818026374369,0.0,0.02419556975364685,0.00499023012816906,1.920534038543701,0.0,0.0
1204,0.024183761657160872,0.0051306398201952964,1.9053122366175932,0.0,0.024147161468863487,0.005074154119938612,1.9073007822036743,0.0,0.0
1205,0.024230093969141737,0.005294605021310204,1.8935488883186788,0.0,0.023985084518790244,0.00497644729912281,1.900863766670227,0.0,0.0
1206,0.024267192710848415,0.005333792281282299,1.893340082729564,0.0,0.02482728213071823,0.0057977791875600815,1.902950358390808,0.0,0.0
1207,0.024236961213104865,0.005267067648032133,1.8969893595751595,0.0,0.024808476865291595,0.005769406352192164,1.9039070844650268,0.0,0.0
1208,0.024350292104132035,0.005429139360785484,1.8921153335010303,0.0,0.02418072372674942,0.005174964340403676,1.9005759954452515,0.0,0.0
1209,0.024128278717398643,0.005163876065874801,1.8964403306736666,0.0,0.024155912920832634,0.005103514716029167,1.9052399158477784,0.0,0.0
1210,0.024090745431535384,0.005148676224052906,1.894206916584688,0.0,0.025201861932873725,0.006209989544004202,1.8991873025894166,0.0,0.0
1211,0.023977157057208175,0.00507690741077942,1.890025026658002,0.0,0.024153637140989302,0.0051803672686219215,1.8973269939422608,0.0,0.0
1212,0.02424514545675586,0.0053633821799474604,1.8881763640572042,0.0,0.02457483410835266,0.005524323228746653,1.9050511598587037,0.0,0.0
1213,0.024156230994883704,0.0052079053403919235,1.8948326180962956,0.0,0.02433619983494282,0.00532153258100152,1.9014667510986327,0.0,0.0
1214,0.024187288411399898,0.00528686964774833,1.8900419052909403,0.0,0.023805073648691177,0.004800420580431819,1.9004652976989747,0.0,0.0
1215,0.024172541192349267,0.005280075594782829,1.8892466250587912,0.0,0.024668358638882636,0.005711524281650782,1.89568350315094,0.0,0.0
1216,0.024586735731538606,0.0056420716128366835,1.894466421183418,0.0,0.024236370623111726,0.005092762038111686,1.9143608570098878,0.0,0.0
1217,0.02414816475528128,0.005039416856187231,1.9108748576220345,0.0,0.024453652650117876,0.0052917092107236385,1.9161943674087525,0.0,0.0
1218,0.02401904224911157,0.005019800901851233,1.8999241730746101,0.0,0.023605453222990035,0.004608008824288845,1.899744439125061,0.0,0.0
1219,0.024480848299229845,0.005552113124662463,1.8928735676933737,0.0,0.024312113225460053,0.005184901226311922,1.9127212524414063,0.0,0.0
1220,0.024267277406419024,0.005230717059663113,1.9036560619578642,0.0,0.0241536021232605,0.005019076261669397,1.9134526014328004,0.0,0.0
1221,0.024328010375885403,0.005307841320138644,1.9020169482511633,0.0,0.023833277821540832,0.004669385217130184,1.9163892984390258,0.0,0.0
1222,0.024368034237447905,0.0052862734095576935,1.908176162663628,0.0,0.0244332455098629,0.005268984939903021,1.916426181793213,0.0,0.0
1223,0.02444542637642692,0.005421335151528611,1.9024091538260965,0.0,0.024158725515007973,0.005026755481958389,1.9131970405578613,0.0,0.0
1224,0.024115850710693526,0.0050598944482557915,1.9055956461850334,0.0,0.024260431155562402,0.00513228727504611,1.9128144264221192,0.0,0.0
1225,0.024094119558439535,0.005160900654599947,1.893321906819063,0.0,0.024060103669762613,0.005126844439655542,1.893325924873352,0.0,0.0
1226,0.024466268279973197,0.0055456520058214664,1.892061661271488,0.0,0.024720777943730354,0.005593139585107565,1.9127638339996338,0.0,0.0
1227,0.024250664693467757,0.005162745960714186,1.9087918786441578,0.0,0.024918771535158157,0.005757629778236151,1.9161142110824585,0.0,0.0
1228,0.02399869285085622,0.004981319337864132,1.901737416491789,0.0,0.02460896484553814,0.005557735543698072,1.905122971534729,0.0,0.0
1229,0.02414772002136006,0.0052160249256035865,1.8931695292977726,0.0,0.024349546805024148,0.005281351320445537,1.9068196058273315,0.0,0.0
1230,0.02412988114006379,0.0051268306286895975,1.9003051238901474,0.0,0.024483703821897507,0.005353777669370174,1.9129927158355713,0.0,0.0
1231,0.024389287676004803,0.005354119273012175,1.9035168886184692,0.0,0.02454233504831791,0.005406058393418789,1.9136277437210083,0.0,0.0
1232,0.024298289900316912,0.005176133120103794,1.912215695661657,0.0,0.024254171922802926,0.005056031513959169,1.9198140621185302,0.0,0.0
1233,0.024040087509681198,0.00505948715898044,1.898060125463149,0.0,0.024951045960187913,0.005980044230818748,1.8971002101898193,0.0,0.0
1234,0.024246283861644128,0.005364386775695226,1.8881897505591898,0.0,0.02473112419247627,0.005741854850202799,1.8989269495010377,0.0,0.0
1235,0.02415396656621905,0.005198086940628641,1.8955879702287561,0.0,0.02394876182079315,0.004869717685505748,1.9079044342041016,0.0,0.0
1236,0.024145419216331315,0.005196251413401435,1.8949168079039629,0.0,0.023763679340481757,0.004739305470138788,1.9024374961853028,0.0,0.0
1237,0.024109820670941296,0.005195154808461666,1.8914666456334732,0.0,0.024611898139119147,0.005669246800243855,1.894265079498291,0.0,0.0
1238,0.024075331166386604,0.005182394538732136,1.8892937057158525,0.0,0.024530817940831184,0.00556965172290802,1.8961166620254517,0.0,0.0
1239,0.024260388577685636,0.00542161421959891,1.8838774526820463,0.0,0.02423715852200985,0.005327581148594618,1.8909578323364258,0.0,0.0
1240,0.0241551665479646,0.005262390463886892,1.8892776615479414,0.0,0.024086781591176987,0.005087812943384051,1.8998968601226807,0.0,0.0
1241,0.024385951349840444,0.005472597309990841,1.8913354733411003,0.0,0.02401319518685341,0.004986141063272953,1.902705478668213,0.0,0.0
1242,0.02408868950956008,0.005133840091088239,1.895484952365651,0.0,0.02432215176522732,0.0053170744329690935,1.9005078554153443,0.0,0.0
1243,0.024439637604005197,0.0055258339818786174,1.8913803801817053,0.0,0.023839346691966058,0.004739878792315721,1.909946823120117,0.0,0.0
1244,0.024548594456385162,0.0055114137392271965,1.9037181209115421,0.0,0.024526658281683923,0.005355774331837893,1.9170884132385253,0.0,0.0
1245,0.02422340981224004,0.005126573200173238,1.9096837324254654,0.0,0.024516184255480765,0.005347401648759842,1.916878342628479,0.0,0.0
1246,0.024093372637734693,0.005066438879379455,1.9026933978585636,0.0,0.024545980617403984,0.005523158237338066,1.9022822380065918,0.0,0.0
1247,0.02416831156348481,0.005266219158382977,1.8902093101950252,0.0,0.024029071629047393,0.0050660200417041775,1.8963051795959474,0.0,0.0
1248,0.024240978281287587,0.005320398328716264,1.892058063955868,0.0,0.024220010638236998,0.005164405889809131,1.9055604934692383,0.0,0.0
1249,0.0238837300635436,0.004954484291374683,1.892924617318546,0.0,0.023270561918616296,0.0043326653074473144,1.8937897443771363,0.0,0.0
1250,0.024117736693690803,0.00524876277674647,1.8868974657619701,0.0,0.02554011531174183,0.006599374767392874,1.8940740823745728,0.0,0.0
1251,0.024040240356150794,0.0052045564139809675,1.8835684481789083,0.0,0.02538507804274559,0.006471781060099602,1.8913297414779664,0.0,0.0
1252,0.02415988703860956,0.005363814614932327,1.8796072917826034,0.0,0.024315622448921204,0.005417866725474596,1.8897756338119507,0.0,0.0
1253,0.02418878028059707,0.0053172642365098,1.8871516410042257,0.0,0.024191343411803245,0.005158101208508015,1.903324270248413,0.0,0.0
1254,0.024221282452344894,0.005214847569518229,1.90064354503856,0.0,0.023523186147212983,0.004348131734877825,1.9175055265426635,0.0,0.0
1255,0.024271027678075957,0.00514465501970228,1.9126373108695536,0.0,0.024092400446534157,0.004879906959831715,1.9212494373321534,0.0,0.0
1256,0.024273451308117193,0.00522359148325289,1.9049860309152042,0.0,0.02416127435863018,0.005054534785449505,1.9106739997863769,0.0,0.0
1257,0.024375065942020976,0.005292582435204703,1.9082483894684736,0.0,0.023774195834994315,0.004592491593211889,1.91817045211792,0.0,0.0
1258,0.024321595645126176,0.005219565211411785,1.9102031132754158,0.0,0.024751441553235054,0.005555157270282507,1.9196285486221314,0.0,0.0
1259,0.024075044538168347,0.004997821661698467,1.9077223048490637,0.0,0.023741047084331512,0.004644792340695858,1.90962553024292,0.0,0.0
1260,0.02387597762486514,0.004859320819377899,1.9016657646964579,0.0,0.024457523226737977,0.005411781184375286,1.904574203491211,0.0,0.0
1261,0.02441224379136282,0.005500600591082783,1.8911643519121057,0.0,0.02435155287384987,0.0053676733747124675,1.8983879804611206,0.0,0.0
1262,0.02458864187493044,0.0056457810432595365,1.8942861557006836,0.0,0.02434704378247261,0.00521129509434104,1.9135748624801636,0.0,0.0
1263,0.02405999622800771,0.004955537891124978,1.9104458794874304,0.0,0.02442724220454693,0.005262702796608209,1.916453981399536,0.0,0.0
1264,0.024084906696396714,0.005050594343201202,1.903431254274705,0.0,0.02430856190621853,0.005276708211749792,1.903185486793518,0.0,0.0
1265,0.024171605815782267,0.00523770455380573,1.8933901646557976,0.0,0.0239696204662323,0.0049531951546669005,1.9016426086425782,0.0,0.0
1266,0.024284949745325482,0.005304084323784884,1.8980865759008072,0.0,0.024319235980510712,0.005217522010207176,1.9101714372634888,0.0,0.0
1267,0.02422259802765706,0.005233164712348405,1.8989433470894308,0.0,0.024211493879556657,0.00520654134452343,1.9004952669143678,0.0,0.0
1268,0.024453934062929714,0.005486437804339563,1.8967496507308061,0.0,0.024397336691617966,0.005277418345212936,1.9119919061660766,0.0,0.0
1269,0.024111842407899743,0.0050900744767311745,1.9021768429700066,0.0,0.02410215474665165,0.005015447316691279,1.9086708068847655,0.0,0.0
1270,0.024010711185195866,0.0050358051598510326,1.8974906065884758,0.0,0.02421237751841545,0.0052185351960361,1.8993843078613282,0.0,0.0
1271,0.02425258102662423,0.005366351154139813,1.8886230482774622,0.0,0.024416635185480116,0.005426377430558205,1.8990258693695068,0.0,0.0
1272,0.024417605251073837,0.005452504628064001,1.896510124206543,0.0,0.024185724183917047,0.0050614322535693645,1.9124292373657226,0.0,0.0
1273,0.024346711114048958,0.005278754951980184,1.9067956629921408,0.0,0.024391579627990722,0.0052622024901211265,1.9129378080368042,0.0,0.0
1274,0.02405023103689446,0.004993225379353937,1.9057006274952608,0.0,0.02405334673821926,0.00497656250372529,1.9076784372329711,0.0,0.0
1275,0.024135787039995193,0.005195341346894994,1.8940446446923649,0.0,0.024650444090366364,0.005627778079360724,1.9022665739059448,0.0,0.0
1276,0.024174377650899047,0.005207663675879731,1.8966714494368608,0.0,0.024607224389910698,0.00550301382318139,1.910421085357666,0.0,0.0
1277,0.023978309924988186,0.004985277157496004,1.8993032960330738,0.0,0.023836911469697953,0.004811152443289756,1.902575945854187,0.0,0.0
1278,0.024162677719312554,0.005250017268254477,1.8912660795099594,0.0,0.02431582361459732,0.005325095914304257,1.8990728616714478,0.0,0.0
1279,0.024151186623117504,0.005245546289883992,1.890564105089973,0.0,0.025237692520022392,0.006181023083627224,1.905666995048523,0.0,0.0
1280,0.02430124022066593,0.005248403341016348,1.905283724560457,0.0,0.02468043901026249,0.005466038919985294,1.9214401245117188,0.0,0.0
1281,0.024303090813405374,0.005176538574125837,1.9126552974476534,0.0,0.023810290917754173,0.004609651304781437,1.9200640439987182,0.0,0.0
1282,0.024496661937412095,0.005400022354853504,1.9096640138065113,0.0,0.024300385639071463,0.0051009652204811575,1.9199421405792236,0.0,0.0
1283,0.02434621488346773,0.005212580839938977,1.9133634356891407,0.0,0.024027064070105554,0.004835394769906997,1.9191670179367066,0.0,0.0
1284,0.02395075515789144,0.004930856938966934,1.9019898526808794,0.0,0.024403509497642518,0.005432010255753994,1.8971499681472779,0.0,0.0
1285,0.02397773217628984,0.005151165704078534,1.8826567074831795,0.0,0.02478402704000473,0.0059374082833528515,1.884661865234375,0.0,0.0
1286,0.024316903313293177,0.005513949237544747,1.8802954659742468,0.0,0.023836586996912955,0.004853551369160413,1.8983035802841186,0.0,0.0
1287,0.02427554612650591,0.005266919293824364,1.9008627288481768,0.0,0.024178001284599304,0.00503506101667881,1.9142940044403076,0.0,0.0
1288,0.02428791354245999,0.0052163142930058875,1.9071599595686968,0.0,0.024216144904494287,0.005063223093748093,1.9152921915054322,0.0,0.0
1289,0.024219996788922477,0.005130906616721083,1.9089090613757862,0.0,0.023527716845273973,0.004406315973028541,1.9121402025222778,0.0,0.0
1290,0.024299630456987548,0.005324177115279085,1.8975453446893131,0.0,0.02425669990479946,0.005199034977704286,1.9057665586471557,0.0,0.0
1291,0.024331292027936262,0.005304885452941936,1.9026407213772045,0.0,0.025173025205731392,0.0059683132916688916,1.9204712390899659,0.0,0.0
1292,0.02409274799420553,0.004993411547997419,1.909933700281031,0.0,0.02511049956083298,0.005969283636659384,1.9141216278076172,0.0,0.0
1293,0.024375081719721064,0.005347797318416483,1.902728508500492,0.0,0.02421845681965351,0.005072976928204298,1.9145479679107666,0.0,0.0
1294,0.024030188975088736,0.0049608270363772616,1.9069362598306991,0.0,0.02448115050792694,0.005365398712456226,1.9115752458572388,0.0,0.0
1295,0.024211719303446656,0.005218795500695705,1.899292412926169,0.0,0.02458646297454834,0.005557999107986688,1.9028464317321778,0.0,0.0
1296,0.02424821038456524,0.0052467551739776835,1.9001455166760612,0.0,0.023943404108285903,0.004842887679114938,1.9100516796112061,0.0,0.0
1297,0.024143885601969325,0.005136012181858806,1.9007873605279362,0.0,0.024405671656131743,0.005321111250668764,1.9084561347961426,0.0,0.0
1298,0.02419704450842212,0.005166111924849889,1.9030932959388285,0.0,0.024605493620038034,0.005528689920902252,1.9076804161071776,0.0,0.0
1299,0.023999197408556938,0.005067245240378029,1.8931952644796932,0.0,0.024272961914539336,0.005316780135035515,1.895618200302124,0.0,0.0
1300,0.024175087976105073,0.0052376407034256875,1.8937447982675888,0.0,0.024045151099562644,0.004944111499935388,1.910103940963745,0.0,0.0
1301,0.02413997076013509,0.0051766444709809385,1.8963326916975134,0.0,0.024272309988737105,0.005271678697317839,1.900063157081604,0.0,0.0
1302,0.024143703281879425,0.005169263849144473,1.897443981731639,0.0,0.023856744542717932,0.004770207591354847,1.9086537122726441,0.0,0.0
1303,0.024124448352000293,0.005160899887628415,1.8963548786499922,0.0,0.024514944478869437,0.005493787676095962,1.9021157503128052,0.0,0.0
1304,0.024338532677468133,0.005371885730282348,1.8966647316427792,0.0,0.024280308932065963,0.0051626071333885195,1.911770224571228,0.0,0.0
1305,0.024304828003925437,0.005236491150058368,1.9068337398416855,0.0,0.025100137293338775,0.005896924342960119,1.9203212976455688,0.0,0.0
1306,0.02409038889934035,0.004946671809782,1.9143717569463394,0.0,0.023988867923617364,0.004727990459650755,1.9260877609252929,0.0,0.0
1307,0.023955382187576854,0.004886502208297744,1.9068880572038538,0.0,0.024437249079346655,0.005389048531651497,1.9048200607299806,0.0,0.0
1308,0.02423795750912498,0.00532175600528717,1.8916201942107256,0.0,0.02407396137714386,0.005068873614072799,1.9005088090896607,0.0,0.0
1309,0.02417284874793361,0.00521095866775688,1.8961890374912935,0.0,0.02419675849378109,0.0051118100993335245,1.9084948539733886,0.0,0.0
1310,0.024102368775536034,0.00510115603751996,1.9001213522518383,0.0,0.023845384269952773,0.00479149236343801,1.9053893089294434,0.0,0.0
1311,0.024233445634736735,0.005307674380567144,1.8925771713256836,0.0,0.0240618322044611,0.005093142576515675,1.8968690395355225,0.0,0.0
1312,0.02433820638586493,0.005425595924915636,1.8912610727197983,0.0,0.02416873387992382,0.005132680293172598,1.9036054134368896,0.0,0.0
1313,0.0240645823890672,0.005140769131043378,1.8923813525368185,0.0,0.024393807724118234,0.005420784652233124,1.8973023176193238,0.0,0.0
1314,0.024371800834641737,0.005503485472325017,1.886831606135649,0.0,0.023934882879257203,0.004954419564455748,1.8980464458465576,0.0,0.0
1315,0.024194789064281127,0.005222789504948784,1.8971999673282398,0.0,0.024132192134857178,0.00501668294891715,1.9115509986877441,0.0,0.0
1316,0.02393010346328511,0.004906028536531855,1.9024075550191544,0.0,0.0234593641012907,0.00438850256614387,1.907086181640625,0.0,0.0
1317,0.024171566919368857,0.005259492598912295,1.8912074916503008,0.0,0.024165353551506997,0.005188567377626896,1.8976786851882934,0.0,0.0
1318,0.02423007589052705,0.005262582836782231,1.8967493351768046,0.0,0.02497227117419243,0.005917615815997123,1.90546555519104,0.0,0.0
1319,0.024143712266403085,0.0051499949768185616,1.8993717852760763,0.0,0.023901017010211946,0.0048040407709777355,1.9096976041793823,0.0,0.0
1320,0.02423376075046904,0.005193684633602114,1.904007680275861,0.0,0.024119555577635766,0.004985767416656017,1.91337890625,0.0,0.0
1321,0.024199230048586342,0.005132054937455584,1.9067175949321074,0.0,0.0245724868029356,0.005476169753819704,1.9096317052841187,0.0,0.0
1322,0.023938656948945102,0.0050030429025783255,1.8935614333433264,0.0,0.023518484458327292,0.004560793936252594,1.8957690715789794,0.0,0.0
1323,0.023932856452815673,0.005054335342720151,1.8878521428388708,0.0,0.023843275383114815,0.004898561723530292,1.8944714307785033,0.0,0.0
1324,0.024113792159101543,0.005259857115828816,1.8853935704511755,0.0,0.024441318958997725,0.00551573745906353,1.8925582647323609,0.0,0.0
1325,0.02406246982076589,0.005159964456277735,1.8902505846584545,0.0,0.024379723891615867,0.0053835934028029445,1.8996130228042603,0.0,0.0
1326,0.023944740019300404,0.00497108100749114,1.8973659417208504,0.0,0.023951935395598412,0.004946744814515114,1.9005189895629884,0.0,0.0
1327,0.02428198781083612,0.005263532648849136,1.9018455533420338,0.0,0.02375960908830166,0.00460075493901968,1.9158854961395264,0.0,0.0
1328,0.024292417747132918,0.00519236470298732,1.9100053731132955,0.0,0.024491511285305023,0.005297281593084335,1.9194230079650878,0.0,0.0
1329,0.02416884427999749,0.005057000171612291,1.9111844581716202,0.0,0.024464481323957444,0.0053209949284791945,1.9143487215042114,0.0,0.0
1330,0.024499029249829406,0.0054254573495949015,1.9073572158813477,0.0,0.024108684062957762,0.00491660893894732,1.9192075729370117,0.0,0.0
1331,0.024288840811042225,0.0051083552431972585,1.9180485571131987,0.0,0.024300143867731095,0.005029988009482622,1.9270156383514405,0.0,0.0
1332,0.024111271233243102,0.004987403421717531,1.9123868170906515,0.0,0.023932250589132308,0.004756957478821278,1.9175293922424317,0.0,0.0
1333,0.024282650583807158,0.005127615651444477,1.915503557990579,0.0,0.023911070451140402,0.004645537631586194,1.9265533447265626,0.0,0.0
1334,0.024292777456781444,0.005181372220463613,1.9111405540915096,0.0,0.024425739794969557,0.005276553984731436,1.914918637275696,0.0,0.0
1335,0.024222140145652434,0.005145927343298407,1.9076212925069473,0.0,0.02389433644711971,0.0047375628724694255,1.9156774520874023,0.0,0.0
1336,0.02383809197036659,0.004788834738599903,1.904925774125492,0.0,0.024151723831892014,0.005091472156345844,1.9060251712799072,0.0,0.0
1337,0.024022527586887863,0.005140435799737187,1.888209209722631,0.0,0.02405831590294838,0.005141715705394745,1.8916600704193116,0.0,0.0
1338,0.024063085918040836,0.005159243790651946,1.8903842533335966,0.0,0.02519376538693905,0.006223834957927466,1.896993136405945,0.0,0.0
1339,0.024254123515942517,0.005335351479623248,1.8918772304759306,0.0,0.023811803385615348,0.004790370445698499,1.9021432638168334,0.0,0.0
1340,0.024116529590066743,0.005176326095619623,1.8940204101450302,0.0,0.02451704181730747,0.005539656430482864,1.8977385759353638,0.0,0.0
1341,0.024226069998215225,0.005266275092521135,1.895979544695686,0.0,0.023601708933711052,0.004588689748197794,1.901301884651184,0.0,0.0
1342,0.024194499477744102,0.0052121141651535734,1.8982385677449845,0.0,0.024532103165984153,0.005487270653247833,1.9044832229614257,0.0,0.0
1343,0.024111007833305526,0.005070654702756335,1.9040353368310368,0.0,0.02386144660413265,0.004739703610539436,1.912174391746521,0.0,0.0
1344,0.02398661315879401,0.004966356764164041,1.9020257136401009,0.0,0.02462962977588177,0.005591590050607919,1.903804063796997,0.0,0.0
1345,0.024357130312744307,0.005406167851213147,1.8950962809955372,0.0,0.0240548238158226,0.004999868012964726,1.9054956436157227,0.0,0.0
1346,0.024080334669526887,0.005029159556964741,1.905117532786201,0.0,0.024982978031039237,0.005813110526651144,1.9169867992401124,0.0,0.0
1347,0.024017319850185338,0.004995261072455084,1.9022059510735905,0.0,0.024202586337924003,0.005209409818053246,1.8993176698684693,0.0,0.0
1348,0.024125687449293977,0.005281105856685077,1.8844582122914932,0.0,0.024052157625555994,0.005115040298551321,1.8937117338180542,0.0,0.0
1349,0.024225933477282524,0.0053050303009941294,1.8920903696733362,0.0,0.02456269823014736,0.005526178516447544,1.903652024269104,0.0,0.0
1350,0.02411665372988757,0.005179573535261785,1.8937080747940962,0.0,0.024907002970576287,0.005879710987210273,1.9027292251586914,0.0,0.0
1351,0.023784081177676424,0.004746575374156237,1.9037506229737227,0.0,0.02379058413207531,0.004697658028453589,1.9092926025390624,0.0,0.0
1352,0.023825389716555092,0.004953128559624448,1.887226188884062,0.0,0.023875681683421135,0.005067389830946923,1.8808292627334595,0.0,0.0
1353,0.024235066464718652,0.005444948808016146,1.879011820344364,0.0,0.023866823688149453,0.004946441203355789,1.8920382738113404,0.0,0.0
1354,0.02428664420457447,0.005398375119137413,1.8888269592733944,0.0,0.024361908063292505,0.005346088949590921,1.9015819787979127,0.0,0.0
1355,0.02396581310997991,0.004955023225835141,1.901079030597911,0.0,0.02385040037333965,0.0047727182507514955,1.9077682495117188,0.0,0.0
1356,0.023926910779931965,0.00502603646258221,1.890087464276482,0.0,0.02404964230954647,0.005154599808156491,1.8895042419433594,0.0,0.0
1357,0.024209846906802234,0.005255788071628879,1.895405937643612,0.0,0.02410396747291088,0.004990139603614807,1.9113828897476197,0.0,0.0
1358,0.024019662838648346,0.00500085623934865,1.90188071307014,0.0,0.023645475134253503,0.004601827170699835,1.9043648719787598,0.0,0.0
1359,0.023953488644431618,0.004972157150726108,1.898133165696088,0.0,0.024559210613369943,0.005514080729335546,1.9045130729675293,0.0,0.0
1360,0.023880992084741592,0.004952684647458441,1.8928307785707361,0.0,0.024213616177439688,0.00527659896761179,1.8937017679214478,0.0,0.0
1361,0.024124837973538565,0.005251378190758473,1.8873459942200606,0.0,0.023929423466324807,0.00487747360020876,1.9051950216293334,0.0,0.0
1362,0.02411950138561866,0.005164180279654615,1.8955321943058687,0.0,0.024327702447772027,0.005313853640109301,1.901384949684143,0.0,0.0
1363,0.024150491966044203,0.005190408569486702,1.896008386331446,0.0,0.024137632548809053,0.005078155174851417,1.905947756767273,0.0,0.0
1364,0.02399428506546161,0.005007127834045712,1.8987157765556784,0.0,0.024034860357642174,0.004942790605127811,1.909207034111023,0.0,0.0
1365,0.02430489505915081,0.005210850004325895,1.909404572318582,0.0,0.024039001017808915,0.004837434645742178,1.9201566219329833,0.0,0.0
1366,0.02396099126952536,0.004839706371593124,1.9121285186094397,0.0,0.024172402918338776,0.0049981484189629555,1.917425537109375,0.0,0.0
1367,0.024007476647110546,0.004942797781790004,1.9064679356182324,0.0,0.02463671490550041,0.0055687068030238155,1.9068008661270142,0.0,0.0
1368,0.023919452639187083,0.004973275121301413,1.8946178099688362,0.0,0.02368384338915348,0.0047075612470507625,1.8976282835006715,0.0,0.0
1369,0.0241308502633782,0.005230110303005751,1.8900740707621855,0.0,0.024401870369911195,0.00536382868885994,1.9038041830062866,0.0,0.0
1370,0.023949970436446807,0.004985853262683924,1.8964117765426636,0.0,0.024315104633569718,0.00524662509560585,1.9068480014801026,0.0,0.0
1371,0.023961242507485783,0.005037957706543452,1.8923285287969254,0.0,0.02404775507748127,0.005058685876429081,1.8989069938659668,0.0,0.0
1372,0.023807511500575963,0.004935222869629369,1.8872288956361658,0.0,0.0243785809725523,0.005437923222780227,1.8940658807754516,0.0,0.0
1373,0.024110974634394926,0.005301610703634865,1.8809364543241613,0.0,0.023817097023129463,0.00492659667506814,1.8890501022338868,0.0,0.0
1374,0.02391891838873134,0.005106320851208533,1.8812597709543564,0.0,0.024166677519679068,0.005262947548180819,1.8903730154037475,0.0,0.0
1375,0.02411569972686908,0.00525591174578842,1.8859788319643807,0.0,0.023810677602887152,0.004809003043919802,1.9001674890518188,0.0,0.0
1376,0.02414645112174399,0.005183914073688143,1.896253733073964,0.0,0.024365037307143213,0.005317479278892279,1.9047558069229127,0.0,0.0
1377,0.024252547608578905,0.005289142923977445,1.896340531461379,0.0,0.024536874145269394,0.005478315427899361,1.905855941772461,0.0,0.0
1378,0.024140694890828693,0.0051451042458853305,1.899559126180761,0.0,0.02391824796795845,0.004870111215859651,1.9048136949539185,0.0,0.0
1379,0.023857995867729187,0.00492251998580554,1.893547633114983,0.0,0.023858877643942834,0.0049329914152622225,1.8925886392593383,0.0,0.0
1380,0.023988050353877684,0.005139888099887792,1.8848163099849926,0.0,0.024858346581459044,0.005949806701391935,1.890854001045227,0.0,0.0
1381,0.024038436439107445,0.005165174411719336,1.8873262615764843,0.0,0.02397804446518421,0.004991013370454311,1.8987030744552613,0.0,0.0
1382,0.024234387256643352,0.005298220963381669,1.8936166552936329,0.0,0.02429465055465698,0.005251096375286579,1.9043554306030273,0.0,0.0
1383,0.024072155465974528,0.005096274318502229,1.897588147836573,0.0,0.023899807035923003,0.004795703012496233,1.91041042804718,0.0,0.0
1384,0.02395372947349268,0.005000562434468199,1.8953167340334724,0.0,0.02430780716240406,0.005333224963396788,1.897458291053772,0.0,0.0
1385,0.02397306416841114,0.005047729074516717,1.892533540725708,0.0,0.02472708746790886,0.005736965592950583,1.8990122556686402,0.0,0.0
1386,0.024025113047922358,0.005159327239893815,1.8865786299985998,0.0,0.024389496073126793,0.005482186004519463,1.8907310247421265,0.0,0.0
1387,0.024100945933776742,0.005282870877315016,1.8818075095905977,0.0,0.025296714529395102,0.006365196034312248,1.8931519269943238,0.0,0.0
1388,0.02391352877020836,0.005033820456660846,1.887970910352819,0.0,0.024525630101561547,0.0055928947404026985,1.8932735919952393,0.0,0.0
1389,0.02400090413935044,0.0051456006408176005,1.8855304367402022,0.0,0.02414560541510582,0.005255031492561102,1.889057469367981,0.0,0.0
1390,0.024212495149934992,0.0053826105123495355,1.882988501997555,0.0,0.024371324107050896,0.005429154820740223,1.8942170143127441,0.0,0.0
1391,0.024003161993973395,0.005104096743332989,1.889906595734989,0.0,0.024143536388874055,0.005167202930897475,1.8976334095001222,0.0,0.0
1392,0.023928264265551287,0.005064345759284847,1.886391850078807,0.0,0.023982873186469078,0.005042083747684956,1.8940790176391602,0.0,0.0
1393,0.024428946787820142,0.005503203747246195,1.892574338351979,0.0,0.02516106441617012,0.005990572553128004,1.917049241065979,0.0,0.0
1394,0.024183998213094825,0.005067083573735812,1.911691525403191,0.0,0.02427884265780449,0.005144059471786022,1.9134783029556275,0.0,0.0
1395,0.023986404542537296,0.004948935608434326,1.9037469204734354,0.0,0.024321169033646582,0.005275105591863394,1.9046063661575316,0.0,0.0
1396,0.023921618566793555,0.005022209630731274,1.889940942035002,0.0,0.0246884822845459,0.0058357855305075645,1.8852697372436524,0.0,0.0
1397,0.023788548129446366,0.005032424869782785,1.8756123430588667,0.0,0.024152488633990287,0.005362635105848312,1.8789854764938354,0.0,0.0
1398,0.02424425379756619,0.005470338414477951,1.8773915697546566,0.0,0.0245932936668396,0.005660471692681313,1.8932822465896606,0.0,0.0
1399,0.024033248205395305,0.005141644492087995,1.8891604016808903,0.0,0.024421893805265427,0.005435262992978096,1.89866304397583,0.0,0.0
1400,0.024092885391677126,0.005164229530183708,1.8928656578063965,0.0,0.02452472411096096,0.005501589644700289,1.902313470840454,0.0,0.0
1401,0.02429711095550481,0.005260686335318229,1.9036425281973446,0.0,0.02458520047366619,0.00543893612921238,1.9146264314651489,0.0,0.0
1402,0.02376920510740841,0.004741734249846023,1.9027471191742842,0.0,0.02359913885593414,0.004610635712742806,1.898850417137146,0.0,0.0
1403,0.02410667236236965,0.0052034883924266875,1.8903184568180758,0.0,0.023504919186234475,0.00455119414255023,1.8953725814819335,0.0,0.0
1404,0.024379919557010427,0.005454003400004962,1.8925916587605196,0.0,0.023611895740032196,0.004565656092017889,1.9046240329742432,0.0,0.0
1405,0.023846647537806454,0.004862748935599537,1.8983899004319136,0.0,0.023776257410645485,0.004777895659208298,1.8998361825942993,0.0,0.0
1406,0.02412111235453802,0.0052015588016194455,1.8919553756713867,0.0,0.0248834028840065,0.005900576524436474,1.8982826709747314,0.0,0.0
1407,0.023837649975629413,0.004962847705053932,1.887480279978584,0.0,0.024592917039990426,0.005729963164776563,1.886295461654663,0.0,0.0
1408,0.024005248156540534,0.005247843643540845,1.8757404720082003,0.0,0.02413265034556389,0.005269929859787225,1.8862720727920532,0.0,0.0
1409,0.023987401715096307,0.00512342230307267,1.8863979718264412,0.0,0.024709830805659295,0.005727799888700247,1.8982031345367432,0.0,0.0
1410,0.02386179336291902,0.004946600015768234,1.8915193712010103,0.0,0.02445286475121975,0.005512308981269598,1.894055676460266,0.0,0.0
1411,0.024105938589748216,0.005181359538041493,1.8924579830730663,0.0,0.023857859894633293,0.00483659990131855,1.9021259784698485,0.0,0.0
1412,0.023909360279931742,0.004979914273409282,1.8929446725284351,0.0,0.024332625791430473,0.0053648133762180805,1.8967812538146973,0.0,0.0
1413,0.023964011932120603,0.005070472957895082,1.889353969517876,0.0,0.023974262550473212,0.005029160622507333,1.8945101499557495,0.0,0.0
1414,0.023842001114698017,0.0049600022543659986,1.888199911398046,0.0,0.024026229232549667,0.005147774051874876,1.8878454923629762,0.0,0.0
1415,0.024131520377362475,0.005325759103631272,1.88057621086345,0.0,0.02391274832189083,0.005052129831165075,1.886061930656433,0.0,0.0
1416,0.02408174589714583,0.005173411877716289,1.8908334199120016,0.0,0.023877555131912233,0.004873330146074295,1.9004225492477418,0.0,0.0
1417,0.023796614369048792,0.004841717507909326,1.8954897487864775,0.0,0.024133618175983428,0.0051816429011523725,1.895197606086731,0.0,0.0
1418,0.02403682897634366,0.005169925416874535,1.8866903992260204,0.0,0.024246303737163542,0.005319221690297127,1.8927082538604736,0.0,0.0
1419,0.024107133421827767,0.005141022916444961,1.8966110664255478,0.0,0.02415839284658432,0.005050717620179057,1.9107675790786742,0.0,0.0
1420,0.024044046507162208,0.005038216984009042,1.900582979707157,0.0,0.024314282834529875,0.005292210914194584,1.9022072315216065,0.0,0.0
1421,0.023881677209454423,0.0049092390930608795,1.8972438363467945,0.0,0.02397928386926651,0.0049754265695810315,1.900385808944702,0.0,0.0
1422,0.024033814230385947,0.005077476640615393,1.8956338167190552,0.0,0.023852722346782686,0.004843094432726502,1.900962805747986,0.0,0.0
1423,0.023713153074769414,0.004836938234374803,1.8876215570113237,0.0,0.02437060885131359,0.005507329199463129,1.8863280773162843,0.0,0.0
1424,0.024050816455308127,0.005265371572664555,1.8785445830401253,0.0,0.023796480521559714,0.004851899482309819,1.8944581747055054,0.0,0.0
1425,0.023836717009544373,0.0048907010761253976,1.8946016536039465,0.0,0.02383842132985592,0.004860963765531778,1.8977458477020264,0.0,0.0
1426,0.0240577846108114,0.005165195147342542,1.8892590158125933,0.0,0.024329067766666414,0.005354777909815311,1.8974290370941163,0.0,0.0
1427,0.0242654980324647,0.005338796715745155,1.892670147559222,0.0,0.02427792511880398,0.005229599215090275,1.904832625389099,0.0,0.0
1428,0.024148226441705927,0.005118434920030481,1.9029791705748613,0.0,0.023960487544536592,0.004816226428374648,1.9144261598587036,0.0,0.0
1429,0.024112737792379716,0.0050593636765637814,1.9053374318515552,0.0,0.023452633619308473,0.00431157173588872,1.914106273651123,0.0,0.0
1430,0.02379152934779139,0.004788691547754056,1.9002837994519401,0.0,0.023999277129769327,0.005064922850579023,1.893435502052307,0.0,0.0
1431,0.023801110356169587,0.004992696127909071,1.8808414725696339,0.0,0.024385511875152588,0.005527830962091684,1.8857681512832642,0.0,0.0
1432,0.02403254806995392,0.005256289999712916,1.8776258580824907,0.0,0.02424151487648487,0.005389873124659062,1.8851641893386841,0.0,0.0
1433,0.023942881647278282,0.005092901410534978,1.8849980550653793,0.0,0.023792680725455283,0.004808280244469642,1.8984400987625123,0.0,0.0
1434,0.023825091912465936,0.004896855611792382,1.892823675099541,0.0,0.02428382933139801,0.0052978934720158575,1.8985936641693115,0.0,0.0
1435,0.02393246321555446,0.005063318455701365,1.8869145337273092,0.0,0.02381838709115982,0.0049076010938733814,1.8910785913467407,0.0,0.0
1436,0.02395097933271352,0.005101266234894009,1.8849713591968311,0.0,0.02378036789596081,0.004816011898219586,1.8964356184005737,0.0,0.0
1437,0.024004155222107384,0.005081095239695381,1.8923060613520004,0.0,0.02443385273218155,0.005423558130860329,1.9010295152664185,0.0,0.0
1438,0.023914097972652492,0.004936014603385154,1.897808362455929,0.0,0.024361768364906312,0.005337835755199194,1.9023932933807373,0.0,0.0
1439,0.024102768367704225,0.005171325030353139,1.8931443761376774,0.0,0.023505958542227746,0.004486359097063542,1.9019599676132202,0.0,0.0
1440,0.023753935580744463,0.004760412526700427,1.8993523401372574,0.0,0.024147677049040795,0.00516110397875309,1.8986573696136475,0.0,0.0
1441,0.024222503032754448,0.0052999044932863296,1.892259906320011,0.0,0.023511847108602525,0.004519628593698144,1.8992218732833863,0.0,0.0
1442,0.023772622732555166,0.004816923400058466,1.8955699626137228,0.0,0.02402952089905739,0.005028256773948669,1.9001264095306396,0.0,0.0
1443,0.024012583253138205,0.0051143899943460434,1.8898194116704605,0.0,0.02358599714934826,0.0046366192400455475,1.894937801361084,0.0,0.0
1444,0.02407425718710703,0.005169611835085294,1.8904645933824427,0.0,0.02471695877611637,0.005685699637979269,1.9031259059906005,0.0,0.0
1445,0.0236894313026877,0.004772187785848099,1.8917244041667265,0.0,0.02418165057897568,0.00527695044875145,1.8904700517654418,0.0,0.0
1446,0.023893876001238823,0.005063244442948524,1.8830632111605476,0.0,0.02427225075662136,0.005429089348763227,1.8843162536621094,0.0,0.0
1447,0.024328906417769545,0.005539195612072945,1.8789711208904492,0.0,0.023690235614776612,0.004751448752358556,1.8938787698745727,0.0,0.0
1448,0.02383035092669375,0.004894351586699486,1.893600015079274,0.0,0.023507482558488845,0.004511545365676284,1.8995938062667848,0.0,0.0
1449,0.023856904138537013,0.004968242966296042,1.8888661370557898,0.0,0.024073453992605208,0.005183935910463333,1.888951849937439,0.0,0.0
1450,0.02398412225439268,0.005164528676473042,1.8819594242993523,0.0,0.02399730831384659,0.005079247988760471,1.8918061256408691,0.0,0.0
1451,0.023596939028185958,0.004760729012024754,1.883621005450978,0.0,0.023736410588026047,0.004870947916060686,1.8865463256835937,0.0,0.0
1452,0.02386649139225483,0.005050357239430442,1.8816134508918314,0.0,0.0243788905441761,0.005526638962328434,1.885225200653076,0.0,0.0
1453,0.023995076360947946,0.005231436917229611,1.87636399269104,0.0,0.0246500663459301,0.005732245929539204,1.8917820692062377,0.0,0.0
1454,0.024078205008717143,0.005132839384981815,1.8945366003934074,0.0,0.02415393218398094,0.005109194666147232,1.9044738292694092,0.0,0.0
1455,0.02398160779300858,0.005020726800841444,1.8960881233215332,0.0,0.024901653826236724,0.005894925352185965,1.9006729125976562,0.0,0.0
1456,0.024111557751893997,0.00514084251378389,1.8970715859357048,0.0,0.024215446412563325,0.00516700129956007,1.9048445701599122,0.0,0.0
1457,0.0238762007040136,0.004883786964723293,1.8992413983625525,0.0,0.024704840034246445,0.0056662031449377535,1.9038637161254883,0.0,0.0
1458,0.02411761671742972,0.005181599490563659,1.8936017751693726,0.0,0.0249564740806818,0.005927284341305494,1.90291907787323,0.0,0.0
1459,0.023938692887039745,0.005005539614049827,1.8933153853696936,0.0,0.024450428783893585,0.005465641245245933,1.8984787940979004,0.0,0.0
1460,0.02393394522368908,0.0050979918416808635,1.8835954035029692,0.0,0.023984915763139724,0.005157793592661619,1.8827122688293456,0.0,0.0
1461,0.023825660347938538,0.005056286751128295,1.876937417423024,0.0,0.024606393277645112,0.00573789831250906,1.886849570274353,0.0,0.0
1462,0.024247485267765382,0.005361648824285059,1.888583695187288,0.0,0.023803945258259775,0.004723624419420957,1.9080321073532105,0.0,0.0
1463,0.023845168707125327,0.004848133841091219,1.8997035447288961,0.0,0.023311008885502815,0.004242765298113227,1.9068244218826294,0.0,0.0
1464,0.0242089476874646,0.005230516770525891,1.8978431365069222,0.0,0.024737536907196045,0.005691411346197129,1.9046126127243042,0.0,0.0
1465,0.024094975279534563,0.005100948270410299,1.8994027376174927,0.0,0.02412492372095585,0.004971201531589031,1.9153722286224366,0.0,0.0
1466,0.02381332328214365,0.004733483882292229,1.9079840043011833,0.0,0.02397417388856411,0.004922770336270333,1.9051403760910035,0.0,0.0
1467,0.024007760645712122,0.005089162328444859,1.8918598469565897,0.0,0.023557409271597864,0.00463516809977591,1.89222412109375,0.0,0.0
1468,0.023819567306953317,0.004987531862057307,1.8832035906174605,0.0,0.024048779159784317,0.0051783524919301275,1.8870427370071412,0.0,0.0
1469,0.023991381639943403,0.005211411564446548,1.8779970617855297,0.0,0.02404319941997528,0.005250277137383819,1.8792922973632813,0.0,0.0
1470,0.02401769972022842,0.00525202854152988,1.8765671603819902,0.0,0.02366798706352711,0.00480808038264513,1.8859907150268556,0.0,0.0
1471,0.02431039577897857,0.005458787877989166,1.8851608248317944,0.0,0.024651654809713364,0.005586048401892185,1.9065607070922852,0.0,0.0
1472,0.023790484513430035,0.0046665110515759275,1.9123973636066212,0.0,0.024599549919366838,0.0054277293384075165,1.9171820640563966,0.0,0.0
1473,0.02374437955372474,0.004700536757488461,1.9043843044954187,0.0,0.024625997990369797,0.005678151827305555,1.894784641265869,0.0,0.0
1474,0.023741121787358734,0.004971274393884575,1.8769847925971537,0.0,0.02375427633523941,0.005031259078532457,1.8723017930984498,0.0,0.0
1475,0.024105277898557046,0.005370220087249489,1.873505809727837,0.0,0.02468237355351448,0.005740439519286156,1.894193410873413,0.0,0.0
1476,0.023950974621316967,0.004992538268732674,1.8958436671425314,0.0,0.02376447394490242,0.004766038106754422,1.8998436450958252,0.0,0.0
1477,0.02384394034743309,0.004973793292746824,1.8870147536782658,0.0,0.02420983463525772,0.0053201158531010154,1.8889719486236571,0.0,0.0
1478,0.024042760624605065,0.005199189215679379,1.8843571368385763,0.0,0.024607114121317865,0.0057063080370426175,1.8900806665420533,0.0,0.0
1479,0.02395904403837288,0.005083252867574201,1.8875791746027328,0.0,0.024388998746871948,0.005416627507656813,1.8972371578216554,0.0,0.0
1480,0.024025633273755804,0.005110212957815212,1.8915420349906473,0.0,0.023884691670536994,0.004901154059916734,1.8983538150787354,0.0,0.0
1481,0.023857734330436763,0.004927714108763372,1.8930020612828873,0.0,0.024812911450862885,0.005885348562151194,1.8927563428878784,0.0,0.0
1482,0.023723631549407456,0.004862870062317918,1.8860761908923878,0.0,0.024235771968960762,0.005381707008928061,1.8854065418243409,0.0,0.0
1483,0.02365153085659532,0.004939157707507119,1.8712373831692863,0.0,0.02408220022916794,0.005378177808597684,1.8704022407531737,0.0,0.0
1484,0.02363011525834308,0.004992135444327313,1.8637980573317583,0.0,0.024230439215898514,0.005553395114839077,1.8677043914794922,0.0,0.0
1485,0.023912219768937898,0.005305221153642325,1.8606999481425566,0.0,0.024532514810562133,0.005790401995182037,1.874211359024048,0.0,0.0
1486,0.023592336432022208,0.004854045589180554,1.8738291263580322,0.0,0.02405100204050541,0.00524638295173645,1.8804619550704955,0.0,0.0
1487,0.024297742063508314,0.005499947596998776,1.8797795071321375,0.0,0.023787309229373933,0.004801459796726704,1.8985849857330321,0.0,0.0
1488,0.023904292022480685,0.004945206045008758,1.8959086432176477,0.0,0.023771191015839577,0.004782705008983612,1.8988486289978028,0.0,0.0
1489,0.023723142331137377,0.004823806928470731,1.889933565083672,0.0,0.024823174625635148,0.005920915864408016,1.8902259111404418,0.0,0.0
1490,0.02372704610666808,0.004917949657229816,1.8809096743078793,0.0,0.023850638419389725,0.005039972206577659,1.8810666084289551,0.0,0.0
1491,0.023884200764929548,0.005143092890434405,1.8741108599831076,0.0,0.02451556771993637,0.005725027061998844,1.8790540933609008,0.0,0.0
1492,0.024083992356763166,0.005260835894766976,1.882315663730397,0.0,0.02372545674443245,0.004808319266885519,1.891713809967041,0.0,0.0
1493,0.023771915584802628,0.004868892295395627,1.8903023214901196,0.0,0.023963530361652375,0.005059039453044534,1.8904492139816285,0.0,0.0
1494,0.023657964542508125,0.004873742267270298,1.878422267296735,0.0,0.024148864671587944,0.005347767844796181,1.880109715461731,0.0,0.0
1495,0.023664278799996656,0.0049355562283274,1.872872275464675,0.0,0.02376103438436985,0.0049739651381969455,1.878706979751587,0.0,0.0
1496,0.02411788800621734,0.005327709840939325,1.8790178579442642,0.0,0.024662022665143012,0.005692675709724426,1.8969347715377807,0.0,0.0
1497,0.024021230966729278,0.005018543150714215,1.9002688421922571,0.0,0.02368321418762207,0.00452722106128931,1.9155993223190309,0.0,0.0
1498,0.023897184606860664,0.004821854123078725,1.9075330706203686,0.0,0.02344791777431965,0.004391172155737877,1.905674648284912,0.0,0.0
1499,0.023837505456279304,0.004933070377720629,1.8904435424243702,0.0,0.023422335833311082,0.004549657274037599,1.8872679471969604,0.0,0.0
1500,0.023761674652204794,0.004878599278847961,1.8883075714111328,0.0,0.023872875049710272,0.004928163904696703,1.8944711446762086,0.0,0.0
1501,0.023979184710804152,0.005143638152410002,1.883554690024432,0.0,0.023877602815628052,0.0050630859099328514,1.8814517259597778,0.0,0.0
1502,0.023829126511426532,0.005014809012851294,1.8814318039838005,0.0,0.02395760975778103,0.005039424728602171,1.891818642616272,0.0,0.0
1503,0.023962603662820423,0.005108623957151876,1.8853979811948889,0.0,0.023873567581176758,0.004970647394657135,1.8902920484542847,0.0,0.0
1504,0.024264201631440836,0.005349929554059225,1.8914272294324987,0.0,0.02398838773369789,0.004927529208362103,1.9060858964920044,0.0,0.0
1505,0.023923681610647368,0.004843858043279718,1.9079824265311747,0.0,0.023739973083138466,0.004618859011679887,1.912111473083496,0.0,0.0
1506,0.023919771480209687,0.004936434068333577,1.8983337738934685,0.0,0.023975173756480218,0.004995517618954182,1.897965669631958,0.0,0.0
1507,0.023910404347321567,0.0049810843706569255,1.8929320573806763,0.0,0.024067484587430955,0.005136676877737045,1.893080759048462,0.0,0.0
1508,0.023737253840355313,0.004900704411899342,1.8836549590615665,0.0,0.024163352325558662,0.005331752728670836,1.8831599712371827,0.0,0.0
1509,0.02378026954829693,0.005006916519692715,1.8773353520561666,0.0,0.02407868318259716,0.005268476065248251,1.881020736694336,0.0,0.0
1510,0.023730087148792604,0.004983550184132422,1.874653746100033,0.0,0.023120082914829254,0.004313928354531526,1.880615472793579,0.0,0.0
1511,0.0237533492857919,0.00498074441052535,1.8772605306961958,0.0,0.024391644448041917,0.005548009369522333,1.8843634843826294,0.0,0.0
1512,0.023959757212330315,0.005176323520786622,1.8783434138578528,0.0,0.02488957792520523,0.006040885020047427,1.884869360923767,0.0,0.0
1513,0.023942653856733265,0.00515968762064243,1.8782966697917265,0.0,0.02380920760333538,0.004981798445805907,1.8827410221099854,0.0,0.0
1514,0.024246821289553362,0.005340620601440177,1.8906201264437508,0.0,0.02498035952448845,0.0059093302115798,1.9071029901504517,0.0,0.0
1515,0.02379305978469989,0.004799795008319265,1.8993265067829805,0.0,0.0248060405254364,0.005797548778355121,1.9008492469787597,0.0,0.0
1516,0.02397210556356346,0.005054048180361004,1.891805789049934,0.0,0.02363578639924526,0.00462993592955172,1.9005851030349732,0.0,0.0
1517,0.0238765372949488,0.0049007871078656,1.8975750488393448,0.0,0.02386145107448101,0.004837828595191241,1.902362322807312,0.0,0.0
1518,0.023536361973075307,0.004671304267557228,1.8865058001349955,0.0,0.02495378665626049,0.006169393751770258,1.8784393310546874,0.0,0.0
1519,0.023811767096905148,0.005127467680722475,1.8684299973880543,0.0,0.02403782829642296,0.005292966961860657,1.8744861841201783,0.0,0.0
1520,0.023756120792206598,0.0051182698294082105,1.8637851476669312,0.0,0.024046245589852334,0.005338597297668457,1.8707648277282716,0.0,0.0
1521,0.02384273039505762,0.005195089561097762,1.864764136426589,0.0,0.024292344599962233,0.005563723016530275,1.8728622198104858,0.0,0.0
1522,0.023917466073351747,0.005188903113936677,1.8728563785552979,0.0,0.02397630363702774,0.005118905985727906,1.8857397794723512,0.0,0.0
1523,0.023722188328118884,0.004927356809596805,1.879483194912181,0.0,0.0239143256098032,0.005091641657054424,1.8822683811187744,0.0,0.0
1524,0.02364857670138864,0.0049470933428143755,1.8701483992969288,0.0,0.02391839027404785,0.005201150942593813,1.8717239379882813,0.0,0.0
1525,0.02409507509540109,0.005359826705363744,1.873524876201854,0.0,0.024556298926472663,0.005620623985305428,1.8935675382614137,0.0,0.0
1526,0.023789048961856785,0.004881221061462865,1.890782868160921,0.0,0.023365530744194986,0.00437594554387033,1.8989584922790528,0.0,0.0
1527,0.023903695647330844,0.004909078974057646,1.8994617181665756,0.0,0.023746846616268157,0.0047031599562615154,1.9043687105178833,0.0,0.0
1528,0.023758785032174167,0.004853832946323296,1.890495209132924,0.0,0.023798204585909845,0.004944383585825563,1.8853821277618408,0.0,0.0
1529,0.02371294511591687,0.004942546160343815,1.877039958448971,0.0,0.023278700187802315,0.004471023194491863,1.8807677984237672,0.0,0.0
1530,0.02379456173409434,0.005073076976901468,1.8721484857447006,0.0,0.023449452221393587,0.004644624376669526,1.880482840538025,0.0,0.0
1531,0.02385986618259374,0.0050384976408060856,1.8821369269314934,0.0,0.02326340675354004,0.004345086868852377,1.8918320417404175,0.0,0.0
1532,0.023642931133508682,0.004755972870899474,1.8886958641164444,0.0,0.024070402979850768,0.005173692107200622,1.8896711111068725,0.0,0.0
1533,0.023803728906547323,0.005053053911337081,1.8750675425809973,0.0,0.02435419037938118,0.005566508416086436,1.878768229484558,0.0,0.0
1534,0.023911118616952616,0.005096132346593282,1.8814986593583052,0.0,0.024511527642607688,0.005589073244482279,1.8922454118728638,0.0,0.0
1535,0.02356794531292775,0.004693328046842533,1.8874617955263924,0.0,0.02370476834475994,0.004838524013757705,1.8866244792938232,0.0,0.0
1536,0.02373787760734558,0.004932254169355421,1.8805623545366175,0.0,0.024285466223955155,0.005437781941145659,1.8847684621810914,0.0,0.0
1537,0.024027667610960847,0.005230597165577552,1.8797071050195133,0.0,0.023508837446570396,0.004615263640880584,1.8893574237823487,0.0,0.0
1538,0.023843633010983467,0.004975518704775502,1.886811473790337,0.0,0.02375739924609661,0.004805322922766209,1.8952077388763429,0.0,0.0
1539,0.023798288010499057,0.004935301182901158,1.8862987686606014,0.0,0.024042931944131853,0.005145736597478389,1.889719581604004,0.0,0.0
1540,0.023689078605350328,0.004886390970033758,1.880268791142632,0.0,0.024285166710615157,0.005459158681333065,1.8826008796691895,0.0,0.0
1541,0.023845987284884733,0.00514251204645809,1.870347583995146,0.0,0.023689557611942292,0.004916782910004258,1.8772774696350099,0.0,0.0
1542,0.02411429036189528,0.005289330832002794,1.8824960063485539,0.0,0.02408651411533356,0.005062715150415897,1.9023799657821656,0.0,0.0
1543,0.024013880749835688,0.00501261609058608,1.9001265343497782,0.0,0.02466910071671009,0.005591471027582884,1.9077630758285522,0.0,0.0
1544,0.02357173349489184,0.004629953545244301,1.8941780398873722,0.0,0.02363688088953495,0.0047736018896102905,1.8863278865814208,0.0,0.0
1545,0.02390430582796826,0.005131815341027344,1.8772491216659546,0.0,0.023577744141221046,0.00472706644795835,1.8850677967071534,0.0,0.0
1546,0.023977907155366504,0.005169786567635396,1.880812076961293,0.0,0.023990610241889955,0.005116830207407474,1.8873780488967895,0.0,0.0
1547,0.023790135870085043,0.004952741156825248,1.8837394924724804,0.0,0.02413780279457569,0.00520683778449893,1.8930965662002563,0.0,0.0
1548,0.023767625584321862,0.004926963914733599,1.884066203061272,0.0,0.024159250035881995,0.005300059448927641,1.8859190225601197,0.0,0.0
1549,0.023780685356434655,0.005029545823002563,1.8751140131669886,0.0,0.024419018253684043,0.0056798821315169334,1.8739136934280396,0.0,0.0
1550,0.023983626352513537,0.005279961891253205,1.8703665102229399,0.0,0.023525867983698844,0.004696578253060579,1.8829290866851807,0.0,0.0
1551,0.023768220315961278,0.004952091915423379,1.8816128338084501,0.0,0.023957161232829094,0.005060921050608158,1.889624047279358,0.0,0.0
1552,0.024018770412487143,0.005225902560221798,1.87928685019998,0.0,0.024106132611632348,0.0052133360877633095,1.8892797470092773,0.0,0.0
1553,0.023861317402299714,0.004921525744173457,1.893979219829335,0.0,0.024052201583981515,0.005024656839668751,1.9027545928955079,0.0,0.0
1554,0.02366427321206121,0.004791103700614151,1.8873170193503885,0.0,0.023322879895567895,0.004467741400003433,1.8855138540267944,0.0,0.0
1555,0.023662431932547513,0.004913577042958315,1.8748855380450977,0.0,0.023907311260700226,0.005129873380064964,1.8777438402175903,0.0,0.0
1556,0.02382924232412787,0.005058465799426331,1.8770776987075806,0.0,0.023655368760228158,0.004799733869731426,1.885563564300537,0.0,0.0
1557,0.023936648798339507,0.005189171636148411,1.8747477531433105,0.0,0.023525069653987884,0.004713693587109447,1.8811376810073852,0.0,0.0
1558,0.023989621111575293,0.005163777044371647,1.882584438604467,0.0,0.02389043793082237,0.004935520002618432,1.8954918146133424,0.0,0.0
1559,0.02402664699098643,0.005086514140095781,1.8940133277107687,0.0,0.023565175384283064,0.0045276818796992305,1.903749442100525,0.0,0.0
1560,0.023675712373326805,0.0047002192038823574,1.8975493697559132,0.0,0.02350766062736511,0.0045550517737865445,1.8952609062194825,0.0,0.0
1561,0.023918991141459522,0.005080735557438696,1.8838255896287806,0.0,0.024372097104787827,0.005474310554563999,1.8897786855697631,0.0,0.0
1562,0.0239013630677672,0.005014078938128317,1.888728422277114,0.0,0.024667300283908844,0.005735716782510281,1.8931583642959595,0.0,0.0
1563,0.023836478700532633,0.004948790979516857,1.8887688202016495,0.0,0.02382272444665432,0.0049219666048884395,1.8900758504867554,0.0,0.0
1564,0.024004344554508433,0.005150227985509178,1.8854116481893204,0.0,0.02375839129090309,0.004810757469385862,1.8947633981704712,0.0,0.0
1565,0.02372610985356219,0.004843507783816141,1.8882602593478035,0.0,0.023242002353072166,0.0043306754436343905,1.8911327600479126,0.0,0.0
1566,0.023857985458829823,0.005040693370734944,1.8817292592104744,0.0,0.02336227484047413,0.004513916932046414,1.8848358392715454,0.0,0.0
1567,0.02391738203518531,0.005042761660126203,1.8874620900434607,0.0,0.02484992705285549,0.005826047621667385,1.9023879528045655,0.0,0.0
1568,0.023848853019230506,0.004913297728361452,1.8935555850758272,0.0,0.023713313788175584,0.004756511002779007,1.8956803560256958,0.0,0.0
1569,0.023603801779887256,0.004760462188107126,1.8843340172487146,0.0,0.023788868635892867,0.004988475050777197,1.8800393342971802,0.0,0.0
1570,0.02360185915056397,0.004941170788643991,1.866068861063789,0.0,0.0238764226436615,0.005222355853766203,1.8654067516326904,0.0,0.0
1571,0.02398061445530723,0.0053438135587117255,1.863680131295148,0.0,0.02366318255662918,0.0049112093634903434,1.8751973390579224,0.0,0.0
1572,0.023688097758328214,0.00492777454885928,1.8760323734844433,0.0,0.02436835505068302,0.005529499333351851,1.8838856220245361,0.0,0.0
1573,0.023664065143641305,0.004927276483024745,1.8736789016162647,0.0,0.023569605499505996,0.0048163820058107374,1.8753223180770875,0.0,0.0
1574,0.02406753468162873,0.005304273847928818,1.8763261262108297,0.0,0.02383766956627369,0.004908883385360241,1.8928786754608153,0.0,0.0
1575,0.023668069063740617,0.004799436243689235,1.8868633719051586,0.0,0.02351085767149925,0.004617939470335841,1.8892918586730958,0.0,0.0
1576,0.023948633495499107,0.005109844784087995,1.883878932279699,0.0,0.02351866625249386,0.00459380391985178,1.89248628616333,0.0,0.0
1577,0.023615297258776778,0.004760865395998254,1.8854432526756735,0.0,0.02398286871612072,0.005132574122399092,1.8850294589996337,0.0,0.0
1578,0.023541639832889334,0.004827469505150528,1.8714170736425064,0.0,0.02387962192296982,0.005185222253203392,1.869439959526062,0.0,0.0
1579,0.023779595161185545,0.005195000482832684,1.8584594866808724,0.0,0.023820863291621207,0.005137022119015455,1.8683841705322266,0.0,0.0
1580,0.023722711293136373,0.005114421905840144,1.8608290097292732,0.0,0.02449656426906586,0.005809423234313727,1.868714189529419,0.0,0.0
1581,0.024012384936213493,0.005306405289208188,1.8705980006386251,0.0,0.024571380764245986,0.005697226617485285,1.8874154567718506,0.0,0.0
1582,0.023693100713631687,0.004814237671192078,1.8878863769419052,0.0,0.023771446943283082,0.004882651846855879,1.8888796329498292,0.0,0.0
1583,0.023917570929316914,0.0051413558368735455,1.8776215455111336,0.0,0.023623917251825333,0.004768574004992842,1.8855342864990234,0.0,0.0
1584,0.023941726478583673,0.005094721310717218,1.884700571789461,0.0,0.023243001103401183,0.0042755380272865295,1.8967463731765748,0.0,0.0
1585,0.02387196899336927,0.004948843927944408,1.8923125477398144,0.0,0.024057875946164133,0.005038718413561583,1.9019158363342286,0.0,0.0
1586,0.023831769385758567,0.00486608241301249,1.8965687611523796,0.0,0.023630236834287645,0.004674164531752467,1.8956072092056275,0.0,0.0
1587,0.024120688438415527,0.005157522117609487,1.8963166896034689,0.0,0.024252288788557053,0.005126007460057735,1.912628173828125,0.0,0.0
1588,0.023860944982837227,0.004794368027325939,1.9066577378441305,0.0,0.0238963034003973,0.00481014447286725,1.9086159229278565,0.0,0.0
1589,0.023688940988744005,0.004728144048439229,1.89607975062202,0.0,0.024132031574845315,0.005200084578245878,1.893194818496704,0.0,0.0
1590,0.023918756229035994,0.005068632828838685,1.8850123671924366,0.0,0.02362888790667057,0.004670291626825929,1.8958597421646117,0.0,0.0
1591,0.023552075685823664,0.004714367966003278,1.8837708024417652,0.0,0.02399163395166397,0.005194000527262687,1.8797633647918701,0.0,0.0
1592,0.023714773685616607,0.005017010412891121,1.8697763120426851,0.0,0.024263182282447816,0.005549096781760454,1.8714086294174195,0.0,0.0
1593,0.023659047835013446,0.00499382009729743,1.8665228310753317,0.0,0.023682580143213273,0.004929108079522848,1.8753472328186036,0.0,0.0
1594,0.02405752636053983,0.005294442752047497,1.8763084341497982,0.0,0.023637058958411217,0.004753610584884882,1.88834490776062,0.0,0.0
1595,0.023680030751754257,0.004851023830911692,1.882900777985068,0.0,0.02406869865953922,0.005216328147798777,1.8852370738983155,0.0,0.0
1596,0.02395348875399898,0.0051688614904003985,1.8784627774182487,0.0,0.02375771664083004,0.004868699423968792,1.8889017820358276,0.0,0.0
1597,0.02407085829797913,0.005176597000921474,1.8894261822980993,0.0,0.02381010875105858,0.004795058723539114,1.9015049934387207,0.0,0.0
1598,0.023987333016360506,0.00496424814028775,1.902308513136471,0.0,0.023630423098802568,0.004545077588409186,1.908534622192383,0.0,0.0
1599,0.023660889881498674,0.00472183499540038,1.8939055134268368,0.0,0.024337420240044594,0.005430398415774107,1.890702199935913,0.0,0.0
1600,0.023769541807910976,0.0049559938830926135,1.8813548368566178,0.0,0.02393580675125122,0.0051456201821565625,1.8790187120437623,0.0,0.0
1601,0.02354408669121125,0.0048584176556152455,1.8685669898986816,0.0,0.023526098951697348,0.004845622973516583,1.8680476188659667,0.0,0.0
1602,0.0239542546298574,0.005294303053661305,1.8659951897228466,0.0,0.023692583292722703,0.004883512761443854,1.8809070348739625,0.0,0.0
1603,0.023501749753075486,0.0046593629864647105,1.8842387059155632,0.0,0.024172019213438034,0.005318867601454258,1.885315179824829,0.0,0.0
1604,0.023810976130120894,0.005031124086064451,1.8779852670781754,0.0,0.024821057543158533,0.006013792753219604,1.8807265043258667,0.0,0.0
1605,0.02359637486584046,0.004842523567597656,1.8753851511899162,0.0,0.02367892600595951,0.0049296488985419275,1.8749277591705322,0.0,0.0
1606,0.0236036974717589,0.004957774763598162,1.8645922787049238,0.0,0.023602637648582458,0.004932679980993271,1.8669957876205445,0.0,0.0
1607,0.023708446718314114,0.005085835562032812,1.8622611059862024,0.0,0.024105597287416458,0.005349994357675314,1.8755603790283204,0.0,0.0
1608,0.023873932550058645,0.005016276325263521,1.8857656787423527,0.0,0.024836280196905137,0.005840736720710993,1.8995543718338013,0.0,0.0
1609,0.023819962187724954,0.004832500372739399,1.8987462099860697,0.0,0.02382756322622299,0.004763819929212332,1.9063743591308593,0.0,0.0
1610,0.023817003978525892,0.004839165629271199,1.8977838894900154,0.0,0.023858287557959556,0.0048365314491093155,1.9021756649017334,0.0,0.0
1611,0.024077788324040526,0.005106195478754885,1.8971593239728142,0.0,0.02385699115693569,0.004755775909870863,1.9101215600967407,0.0,0.0
1612,0.023878471487585234,0.0048492591115919985,1.9029213119955624,0.0,0.02369602881371975,0.004622499085962772,1.9073530435562134,0.0,0.0
1613,0.023743359700721854,0.00481236947919516,1.8930990415460922,0.0,0.023731533065438272,0.004774732608348131,1.895680046081543,0.0,0.0
1614,0.023700842852978146,0.004877280936959912,1.8823562089134664,0.0,0.024127326905727386,0.00526308249682188,1.8864245414733887,0.0,0.0
1615,0.023739113308051053,0.004929955911767834,1.8809157680062687,0.0,0.023932453989982606,0.005068688932806253,1.8863765954971314,0.0,0.0
1616,0.02381333303363884,0.005016203175353653,1.8797130374347462,0.0,0.02393366992473602,0.005069639440625906,1.8864030599594117,0.0,0.0
1617,0.023839160799980164,0.005057547679718803,1.8781613672480864,0.0,0.02351604700088501,0.004637595079839229,1.887845230102539,0.0,0.0
1618,0.02380495869061526,0.004922685761223821,1.8882273155100204,0.0,0.023439089581370354,0.004453090345486998,1.898599910736084,0.0,0.0
1619,0.023695633472765192,0.004858032567426562,1.883760136716506,0.0,0.023719969391822814,0.00491685438901186,1.8803115129470824,0.0,0.0
1620,0.023859337739208165,0.005145417690715369,1.8713920256670784,0.0,0.024207990244030954,0.005434248968958855,1.8773741722106934,0.0,0.0
1621,0.023831118665197316,0.005113307907081702,1.8717811458251055,0.0,0.024093705415725707,0.005318891629576683,1.8774813652038573,0.0,0.0
1622,0.0239967111059848,0.005234971204224755,1.876174022169674,0.0,0.023609086871147156,0.004686933383345604,1.892215371131897,0.0,0.0
1623,0.023843528483720386,0.004848104709868922,1.8995424228556015,0.0,0.023395579308271408,0.0043138083536177875,1.9081771612167358,0.0,0.0
1624,0.02389332148082116,0.004908165017909864,1.8985157153185677,0.0,0.02374015748500824,0.004766283836215734,1.8973874568939209,0.0,0.0
1625,0.023612764390075907,0.004731066442806931,1.8881698285832125,0.0,0.024106150865554808,0.0052326471544802185,1.8873504638671874,0.0,0.0
1626,0.023590230876032042,0.0048490454826284855,1.8741185524884392,0.0,0.023931008577346802,0.005155275482684374,1.8775734186172486,0.0,0.0
1627,0.02351322802988922,0.0048192998065667994,1.8693928367951338,0.0,0.023347509652376176,0.004607208026573062,1.8740302085876466,0.0,0.0
1628,0.023834554588093478,0.005155297215370571,1.8679257771548103,0.0,0.02452618144452572,0.005732546001672745,1.8793636083602905,0.0,0.0
1629,0.0238125248647788,0.004978399518329431,1.883412578526665,0.0,0.02464458718895912,0.005697971116751433,1.8946615934371949,0.0,0.0
1630,0.023789620684350237,0.0049570189953288615,1.8832601869807524,0.0,0.023838097229599953,0.004958605952560901,1.8879491806030273,0.0,0.0
1631,0.023540855549714145,0.004735329599284074,1.8805526144364302,0.0,0.0239361684769392,0.0051040574442595245,1.8832111597061156,0.0,0.0
1632,0.024098130162147915,0.00529782085076851,1.8800309826346004,0.0,0.025039844587445258,0.006125497817993164,1.8914347410202026,0.0,0.0
1633,0.024037149789578775,0.00514183657736901,1.8895313459284164,0.0,0.023647022247314454,0.004641497507691383,1.9005525588989258,0.0,0.0
1634,0.024024680804680374,0.0050262873444487065,1.8998394012451172,0.0,0.023487721756100654,0.004377164319157601,1.9110558032989502,0.0,0.0
1635,0.023694531115538934,0.004674953298971933,1.9019578344681685,0.0,0.02349451035261154,0.004450957663357258,1.9043553352355957,0.0,0.0
1636,0.02368855881778633,0.0047554660533719205,1.8933093197205488,0.0,0.024802784621715545,0.005859937425702811,1.8942847490310668,0.0,0.0
1637,0.023660170681336346,0.004867470576701795,1.879270027665531,0.0,0.023922354355454443,0.0051108838990330694,1.8811470031738282,0.0,0.0
1638,0.023647278985556436,0.004953978364081944,1.8693301046595854,0.0,0.023369495570659638,0.004632699303328991,1.8736797094345092,0.0,0.0
1639,0.023676768273991698,0.005020159926703747,1.8656608918133903,0.0,0.023652424663305284,0.004919582046568394,1.873284363746643,0.0,0.0
1640,0.023623163976213512,0.004927109789979809,1.8696054711061365,0.0,0.024260473623871803,0.005482258647680283,1.8778215169906616,0.0,0.0
1641,0.024168315069640383,0.0053696044008521475,1.879871080903446,0.0,0.02333485707640648,0.004300049506127834,1.9034808158874512,0.0,0.0
1642,0.023633970166830456,0.004713228068259709,1.8920742623946245,0.0,0.023597508296370508,0.004642153857275844,1.89553542137146,0.0,0.0
1643,0.023806009770316237,0.004931252148440655,1.8874757710625143,0.0,0.024287740141153334,0.005273804720491171,1.9013935804367066,0.0,0.0
1644,0.023502291892381275,0.004512283512774636,1.8990008620654835,0.0,0.023841920495033263,0.004814866557717323,1.902705478668213,0.0,0.0
1645,0.024151077055755782,0.0052360369111685194,1.8915040773503922,0.0,0.023545851558446886,0.0045690435450524095,1.8976808309555053,0.0,0.0
1646,0.023660099572118592,0.004762493183507639,1.8897606835645788,0.0,0.02397838905453682,0.0050595075823366645,1.8918882131576538,0.0,0.0
1647,0.02388562492149718,0.005069494425483486,1.881613100276274,0.0,0.023440440744161607,0.004563755821436644,1.8876685857772828,0.0,0.0
1648,0.02388319033471977,0.00506168623071383,1.882150460692013,0.0,0.024384643509984018,0.005460279807448387,1.8924363613128663,0.0,0.0
1649,0.024021357188329977,0.005159772055990556,1.8861585504868452,0.0,0.023843051865696907,0.004904377646744252,1.8938674926757812,0.0,0.0
1650,0.02369469075518496,0.0047592317740268565,1.8935459291233736,0.0,0.024233491346240043,0.0052758950740098955,1.895759677886963,0.0,0.0
1651,0.023950435002060497,0.005047729786704569,1.8902705346836763,0.0,0.024358953163027764,0.005317225586622953,1.9041728258132935,0.0,0.0
1652,0.023855457520660234,0.004849764189737684,1.900569382835837,0.0,0.024081382527947427,0.0049994389526546,1.908194375038147,0.0,0.0
1653,0.024057723581790924,0.005037390900885358,1.9020332799238318,0.0,0.023302022740244864,0.0041943027172237635,1.9107720375061035,0.0,0.0
1654,0.023645792375592625,0.004618781468118815,1.902701125425451,0.0,0.023813874274492264,0.004826168203726411,1.8987707138061523,0.0,0.0
1655,0.023739159874179783,0.0048442656612571544,1.8894894613939173,0.0,0.02407405823469162,0.00515902885235846,1.8915030002593993,0.0,0.0
1656,0.024103997932637438,0.0051735454951139055,1.8930453202303719,0.0,0.02311118096113205,0.004029406514018774,1.9081774711608888,0.0,0.0
1657,0.02368366104715011,0.004676131572683945,1.9007530352648567,0.0,0.02376984991133213,0.004694763198494911,1.907508659362793,0.0,0.0
1658,0.023422772283939755,0.004416297162499498,1.9006475560805376,0.0,0.02401774376630783,0.005055056884884834,1.8962687969207763,0.0,0.0
1659,0.02399342945393394,0.005139372229356976,1.8854057648602653,0.0,0.023910294845700265,0.004981166310608387,1.8929129123687745,0.0,0.0
1660,0.023795668802717152,0.004928296089501065,1.886737297562992,0.0,0.024060653522610664,0.0052052459213882685,1.8855407953262329,0.0,0.0
1661,0.023890980026301217,0.005046083044041605,1.884489753667046,0.0,0.02377263270318508,0.004837351152673364,1.8935282468795775,0.0,0.0
1662,0.023689507999840903,0.004868890241007595,1.882061811054454,0.0,0.023997750133275986,0.005211848951876164,1.878590178489685,0.0,0.0
1663,0.023696284960297978,0.00494131470537361,1.875497067675871,0.0,0.024535548686981202,0.005734802223742008,1.8800747394561768,0.0,0.0
1664,0.023619176600785816,0.004932537209242582,1.868663977174198,0.0,0.02448294535279274,0.0057957598939538,1.8687185287475585,0.0,0.0
1665,0.02371968131731538,0.0051132840487886876,1.860639782512889,0.0,0.02328525446355343,0.004600705951452256,1.868454909324646,0.0,0.0
1666,0.02346174155964571,0.004774717778405722,1.8687024326885449,0.0,0.0240752462297678,0.005350393708795309,1.8724852800369263,0.0,0.0
1667,0.023767499800990608,0.005106463795527816,1.8661036070655375,0.0,0.023725427314639093,0.004995407070964575,1.873002028465271,0.0,0.0
1668,0.02376188600764555,0.005009283325360978,1.8752603180268232,0.0,0.023259155824780463,0.004395941644906998,1.886321473121643,0.0,0.0
1669,0.023497113191029605,0.004720608292914489,1.8776505133684944,0.0,0.023667808249592782,0.004883749224245548,1.8784059524536132,0.0,0.0
1670,0.023693544132744566,0.004934243405895198,1.875930155024809,0.0,0.02407086156308651,0.0052297948859632015,1.884106707572937,0.0,0.0
1671,0.02372376576942556,0.004985478871008929,1.8738287406809189,0.0,0.02364744395017624,0.004904772993177176,1.8742671489715577,0.0,0.0
1672,0.023821988526512596,0.00506043535492876,1.8761553483850815,0.0,0.024491792544722557,0.005642862245440483,1.884893035888672,0.0,0.0
1673,0.02391743364141268,0.0050531679298728704,1.8864266030928667,0.0,0.023787717893719675,0.00478962054476142,1.8998098373413086,0.0,0.0
1674,0.02360726290327661,0.004696340300142765,1.8910923284642838,0.0,0.02360524907708168,0.0047316568903625015,1.8873592376708985,0.0,0.0
1675,0.023868303307715583,0.004995953538181151,1.8872350454330444,0.0,0.024013549834489823,0.0050775808282196525,1.8935969591140747,0.0,0.0
1676,0.02379477922530735,0.00487912618829047,1.891565336900599,0.0,0.024424263462424278,0.005534741654992103,1.8889522552490234,0.0,0.0
1677,0.023779950816841686,0.004983782329980065,1.879616898648879,0.0,0.023623451218008996,0.004815942142158747,1.8807509660720825,0.0,0.0
1678,0.023660710848429623,0.004886082757045241,1.8774628288605635,0.0,0.024177039787173272,0.005398672726005316,1.877836775779724,0.0,0.0
1679,0.023748408674317247,0.00499418523053036,1.8754223655251896,0.0,0.024660271406173707,0.005841304175555706,1.8818967819213868,0.0,0.0
1680,0.024147611330537236,0.005243281833827496,1.890432967859156,0.0,0.023640494793653488,0.0045669031329452995,1.9073592185974122,0.0,0.0
1681,0.023538075277910513,0.004553552867625566,1.8984522819519043,0.0,0.02316843196749687,0.004266475327312946,1.8901957035064698,0.0,0.0
1682,0.02367048874935683,0.00485012203674106,1.8820366859436035,0.0,0.023601796478033066,0.004783451743423939,1.8818344831466676,0.0,0.0
1683,0.02362662838662372,0.0048357605084996015,1.879086838049047,0.0,0.023604294285178185,0.0048050923272967335,1.879920244216919,0.0,0.0
1684,0.023722535547088173,0.00499963470022468,1.8722901204053093,0.0,0.02354973889887333,0.004752840287983418,1.8796898603439331,0.0,0.0
1685,0.02374089531162206,0.0050406560630482785,1.8700239728478825,0.0,0.024305667355656625,0.005512844538316131,1.8792823553085327,0.0,0.0
1686,0.023683378253789508,0.004794890471898457,1.888848809634938,0.0,0.02410670481622219,0.005087495502084494,1.9019209146499634,0.0,0.0
1687,0.023587447426774922,0.004678679821903215,1.890876812093398,0.0,0.02328838109970093,0.004368366161361337,1.8920015811920166,0.0,0.0
1688,0.023712097174104524,0.0048659674494582065,1.8846130020478193,0.0,0.023368266969919206,0.004500851547345519,1.8867416620254516,0.0,0.0
1689,0.023919024888206932,0.005077757187845076,1.884126817478853,0.0,0.02418266236782074,0.005266828462481499,1.8915834903717041,0.0,0.0
1690,0.024004366358413416,0.0050816918887636245,1.8922675006529863,0.0,0.024106238782405854,0.005080675985664129,1.902556347846985,0.0,0.0
1691,0.02364639039425289,0.004650756552377168,1.8995633966782515,0.0,0.023341942951083182,0.004370877053588629,1.8971065998077392,0.0,0.0
1692,0.023749838966657135,0.00487755041788606,1.887228951734655,0.0,0.023793143033981324,0.004944078344851732,1.8849066257476808,0.0,0.0
1693,0.023957186323754927,0.005192388725631377,1.8764798290589277,0.0,0.024558676034212114,0.005760951247066259,1.8797725915908814,0.0,0.0
1694,0.02377902584917405,0.004928950275130132,1.8850075847962324,0.0,0.023235948383808137,0.0042668099515140055,1.8969139099121093,0.0,0.0
1695,0.023692209273576736,0.004836962407673983,1.8855247497558594,0.0,0.02369323968887329,0.004883866757154465,1.8809373378753662,0.0,0.0
1696,0.02366806161316002,0.004899683107128914,1.87683788467856,0.0,0.023182573541998864,0.00437627867795527,1.8806295156478883,0.0,0.0
1697,0.023656827233293477,0.004879956188447335,1.877687180743498,0.0,0.023865758255124093,0.005022265668958426,1.884349274635315,0.0,0.0
1698,0.02340187636368415,0.0046951888430425345,1.8706688109566183,0.0,0.02320249192416668,0.004542282409965992,1.8660210132598878,0.0,0.0
1699,0.023624207276631806,0.005012819598264554,1.8611388136358822,0.0,0.02347630187869072,0.004791819863021374,1.8684481859207154,0.0,0.0
1700,0.023398346651126358,0.004795872839167714,1.8602474296794218,0.0,0.024441435188055038,0.005843277368694544,1.8598158597946166,0.0,0.0
1701,0.023570182240184617,0.004998337422661921,1.857184557353749,0.0,0.024373951926827432,0.005732352007180452,1.8641600608825684,0.0,0.0
1702,0.024281980469822884,0.00557954450521399,1.8702436615439022,0.0,0.023410410806536674,0.004496947489678859,1.8913463830947876,0.0,0.0
1703,0.023838206249124864,0.004947310258798739,1.8890896544736975,0.0,0.023272903636097908,0.004315964225679636,1.8956939935684205,0.0,0.0
1704,0.023732326267396704,0.004809961394023369,1.8922365483115702,0.0,0.02371835969388485,0.00475555369630456,1.8962806463241577,0.0,0.0
1705,0.023796740919351578,0.004853386363452848,1.8943355013342464,0.0,0.023834387212991713,0.004828188894316554,1.9006198644638062,0.0,0.0
1706,0.023736738654620507,0.004801947212613681,1.8934791929581587,0.0,0.023626525700092316,0.004673890862613916,1.8952635288238526,0.0,0.0
1707,0.02371831194442861,0.004925203208318528,1.8793108884026022,0.0,0.023899764567613602,0.0051012609619647264,1.8798504114151,0.0,0.0
1708,0.0236582700163126,0.004940144334207563,1.8718126311021692,0.0,0.02403341270983219,0.005264207627624274,1.8769205808639526,0.0,0.0
1709,0.023707114160060883,0.004940965308753007,1.8766149562947891,0.0,0.023797407373785974,0.004944129195064306,1.8853279113769532,0.0,0.0
1710,0.02378136248273008,0.004981333896627321,1.880002919365378,0.0,0.023143026605248453,0.004257573885843158,1.8885453462600708,0.0,0.0
1711,0.02386520682450603,0.00501458122230628,1.8850625823525822,0.0,0.02316025421023369,0.004203809564933181,1.895644521713257,0.0,0.0
1712,0.023639018811723766,0.004742353223264217,1.8896665993858786,0.0,0.023695976287126542,0.0047500343061983585,1.8945942163467406,0.0,0.0
1713,0.023640734746175653,0.004812736817471245,1.882799842778374,0.0,0.024657730013132095,0.005826881527900696,1.8830848693847657,0.0,0.0
1714,0.0237331989714328,0.0049732557004865474,1.8759943457210766,0.0,0.023488705977797508,0.0046820000279694796,1.8806706190109252,0.0,0.0
1715,0.023491265690502,0.004816374768886496,1.8674891415764303,0.0,0.02338276244699955,0.004690284887328744,1.8692477464675903,0.0,0.0
1716,0.023652543697287056,0.004992837634156732,1.8659706816953772,0.0,0.024065428227186204,0.005279716849327087,1.8785712003707886,0.0,0.0
1717,0.02370887085357133,0.004932682166862137,1.8776189158944523,0.0,0.023988971114158632,0.005108189303427935,1.8880781412124634,0.0,0.0
1718,0.023846243891645882,0.004958292003720999,1.8887952496023739,0.0,0.025029973685741426,0.006094925291836262,1.8935048818588256,0.0,0.0
1719,0.0236179278615643,0.004770428681855693,1.8847499524845797,0.0,0.023690660670399665,0.004841501172631979,1.8849159717559814,0.0,0.0
1720,0.023719471495817688,0.005012190873351167,1.8707281140720142,0.0,0.023901655897498132,0.005168332159519196,1.8733324527740478,0.0,0.0
1721,0.023469716858337906,0.004769983865758952,1.8699733509736902,0.0,0.024272311106324197,0.005493292957544327,1.877901840209961,0.0,0.0
1722,0.023550011765430954,0.00489717149449622,1.8652840852737427,0.0,0.02355322539806366,0.004884593887254596,1.8668631792068482,0.0,0.0
1723,0.023624768590225893,0.0049941359526094265,1.8630632863325232,0.0,0.02355944588780403,0.004779902659356594,1.877954363822937,0.0,0.0
1724,0.02360368235146298,0.004850357497001395,1.8753325237947351,0.0,0.023311880230903626,0.004504477418959141,1.8807403326034546,0.0,0.0
1725,0.02375897951424122,0.0050698780756005465,1.8689101864309872,0.0,0.023692382872104643,0.00493283225223422,1.875955080986023,0.0,0.0
1726,0.023673896403873667,0.004943196702858105,1.8730700296514176,0.0,0.023476118221879005,0.004641449125483632,1.8834669828414916,0.0,0.0
1727,0.023573378539260698,0.004768028882715632,1.8805349784738876,0.0,0.02341599240899086,0.004634207440540194,1.8781785011291503,0.0,0.0
1728,0.02376079329234712,0.005015196936095462,1.8745596899705774,0.0,0.023537478223443032,0.004751872643828392,1.8785606622695923,0.0,0.0
1729,0.023622736115665996,0.004896795938668006,1.8725940760444193,0.0,0.02365110404789448,0.004880560468882323,1.8770543813705445,0.0,0.0
1730,0.02372467550722992,0.005009859101846814,1.871481699102065,0.0,0.023775384575128556,0.004994997614994645,1.878038716316223,0.0,0.0
1731,0.0236967170939726,0.004893856506575556,1.8802860905142391,0.0,0.02408202439546585,0.005166338104754686,1.891568660736084,0.0,0.0
1732,0.02370339336202425,0.00477238539058496,1.8931008437100578,0.0,0.023956246301531793,0.004961140733212232,1.8995107173919679,0.0,0.0
1733,0.02375538559520946,0.004837003426955026,1.8918382420259363,0.0,0.023410729691386224,0.004481667559593916,1.8929061889648438,0.0,0.0
1734,0.0235533320947605,0.004639812087749734,1.8913520294077255,0.0,0.02386402674019337,0.004972106730565429,1.8891920089721679,0.0,0.0
1735,0.023363344809588266,0.004592317800201914,1.877102760707631,0.0,0.022906291484832763,0.004190951213240623,1.8715341329574584,0.0,0.0
1736,0.023646866026170114,0.004992291810648406,1.865457485703861,0.0,0.023641028627753257,0.004946722835302353,1.8694306373596192,0.0,0.0
1737,0.023549770936369896,0.004891313009840601,1.865845848532284,0.0,0.023572877421975134,0.004892248380929232,1.8680629491806031,0.0,0.0
1738,0.02374157780671821,0.005076832274961121,1.8664746284484863,0.0,0.023393706977367403,0.004651531390845775,1.8742176294326782,0.0,0.0
1739,0.02380220142795759,0.0050535246948985495,1.874867740799399,0.0,0.02382843233644962,0.004944887198507786,1.8883545398712158,0.0,0.0
1740,0.023963112274513525,0.005078048828770132,1.8885063704322367,0.0,0.023126354441046715,0.00415892475284636,1.8967429399490356,0.0,0.0
1741,0.02358598733211265,0.004690293400712749,1.8895694297902725,0.0,0.023690514639019965,0.004824017733335495,1.8866496801376342,0.0,0.0
1742,0.023883928709170398,0.00507629569619894,1.880763376460356,0.0,0.023459235951304436,0.004608397418633103,1.8850838899612428,0.0,0.0
1743,0.023466254091438127,0.004694366690647953,1.8771888228023754,0.0,0.023925942927598955,0.005154972057789564,1.8770971536636352,0.0,0.0
1744,0.023720959530157203,0.005030365633394788,1.869059450486127,0.0,0.023467317596077918,0.004728016257286072,1.8739302158355713,0.0,0.0
1745,0.023500206277650947,0.004818791537271703,1.8681415038950302,0.0,0.023541524633765222,0.00483819805085659,1.87033269405365,0.0,0.0
1746,0.02348670144291485,0.004861853715470608,1.8624848267611336,0.0,0.023864376917481424,0.005178975313901902,1.8685402393341064,0.0,0.0
1747,0.02348491209833061,0.0047698385657413914,1.8715073922101189,0.0,0.023251938447356225,0.004454715084284544,1.8797223567962646,0.0,0.0
1748,0.02360846967819859,0.0048648363855831765,1.8743633733076208,0.0,0.023465445265173912,0.004687347775325179,1.877809739112854,0.0,0.0
1749,0.02346928888822303,0.004802741096628939,1.8666548308204203,0.0,0.023870226368308066,0.005178199522197247,1.8692026615142823,0.0,0.0
1750,0.02342967360335238,0.004789889036842129,1.863978484097649,0.0,0.02358132116496563,0.004920885525643825,1.8660435676574707,0.0,0.0
1751,0.02356952363077332,0.005015528295189142,1.8553995805628158,0.0,0.02355205491185188,0.004928129352629184,1.8623925685882567,0.0,0.0
1752,0.023858346045017242,0.005211686962010229,1.8646659570581772,0.0,0.02359457053244114,0.004777901154011488,1.8816669702529907,0.0,0.0
1753,0.02356564100174343,0.0047668686739223845,1.8798772727741915,0.0,0.024015025794506074,0.005172698199748993,1.8842327833175658,0.0,0.0
1754,0.02361831726396785,0.004871704958050567,1.8746613264083862,0.0,0.023216535151004792,0.004445201437920332,1.8771334171295166,0.0,0.0
1755,0.023484491797931054,0.0047933642807252265,1.8691127931370455,0.0,0.023899164423346518,0.005220373254269361,1.8678791284561158,0.0,0.0
1756,0.023453257977962494,0.004830863792449236,1.8622394800186157,0.0,0.023845573514699937,0.005175758246332407,1.8669815063476562,0.0,0.0
1757,0.02367223273305332,0.005031461663105909,1.8640771262785967,0.0,0.024285518378019334,0.005603712517768145,1.8681807279586793,0.0,0.0
1758,0.024009448859621498,0.005264914567198823,1.874453439432032,0.0,0.0243748914450407,0.005498619098216295,1.887627363204956,0.0,0.0
1759,0.023617569795426202,0.004721694735481459,1.8895875636269064,0.0,0.023399225249886513,0.004460115591064096,1.893911027908325,0.0,0.0
1760,0.02366805964094751,0.0047853887355064646,1.8882670893388636,0.0,0.023786690831184388,0.0049398460425436495,1.8846845388412476,0.0,0.0
1761,0.02336409326423617,0.0046085442745072,1.8755549472921036,0.0,0.023108210787177084,0.004415571503341198,1.8692638874053955,0.0,0.0
1762,0.02367604381459601,0.005045928745804464,1.8630115495008581,0.0,0.023739749938249587,0.005089905764907599,1.8649844884872437,0.0,0.0
1763,0.023571790031650487,0.004842933897367295,1.8728856689789717,0.0,0.02395176962018013,0.005158335994929075,1.8793434381484986,0.0,0.0
1764,0.023900770198772934,0.005124828120803132,1.877594274633071,0.0,0.023739581927657127,0.004880315298214555,1.8859266757965087,0.0,0.0
1765,0.023704145980231902,0.004859077511355281,1.8845068777308744,0.0,0.024147559702396394,0.005292763467878103,1.8854796409606933,0.0,0.0
1766,0.02380022713366677,0.004959204686148202,1.8841023094513838,0.0,0.023087171837687492,0.004170644842088222,1.891652774810791,0.0,0.0
1767,0.02369407958844129,0.004763546728474253,1.893053328289705,0.0,0.023945297673344614,0.005008251219987869,1.8937047004699707,0.0,0.0
1768,0.023572657586020583,0.004760652766836917,1.8812005239374496,0.0,0.023704401776194574,0.004932691901922226,1.8771709680557251,0.0,0.0
1769,0.02358206208137905,0.0048540062544976965,1.872805637471816,0.0,0.023498386889696122,0.004724306799471378,1.8774080753326416,0.0,0.0
1770,0.02363238198792233,0.004945916794788311,1.8686465726179236,0.0,0.023550110682845116,0.0048089463263750075,1.8741164207458496,0.0,0.0
1771,0.02356916622203939,0.004815061823191012,1.8754104936824125,0.0,0.023522385582327842,0.004719105176627636,1.8803280591964722,0.0,0.0
1772,0.02383000425556127,0.005114969660473221,1.8715035073897417,0.0,0.023709160462021827,0.004928963258862495,1.8780197381973267,0.0,0.0
1773,0.023632014498991126,0.0047859542126602985,1.8846060808967142,0.0,0.023615462705492973,0.004670285154134035,1.8945178031921386,0.0,0.0
1774,0.02389158308506012,0.004981139058466344,1.8910444484037512,0.0,0.023169904574751855,0.0041847238317132,1.8985181093215941,0.0,0.0
1775,0.0236561239203986,0.004740845275056713,1.8915278981713688,0.0,0.02347293496131897,0.004568876046687364,1.8904059648513794,0.0,0.0
1776,0.023319214472875875,0.004570398644051131,1.8748816111508537,0.0,0.023731255531311037,0.005046442616730928,1.8684813976287842,0.0,0.0
1777,0.023858026217888382,0.005242314134888789,1.861571276889128,0.0,0.024022584408521654,0.005349893122911453,1.8672692060470581,0.0,0.0
1778,0.02365376285332091,0.0049629528897211835,1.8690810694414026,0.0,0.02364055849611759,0.004881427716463804,1.8759130954742431,0.0,0.0
1779,0.02338583055226242,0.004671722828574917,1.8714108256732715,0.0,0.024009522423148154,0.005345071759074926,1.8664451837539673,0.0,0.0
1780,0.023699515773093,0.005148445146487039,1.8551071110893698,0.0,0.02403593175113201,0.005453554168343544,1.8582378149032592,0.0,0.0
1781,0.023535459685851547,0.0049708039664170325,1.8564656061284683,0.0,0.023760508745908737,0.0051414122804999355,1.8619096517562865,0.0,0.0
1782,0.023821385029484245,0.0050697020282421046,1.875168337541468,0.0,0.023608248680830002,0.004717863723635673,1.8890385389328004,0.0,0.0
1783,0.023735766134717885,0.004912938676117098,1.8822827970280367,0.0,0.02383074089884758,0.0049830622971057895,1.8847678661346436,0.0,0.0
1784,0.02349417853881331,0.004726069595883875,1.8768109363668106,0.0,0.0241249643266201,0.005343386065214872,1.878157901763916,0.0,0.0
1785,0.02407672442495823,0.005307539489448947,1.876918547293719,0.0,0.023855366557836533,0.00497850812971592,1.8876858949661255,0.0,0.0
1786,0.023588929544476903,0.004719001692993676,1.8869928261812996,0.0,0.02345181182026863,0.004509500041604042,1.8942312240600585,0.0,0.0
1787,0.023997514782583013,0.005108742029680049,1.8888773497413187,0.0,0.024083322286605834,0.005147104291245342,1.8936218738555908,0.0,0.0
1788,0.023740455069962668,0.004843047874815324,1.889740733539357,0.0,0.02351810783147812,0.00461313258856535,1.890497589111328,0.0,0.0
1789,0.023349987342953682,0.004519276841379264,1.8830711350721472,0.0,0.02360287755727768,0.00486131738871336,1.8741560697555542,0.0,0.0
1790,0.023588720270816016,0.004995895604438642,1.8592825286528643,0.0,0.02435174845159054,0.005744840018451214,1.8606908559799193,0.0,0.0
1791,0.023727215388241935,0.0050205036395174615,1.8706712792901432,0.0,0.023493706062436105,0.004627520311623811,1.8866185903549195,0.0,0.0
1792,0.023569489664891186,0.0047439434154726125,1.8825546292697681,0.0,0.02355464771389961,0.004644397227093577,1.891025137901306,0.0,0.0
1793,0.023693059406736317,0.004853358136161286,1.8839701975093168,0.0,0.023596861585974693,0.004788094293326139,1.8808767795562744,0.0,0.0
1794,0.023741735035882276,0.005008848959251362,1.8732886594884537,0.0,0.024059216678142547,0.005340117774903774,1.8719099521636964,0.0,0.0
1795,0.023634060779038596,0.005008096505394753,1.8625965048285091,0.0,0.023628970235586168,0.004959759954363108,1.8669210433959962,0.0,0.0
1796,0.023352249580271104,0.00469936931724934,1.8652880472295426,0.0,0.023743266239762306,0.005064020305871964,1.8679245710372925,0.0,0.0
1797,0.023547231493627325,0.004924167358480832,1.8623064405777876,0.0,0.024424049630761148,0.00576971098780632,1.8654339075088502,0.0,0.0
1798,0.02347211923231097,0.004854026661418816,1.8618092817418717,0.0,0.023667525500059128,0.0049844013527035715,1.868312454223633,0.0,0.0
1799,0.02361476717188078,0.0049852933460736975,1.8629474008784574,0.0,0.02322039194405079,0.0044906553812325,1.8729737520217895,0.0,0.0
1800,0.023593407014713567,0.0048518284662243194,1.874157933627858,0.0,0.024290790781378746,0.005494951363652944,1.879584002494812,0.0,0.0
1801,0.02340303405242808,0.004665105411892428,1.8737928867340088,0.0,0.023766570165753363,0.005002039764076471,1.8764530181884767,0.0,0.0
1802,0.023409770582528674,0.004763408536639284,1.864636224858901,0.0,0.023551444709300994,0.004893331043422222,1.8658114433288575,0.0,0.0
1803,0.023379572283695724,0.004738576039124061,1.8640996778712553,0.0,0.02356588765978813,0.004942750465124846,1.8623137474060059,0.0,0.0
1804,0.02385549389702432,0.00523537548039766,1.862011902472552,0.0,0.023522067070007324,0.004810596723109484,1.871147060394287,0.0,0.0
1805,0.023581184775513762,0.004796167123405372,1.878501814954421,0.0,0.0255380067974329,0.006651336047798395,1.8886671304702758,0.0,0.0
1806,0.02341677785358008,0.004611090126940433,1.880568826899809,0.0,0.023630591481924056,0.004855468403548002,1.8775124073028564,0.0,0.0
1807,0.02372313488055678,0.004972118733669905,1.8751016644870533,0.0,0.023371805995702745,0.0045956174377352,1.8776188850402833,0.0,0.0
1808,0.023767473395256436,0.005023559555411339,1.8743914435891544,0.0,0.023973303288221358,0.005179611407220364,1.8793692588806152,0.0,0.0
1809,0.02371058240532875,0.0049212503192179345,1.8789332544102388,0.0,0.023624570295214652,0.004779087658971548,1.8845483541488648,0.0,0.0
1810,0.023606142357868308,0.004825181546894943,1.8780960896435905,0.0,0.023224116116762162,0.0044694904703646895,1.875462579727173,0.0,0.0
1811,0.023841633297064724,0.005160710911321289,1.8680923125323128,0.0,0.02415260747075081,0.005427145957946777,1.8725461959838867,0.0,0.0
1812,0.023669690770261428,0.0049118328675189435,1.8757858556859635,0.0,0.02335668317973614,0.0045025072991847995,1.885417628288269,0.0,0.0
1813,0.02372864053091582,0.004858311279402936,1.8870329646503223,0.0,0.0237342543900013,0.004781430028378964,1.8952823877334595,0.0,0.0
1814,0.02353763930937823,0.004683906417887877,1.8853733259088852,0.0,0.023281480371952056,0.004460331751033664,1.8821149587631225,0.0,0.0
1815,0.023562506279524636,0.004793847294743447,1.8768659759970272,0.0,0.02394716776907444,0.005169462598860264,1.8777705669403075,0.0,0.0
1816,0.02367457079098505,0.004891205496866913,1.8783365698421703,0.0,0.023460781946778298,0.004630623012781143,1.8830159902572632,0.0,0.0
1817,0.023556737119660658,0.00480925478041172,1.874748286078958,0.0,0.02373881861567497,0.004999329894781112,1.873948860168457,0.0,0.0
1818,0.023618335999986705,0.004879227264181656,1.8739109179552864,0.0,0.023867164552211762,0.005110108386725187,1.8757056713104248,0.0,0.0
1819,0.023538464680314064,0.004803128745954703,1.8735336065292358,0.0,0.02396741360425949,0.005191075149923563,1.8776339530944823,0.0,0.0
1820,0.0235285979202565,0.004813364337143653,1.8715234013164745,0.0,0.02322939522564411,0.004476533830165863,1.8752861499786377,0.0,0.0
1821,0.0236688069999218,0.004927254227154395,1.874155374134288,0.0,0.023787538334727288,0.004946517385542392,1.8841021299362182,0.0,0.0
1822,0.02357531295103185,0.004775183083599105,1.8800130521549898,0.0,0.023550882190465926,0.004746946040540934,1.880393648147583,0.0,0.0
1823,0.02350216654731947,0.004822296227383263,1.8679870717665727,0.0,0.024059488624334335,0.005405864212661982,1.865362524986267,0.0,0.0
1824,0.023452479830559564,0.004873593228266519,1.8578886845532585,0.0,0.022997977584600447,0.004407243011519313,1.859073519706726,0.0,0.0
1825,0.023589342832565308,0.005027439363081665,1.8561904009650736,0.0,0.023638472333550452,0.004965059040114283,1.8673413276672364,0.0,0.0
1826,0.023586345836520195,0.00496334903051748,1.8622997087590836,0.0,0.023590537905693054,0.004938188754022121,1.865234923362732,0.0,0.0
1827,0.023448154001551515,0.004896048579693717,1.8552105637157665,0.0,0.024189487844705582,0.005583258438855409,1.8606230020523071,0.0,0.0
1828,0.02355268509948955,0.004946254138999125,1.8606431273853077,0.0,0.02351771555840969,0.004812090564519167,1.870562529563904,0.0,0.0
1829,0.0243265243137584,0.005593379932072233,1.873314478818108,0.0,0.023083461076021196,0.004109922191128134,1.8973538875579834,0.0,0.0
1830,0.02358267270028591,0.004547152873676489,1.903552027309642,0.0,0.023477285727858545,0.004409024305641651,1.9068261861801148,0.0,0.0
1831,0.023297757896430352,0.0043839591500513695,1.8913799243814804,0.0,0.02364390380680561,0.004859419167041778,1.8784485816955567,0.0,0.0
1832,0.023558796328656813,0.004830684923731229,1.8728111771976246,0.0,0.02345074601471424,0.0046821853145956995,1.8768561363220215,0.0,0.0
1833,0.023416153538753006,0.004742057350299814,1.8674096850787891,0.0,0.02353912331163883,0.004850809089839458,1.868831491470337,0.0,0.0
1834,0.023663486518404064,0.004998984856202322,1.8664501835318172,0.0,0.023534028232097624,0.004784431029111147,1.8749597311019897,0.0,0.0
1835,0.023663732387563762,0.00494952910744092,1.8714203413795023,0.0,0.023284226655960083,0.004503284581005573,1.8780942678451538,0.0,0.0
1836,0.023323684711666667,0.004648587556884569,1.8675097717958338,0.0,0.02377469129860401,0.005141488974913955,1.8633203268051148,0.0,0.0
1837,0.02357549110756201,0.005035659955704913,1.8539831007228178,0.0,0.02323724813759327,0.004637207789346576,1.8600041389465332,0.0,0.0
1838,0.023438730331904748,0.004771067267831634,1.866766375653884,0.0,0.023499859496951103,0.00467580184340477,1.8824058294296264,0.0,0.0
1839,0.023780702777645168,0.005004155901534592,1.8776547137428732,0.0,0.023645054548978806,0.004784027487039566,1.8861027002334594,0.0,0.0
1840,0.02376745016697575,0.004906042122884709,1.8861408373888802,0.0,0.023680228367447854,0.004742917837575078,1.893731141090393,0.0,0.0
1841,0.023685591733630967,0.004792835536029409,1.8892756560269524,0.0,0.024936668947339057,0.006045516207814216,1.8891152620315552,0.0,0.0
1842,0.02369201117578675,0.0049103311372592166,1.8781680149190567,0.0,0.02388692684471607,0.0051160363480448725,1.8770891666412353,0.0,0.0
1843,0.023580172482658836,0.004841779358685017,1.8738393362830668,0.0,0.023540224134922027,0.004731304012238979,1.8808920860290528,0.0,0.0
1844,0.023444773410173023,0.0046937284881577775,1.8751045395346249,0.0,0.02318982109427452,0.0044238504488021135,1.8765970945358277,0.0,0.0
1845,0.02355712717946838,0.004888548351386014,1.86685793540057,0.0,0.023671065643429755,0.004972945805639029,1.8698120355606078,0.0,0.0
1846,0.023409833474194303,0.004767241052297109,1.8642592710607193,0.0,0.023381590098142623,0.004756547650322318,1.8625042915344239,0.0,0.0
1847,0.023642546332934323,0.005021709044847418,1.8620837716495289,0.0,0.023245590552687646,0.004501330014318228,1.8744260311126708,0.0,0.0
1848,0.023932296673164648,0.005238481276832959,1.8693815609988045,0.0,0.02357502728700638,0.004733881726861,1.8841145992279054,0.0,0.0
1849,0.02369810750379282,0.004836967653211425,1.886114050360287,0.0,0.02380434200167656,0.004886680888012052,1.8917661428451538,0.0,0.0
1850,0.023791906369083068,0.004929593695765909,1.8862313032150269,0.0,0.02354341112077236,0.004638010449707508,1.8905401229858398,0.0,0.0
1851,0.023650649277602926,0.0047793298110585004,1.8871319714714498,0.0,0.024623847752809524,0.005669703800231218,1.8954144239425659,0.0,0.0
1852,0.02354238006998511,0.004672057693824172,1.8870322774438297,0.0,0.02291755974292755,0.004073896398767829,1.8843664169311523,0.0,0.0
1853,0.023644712150973433,0.004870187929447959,1.8774524716769947,0.0,0.024149048328399658,0.005334982229396701,1.8814066410064698,0.0,0.0
1854,0.02361169775180957,0.00488024962353794,1.873144836986766,0.0,0.023805657029151918,0.0050784644670784475,1.8727193355560303,0.0,0.0
1855,0.023582249660702312,0.004867238184327588,1.8715012003393734,0.0,0.023316281288862227,0.004521383624523878,1.8794898748397828,0.0,0.0
1856,0.02367455797160373,0.00494810300605262,1.872645567445194,0.0,0.023629479110240936,0.004855870734900236,1.8773608207702637,0.0,0.0
1857,0.02342725545167923,0.00467335810775266,1.8753897512660307,0.0,0.023487065359950064,0.004665832035243511,1.8821233987808228,0.0,0.0
1858,0.023654965026413694,0.004886156386312316,1.8768808981951546,0.0,0.02385800890624523,0.005017351359128952,1.8840657949447632,0.0,0.0
1859,0.02373470234520295,0.004937891684034292,1.8796810893451465,0.0,0.023945777118206023,0.005050140153616667,1.8895637273788453,0.0,0.0
1860,0.02338255284463658,0.004582059062907801,1.8800494460498585,0.0,0.02402929626405239,0.005244812928140163,1.8784483909606933,0.0,0.0
1861,0.02358056604862213,0.004842290846521363,1.8738275906618904,0.0,0.023565419390797614,0.004772586701437831,1.8792833089828491,0.0,0.0
1862,0.02383676839663702,0.005099890644059461,1.8736877862144918,0.0,0.02341156341135502,0.004573242831975221,1.883832049369812,0.0,0.0
1863,0.0235127655460554,0.004695033860009383,1.8817731843275183,0.0,0.02316180318593979,0.0042876654304564,1.887413787841797,0.0,0.0
1864,0.02354656729628058,0.004701640429523061,1.8844927338992847,0.0,0.023474136367440224,0.004613866843283176,1.8860270023345946,0.0,0.0
1865,0.023790013373774642,0.004962614490924513,1.8827399506288416,0.0,0.023792336136102675,0.004878328088670969,1.8914008855819702,0.0,0.0
1866,0.023544475436210632,0.004632720134823638,1.8911755645976347,0.0,0.023129183426499368,0.0042277808301150795,1.8901402473449707,0.0,0.0
1867,0.023516775273224887,0.00467620585935519,1.8840569748597986,0.0,0.02387823760509491,0.00506417490541935,1.8814063310623168,0.0,0.0
1868,0.023477743215420666,0.004765909041880685,1.8711834514842314,0.0,0.024629800021648406,0.005926144681870938,1.870365595817566,0.0,0.0
1869,0.023442491012461045,0.00480391487807912,1.863857676001156,0.0,0.023660285770893096,0.004971932526677847,1.8688353776931763,0.0,0.0
1870,0.023622515666134217,0.004960616187685553,1.8661899917265947,0.0,0.023950261622667314,0.0051857782527804375,1.876448392868042,0.0,0.0
1871,0.023639949476894212,0.004874993499149294,1.8764956067590153,0.0,0.024096109718084336,0.005244055483490229,1.8852054119110107,0.0,0.0
1872,0.023705799242152888,0.004927566932404742,1.8778232826906092,0.0,0.023616432398557662,0.004818379366770387,1.8798052787780761,0.0,0.0
1873,0.02380023765213349,0.005027263452682425,1.8772974364897783,0.0,0.02364171892404556,0.004824814200401306,1.8816905260086059,0.0,0.0
1874,0.023505052880329246,0.004690976471037549,1.8814076886457556,0.0,0.0242242693901062,0.005378962028771639,1.884530782699585,0.0,0.0
1875,0.023437652627334875,0.004661320023896063,1.877633340218488,0.0,0.02348782680928707,0.004656369704753161,1.8831457614898681,0.0,0.0
1876,0.023917220532894135,0.005096427329322871,1.8820793698815739,0.0,0.023781702294945715,0.004830580577254296,1.8951122045516968,0.0,0.0
1877,0.023357238510952276,0.00454546111252378,1.8811777900247013,0.0,0.023940915986895562,0.005203319061547518,1.87375967502594,0.0,0.0
1878,0.02402743521858664,0.005270354025175466,1.8757081592784208,0.0,0.02387017086148262,0.004987869970500469,1.8882301330566407,0.0,0.0
1879,0.023350377512328765,0.004556078573360163,1.8794299434213078,0.0,0.02314164526760578,0.004383478593081236,1.8758167028427124,0.0,0.0
1880,0.023490020347868696,0.004841242697747315,1.8648778200149536,0.0,0.02373032346367836,0.0050636702217161655,1.8666654348373413,0.0,0.0
1881,0.023542871808304507,0.0049162999014644064,1.8626572314430685,0.0,0.023405196890234948,0.0046954482793807985,1.8709749221801757,0.0,0.0
1882,0.023399099598036092,0.004747966496164308,1.8651133425095503,0.0,0.02392749935388565,0.005241132527589798,1.8686367273330688,0.0,0.0
1883,0.023491890772300607,0.004891822443288916,1.860006851308486,0.0,0.023249087482690813,0.004638919187709689,1.8610168933868407,0.0,0.0
1884,0.023488733698340022,0.00495977620320285,1.852895785780514,0.0,0.02333135940134525,0.004780333302915096,1.8551027059555054,0.0,0.0
1885,0.023851299767985064,0.005297592786305091,1.8553707810009228,0.0,0.023435673490166665,0.0047194425947964195,1.8716231107711792,0.0,0.0
1886,0.023671556373729426,0.004861336557523292,1.8810220255571253,0.0,0.02369875945150852,0.0048002850264310835,1.8898475170135498,0.0,0.0
1887,0.02340678103706416,0.0045812505242579125,1.8825530865613151,0.0,0.02310459017753601,0.004302783310413361,1.8801806688308715,0.0,0.0
1888,0.023349092835012603,0.004673022612491075,1.867607088649974,0.0,0.023687709867954255,0.005000750999897718,1.8686959505081178,0.0,0.0
1889,0.023555311429149964,0.004915955942124128,1.8639355617410995,0.0,0.02340390086174011,0.004738647397607565,1.8665254592895508,0.0,0.0
1890,0.023575610645553646,0.004916453131419771,1.8659157963360058,0.0,0.02365897484123707,0.0048534208443015816,1.8805554151535033,0.0,0.0
1891,0.023327447254868114,0.004593162098899484,1.8734285901574528,0.0,0.023470063880085944,0.0047878391109406945,1.8682225227355957,0.0,0.0
1892,0.023806171601309496,0.005071033449733958,1.8735138668733484,0.0,0.023516438901424408,0.004629700956866145,1.8886737823486328,0.0,0.0
1893,0.023400445413940093,0.004580623196328387,1.8819822563844568,0.0,0.023776043951511384,0.004976606788113713,1.8799436807632446,0.0,0.0
1894,0.023446770056205636,0.004727556424982408,1.8719213990604175,0.0,0.023216157406568527,0.00451171463355422,1.8704442977905273,0.0,0.0
1895,0.02362869745668243,0.004948061877204215,1.8680635971181534,0.0,0.02341335527598858,0.004633261729031802,1.878009295463562,0.0,0.0
1896,0.023582843187100747,0.0048264276564997785,1.8756415914086735,0.0,0.023754937574267387,0.0049699975177645685,1.8784941196441651,0.0,0.0
1897,0.023629174403407994,0.004911503590205137,1.8717671352274277,0.0,0.023364054039120674,0.004621673375368118,1.8742381095886231,0.0,0.0
1898,0.023562746341614163,0.004880186088164063,1.8682560429853552,0.0,0.023481596261262894,0.004712222795933485,1.8769374370574952,0.0,0.0
1899,0.023712710313060704,0.004913333365145852,1.8799377399332382,0.0,0.023427892848849295,0.00451881461776793,1.8909079313278199,0.0,0.0
1900,0.023822802392875448,0.0049965073053232015,1.8826295558144064,0.0,0.02323951944708824,0.004380500270053744,1.8859019517898559,0.0,0.0
1901,0.023674667429398086,0.004800944684949868,1.8873723394730513,0.0,0.02322346791625023,0.004248097026720643,1.8975371360778808,0.0,0.0
1902,0.0237002842785681,0.004767086712972206,1.8933197891010958,0.0,0.02369631305336952,0.004751590918749571,1.8944722414016724,0.0,0.0
1903,0.023384548942832387,0.004515655338764191,1.8868894436780144,0.0,0.023421410471200943,0.004524109791964293,1.8897300243377686,0.0,0.0
1904,0.02350824961767477,0.004699878134381245,1.880837167010588,0.0,0.023500018939375877,0.004751355946063995,1.8748663187026977,0.0,0.0
1905,0.02366206214270171,0.004875728737234193,1.8786333939608406,0.0,0.024194347858428954,0.005306838825345039,1.8887509822845459,0.0,0.0
1906,0.023497700691223145,0.004698226461187005,1.8799474660088034,0.0,0.02325982116162777,0.0044725970830768345,1.8787224292755127,0.0,0.0
1907,0.023923728943747634,0.00517235803143943,1.8751370976952946,0.0,0.02323203198611736,0.0043651840649545194,1.8866848707199098,0.0,0.0
1908,0.02378522637574112,0.004825316177790656,1.8959910729352165,0.0,0.023392661660909652,0.004321229085326195,1.907143235206604,0.0,0.0
1909,0.023409176179591346,0.004454273840083796,1.8954902957467472,0.0,0.023432523384690283,0.004564157919958234,1.886836576461792,0.0,0.0
1910,0.023581570452627015,0.004796226782833829,1.8785344362258911,0.0,0.023802106827497484,0.0050229704938828945,1.8779136896133424,0.0,0.0
1911,0.023422732182285366,0.004726874902296592,1.8695857594994938,0.0,0.023882923647761345,0.005232591368258,1.8650332927703857,0.0,0.0
1912,0.023550211945000815,0.004986169994534815,1.8564042133443497,0.0,0.02401054501533508,0.005442026909440756,1.856851863861084,0.0,0.0
1913,0.02337841722456848,0.004819252363899175,1.8559165421654196,0.0,0.023294880241155624,0.004698829352855682,1.8596050977706908,0.0,0.0
1914,0.0236378930070821,0.00509319784503211,1.8544695447472965,0.0,0.023666111379861833,0.00495228348299861,1.8713828086853028,0.0,0.0
1915,0.023453223245108828,0.004687675329692224,1.8765548397512997,0.0,0.0231948833912611,0.0043880603276193145,1.880682349205017,0.0,0.0
1916,0.02389831775251557,0.005043874631690628,1.8854443816577686,0.0,0.023379844054579733,0.004373506316915155,1.9006338357925414,0.0,0.0
1917,0.02356375983971007,0.004581402521580458,1.898235748795902,0.0,0.023427649587392806,0.004474120307713747,1.8953530311584472,0.0,0.0
1918,0.023604003822102267,0.004710683338891934,1.8893320770824658,0.0,0.023671618849039077,0.004757708311080933,1.8913910865783692,0.0,0.0
1919,0.023418720921172816,0.004615356241736342,1.8803365230560303,0.0,0.024278588965535162,0.005495297722518444,1.8783292770385742,0.0,0.0
1920,0.023465175291194636,0.004730066421496517,1.8735109287149765,0.0,0.02373076379299164,0.004937888402491808,1.879287552833557,0.0,0.0
1921,0.023477621814783883,0.004739933565039845,1.87376886956832,0.0,0.023518013209104537,0.004794751759618521,1.8723262071609497,0.0,0.0
1922,0.023463392301517373,0.004844351507285062,1.8619041092255537,0.0,0.022794384136796,0.004154686164110899,1.863969874382019,0.0,0.0
1923,0.023304662393296465,0.004759891533895451,1.8544771671295166,0.0,0.024103620648384096,0.00555655974894762,1.854706072807312,0.0,0.0
1924,0.02348699387820328,0.005002649857059997,1.8484344482421875,0.0,0.024557103961706163,0.0059401486068964005,1.861695647239685,0.0,0.0
1925,0.023431349874419326,0.004820121424820493,1.861122916726505,0.0,0.023722342029213906,0.005045686755329371,1.8676656007766723,0.0,0.0
1926,0.023361827520763174,0.004740191363346051,1.8621636558981502,0.0,0.023104795813560487,0.004499279847368598,1.860551643371582,0.0,0.0
1927,0.023683742674834588,0.005073541967088685,1.8610201092327343,0.0,0.023261534050107002,0.004547094739973545,1.8714439630508424,0.0,0.0
1928,0.02372535997453858,0.004978401723372585,1.8746958620408003,0.0,0.02340249940752983,0.004554788814857602,1.8847710847854615,0.0,0.0
1929,0.023778469904380685,0.004945494426304803,1.8832976186976713,0.0,0.023421666771173476,0.004529881896451116,1.889178490638733,0.0,0.0
1930,0.02369570019928848,0.004830798709436375,1.88649021877962,0.0,0.02320365495979786,0.004267220431938767,1.8936434984207153,0.0,0.0
1931,0.023466190432800967,0.004602076198138735,1.8864114635130937,0.0,0.0235333401709795,0.004668506886810064,1.886483359336853,0.0,0.0
1932,0.02346548459985677,0.004649074282497168,1.8816410723854513,0.0,0.023561938479542733,0.00471355402842164,1.8848385095596314,0.0,0.0
1933,0.023631047128754502,0.004838310045135372,1.8792737512027515,0.0,0.02293761521577835,0.0040989256463944915,1.8838690280914308,0.0,0.0
1934,0.023695827297428074,0.004839824786519303,1.8856002793592566,0.0,0.023236771300435066,0.004299047775566578,1.893772339820862,0.0,0.0
1935,0.02360306855510263,0.004686794161577435,1.8916274589650772,0.0,0.023544016852974893,0.004614845057949424,1.8929171800613402,0.0,0.0
1936,0.02357533267315696,0.004742508137817769,1.883282514179454,0.0,0.0239867489784956,0.005202823877334594,1.8783925533294679,0.0,0.0
1937,0.02354771435699042,0.004828672801308772,1.8719041838365442,0.0,0.023637470975518226,0.0049024255946278576,1.8735045671463013,0.0,0.0
1938,0.02375114621484981,0.005019156152711195,1.8731990491642672,0.0,0.024050105735659598,0.0052008011378347875,1.8849305629730224,0.0,0.0
1939,0.023347100900376543,0.00456507397158181,1.8782027328715605,0.0,0.02402804009616375,0.0052562645636498925,1.8771775722503663,0.0,0.0
1940,0.023489260826917255,0.004782210090471541,1.8707051557653092,0.0,0.023206468671560287,0.004446774208918214,1.8759695053100587,0.0,0.0
1941,0.023737813072169527,0.0049531370510949805,1.8784676579868091,0.0,0.023103590309619903,0.004212141269817948,1.8891449689865112,0.0,0.0
1942,0.023748622111537877,0.004855123211574905,1.889349944451276,0.0,0.02378772757947445,0.004807997215539217,1.8979730606079102,0.0,0.0
1943,0.02349767746294246,0.004620871575110976,1.887680635732763,0.0,0.023647291585803032,0.004845700319856405,1.8801592111587524,0.0,0.0
1944,0.023912449531695423,0.005206684910637491,1.870576493880328,0.0,0.023455292358994483,0.004723446164280176,1.8731846809387207,0.0,0.0
1945,0.023422407753327313,0.004719341666821171,1.870306653134963,0.0,0.02409503497183323,0.005372569616883993,1.8722466230392456,0.0,0.0
1946,0.02356073775273912,0.00482668392086292,1.8734054495306576,0.0,0.023397935554385185,0.004614314856007695,1.8783621788024902,0.0,0.0
1947,0.02344834355308729,0.004730051643598606,1.8718292362549727,0.0,0.02344280630350113,0.004729664139449597,1.871314287185669,0.0,0.0
1948,0.02355654099408318,0.004839859327630085,1.8716681845047896,0.0,0.02356562726199627,0.004776828875765205,1.8788798332214356,0.0,0.0
1949,0.023498995448736584,0.004769664024934173,1.8729331493377686,0.0,0.02375752031803131,0.005013206833973527,1.8744314193725586,0.0,0.0
1950,0.023395549067679572,0.004673585925689515,1.872196358792922,0.0,0.023686667531728746,0.004952902253717184,1.8733765602111816,0.0,0.0
1951,0.023474279791116714,0.0048086282194537274,1.8665652064716114,0.0,0.02303890362381935,0.004376420797780156,1.8662483453750611,0.0,0.0
1952,0.02349644439185367,0.004874454071635709,1.8621990961187027,0.0,0.023757674917578697,0.0050753979478031395,1.8682277917861938,0.0,0.0
1953,0.023650590001660234,0.0049894651507630065,1.8661125407499426,0.0,0.02344055362045765,0.004669574648141861,1.8770979404449464,0.0,0.0
1954,0.023572664160062286,0.004716017557417645,1.8856647084741032,0.0,0.023513118922710418,0.004621163010597229,1.8891956329345703,0.0,0.0
1955,0.023639898308936286,0.0047649461365140535,1.8874952652875114,0.0,0.023561882227659224,0.004737977124750614,1.882390594482422,0.0,0.0
1956,0.023475329336874625,0.004707977011361543,1.876735252492568,0.0,0.023537474870681762,0.004797233920544386,1.8740241765975951,0.0,0.0
1957,0.023255553315667546,0.004578798598445514,1.867675500757554,0.0,0.024233873188495635,0.005611177906394005,1.8622695922851562,0.0,0.0
1958,0.023527710862896022,0.0049388030105653935,1.8588908069274004,0.0,0.022854263707995415,0.004218524321913719,1.863573932647705,0.0,0.0
1959,0.023434880573083374,0.004825977526385994,1.8608903394025915,0.0,0.022977080941200257,0.004324400937184692,1.865268063545227,0.0,0.0
1960,0.023757119170006585,0.005050625213805367,1.8706494289285995,0.0,0.023430372774600982,0.004605437070131302,1.8824935913085938,0.0,0.0
1961,0.023166835636777038,0.004433272652985419,1.8733563423156738,0.0,0.02422058843076229,0.005554122943431139,1.8666465997695922,0.0,0.0
1962,0.02329123129739481,0.004695932408246924,1.859529922990238,0.0,0.024321151524782182,0.005724117066711188,1.8597034454345702,0.0,0.0
1963,0.023196679046925378,0.0047170233584063895,1.8479655981063843,0.0,0.0233258742839098,0.004867271333932876,1.8458603620529175,0.0,0.0
1964,0.023519476985230166,0.005076806964900564,1.8442670387380264,0.0,0.024360742792487143,0.005761608015745878,1.8599135637283326,0.0,0.0
1965,0.02358422428369522,0.004889304941410527,1.8694920048994177,0.0,0.023666133731603624,0.00484565244987607,1.8820482254028321,0.0,0.0
1966,0.02373874088858857,0.00495446176158593,1.878427975318011,0.0,0.024269462376832963,0.005390082206577063,1.8879380226135254,0.0,0.0
1967,0.023373227128211188,0.0045202006038059205,1.8853027119356043,0.0,0.023731356859207152,0.004874565359205008,1.8856792211532594,0.0,0.0
1968,0.023243794875109896,0.004512814845999374,1.8730980227975285,0.0,0.023757102712988854,0.005064937146380543,1.8692166090011597,0.0,0.0
1969,0.02380026372916558,0.005178538068909855,1.8621726386687334,0.0,0.02328069843351841,0.004473348148167133,1.8807350635528564,0.0,0.0
1970,0.023492375388741493,0.004630250212572077,1.8862125593073227,0.0,0.024235882610082627,0.005298348702490329,1.893753457069397,0.0,0.0
1971,0.023333424373584634,0.004503835992449347,1.8829588890075684,0.0,0.023426230996847153,0.004647331219166518,1.8778899669647218,0.0,0.0
1972,0.023366630186929423,0.004645577987984699,1.872105268871083,0.0,0.023537402227520942,0.004845409002155065,1.8691993236541748,0.0,0.0
1973,0.023395087679519373,0.004788786296130103,1.860630147597369,0.0,0.023988825827836992,0.0053159395232796666,1.8672886610031127,0.0,0.0
1974,0.02326146370786078,0.004689725184374873,1.8571739196777344,0.0,0.023492422327399252,0.004968410730361939,1.8524012088775634,0.0,0.0
1975,0.023422058562145513,0.004904616843251621,1.8517442310557646,0.0,0.023986579105257987,0.005384340975433588,1.860223913192749,0.0,0.0
1976,0.02334111907026347,0.0048180522725862615,1.852306702557732,0.0,0.023764706030488015,0.005184440407902002,1.858026647567749,0.0,0.0
1977,0.0234261804862934,0.004810907795806141,1.8615272886612837,0.0,0.023336145654320718,0.004701654147356749,1.8634491443634034,0.0,0.0
1978,0.023442746633115935,0.004900439094532938,1.8542307965895708,0.0,0.023764783516526222,0.005185036454349756,1.8579747676849365,0.0,0.0
1979,0.02361522845047362,0.005036027170717716,1.857920204891878,0.0,0.02349806986749172,0.004811823926866054,1.8686246156692505,0.0,0.0
1980,0.02353828093584846,0.004812864285400685,1.8725417431663065,0.0,0.023754194006323816,0.004949482902884483,1.880471158027649,0.0,0.0
1981,0.023237556328668314,0.004563743152710444,1.867381348329432,0.0,0.023238033056259155,0.004585733730345964,1.8652299880981444,0.0,0.0
1982,0.02344446925117689,0.004838132819927791,1.8606336818021887,0.0,0.022806037217378616,0.004145372146740556,1.8660665512084962,0.0,0.0
1983,0.023260499515077648,0.004664611235699233,1.8595888754900765,0.0,0.02297373116016388,0.004397115623578429,1.8576616525650025,0.0,0.0
1984,0.023348476737737656,0.004820973612368107,1.8527503574595732,0.0,0.02316134124994278,0.004595211520791054,1.856612992286682,0.0,0.0
1985,0.023488767006817984,0.004900131086983225,1.8588636412340052,0.0,0.023143061622977256,0.004477047827094793,1.8666013956069947,0.0,0.0
1986,0.023562768802923316,0.0049463713212924846,1.8616397731444414,0.0,0.02367208115756512,0.0049658393487334255,1.8706241846084595,0.0,0.0
1987,0.023458686931168333,0.0048146567252628945,1.8644030234392952,0.0,0.02346716932952404,0.004800633527338505,1.866653609275818,0.0,0.0
1988,0.023583517355077407,0.004953053478589829,1.8630464287365185,0.0,0.02345406897366047,0.004808241268619895,1.8645828008651733,0.0,0.0
1989,0.023371745120076573,0.004751159480827696,1.8620585974525004,0.0,0.023894816637039185,0.005239610373973846,1.865520715713501,0.0,0.0
1990,0.023498600458397585,0.004890687161070459,1.8607913746553308,0.0,0.023413559049367906,0.004769652895629406,1.8643907070159913,0.0,0.0
1991,0.02358625555301414,0.004888346651569009,1.8697908976498772,0.0,0.022930093854665757,0.004057297855615616,1.8872796297073364,0.0,0.0
1992,0.02367892368313144,0.004784935605986153,1.8893988412969254,0.0,0.023389261588454245,0.004447024827823043,1.8942237377166748,0.0,0.0
1993,0.023672601317658144,0.004775895052315558,1.8896706104278564,0.0,0.02333805523812771,0.004461232759058476,1.887682271003723,0.0,0.0
1994,0.023319686489070162,0.004494303056751104,1.8825383677202112,0.0,0.023580758646130563,0.0047818668186664585,1.8798892021179199,0.0,0.0
1995,0.02370874474153799,0.00492897244882496,1.8779773010927088,0.0,0.022887353971600532,0.004043605271726846,1.8843748807907104,0.0,0.0
1996,0.023316126535920537,0.004483826403670451,1.8832300691043629,0.0,0.023695452511310576,0.004847624804824591,1.8847827672958375,0.0,0.0
1997,0.02316548609558274,0.004443388267913286,1.8722098013933968,0.0,0.023343345150351524,0.004680510982871056,1.8662834405899047,0.0,0.0
1998,0.02345497051582617,0.004809469751575414,1.8645500996533562,0.0,0.023777680471539497,0.005053372122347355,1.8724308729171752,0.0,0.0
1999,0.023574485827018234,0.00486137717962265,1.8713109212763168,0.0,0.022835952788591386,0.004078762792050839,1.8757190465927125,0.0,0.0
2000,0.02342060821897843,0.00470119301120148,1.8719415664672852,0.0,0.02388625368475914,0.00514360461384058,1.8742649555206299,0.0,0.0
