experiment,variant,sigma,sample_idx,phi,psi
original,baseline,0.01,0,-1.044781,127.77932
original,baseline,0.01,1,-21.283485,125.19028
original,baseline,0.01,2,-23.603104,134.84805
original,baseline,0.01,3,-13.185907,130.35316
original,baseline,0.01,4,7.625926,133.38188
original,baseline,0.01,5,11.822445,131.06372
original,baseline,0.01,6,-10.44009,133.42021
original,baseline,0.01,7,-23.682505,128.37968
original,baseline,0.01,8,-17.522186,140.77467
original,baseline,0.01,9,-23.051014,135.04974
original,baseline,0.01,10,-24.959314,127.73711
original,baseline,0.01,11,-20.126871,122.504524
original,baseline,0.01,12,10.633823,136.8173
original,baseline,0.01,13,0.57497394,125.24951
original,baseline,0.01,14,2.1423593,134.90002
original,baseline,0.01,15,-0.9041986,129.24243
original,baseline,0.01,16,-29.745567,128.52414
original,baseline,0.01,17,4.834188,134.71255
original,baseline,0.01,18,-34.259212,134.43405
original,baseline,0.01,19,-23.40225,137.40248
original,baseline,0.01,20,-15.780184,130.08253
original,baseline,0.01,21,-11.059485,123.12132
original,baseline,0.01,22,8.679182,118.46739
original,baseline,0.01,23,-12.771876,134.47461
original,baseline,0.01,24,6.5195355,137.57376
original,baseline,0.01,25,-3.4787483,132.77911
original,baseline,0.01,26,-37.588226,129.29489
original,baseline,0.01,27,0.90065926,121.84462
original,baseline,0.01,28,11.386397,126.402664
original,baseline,0.01,29,-15.495594,131.4979
original,baseline,0.01,30,-6.185413,134.07828
original,baseline,0.01,31,-1.9711728,123.89499
original,baseline,0.01,32,4.8880124,132.86009
original,baseline,0.01,33,3.7378125,136.94342
original,baseline,0.01,34,4.9086328,139.5145
original,baseline,0.01,35,-13.604165,140.12811
original,baseline,0.01,36,8.432435,134.8264
original,baseline,0.01,37,-5.7428308,129.42444
original,baseline,0.01,38,3.3734941,133.4516
original,baseline,0.01,39,5.8600106,140.88231
original,baseline,0.01,40,-27.227812,138.19086
original,baseline,0.01,41,-16.411442,133.47926
original,baseline,0.01,42,-11.352304,138.56662
original,baseline,0.01,43,-17.877092,141.95752
original,baseline,0.01,44,5.1975784,129.68959
original,baseline,0.01,45,-13.531959,127.12058
original,baseline,0.01,46,-15.4623785,139.13731
original,baseline,0.01,47,-17.192623,133.82259
original,baseline,0.01,48,-8.655502,133.71234
original,baseline,0.01,49,-2.8195684,150.42558
original,baseline,0.01,50,-17.15828,133.67609
original,baseline,0.01,51,-5.5534096,127.09901
original,baseline,0.01,52,8.637766,128.62524
original,baseline,0.01,53,-10.249954,140.77888
original,baseline,0.01,54,9.787247,137.0428
original,baseline,0.01,55,-18.415628,134.98514
original,baseline,0.01,56,4.48617,133.52594
original,baseline,0.01,57,-20.865105,126.47353
original,baseline,0.01,58,6.6952677,141.29005
original,baseline,0.01,59,2.737448,121.7552
original,baseline,0.01,60,-6.5629325,139.03725
original,baseline,0.01,61,2.4552984,129.0111
original,baseline,0.01,62,-13.934914,129.47574
original,baseline,0.01,63,-31.174961,137.18594
original,baseline,0.01,64,-29.158966,132.88818
original,baseline,0.01,65,-20.421875,133.96597
original,baseline,0.01,66,-5.9093337,132.77002
original,baseline,0.01,67,-11.529099,131.0115
original,baseline,0.01,68,5.524444,140.40724
original,baseline,0.01,69,-4.0095205,128.54543
original,baseline,0.01,70,-10.484451,130.02823
original,baseline,0.01,71,-6.499497,128.51514
original,baseline,0.01,72,7.2297363,139.12634
original,baseline,0.01,73,8.565529,132.69713
original,baseline,0.01,74,-8.930749,125.359215
original,baseline,0.01,75,-1.8499746,128.47218
original,baseline,0.01,76,0.09539094,130.26982
original,baseline,0.01,77,7.094388,128.22176
original,baseline,0.01,78,-5.1419535,132.70949
original,baseline,0.01,79,-20.57085,140.30614
original,baseline,0.01,80,-27.630936,130.22993
original,baseline,0.01,81,-1.0289811,132.68301
original,baseline,0.01,82,-23.624296,134.95683
original,baseline,0.01,83,-3.9907062,129.81706
original,baseline,0.01,84,15.774459,129.12132
original,baseline,0.01,85,6.3733106,126.23755
original,baseline,0.01,86,-12.520479,131.53665
original,baseline,0.01,87,12.707336,133.23328
original,baseline,0.01,88,-9.787292,131.5853
original,baseline,0.01,89,-10.12265,140.12071
original,baseline,0.01,90,-3.8148527,139.40738
original,baseline,0.01,91,-2.0240052,134.37907
original,baseline,0.01,92,-20.39996,136.56715
original,baseline,0.01,93,-2.692279,126.621284
original,baseline,0.01,94,-0.3617192,143.32712
original,baseline,0.01,95,-41.037037,134.34268
original,baseline,0.01,96,10.5002985,131.4659
original,baseline,0.01,97,-8.986593,136.89987
original,baseline,0.01,98,6.759885,137.56516
original,baseline,0.01,99,0.41171774,129.23218
original,baseline,0.01,100,-1.6102673,134.5588
original,baseline,0.01,101,-14.8817835,134.58473
original,baseline,0.01,102,-7.468663,129.03316
original,baseline,0.01,103,-25.008717,123.86563
original,baseline,0.01,104,12.429502,125.373314
original,baseline,0.01,105,11.245064,129.82549
original,baseline,0.01,106,3.1009197,134.58339
original,baseline,0.01,107,-12.885123,141.09943
original,baseline,0.01,108,-19.234499,135.08093
original,baseline,0.01,109,-21.51239,125.76485
original,baseline,0.01,110,16.822912,132.20654
original,baseline,0.01,111,1.391628,123.445045
original,baseline,0.01,112,-13.675419,123.91559
original,baseline,0.01,113,17.590574,126.49568
original,baseline,0.01,114,8.092683,128.38704
original,baseline,0.01,115,-4.450909,140.02188
original,baseline,0.01,116,-9.077914,135.79242
original,baseline,0.01,117,9.420172,132.69948
original,baseline,0.01,118,8.258246,137.81808
original,baseline,0.01,119,-34.81507,140.84074
original,baseline,0.01,120,-21.550898,141.49765
original,baseline,0.01,121,-8.594807,125.206795
original,baseline,0.01,122,-9.457754,132.91075
original,baseline,0.01,123,-12.259623,152.79994
original,baseline,0.01,124,7.68959,127.41928
original,baseline,0.01,125,-3.6213868,134.13416
original,baseline,0.01,126,-25.210447,134.12352
original,baseline,0.01,127,0.315796,137.82863
original,baseline,0.01,128,-33.99398,125.24551
original,baseline,0.01,129,-4.4449463,140.37236
original,baseline,0.01,130,-18.317146,129.03899
original,baseline,0.01,131,-6.1976004,132.73013
original,baseline,0.01,132,-11.236357,133.84392
original,baseline,0.01,133,-4.9352865,133.01453
original,baseline,0.01,134,15.0570345,149.14043
original,baseline,0.01,135,-3.6554532,131.02925
original,baseline,0.01,136,0.7215812,124.81466
original,baseline,0.01,137,5.136034,125.51885
original,baseline,0.01,138,-8.336181,135.20886
original,baseline,0.01,139,-16.047655,123.33516
original,baseline,0.01,140,-13.569137,134.68083
original,baseline,0.01,141,-16.047737,128.97977
original,baseline,0.01,142,-4.3443003,135.52301
original,baseline,0.01,143,1.1573199,133.26837
original,baseline,0.01,144,2.5841591,134.18738
original,baseline,0.01,145,15.490753,131.0582
original,baseline,0.01,146,-3.8449147,139.22382
original,baseline,0.01,147,-16.22676,118.408226
original,baseline,0.01,148,-32.90898,124.85828
original,baseline,0.01,149,-9.511544,129.62349
original,baseline,0.01,150,-2.5920825,137.5277
original,baseline,0.01,151,-10.892955,128.86322
original,baseline,0.01,152,3.9435823,125.76595
original,baseline,0.01,153,-13.527138,130.83951
original,baseline,0.01,154,7.601642,132.13026
original,baseline,0.01,155,-25.09839,126.75495
original,baseline,0.01,156,2.2841551,145.73889
original,baseline,0.01,157,-20.510443,137.20595
original,baseline,0.01,158,-10.220965,130.79407
original,baseline,0.01,159,-3.1481466,127.8251
original,baseline,0.01,160,4.94933,148.95493
original,baseline,0.01,161,3.9043186,142.70833
original,baseline,0.01,162,11.523095,138.91862
original,baseline,0.01,163,6.7014937,143.60301
original,baseline,0.01,164,-2.1976142,139.35866
original,baseline,0.01,165,-8.272604,124.84348
original,baseline,0.01,166,-38.789158,118.66634
original,baseline,0.01,167,-19.438215,132.27312
original,baseline,0.01,168,-23.97256,121.77501
original,baseline,0.01,169,-20.870571,132.0917
original,baseline,0.01,170,-7.294226,138.12852
original,baseline,0.01,171,1.2683862,127.924065
original,baseline,0.01,172,-11.251982,129.42155
original,baseline,0.01,173,-27.4678,126.48708
original,baseline,0.01,174,-7.834559,127.175224
original,baseline,0.01,175,-17.036983,131.18391
original,baseline,0.01,176,4.5823455,137.10799
original,baseline,0.01,177,-20.599022,124.78668
original,baseline,0.01,178,-9.61999,136.31372
original,baseline,0.01,179,-13.864809,134.08948
original,baseline,0.01,180,-17.094664,137.73268
original,baseline,0.01,181,-24.556725,130.42299
original,baseline,0.01,182,-3.4948142,134.83656
original,baseline,0.01,183,-7.86751,133.9976
original,baseline,0.01,184,-10.525185,134.5624
original,baseline,0.01,185,-8.067949,131.15953
original,baseline,0.01,186,-22.452332,131.93376
original,baseline,0.01,187,-39.60843,126.4219
original,baseline,0.01,188,-24.661774,127.36104
original,baseline,0.01,189,-2.673988,120.678024
original,baseline,0.01,190,-3.9725645,137.2271
original,baseline,0.01,191,-3.72057,125.07719
original,baseline,0.01,192,-19.660532,122.91394
original,baseline,0.01,193,4.789609,137.77708
original,baseline,0.01,194,-15.038656,134.79947
original,baseline,0.01,195,-8.438579,139.75456
original,baseline,0.01,196,-12.350448,139.43915
original,baseline,0.01,197,-21.635592,137.05785
original,baseline,0.01,198,-9.210376,137.65749
original,baseline,0.01,199,0.71505404,130.51324
original,baseline,0.05,0,-71.54485,160.15112
original,baseline,0.05,1,-109.710464,91.32689
original,baseline,0.05,2,64.603424,170.77771
original,baseline,0.05,3,46.6281,104.53404
original,baseline,0.05,4,37.28576,-159.73537
original,baseline,0.05,5,-38.481544,-152.64703
original,baseline,0.05,6,43.076916,114.5326
original,baseline,0.05,7,-82.89725,131.34431
original,baseline,0.05,8,27.933788,127.5883
original,baseline,0.05,9,-18.25926,103.248955
original,baseline,0.05,10,-106.61807,121.67027
original,baseline,0.05,11,-5.503837,148.93205
original,baseline,0.05,12,53.934982,76.92399
original,baseline,0.05,13,-65.32378,153.34764
original,baseline,0.05,14,45.630653,75.85747
original,baseline,0.05,15,19.812012,172.98459
original,baseline,0.05,16,53.790062,169.74466
original,baseline,0.05,17,22.437952,-149.85405
original,baseline,0.05,18,-122.55683,-172.93109
original,baseline,0.05,19,25.616901,161.19563
original,baseline,0.05,20,-83.27306,125.009254
original,baseline,0.05,21,-51.49342,152.5414
original,baseline,0.05,22,-101.01291,94.4415
original,baseline,0.05,23,56.232693,137.55103
original,baseline,0.05,24,58.477425,130.61327
original,baseline,0.05,25,21.69814,164.16869
original,baseline,0.05,26,-152.25461,118.99897
original,baseline,0.05,27,-8.454415,159.26376
original,baseline,0.05,28,33.625355,117.157364
original,baseline,0.05,29,-95.75274,113.64479
original,baseline,0.05,30,58.8354,152.44615
original,baseline,0.05,31,12.639351,85.97042
original,baseline,0.05,32,3.3797894,146.12238
original,baseline,0.05,33,-65.49553,131.84094
original,baseline,0.05,34,-22.4214,125.498116
original,baseline,0.05,35,-47.67934,174.40456
original,baseline,0.05,36,-15.113211,126.530785
original,baseline,0.05,37,-18.946152,96.79267
original,baseline,0.05,38,35.013023,115.13549
original,baseline,0.05,39,52.832146,102.064
original,baseline,0.05,40,13.659021,141.87514
original,baseline,0.05,41,-70.93947,95.35444
original,baseline,0.05,42,41.36311,65.03739
original,baseline,0.05,43,19.480354,78.29665
original,baseline,0.05,44,-135.66925,92.72915
original,baseline,0.05,45,18.021431,110.87265
original,baseline,0.05,46,33.875687,132.01688
original,baseline,0.05,47,32.9764,128.08757
original,baseline,0.05,48,2.0351672,135.02936
original,baseline,0.05,49,-3.058318,138.90598
original,baseline,0.05,50,-109.38343,121.51063
original,baseline,0.05,51,-108.65008,140.07346
original,baseline,0.05,52,45.92692,106.8028
original,baseline,0.05,53,19.445114,114.09
original,baseline,0.05,54,-84.67468,126.80473
original,baseline,0.05,55,-54.254574,124.52872
original,baseline,0.05,56,48.704872,126.4327
original,baseline,0.05,57,-0.6953765,90.896286
original,baseline,0.05,58,-31.202684,122.08488
original,baseline,0.05,59,-1.8880948,117.587364
original,baseline,0.05,60,8.587816,120.55397
original,baseline,0.05,61,54.0191,155.01118
original,baseline,0.05,62,36.90984,151.0006
original,baseline,0.05,63,-70.26689,93.065475
original,baseline,0.05,64,-104.85793,144.26244
original,baseline,0.05,65,33.441246,136.03203
original,baseline,0.05,66,39.9335,117.83901
original,baseline,0.05,67,-24.292921,141.49521
original,baseline,0.05,68,-56.79206,-140.16699
original,baseline,0.05,69,-19.521023,100.73904
original,baseline,0.05,70,-73.178024,120.05161
original,baseline,0.05,71,-76.60852,109.55828
original,baseline,0.05,72,-75.85409,103.41466
original,baseline,0.05,73,-71.13121,144.12393
original,baseline,0.05,74,25.764076,130.20772
original,baseline,0.05,75,-2.7288473,130.58865
original,baseline,0.05,76,-26.480143,-146.63425
original,baseline,0.05,77,65.99138,145.28073
original,baseline,0.05,78,-122.82557,165.16241
original,baseline,0.05,79,12.805883,140.41367
original,baseline,0.05,80,-23.642767,133.34045
original,baseline,0.05,81,-6.413776,-149.00366
original,baseline,0.05,82,22.503471,107.4026
original,baseline,0.05,83,25.59975,92.279625
original,baseline,0.05,84,12.346304,116.61219
original,baseline,0.05,85,11.639543,156.12018
original,baseline,0.05,86,38.380875,158.27055
original,baseline,0.05,87,20.765759,-141.85991
original,baseline,0.05,88,-12.142876,113.79997
original,baseline,0.05,89,-1.2397355,103.17164
original,baseline,0.05,90,-80.303665,170.0846
original,baseline,0.05,91,33.382458,139.25061
original,baseline,0.05,92,-22.162197,128.7387
original,baseline,0.05,93,52.12861,-177.3354
original,baseline,0.05,94,-29.629248,-168.54121
original,baseline,0.05,95,32.953136,92.50041
original,baseline,0.05,96,-71.7342,124.51102
original,baseline,0.05,97,-61.485447,140.47267
original,baseline,0.05,98,59.580894,88.9106
original,baseline,0.05,99,3.8916416,178.9678
original,baseline,0.05,100,-89.89878,148.60172
original,baseline,0.05,101,91.86186,-147.97922
original,baseline,0.05,102,-101.25334,-164.41243
original,baseline,0.05,103,116.76198,107.17572
original,baseline,0.05,104,81.49742,113.49159
original,baseline,0.05,105,38.757416,147.70375
original,baseline,0.05,106,-136.16199,122.219894
original,baseline,0.05,107,-6.9481525,106.86675
original,baseline,0.05,108,-89.125145,-177.50862
original,baseline,0.05,109,-102.67731,127.28242
original,baseline,0.05,110,1.640599,134.68225
original,baseline,0.05,111,42.713886,105.36754
original,baseline,0.05,112,-15.350148,111.91977
original,baseline,0.05,113,7.7413826,118.144516
original,baseline,0.05,114,23.989225,128.18323
original,baseline,0.05,115,-3.9313438,173.06396
original,baseline,0.05,116,65.5548,153.95525
original,baseline,0.05,117,-120.85285,156.2706
original,baseline,0.05,118,-30.918327,152.42853
original,baseline,0.05,119,50.96688,105.666664
original,baseline,0.05,120,-61.4379,133.181
original,baseline,0.05,121,3.7051604,155.48221
original,baseline,0.05,122,45.158875,71.62057
original,baseline,0.05,123,-69.01914,115.7775
original,baseline,0.05,124,-31.978874,140.62442
original,baseline,0.05,125,-17.407572,117.82169
original,baseline,0.05,126,-47.596172,79.47599
original,baseline,0.05,127,-75.09053,78.68323
original,baseline,0.05,128,-68.09896,142.38719
original,baseline,0.05,129,49.783943,172.50734
original,baseline,0.05,130,57.70715,113.48955
original,baseline,0.05,131,81.67645,136.99611
original,baseline,0.05,132,35.50801,109.06196
original,baseline,0.05,133,23.701351,111.213
original,baseline,0.05,134,35.173817,147.11668
original,baseline,0.05,135,-4.3351126,112.55536
original,baseline,0.05,136,36.621994,157.52753
original,baseline,0.05,137,-24.785627,145.25865
original,baseline,0.05,138,13.795961,110.72587
original,baseline,0.05,139,-44.621063,-160.64929
original,baseline,0.05,140,16.854578,167.98138
original,baseline,0.05,141,9.945237,-136.01073
original,baseline,0.05,142,48.162193,115.92503
original,baseline,0.05,143,35.80609,-169.85582
original,baseline,0.05,144,71.236755,115.55813
original,baseline,0.05,145,-3.322301,-122.96895
original,baseline,0.05,146,0.48028535,100.93423
original,baseline,0.05,147,-55.504597,126.60347
original,baseline,0.05,148,-30.61102,127.70681
original,baseline,0.05,149,23.503624,96.56183
original,baseline,0.05,150,-62.17402,111.386665
original,baseline,0.05,151,-74.592514,127.27996
original,baseline,0.05,152,-16.125666,107.11075
original,baseline,0.05,153,10.170355,108.467705
original,baseline,0.05,154,-30.511303,153.72807
original,baseline,0.05,155,47.387234,106.117294
original,baseline,0.05,156,54.165104,26.431387
original,baseline,0.05,157,38.1416,100.513214
original,baseline,0.05,158,24.313494,106.81597
original,baseline,0.05,159,-23.265608,-147.72827
original,baseline,0.05,160,44.137966,-171.68118
original,baseline,0.05,161,15.913921,109.18151
original,baseline,0.05,162,46.407024,151.02773
original,baseline,0.05,163,0.18955673,-164.72826
original,baseline,0.05,164,-24.04359,-155.93266
original,baseline,0.05,165,40.824627,-135.02611
original,baseline,0.05,166,27.67037,128.10397
original,baseline,0.05,167,-73.54464,126.96942
original,baseline,0.05,168,-52.260365,122.52113
original,baseline,0.05,169,-6.2857633,81.613525
original,baseline,0.05,170,122.08791,147.46634
original,baseline,0.05,171,-32.34017,138.60461
original,baseline,0.05,172,-144.75983,128.90482
original,baseline,0.05,173,-27.832005,-116.41861
original,baseline,0.05,174,-16.537056,112.18596
original,baseline,0.05,175,-59.09154,131.40643
original,baseline,0.05,176,-21.34006,104.418
original,baseline,0.05,177,11.2825775,130.13641
original,baseline,0.05,178,23.15188,19.180677
original,baseline,0.05,179,8.390242,133.10373
original,baseline,0.05,180,60.30409,134.0014
original,baseline,0.05,181,42.805298,133.5634
original,baseline,0.05,182,7.327544,74.68649
original,baseline,0.05,183,30.196035,129.67575
original,baseline,0.05,184,-63.569057,111.210915
original,baseline,0.05,185,25.760572,-107.119194
original,baseline,0.05,186,-90.73264,19.35565
original,baseline,0.05,187,-50.513313,137.1767
original,baseline,0.05,188,-1.0368412,150.18987
original,baseline,0.05,189,-82.744934,-170.33777
original,baseline,0.05,190,-20.483124,-164.83284
original,baseline,0.05,191,-31.95929,-85.18262
original,baseline,0.05,192,34.70099,160.07005
original,baseline,0.05,193,18.907982,142.0957
original,baseline,0.05,194,-33.59494,119.79689
original,baseline,0.05,195,16.443426,126.064285
original,baseline,0.05,196,33.72241,116.94866
original,baseline,0.05,197,6.639686,149.36038
original,baseline,0.05,198,-51.021,159.21825
original,baseline,0.05,199,3.566909,175.15663
original,baseline,0.1,0,-0.7796529,-28.503132
original,baseline,0.1,1,45.36879,24.281982
original,baseline,0.1,2,-54.584244,119.082466
original,baseline,0.1,3,36.286804,120.29904
original,baseline,0.1,4,-81.77832,-137.29501
original,baseline,0.1,5,32.54018,106.41805
original,baseline,0.1,6,-95.47355,159.64911
original,baseline,0.1,7,-82.15556,142.44139
original,baseline,0.1,8,-24.387432,-131.5195
original,baseline,0.1,9,70.20999,130.05539
original,baseline,0.1,10,19.325182,79.777626
original,baseline,0.1,11,-146.0495,-149.78963
original,baseline,0.1,12,26.181728,-119.294334
original,baseline,0.1,13,-146.81363,52.339493
original,baseline,0.1,14,25.777523,138.8782
original,baseline,0.1,15,-21.160553,-119.54675
original,baseline,0.1,16,62.087273,67.50262
original,baseline,0.1,17,-116.90932,172.53546
original,baseline,0.1,18,-122.684326,122.63715
original,baseline,0.1,19,63.790073,123.90574
original,baseline,0.1,20,67.54396,-54.65925
original,baseline,0.1,21,67.55475,-86.051895
original,baseline,0.1,22,-36.309116,-161.89536
original,baseline,0.1,23,54.596764,177.17705
original,baseline,0.1,24,-74.47158,90.661835
original,baseline,0.1,25,-82.80759,-33.355415
original,baseline,0.1,26,10.675042,-126.00942
original,baseline,0.1,27,108.399315,-97.13816
original,baseline,0.1,28,-82.17732,139.64261
original,baseline,0.1,29,-111.5385,82.00551
original,baseline,0.1,30,-71.58456,123.811226
original,baseline,0.1,31,-130.61568,157.59976
original,baseline,0.1,32,11.274432,84.95815
original,baseline,0.1,33,-29.38147,122.6413
original,baseline,0.1,34,-4.351643,126.7849
original,baseline,0.1,35,92.905106,133.52922
original,baseline,0.1,36,-18.954784,-112.74467
original,baseline,0.1,37,30.223042,3.2527313
original,baseline,0.1,38,28.55084,155.82286
original,baseline,0.1,39,22.683823,174.83655
original,baseline,0.1,40,-108.96721,121.890396
original,baseline,0.1,41,50.417507,160.61879
original,baseline,0.1,42,3.1483834,168.00789
original,baseline,0.1,43,-148.23647,111.83555
original,baseline,0.1,44,-76.75461,45.631775
original,baseline,0.1,45,-40.789974,111.47032
original,baseline,0.1,46,16.345942,144.05528
original,baseline,0.1,47,-79.63773,149.10184
original,baseline,0.1,48,-109.77366,-154.5801
original,baseline,0.1,49,23.194664,87.82507
original,baseline,0.1,50,-28.881031,-144.3495
original,baseline,0.1,51,-31.998053,-37.873302
original,baseline,0.1,52,69.14719,-148.77065
original,baseline,0.1,53,-61.810165,-162.76701
original,baseline,0.1,54,77.89318,148.70937
original,baseline,0.1,55,84.385826,163.08253
original,baseline,0.1,56,-125.23786,-115.63158
original,baseline,0.1,57,-114.449165,-91.816284
original,baseline,0.1,58,67.22506,-124.67608
original,baseline,0.1,59,-70.008125,112.914444
original,baseline,0.1,60,-104.14159,29.464937
original,baseline,0.1,61,-97.835915,129.60805
original,baseline,0.1,62,-55.591995,-38.198727
original,baseline,0.1,63,51.55391,103.4405
original,baseline,0.1,64,-2.9357593,119.27819
original,baseline,0.1,65,55.481632,-135.00256
original,baseline,0.1,66,24.021816,126.15646
original,baseline,0.1,67,-68.938416,-158.99774
original,baseline,0.1,68,-85.889145,121.15261
original,baseline,0.1,69,52.15636,-128.99486
original,baseline,0.1,70,67.90356,103.57575
original,baseline,0.1,71,-164.31468,112.298874
original,baseline,0.1,72,-86.98581,105.95257
original,baseline,0.1,73,-72.21773,101.95723
original,baseline,0.1,74,125.82455,107.35876
original,baseline,0.1,75,-52.259323,-132.61888
original,baseline,0.1,76,-158.87804,57.275047
original,baseline,0.1,77,-118.40751,-161.68962
original,baseline,0.1,78,61.250187,-127.18842
original,baseline,0.1,79,-22.044132,121.64883
original,baseline,0.1,80,37.742474,151.28543
original,baseline,0.1,81,12.063367,119.96049
original,baseline,0.1,82,52.34725,75.80952
original,baseline,0.1,83,-8.962456,177.55363
original,baseline,0.1,84,-58.351845,-178.1109
original,baseline,0.1,85,-109.38159,126.33014
original,baseline,0.1,86,-98.523285,-113.9982
original,baseline,0.1,87,-10.79301,-178.61508
original,baseline,0.1,88,-87.84056,118.69145
original,baseline,0.1,89,-30.897392,99.36252
original,baseline,0.1,90,-26.93584,101.90819
original,baseline,0.1,91,-55.482033,136.99368
original,baseline,0.1,92,-46.840775,-29.467052
original,baseline,0.1,93,11.685497,166.5302
original,baseline,0.1,94,-73.381584,140.85367
original,baseline,0.1,95,79.666115,133.23155
original,baseline,0.1,96,-46.653053,114.75863
original,baseline,0.1,97,-100.92939,55.2026
original,baseline,0.1,98,67.30372,144.70105
original,baseline,0.1,99,-117.28203,109.42085
original,baseline,0.1,100,-145.48051,-1.706413
original,baseline,0.1,101,-142.30333,112.593666
original,baseline,0.1,102,-31.781143,43.819633
original,baseline,0.1,103,-112.96471,27.289696
original,baseline,0.1,104,-104.98492,146.77847
original,baseline,0.1,105,-59.475193,-68.484276
original,baseline,0.1,106,4.9392524,-108.549934
original,baseline,0.1,107,-14.8685465,-145.7521
original,baseline,0.1,108,-48.96263,108.70709
original,baseline,0.1,109,129.89267,95.7934
original,baseline,0.1,110,-58.65529,153.09846
original,baseline,0.1,111,70.2159,170.07065
original,baseline,0.1,112,3.2310932,92.09434
original,baseline,0.1,113,-121.23573,111.51322
original,baseline,0.1,114,-5.969605,-77.050934
original,baseline,0.1,115,-53.279613,79.13695
original,baseline,0.1,116,43.672245,143.13292
original,baseline,0.1,117,23.4231,112.34952
original,baseline,0.1,118,23.89111,62.87175
original,baseline,0.1,119,42.90748,162.75526
original,baseline,0.1,120,-97.62479,-144.78404
original,baseline,0.1,121,7.4681444,-171.83899
original,baseline,0.1,122,24.480484,113.80605
original,baseline,0.1,123,65.22007,-113.49165
original,baseline,0.1,124,0.86334276,124.300316
original,baseline,0.1,125,51.777176,95.975815
original,baseline,0.1,126,46.648853,165.60928
original,baseline,0.1,127,74.35828,67.98978
original,baseline,0.1,128,46.87134,66.73769
original,baseline,0.1,129,36.16338,133.60342
original,baseline,0.1,130,66.81921,88.68887
original,baseline,0.1,131,-72.8843,159.5657
original,baseline,0.1,132,-177.41696,-47.25265
original,baseline,0.1,133,-49.201183,99.74924
original,baseline,0.1,134,-83.0926,115.950905
original,baseline,0.1,135,-13.953084,139.03304
original,baseline,0.1,136,-6.7225666,137.98256
original,baseline,0.1,137,-85.438,142.02272
original,baseline,0.1,138,-143.35597,63.154293
original,baseline,0.1,139,42.152523,135.89366
original,baseline,0.1,140,-81.9447,89.0666
original,baseline,0.1,141,-20.487476,-144.04468
original,baseline,0.1,142,-39.344486,99.12799
original,baseline,0.1,143,-101.607994,114.915695
original,baseline,0.1,144,-16.53972,-151.87344
original,baseline,0.1,145,22.079012,88.80524
original,baseline,0.1,146,-49.142155,120.53
original,baseline,0.1,147,-63.74143,-59.75678
original,baseline,0.1,148,-174.06178,98.46005
original,baseline,0.1,149,-24.781506,155.11147
original,baseline,0.1,150,-19.331142,89.888794
original,baseline,0.1,151,-89.35784,98.51021
original,baseline,0.1,152,-95.95027,-20.216997
original,baseline,0.1,153,0.9930539,76.66015
original,baseline,0.1,154,-87.712234,-55.74464
original,baseline,0.1,155,-74.23964,127.67579
original,baseline,0.1,156,107.55684,119.139404
original,baseline,0.1,157,50.433823,121.01593
original,baseline,0.1,158,2.0112135,124.33111
original,baseline,0.1,159,17.994411,168.86952
original,baseline,0.1,160,16.58096,174.5373
original,baseline,0.1,161,-15.813251,-69.54935
original,baseline,0.1,162,37.917866,128.22026
original,baseline,0.1,163,68.13579,126.06052
original,baseline,0.1,164,-95.161125,146.09637
original,baseline,0.1,165,-150.80891,90.367676
original,baseline,0.1,166,-34.619217,70.275406
original,baseline,0.1,167,50.351204,154.4924
original,baseline,0.1,168,25.55529,-159.85754
original,baseline,0.1,169,36.47968,-151.39703
original,baseline,0.1,170,35.1313,141.41058
original,baseline,0.1,171,-59.09538,-176.61525
original,baseline,0.1,172,53.016457,146.10954
original,baseline,0.1,173,-40.012413,8.796445
original,baseline,0.1,174,23.015574,165.41269
original,baseline,0.1,175,31.194204,107.32914
original,baseline,0.1,176,-70.01481,59.892162
original,baseline,0.1,177,52.993217,152.74649
original,baseline,0.1,178,-33.22589,-113.75684
original,baseline,0.1,179,9.857629,-134.27307
original,baseline,0.1,180,28.530851,-83.503815
original,baseline,0.1,181,-59.218132,147.5362
original,baseline,0.1,182,-16.064281,126.90199
original,baseline,0.1,183,-4.840618,-132.27872
original,baseline,0.1,184,-1.4007603,-115.51121
original,baseline,0.1,185,35.40108,118.520424
original,baseline,0.1,186,120.595764,-59.417953
original,baseline,0.1,187,-38.595623,162.0753
original,baseline,0.1,188,-17.724909,164.95856
original,baseline,0.1,189,52.630863,118.828835
original,baseline,0.1,190,50.801437,168.92444
original,baseline,0.1,191,-85.179405,104.98623
original,baseline,0.1,192,32.63956,106.270004
original,baseline,0.1,193,-57.993305,143.8999
original,baseline,0.1,194,60.424915,171.2982
original,baseline,0.1,195,96.94549,99.456566
original,baseline,0.1,196,1.0217465,170.46222
original,baseline,0.1,197,15.322167,-144.83444
original,baseline,0.1,198,-24.353695,-81.25479
original,baseline,0.1,199,-116.18993,141.97652
original,baseline,0.2,0,41.374813,-99.11286
original,baseline,0.2,1,-133.31989,140.9547
original,baseline,0.2,2,-83.247116,134.76042
original,baseline,0.2,3,81.94951,-100.91509
original,baseline,0.2,4,45.124176,94.8472
original,baseline,0.2,5,-45.73385,165.49544
original,baseline,0.2,6,140.40721,-79.13581
original,baseline,0.2,7,-98.363075,177.64006
original,baseline,0.2,8,159.91673,-95.27573
original,baseline,0.2,9,52.258564,-108.63074
original,baseline,0.2,10,-90.36664,76.082886
original,baseline,0.2,11,58.40072,-76.57055
original,baseline,0.2,12,62.501534,97.81078
original,baseline,0.2,13,73.72364,159.76093
original,baseline,0.2,14,-90.222565,146.42905
original,baseline,0.2,15,-12.080056,-142.42952
original,baseline,0.2,16,-77.70632,-171.70616
original,baseline,0.2,17,24.856415,42.42952
original,baseline,0.2,18,0.5453256,-118.23107
original,baseline,0.2,19,-91.47742,-85.62596
original,baseline,0.2,20,44.840916,140.98787
original,baseline,0.2,21,66.56401,-153.07903
original,baseline,0.2,22,-17.321238,173.64401
original,baseline,0.2,23,-54.198513,54.311676
original,baseline,0.2,24,21.774345,-137.74669
original,baseline,0.2,25,-159.93042,-82.3721
original,baseline,0.2,26,-161.53699,-3.8452475
original,baseline,0.2,27,-129.43387,22.812683
original,baseline,0.2,28,123.17902,5.096292
original,baseline,0.2,29,-107.492775,119.013695
original,baseline,0.2,30,30.104452,112.415955
original,baseline,0.2,31,12.213203,-87.4799
original,baseline,0.2,32,-117.031525,142.36002
original,baseline,0.2,33,-153.45619,43.666054
original,baseline,0.2,34,13.481802,54.65713
original,baseline,0.2,35,-99.32081,171.7048
original,baseline,0.2,36,-72.44392,171.60793
original,baseline,0.2,37,-72.845985,127.63464
original,baseline,0.2,38,-65.17057,-93.410126
original,baseline,0.2,39,-71.2842,-64.78566
original,baseline,0.2,40,14.274448,65.317764
original,baseline,0.2,41,88.05586,-72.124016
original,baseline,0.2,42,36.52904,135.85535
original,baseline,0.2,43,62.58049,-80.79272
original,baseline,0.2,44,-86.7543,146.08136
original,baseline,0.2,45,-96.10364,131.269
original,baseline,0.2,46,-53.72244,-141.73491
original,baseline,0.2,47,50.26984,-155.70906
original,baseline,0.2,48,151.6472,178.61668
original,baseline,0.2,49,76.75705,-83.81438
original,baseline,0.2,50,-47.59433,15.441496
original,baseline,0.2,51,-28.41156,-160.52155
original,baseline,0.2,52,-150.54202,-90.47394
original,baseline,0.2,53,-46.83886,-88.2811
original,baseline,0.2,54,-92.62007,97.98989
original,baseline,0.2,55,-79.16357,-40.8572
original,baseline,0.2,56,72.98789,164.54047
original,baseline,0.2,57,-89.84062,158.21391
original,baseline,0.2,58,16.283339,-163.10216
original,baseline,0.2,59,47.85261,-105.221596
original,baseline,0.2,60,-52.27219,5.9242215
original,baseline,0.2,61,-138.35207,99.139946
original,baseline,0.2,62,-25.30064,101.777596
original,baseline,0.2,63,-66.177925,118.67659
original,baseline,0.2,64,-101.02164,10.346936
original,baseline,0.2,65,98.98198,129.07367
original,baseline,0.2,66,53.266182,-168.31528
original,baseline,0.2,67,112.49087,160.2799
original,baseline,0.2,68,68.5275,-9.24752
original,baseline,0.2,69,-151.03328,100.27466
original,baseline,0.2,70,58.81525,73.67363
original,baseline,0.2,71,-74.780655,-107.90732
original,baseline,0.2,72,-1.0338879,-98.79789
original,baseline,0.2,73,62.733116,-115.43922
original,baseline,0.2,74,42.304234,167.7441
original,baseline,0.2,75,-147.96057,-158.83022
original,baseline,0.2,76,-130.2583,15.364729
original,baseline,0.2,77,18.977043,124.9654
original,baseline,0.2,78,67.76407,-124.610275
original,baseline,0.2,79,-126.88051,15.802795
original,baseline,0.2,80,173.35301,9.790542
original,baseline,0.2,81,-35.098507,-161.00378
original,baseline,0.2,82,83.75596,-106.06878
original,baseline,0.2,83,-79.21446,120.425934
original,baseline,0.2,84,-0.66515386,133.68457
original,baseline,0.2,85,-14.634263,64.00189
original,baseline,0.2,86,-138.53537,73.78062
original,baseline,0.2,87,159.77907,-83.51765
original,baseline,0.2,88,-52.99027,-149.54355
original,baseline,0.2,89,-139.90637,43.744984
original,baseline,0.2,90,52.18226,117.52917
original,baseline,0.2,91,-120.32246,146.14603
original,baseline,0.2,92,-43.216873,113.80731
original,baseline,0.2,93,-72.18027,32.785286
original,baseline,0.2,94,77.97299,41.083965
original,baseline,0.2,95,-47.015686,153.02615
original,baseline,0.2,96,-148.65169,104.61145
original,baseline,0.2,97,15.944619,-171.54063
original,baseline,0.2,98,-5.727439,-67.10275
original,baseline,0.2,99,26.701393,-156.07498
original,baseline,0.2,100,107.77263,-176.93358
original,baseline,0.2,101,-3.1597292,67.5893
original,baseline,0.2,102,157.2465,140.64879
original,baseline,0.2,103,-20.482569,-48.038696
original,baseline,0.2,104,52.00874,-81.70292
original,baseline,0.2,105,134.16608,125.19096
original,baseline,0.2,106,17.218937,77.42723
original,baseline,0.2,107,-72.80676,116.93251
original,baseline,0.2,108,46.73746,54.868267
original,baseline,0.2,109,-70.7546,13.25669
original,baseline,0.2,110,-106.79301,106.86552
original,baseline,0.2,111,58.532352,117.40013
original,baseline,0.2,112,40.520176,125.624435
original,baseline,0.2,113,-126.19956,33.089844
original,baseline,0.2,114,-61.087757,-157.30582
original,baseline,0.2,115,-67.09123,-150.26993
original,baseline,0.2,116,98.177574,-5.0563154
original,baseline,0.2,117,-138.21214,64.37167
original,baseline,0.2,118,-1.8104149,105.62534
original,baseline,0.2,119,-177.71167,86.87804
original,baseline,0.2,120,-99.02571,89.155426
original,baseline,0.2,121,15.103008,84.92164
original,baseline,0.2,122,15.86975,156.02629
original,baseline,0.2,123,-103.462204,5.066228
original,baseline,0.2,124,-33.279324,134.58813
original,baseline,0.2,125,5.983636,-119.13664
original,baseline,0.2,126,43.37373,46.29874
original,baseline,0.2,127,-16.571968,-134.15437
original,baseline,0.2,128,61.15649,-85.65054
original,baseline,0.2,129,-42.69133,105.4127
original,baseline,0.2,130,175.6683,71.68418
original,baseline,0.2,131,28.843328,-74.77325
original,baseline,0.2,132,81.9956,131.41551
original,baseline,0.2,133,5.7751355,123.47881
original,baseline,0.2,134,-132.05095,109.14379
original,baseline,0.2,135,-117.37082,179.96544
original,baseline,0.2,136,85.80687,-128.00822
original,baseline,0.2,137,35.283447,127.86897
original,baseline,0.2,138,142.66028,130.61758
original,baseline,0.2,139,-18.462563,-86.61546
original,baseline,0.2,140,107.310234,-158.19792
original,baseline,0.2,141,23.080055,99.02042
original,baseline,0.2,142,52.804604,140.40924
original,baseline,0.2,143,-88.10776,92.19967
original,baseline,0.2,144,-104.02703,11.865745
original,baseline,0.2,145,-70.12635,129.33907
original,baseline,0.2,146,-128.7935,166.67903
original,baseline,0.2,147,-167.65494,-77.612045
original,baseline,0.2,148,-4.3222384,34.061333
original,baseline,0.2,149,-74.91349,-124.17551
original,baseline,0.2,150,75.36583,55.833305
original,baseline,0.2,151,28.759075,179.4842
original,baseline,0.2,152,47.357502,-15.76694
original,baseline,0.2,153,92.6251,109.22939
original,baseline,0.2,154,-127.82588,-170.34967
original,baseline,0.2,155,111.59656,44.20399
original,baseline,0.2,156,-31.676212,-73.80138
original,baseline,0.2,157,59.05947,137.09218
original,baseline,0.2,158,-85.75773,-160.7122
original,baseline,0.2,159,-72.36121,-74.06443
original,baseline,0.2,160,127.83303,-135.737
original,baseline,0.2,161,-54.812252,-107.30925
original,baseline,0.2,162,46.227806,114.63817
original,baseline,0.2,163,32.328445,-87.875595
original,baseline,0.2,164,-118.59522,121.899414
original,baseline,0.2,165,-29.615488,40.736717
original,baseline,0.2,166,-61.5426,79.0567
original,baseline,0.2,167,164.28369,80.10069
original,baseline,0.2,168,71.27021,128.01253
original,baseline,0.2,169,58.92595,-64.62948
original,baseline,0.2,170,58.201824,142.87347
original,baseline,0.2,171,1.2963591,106.975006
original,baseline,0.2,172,-75.93951,-52.476154
original,baseline,0.2,173,35.674824,-40.346737
original,baseline,0.2,174,19.724396,146.27634
original,baseline,0.2,175,44.057556,106.39301
original,baseline,0.2,176,-121.67985,-75.367966
original,baseline,0.2,177,84.467476,-68.11967
original,baseline,0.2,178,-0.5436253,59.22458
original,baseline,0.2,179,106.84093,172.17244
original,baseline,0.2,180,2.8217351,-132.44295
original,baseline,0.2,181,-109.353546,111.40887
original,baseline,0.2,182,-38.142353,141.72614
original,baseline,0.2,183,-119.90894,162.82391
original,baseline,0.2,184,38.230682,-95.19338
original,baseline,0.2,185,53.941357,29.056776
original,baseline,0.2,186,13.394897,-80.148056
original,baseline,0.2,187,52.915043,56.07355
original,baseline,0.2,188,76.26091,-66.710594
original,baseline,0.2,189,-84.75578,140.89517
original,baseline,0.2,190,62.79867,28.534641
original,baseline,0.2,191,-147.68365,73.18633
original,baseline,0.2,192,-81.28392,-100.35598
original,baseline,0.2,193,98.47659,-41.838566
original,baseline,0.2,194,119.3189,-112.9329
original,baseline,0.2,195,-77.381355,-147.30739
original,baseline,0.2,196,66.652306,-160.29074
original,baseline,0.2,197,45.494545,-23.332447
original,baseline,0.2,198,68.53374,118.4339
original,baseline,0.2,199,-29.413746,-133.05324
original,baseline,0.5,0,-61.782578,107.633545
original,baseline,0.5,1,47.05417,168.7648
original,baseline,0.5,2,-110.44071,-45.26544
original,baseline,0.5,3,-130.40717,106.45523
original,baseline,0.5,4,-65.54421,39.436756
original,baseline,0.5,5,18.316349,150.64598
original,baseline,0.5,6,-12.806097,3.6811664
original,baseline,0.5,7,-19.119146,13.887312
original,baseline,0.5,8,-90.751656,-162.3844
original,baseline,0.5,9,32.794613,-94.42301
original,baseline,0.5,10,91.37329,-72.245285
original,baseline,0.5,11,-127.62753,-74.91577
original,baseline,0.5,12,40.82417,-35.361973
original,baseline,0.5,13,57.133247,104.152084
original,baseline,0.5,14,166.35797,32.035137
original,baseline,0.5,15,-124.13646,-81.27201
original,baseline,0.5,16,-46.747135,108.602066
original,baseline,0.5,17,-43.18951,-61.112106
original,baseline,0.5,18,-34.926155,-143.53964
original,baseline,0.5,19,0.73577464,37.270138
original,baseline,0.5,20,145.19154,143.6779
original,baseline,0.5,21,-0.10533771,57.005486
original,baseline,0.5,22,41.2964,114.9776
original,baseline,0.5,23,-36.300884,114.15715
original,baseline,0.5,24,-79.4049,141.28722
original,baseline,0.5,25,73.47704,-42.604748
original,baseline,0.5,26,25.606167,-45.358337
original,baseline,0.5,27,88.4688,-99.48905
original,baseline,0.5,28,-154.22484,153.65508
original,baseline,0.5,29,-61.664593,-178.59229
original,baseline,0.5,30,53.085056,100.368835
original,baseline,0.5,31,-142.05434,-121.62308
original,baseline,0.5,32,-136.02454,118.24193
original,baseline,0.5,33,161.29822,-16.071909
original,baseline,0.5,34,59.70216,-31.584196
original,baseline,0.5,35,7.262023,23.642216
original,baseline,0.5,36,62.07172,-163.2923
original,baseline,0.5,37,-165.13432,-36.011765
original,baseline,0.5,38,177.98587,143.42448
original,baseline,0.5,39,25.373484,-118.28601
original,baseline,0.5,40,-139.13098,-53.04685
original,baseline,0.5,41,80.0042,156.53842
original,baseline,0.5,42,92.96127,-135.0544
original,baseline,0.5,43,-40.798878,-43.24973
original,baseline,0.5,44,177.04855,103.64142
original,baseline,0.5,45,59.326572,147.59067
original,baseline,0.5,46,-126.83641,49.165752
original,baseline,0.5,47,-157.57962,-140.22925
original,baseline,0.5,48,-74.316025,60.771248
original,baseline,0.5,49,-143.92299,87.76817
original,baseline,0.5,50,-23.121397,-139.83063
original,baseline,0.5,51,80.109886,-7.7084055
original,baseline,0.5,52,13.720206,48.88134
original,baseline,0.5,53,-118.22181,-6.8485737
original,baseline,0.5,54,-177.41501,-66.745804
original,baseline,0.5,55,-169.9569,29.364374
original,baseline,0.5,56,6.6698837,-14.534062
original,baseline,0.5,57,-108.56169,-15.209061
original,baseline,0.5,58,-143.21355,123.4968
original,baseline,0.5,59,66.08714,-39.312378
original,baseline,0.5,60,69.92544,-149.39473
original,baseline,0.5,61,-177.29785,-20.388142
original,baseline,0.5,62,27.936226,40.66162
original,baseline,0.5,63,-57.239525,-18.452843
original,baseline,0.5,64,-45.345646,161.29199
original,baseline,0.5,65,-80.173065,27.455465
original,baseline,0.5,66,-96.15569,176.23022
original,baseline,0.5,67,-97.89023,-125.88571
original,baseline,0.5,68,84.22785,23.803291
original,baseline,0.5,69,66.90293,-105.36969
original,baseline,0.5,70,-102.3867,-51.94944
original,baseline,0.5,71,-141.14828,37.077454
original,baseline,0.5,72,81.19259,-178.55759
original,baseline,0.5,73,177.45119,-158.90343
original,baseline,0.5,74,-26.95807,135.19464
original,baseline,0.5,75,-122.00938,172.4123
original,baseline,0.5,76,119.67188,-172.06671
original,baseline,0.5,77,106.92658,68.56818
original,baseline,0.5,78,28.577986,79.89278
original,baseline,0.5,79,-88.438286,110.25664
original,baseline,0.5,80,-176.73781,152.71552
original,baseline,0.5,81,-98.70243,133.59644
original,baseline,0.5,82,19.806416,163.1796
original,baseline,0.5,83,94.53518,62.727924
original,baseline,0.5,84,77.722595,126.3429
original,baseline,0.5,85,-15.394746,-145.51183
original,baseline,0.5,86,13.802327,-62.310066
original,baseline,0.5,87,-41.99849,72.74724
original,baseline,0.5,88,-138.31236,93.51565
original,baseline,0.5,89,144.37811,-154.14514
original,baseline,0.5,90,-39.524014,1.3922367
original,baseline,0.5,91,-53.735737,45.89835
original,baseline,0.5,92,-53.216125,116.87192
original,baseline,0.5,93,-48.03413,-120.13492
original,baseline,0.5,94,-151.07507,-78.49392
original,baseline,0.5,95,-132.37779,35.876987
original,baseline,0.5,96,-47.97832,131.57747
original,baseline,0.5,97,-126.215515,135.60303
original,baseline,0.5,98,120.95298,111.93943
original,baseline,0.5,99,92.35687,106.63431
original,baseline,0.5,100,60.20137,-94.526665
original,baseline,0.5,101,-93.94036,109.076645
original,baseline,0.5,102,139.13156,-163.40468
original,baseline,0.5,103,-161.25093,50.125706
original,baseline,0.5,104,106.10113,130.84161
original,baseline,0.5,105,-42.295624,-46.95604
original,baseline,0.5,106,-4.217587,-78.87603
original,baseline,0.5,107,-28.809341,-170.10367
original,baseline,0.5,108,-112.485016,-46.84179
original,baseline,0.5,109,60.879177,72.65822
original,baseline,0.5,110,163.27214,60.157833
original,baseline,0.5,111,-147.18982,-67.25066
original,baseline,0.5,112,-85.97413,151.11055
original,baseline,0.5,113,-66.33424,-118.50624
original,baseline,0.5,114,40.60785,147.50328
original,baseline,0.5,115,147.73296,162.62874
original,baseline,0.5,116,-94.07606,-70.22406
original,baseline,0.5,117,67.06227,-99.61987
original,baseline,0.5,118,-86.69447,111.52077
original,baseline,0.5,119,-112.672195,-119.710785
original,baseline,0.5,120,-46.188145,-90.82384
original,baseline,0.5,121,165.92804,-147.7612
original,baseline,0.5,122,172.07588,-59.058296
original,baseline,0.5,123,110.29361,-154.6757
original,baseline,0.5,124,-57.637043,-119.34377
original,baseline,0.5,125,-152.33769,168.93187
original,baseline,0.5,126,20.848925,4.940172
original,baseline,0.5,127,84.17259,115.84466
original,baseline,0.5,128,105.34419,84.84823
original,baseline,0.5,129,-139.08176,-71.92222
original,baseline,0.5,130,110.45754,-145.8287
original,baseline,0.5,131,-130.60002,104.66803
original,baseline,0.5,132,-84.41762,10.237527
original,baseline,0.5,133,28.326328,-175.31897
original,baseline,0.5,134,32.889786,111.83354
original,baseline,0.5,135,-174.80257,55.694855
original,baseline,0.5,136,-123.861565,-108.16932
original,baseline,0.5,137,57.19443,80.97082
original,baseline,0.5,138,175.02997,-134.50781
original,baseline,0.5,139,54.133995,146.57648
original,baseline,0.5,140,131.2126,-97.097534
original,baseline,0.5,141,-52.593967,102.31461
original,baseline,0.5,142,-83.694016,39.393585
original,baseline,0.5,143,27.587763,-166.47511
original,baseline,0.5,144,-87.57365,-48.957253
original,baseline,0.5,145,95.62442,132.17342
original,baseline,0.5,146,-131.85524,66.8488
original,baseline,0.5,147,62.227314,158.5723
original,baseline,0.5,148,-66.95773,39.22251
original,baseline,0.5,149,-163.05783,179.99698
original,baseline,0.5,150,-46.814034,-154.91476
original,baseline,0.5,151,-140.14813,-146.11049
original,baseline,0.5,152,-165.83418,-121.12868
original,baseline,0.5,153,-177.25131,105.752106
original,baseline,0.5,154,172.66263,98.288414
original,baseline,0.5,155,-104.17491,-150.36856
original,baseline,0.5,156,-10.187172,-54.59349
original,baseline,0.5,157,-124.429,-62.527603
original,baseline,0.5,158,-159.79512,54.792923
original,baseline,0.5,159,77.755646,121.74479
original,baseline,0.5,160,18.631323,-3.3703926
original,baseline,0.5,161,54.067726,94.731445
original,baseline,0.5,162,61.837536,149.72253
original,baseline,0.5,163,172.6626,114.790535
original,baseline,0.5,164,-65.806335,32.580776
original,baseline,0.5,165,57.537754,-87.9059
original,baseline,0.5,166,-54.0935,101.282326
original,baseline,0.5,167,-122.53948,-170.71843
original,baseline,0.5,168,-121.29337,115.589874
original,baseline,0.5,169,162.04088,-52.373966
original,baseline,0.5,170,17.330435,48.47471
original,baseline,0.5,171,-96.0219,-33.636375
original,baseline,0.5,172,7.154041,1.3990086
original,baseline,0.5,173,2.5828197,150.21817
original,baseline,0.5,174,144.94792,-177.7418
original,baseline,0.5,175,34.220665,26.960087
original,baseline,0.5,176,-179.68198,-57.655552
original,baseline,0.5,177,38.358204,60.545284
original,baseline,0.5,178,122.22034,46.137394
original,baseline,0.5,179,107.458954,73.362915
original,baseline,0.5,180,165.09512,46.95805
original,baseline,0.5,181,-113.940346,-20.467163
original,baseline,0.5,182,72.512924,-151.16695
original,baseline,0.5,183,-78.614334,-160.11884
original,baseline,0.5,184,44.49617,179.50385
original,baseline,0.5,185,12.398158,109.36049
original,baseline,0.5,186,-116.31894,-172.4536
original,baseline,0.5,187,18.81818,-128.55852
original,baseline,0.5,188,40.024857,173.62961
original,baseline,0.5,189,-82.43307,-97.0835
original,baseline,0.5,190,4.362936,153.36526
original,baseline,0.5,191,-1.5294012,-168.51732
original,baseline,0.5,192,-129.22906,-81.846176
original,baseline,0.5,193,-104.86124,-36.07588
original,baseline,0.5,194,-174.58154,46.8241
original,baseline,0.5,195,104.12115,167.22035
original,baseline,0.5,196,-126.16379,-160.07349
original,baseline,0.5,197,-150.68356,-61.836
original,baseline,0.5,198,41.49678,30.720804
original,baseline,0.5,199,-83.02658,72.81824
original,baseline,1.0,0,96.002815,48.58909
original,baseline,1.0,1,-85.37267,-64.24612
original,baseline,1.0,2,32.753334,-122.81544
original,baseline,1.0,3,4.8135924,122.92902
original,baseline,1.0,4,-33.345078,-126.60359
original,baseline,1.0,5,-136.48357,-64.583435
original,baseline,1.0,6,-98.25582,-25.189291
original,baseline,1.0,7,170.11087,-47.291035
original,baseline,1.0,8,-4.664902,-47.998745
original,baseline,1.0,9,-9.981171,-150.63293
original,baseline,1.0,10,-141.72293,-141.2354
original,baseline,1.0,11,-98.860725,28.18101
original,baseline,1.0,12,-62.548634,-46.07185
original,baseline,1.0,13,-24.696815,117.74932
original,baseline,1.0,14,101.990555,-12.70195
original,baseline,1.0,15,-146.68321,-80.66933
original,baseline,1.0,16,-73.694244,-99.89444
original,baseline,1.0,17,-17.279713,84.3232
original,baseline,1.0,18,163.15623,-131.38225
original,baseline,1.0,19,4.634955,163.94038
original,baseline,1.0,20,177.80722,-143.07063
original,baseline,1.0,21,-85.64897,50.215134
original,baseline,1.0,22,134.6227,-52.61971
original,baseline,1.0,23,133.95877,150.96832
original,baseline,1.0,24,-115.09682,95.44447
original,baseline,1.0,25,-136.86996,5.141158
original,baseline,1.0,26,-166.3075,101.2763
original,baseline,1.0,27,-103.708435,-148.01077
original,baseline,1.0,28,-94.36757,33.39082
original,baseline,1.0,29,101.10311,-25.772758
original,baseline,1.0,30,-143.55888,135.99115
original,baseline,1.0,31,62.155426,-170.18079
original,baseline,1.0,32,-120.939674,-175.29803
original,baseline,1.0,33,173.91817,-113.04879
original,baseline,1.0,34,65.15262,-141.9265
original,baseline,1.0,35,23.421108,-25.847383
original,baseline,1.0,36,-46.47552,-80.56314
original,baseline,1.0,37,-178.32152,-172.4966
original,baseline,1.0,38,-100.31054,103.54302
original,baseline,1.0,39,-158.2915,86.8229
original,baseline,1.0,40,-13.558326,-143.60156
original,baseline,1.0,41,147.84497,-106.4356
original,baseline,1.0,42,-106.71082,123.9304
original,baseline,1.0,43,-57.74027,39.27088
original,baseline,1.0,44,-31.142193,-14.853645
original,baseline,1.0,45,-48.233345,33.90933
original,baseline,1.0,46,119.24845,-2.0907931
original,baseline,1.0,47,-125.49447,11.099096
original,baseline,1.0,48,121.67143,-162.84892
original,baseline,1.0,49,172.09506,125.69923
original,baseline,1.0,50,-97.379005,-79.51204
original,baseline,1.0,51,-109.518555,120.19038
original,baseline,1.0,52,137.193,28.626677
original,baseline,1.0,53,-84.07094,-139.31058
original,baseline,1.0,54,44.93732,106.5565
original,baseline,1.0,55,161.3269,87.705696
original,baseline,1.0,56,-99.15931,-87.50101
original,baseline,1.0,57,-67.62875,-177.3164
original,baseline,1.0,58,-45.428295,72.98851
original,baseline,1.0,59,37.614407,153.06584
original,baseline,1.0,60,24.613356,-95.58821
original,baseline,1.0,61,127.37067,86.728676
original,baseline,1.0,62,66.82697,-19.489481
original,baseline,1.0,63,164.30653,-67.05872
original,baseline,1.0,64,-127.297806,-90.27604
original,baseline,1.0,65,-159.8291,29.69435
original,baseline,1.0,66,-100.56035,-63.987698
original,baseline,1.0,67,-115.93181,113.30294
original,baseline,1.0,68,23.655706,-176.17404
original,baseline,1.0,69,-26.375477,-0.5887719
original,baseline,1.0,70,-39.23167,-167.08768
original,baseline,1.0,71,179.69786,71.37722
original,baseline,1.0,72,-173.8575,-127.85483
original,baseline,1.0,73,-99.64303,96.61092
original,baseline,1.0,74,-6.524302,112.461784
original,baseline,1.0,75,10.526961,-137.48065
original,baseline,1.0,76,-123.2365,173.31491
original,baseline,1.0,77,102.225746,-154.17982
original,baseline,1.0,78,3.1545503,44.891888
original,baseline,1.0,79,15.5320215,-26.936504
original,baseline,1.0,80,-175.41916,-61.54329
original,baseline,1.0,81,99.72046,70.515434
original,baseline,1.0,82,46.74387,177.4247
original,baseline,1.0,83,6.6433043,18.668842
original,baseline,1.0,84,14.230742,111.73652
original,baseline,1.0,85,41.38196,-6.943718
original,baseline,1.0,86,133.10457,3.3177164
original,baseline,1.0,87,-139.27985,-9.511512
original,baseline,1.0,88,16.911997,87.63243
original,baseline,1.0,89,-171.61723,117.25733
original,baseline,1.0,90,-140.25575,46.761494
original,baseline,1.0,91,-72.62059,73.68567
original,baseline,1.0,92,93.18766,103.79214
original,baseline,1.0,93,8.7711315,149.51923
original,baseline,1.0,94,173.65587,-37.688587
original,baseline,1.0,95,128.97783,36.591537
original,baseline,1.0,96,22.492899,133.3389
original,baseline,1.0,97,-37.80848,-110.327095
original,baseline,1.0,98,-118.17823,113.15006
original,baseline,1.0,99,-44.729954,-148.01537
original,baseline,1.0,100,51.01348,48.80517
original,baseline,1.0,101,101.97657,-72.16513
original,baseline,1.0,102,-72.20942,96.62635
original,baseline,1.0,103,-26.500208,-153.30318
original,baseline,1.0,104,79.89635,-154.43002
original,baseline,1.0,105,50.641037,123.905655
original,baseline,1.0,106,99.82275,176.94804
original,baseline,1.0,107,114.58403,-9.419567
original,baseline,1.0,108,60.036156,-38.91356
original,baseline,1.0,109,-75.74083,-52.72124
original,baseline,1.0,110,-139.59795,162.98825
original,baseline,1.0,111,129.56137,-22.725565
original,baseline,1.0,112,-80.09899,27.772203
original,baseline,1.0,113,-142.16415,130.38643
original,baseline,1.0,114,-123.21224,148.85959
original,baseline,1.0,115,164.6866,159.82161
original,baseline,1.0,116,-169.64235,49.96501
original,baseline,1.0,117,137.37328,31.990849
original,baseline,1.0,118,147.19894,-137.6074
original,baseline,1.0,119,66.0232,-43.42145
original,baseline,1.0,120,-129.49886,3.1695461
original,baseline,1.0,121,5.7912884,-34.101852
original,baseline,1.0,122,4.306873,-84.6471
original,baseline,1.0,123,114.76815,59.676872
original,baseline,1.0,124,-143.80516,25.39447
original,baseline,1.0,125,68.75402,-175.67001
original,baseline,1.0,126,-108.65182,46.451435
original,baseline,1.0,127,-137.90334,107.70606
original,baseline,1.0,128,-15.222801,-99.2339
original,baseline,1.0,129,-176.79103,-47.680546
original,baseline,1.0,130,-131.53458,39.594593
original,baseline,1.0,131,114.14453,-53.0356
original,baseline,1.0,132,-79.687515,153.27039
original,baseline,1.0,133,119.69865,71.49672
original,baseline,1.0,134,-1.8195535,128.78615
original,baseline,1.0,135,83.75207,-63.556885
original,baseline,1.0,136,74.03192,134.40714
original,baseline,1.0,137,136.56198,-157.61461
original,baseline,1.0,138,-31.736208,-83.45423
original,baseline,1.0,139,-140.30621,90.39675
original,baseline,1.0,140,-141.65239,91.17795
original,baseline,1.0,141,-63.23966,-139.20795
original,baseline,1.0,142,179.46686,-100.495865
original,baseline,1.0,143,-80.6838,64.05549
original,baseline,1.0,144,62.734367,-122.20987
original,baseline,1.0,145,10.986818,18.84212
original,baseline,1.0,146,176.22878,-130.56207
original,baseline,1.0,147,-13.739556,-45.35293
original,baseline,1.0,148,-105.80333,2.6588454
original,baseline,1.0,149,59.6413,34.24804
original,baseline,1.0,150,74.27306,-92.80991
original,baseline,1.0,151,157.47638,49.406403
original,baseline,1.0,152,-56.013878,32.448837
original,baseline,1.0,153,94.91063,-23.602583
original,baseline,1.0,154,164.28822,148.47188
original,baseline,1.0,155,86.91976,78.09412
original,baseline,1.0,156,116.38596,80.28836
original,baseline,1.0,157,130.53996,141.46353
original,baseline,1.0,158,-95.78375,-45.797657
original,baseline,1.0,159,-35.23256,126.22975
original,baseline,1.0,160,-102.92077,-73.17207
original,baseline,1.0,161,176.14001,-49.75338
original,baseline,1.0,162,35.868412,72.538185
original,baseline,1.0,163,-149.04756,-42.841682
original,baseline,1.0,164,4.9894147,17.853764
original,baseline,1.0,165,115.01874,91.551155
original,baseline,1.0,166,85.142334,140.24916
original,baseline,1.0,167,-163.45703,-6.6048975
original,baseline,1.0,168,-6.6197653,127.475266
original,baseline,1.0,169,97.12,-123.17305
original,baseline,1.0,170,-63.905914,-125.0118
original,baseline,1.0,171,171.30914,-128.17589
original,baseline,1.0,172,98.75525,-154.74576
original,baseline,1.0,173,104.704285,136.96907
original,baseline,1.0,174,145.1714,-40.9317
original,baseline,1.0,175,-7.169466,-160.94348
original,baseline,1.0,176,166.98685,48.877365
original,baseline,1.0,177,1.5039272,-76.94544
original,baseline,1.0,178,91.063675,146.79266
original,baseline,1.0,179,10.036107,-2.156039
original,baseline,1.0,180,70.52488,-79.86754
original,baseline,1.0,181,147.45337,107.01425
original,baseline,1.0,182,41.49795,-136.26753
original,baseline,1.0,183,130.09991,172.3671
original,baseline,1.0,184,-23.75579,-91.78466
original,baseline,1.0,185,73.64922,45.917164
original,baseline,1.0,186,-134.3354,86.81582
original,baseline,1.0,187,-24.338993,20.028189
original,baseline,1.0,188,-96.279755,-48.418327
original,baseline,1.0,189,-126.81794,54.595432
original,baseline,1.0,190,20.593533,103.17967
original,baseline,1.0,191,179.37062,-104.90909
original,baseline,1.0,192,-142.32858,91.499344
original,baseline,1.0,193,21.171127,-28.84824
original,baseline,1.0,194,14.603227,126.6969
original,baseline,1.0,195,174.5695,108.79796
original,baseline,1.0,196,167.1577,148.54474
original,baseline,1.0,197,88.09798,-114.87113
original,baseline,1.0,198,-110.5478,56.68863
original,baseline,1.0,199,154.9998,-116.184494
original,physics,0.01,0,-94.88966,111.745125
original,physics,0.01,1,-94.242775,113.413445
original,physics,0.01,2,-96.93831,110.390015
original,physics,0.01,3,-99.23976,109.61678
original,physics,0.01,4,-93.613655,112.578964
original,physics,0.01,5,-95.60818,112.44965
original,physics,0.01,6,-94.50219,111.40944
original,physics,0.01,7,-94.30651,112.36896
original,physics,0.01,8,-100.19229,110.707184
original,physics,0.01,9,-90.48744,114.54039
original,physics,0.01,10,-96.55762,111.04435
original,physics,0.01,11,-97.30027,109.58587
original,physics,0.01,12,-92.16913,113.15992
original,physics,0.01,13,-92.96146,111.081604
original,physics,0.01,14,-95.84993,112.92162
original,physics,0.01,15,-95.90593,112.781906
original,physics,0.01,16,-93.95388,112.63284
original,physics,0.01,17,-92.481155,113.7664
original,physics,0.01,18,-93.020065,113.78777
original,physics,0.01,19,-100.724915,108.589966
original,physics,0.01,20,-96.35085,112.91046
original,physics,0.01,21,-94.09005,112.51695
original,physics,0.01,22,-95.00622,111.64042
original,physics,0.01,23,-91.59552,112.7618
original,physics,0.01,24,-93.159256,114.11786
original,physics,0.01,25,-93.1828,113.892555
original,physics,0.01,26,-95.433235,112.95956
original,physics,0.01,27,-95.54066,113.34507
original,physics,0.01,28,-95.41111,112.42706
original,physics,0.01,29,-96.40596,111.08167
original,physics,0.01,30,-97.809326,111.383095
original,physics,0.01,31,-95.40788,113.74365
original,physics,0.01,32,-96.48583,112.71971
original,physics,0.01,33,-93.993484,112.69768
original,physics,0.01,34,-95.47625,112.81213
original,physics,0.01,35,-95.45328,111.44381
original,physics,0.01,36,-90.24222,113.43496
original,physics,0.01,37,-95.97551,112.59995
original,physics,0.01,38,-98.20825,113.00162
original,physics,0.01,39,-94.36202,112.4268
original,physics,0.01,40,-97.309296,110.996216
original,physics,0.01,41,-96.99789,111.42205
original,physics,0.01,42,-96.80362,112.63323
original,physics,0.01,43,-95.50354,112.85353
original,physics,0.01,44,-95.66934,113.90494
original,physics,0.01,45,-91.49377,113.37681
original,physics,0.01,46,-94.34686,112.19625
original,physics,0.01,47,-93.22044,113.00502
original,physics,0.01,48,-94.44446,112.50114
original,physics,0.01,49,-93.57731,112.90578
original,physics,0.01,50,-95.49269,110.81826
original,physics,0.01,51,-92.91361,112.8878
original,physics,0.01,52,-95.02641,112.15228
original,physics,0.01,53,-92.94106,113.01465
original,physics,0.01,54,-95.1505,113.28492
original,physics,0.01,55,-94.24231,113.09052
original,physics,0.01,56,-95.400566,112.27191
original,physics,0.01,57,-95.897125,112.70115
original,physics,0.01,58,-92.997406,114.03986
original,physics,0.01,59,-94.06988,113.3961
original,physics,0.01,60,-94.11208,109.97443
original,physics,0.01,61,-96.60242,111.27651
original,physics,0.01,62,-91.808945,113.271774
original,physics,0.01,63,-99.43743,108.72943
original,physics,0.01,64,-97.418304,110.53397
original,physics,0.01,65,-98.30411,113.50108
original,physics,0.01,66,-93.59201,111.73136
original,physics,0.01,67,-93.47889,112.43984
original,physics,0.01,68,-96.46131,113.15409
original,physics,0.01,69,-92.690445,113.244255
original,physics,0.01,70,-98.06645,110.96797
original,physics,0.01,71,-94.0158,112.21806
original,physics,0.01,72,-95.458916,113.24903
original,physics,0.01,73,-94.62124,113.177956
original,physics,0.01,74,-94.57955,113.578026
original,physics,0.01,75,-95.01103,112.86843
original,physics,0.01,76,-95.45611,112.76126
original,physics,0.01,77,-94.29771,112.19115
original,physics,0.01,78,-93.49043,112.81104
original,physics,0.01,79,-95.98103,112.73738
original,physics,0.01,80,-93.53745,114.19742
original,physics,0.01,81,-97.98229,110.77072
original,physics,0.01,82,-95.08197,114.04059
original,physics,0.01,83,-97.26126,111.984604
original,physics,0.01,84,-100.37608,110.40172
original,physics,0.01,85,-94.29228,110.844315
original,physics,0.01,86,-96.28778,110.57124
original,physics,0.01,87,-92.834,114.24101
original,physics,0.01,88,-94.835686,112.705444
original,physics,0.01,89,-98.070335,110.71739
original,physics,0.01,90,-94.79662,113.40795
original,physics,0.01,91,-93.76567,112.04863
original,physics,0.01,92,-97.43837,111.00499
original,physics,0.01,93,-94.47015,113.572845
original,physics,0.01,94,-93.87635,113.304794
original,physics,0.01,95,-93.56499,113.88399
original,physics,0.01,96,-95.80344,112.67115
original,physics,0.01,97,-93.630394,112.68685
original,physics,0.01,98,-93.43929,113.42126
original,physics,0.01,99,-99.62621,112.57317
original,physics,0.01,100,-93.72089,111.750565
original,physics,0.01,101,-98.98826,111.93916
original,physics,0.01,102,-97.854004,112.07994
original,physics,0.01,103,-95.41247,111.90544
original,physics,0.01,104,-96.04552,110.48367
original,physics,0.01,105,-97.501396,111.089584
original,physics,0.01,106,-94.83206,110.16165
original,physics,0.01,107,-92.53284,113.61466
original,physics,0.01,108,-93.97102,112.7753
original,physics,0.01,109,-95.08658,112.32066
original,physics,0.01,110,-94.04027,112.93827
original,physics,0.01,111,-92.49808,112.488754
original,physics,0.01,112,-92.10216,113.48115
original,physics,0.01,113,-95.335236,112.23096
original,physics,0.01,114,-93.12602,111.863625
original,physics,0.01,115,-97.88496,110.79389
original,physics,0.01,116,-95.95316,112.378265
original,physics,0.01,117,-90.67894,114.25471
original,physics,0.01,118,-94.715,112.43227
original,physics,0.01,119,-91.28076,112.668755
original,physics,0.01,120,-96.16465,110.83397
original,physics,0.01,121,-93.84947,113.02821
original,physics,0.01,122,-91.46932,113.668495
original,physics,0.01,123,-96.94204,110.69798
original,physics,0.01,124,-92.673515,114.14433
original,physics,0.01,125,-95.33904,112.172874
original,physics,0.01,126,-96.34641,110.496445
original,physics,0.01,127,-94.070496,113.291
original,physics,0.01,128,-93.496735,112.715065
original,physics,0.01,129,-97.3914,113.177315
original,physics,0.01,130,-91.84329,113.76018
original,physics,0.01,131,-89.69045,113.98031
original,physics,0.01,132,-100.353134,108.81204
original,physics,0.01,133,-94.140976,113.35101
original,physics,0.01,134,-93.78999,114.09415
original,physics,0.01,135,-98.22656,112.851746
original,physics,0.01,136,-93.85458,111.896095
original,physics,0.01,137,-92.47842,113.57852
original,physics,0.01,138,-94.22408,113.07812
original,physics,0.01,139,-96.34648,111.530334
original,physics,0.01,140,-96.45479,111.511345
original,physics,0.01,141,-96.38753,112.74502
original,physics,0.01,142,-104.63338,107.26415
original,physics,0.01,143,-93.82874,112.36576
original,physics,0.01,144,-99.63071,108.87601
original,physics,0.01,145,-97.32178,112.33791
original,physics,0.01,146,-94.29174,112.08387
original,physics,0.01,147,-92.44614,112.25097
original,physics,0.01,148,-92.531334,113.40914
original,physics,0.01,149,-95.564415,113.19521
original,physics,0.01,150,-92.65015,112.66301
original,physics,0.01,151,-92.42854,112.938194
original,physics,0.01,152,-95.82029,113.180534
original,physics,0.01,153,-91.535805,114.43617
original,physics,0.01,154,-94.01981,114.14983
original,physics,0.01,155,-95.03605,110.962105
original,physics,0.01,156,-99.31138,111.26938
original,physics,0.01,157,-92.24491,113.86439
original,physics,0.01,158,-93.430244,112.36206
original,physics,0.01,159,-95.05354,112.42928
original,physics,0.01,160,-93.54821,113.08912
original,physics,0.01,161,-94.24343,113.352615
original,physics,0.01,162,-93.46061,112.948204
original,physics,0.01,163,-92.66014,112.91555
original,physics,0.01,164,-95.89103,109.138596
original,physics,0.01,165,-94.957504,112.53634
original,physics,0.01,166,-93.79249,112.80473
original,physics,0.01,167,-91.68582,113.18079
original,physics,0.01,168,-93.54448,112.47295
original,physics,0.01,169,-96.93946,111.173515
original,physics,0.01,170,-96.02206,111.09999
original,physics,0.01,171,-92.54097,112.476715
original,physics,0.01,172,-100.19272,109.595634
original,physics,0.01,173,-97.986176,112.87717
original,physics,0.01,174,-93.29335,113.56604
original,physics,0.01,175,-97.423355,110.39582
original,physics,0.01,176,-96.16213,112.44351
original,physics,0.01,177,-99.605316,111.898506
original,physics,0.01,178,-94.496185,112.71146
original,physics,0.01,179,-90.63928,114.24849
original,physics,0.01,180,-95.75068,113.08759
original,physics,0.01,181,-91.18948,113.91616
original,physics,0.01,182,-95.81551,112.38462
original,physics,0.01,183,-92.01022,113.21697
original,physics,0.01,184,-92.04129,113.48101
original,physics,0.01,185,-97.48612,111.019226
original,physics,0.01,186,-95.97077,114.16687
original,physics,0.01,187,-95.77712,113.72146
original,physics,0.01,188,-96.50907,113.57604
original,physics,0.01,189,-92.13995,113.07886
original,physics,0.01,190,-93.28147,113.548676
original,physics,0.01,191,-92.52647,113.00415
original,physics,0.01,192,-96.47545,112.7514
original,physics,0.01,193,-92.2755,114.457664
original,physics,0.01,194,-95.84551,112.195656
original,physics,0.01,195,-94.13173,112.67713
original,physics,0.01,196,-92.02661,112.51379
original,physics,0.01,197,-94.264755,112.47584
original,physics,0.01,198,-95.134384,113.759796
original,physics,0.01,199,-98.481224,113.21244
original,physics,0.05,0,-84.717514,111.51673
original,physics,0.05,1,-95.67379,112.13605
original,physics,0.05,2,-99.64658,118.48151
original,physics,0.05,3,-84.70508,81.34621
original,physics,0.05,4,-102.35322,116.39145
original,physics,0.05,5,-109.72137,107.50829
original,physics,0.05,6,-100.030716,111.98234
original,physics,0.05,7,-91.22826,110.593376
original,physics,0.05,8,-108.7102,115.22685
original,physics,0.05,9,-96.23822,112.097466
original,physics,0.05,10,-94.6227,110.41369
original,physics,0.05,11,-104.218185,112.51827
original,physics,0.05,12,-88.557045,81.56825
original,physics,0.05,13,-97.71157,47.975094
original,physics,0.05,14,-100.98519,116.11506
original,physics,0.05,15,-104.845894,102.35947
original,physics,0.05,16,-104.1182,111.16044
original,physics,0.05,17,-85.74963,114.20116
original,physics,0.05,18,-67.217926,107.96577
original,physics,0.05,19,-104.217766,90.4425
original,physics,0.05,20,-90.73589,113.03208
original,physics,0.05,21,-103.89377,98.19547
original,physics,0.05,22,-101.61489,107.726135
original,physics,0.05,23,-101.95811,114.13024
original,physics,0.05,24,-102.80631,118.71847
original,physics,0.05,25,-97.644264,105.42766
original,physics,0.05,26,-102.54773,94.6389
original,physics,0.05,27,-92.241196,118.02955
original,physics,0.05,28,-114.67377,94.862175
original,physics,0.05,29,-96.256035,110.16925
original,physics,0.05,30,-112.08238,103.43359
original,physics,0.05,31,-45.984447,45.208458
original,physics,0.05,32,-124.117325,119.84725
original,physics,0.05,33,-98.20786,116.5871
original,physics,0.05,34,-80.610664,106.264755
original,physics,0.05,35,-101.86288,98.14073
original,physics,0.05,36,-106.02196,93.13825
original,physics,0.05,37,-116.97355,113.169876
original,physics,0.05,38,-70.78344,67.20993
original,physics,0.05,39,-94.912796,114.64358
original,physics,0.05,40,-95.21824,109.62538
original,physics,0.05,41,-76.74395,104.16158
original,physics,0.05,42,-104.8102,92.281105
original,physics,0.05,43,-102.8925,102.14822
original,physics,0.05,44,-93.8714,108.33742
original,physics,0.05,45,-113.10826,73.65793
original,physics,0.05,46,-105.42384,108.104065
original,physics,0.05,47,-90.04261,115.413475
original,physics,0.05,48,-108.73094,110.88635
original,physics,0.05,49,-103.420296,53.423607
original,physics,0.05,50,-92.23823,117.0589
original,physics,0.05,51,-82.14358,81.50341
original,physics,0.05,52,-103.738754,120.83604
original,physics,0.05,53,-100.72453,111.02935
original,physics,0.05,54,-103.18858,114.96156
original,physics,0.05,55,-107.22015,106.9014
original,physics,0.05,56,-108.81336,98.99103
original,physics,0.05,57,-84.17631,113.4595
original,physics,0.05,58,-98.00786,81.257614
original,physics,0.05,59,-97.306404,109.78695
original,physics,0.05,60,-93.557816,114.45249
original,physics,0.05,61,-87.41485,107.899925
original,physics,0.05,62,-87.201706,116.9622
original,physics,0.05,63,-93.572,113.254486
original,physics,0.05,64,-102.67588,101.01108
original,physics,0.05,65,-109.82529,91.87395
original,physics,0.05,66,-107.82852,104.94616
original,physics,0.05,67,-106.167564,110.91932
original,physics,0.05,68,-101.437805,94.133354
original,physics,0.05,69,-118.48231,111.45124
original,physics,0.05,70,-91.36318,117.39023
original,physics,0.05,71,-115.012245,114.46487
original,physics,0.05,72,-102.10609,108.95009
original,physics,0.05,73,-95.52878,114.73983
original,physics,0.05,74,-102.64964,95.11265
original,physics,0.05,75,-107.38863,107.07376
original,physics,0.05,76,-114.25274,92.301704
original,physics,0.05,77,-94.09458,114.76138
original,physics,0.05,78,-110.563286,108.8843
original,physics,0.05,79,-97.59083,113.19539
original,physics,0.05,80,-93.19466,111.50221
original,physics,0.05,81,-101.05556,111.084564
original,physics,0.05,82,-70.554695,72.7329
original,physics,0.05,83,-111.88685,114.57018
original,physics,0.05,84,-103.057755,69.9245
original,physics,0.05,85,-100.71391,116.181
original,physics,0.05,86,-110.5587,114.19121
original,physics,0.05,87,-86.86756,107.21984
original,physics,0.05,88,-96.69419,112.99821
original,physics,0.05,89,-82.85166,107.45024
original,physics,0.05,90,-79.07085,116.71739
original,physics,0.05,91,-114.73223,120.585815
original,physics,0.05,92,-113.73385,77.22441
original,physics,0.05,93,-101.80718,112.44503
original,physics,0.05,94,-103.226685,109.025085
original,physics,0.05,95,-104.200005,110.98648
original,physics,0.05,96,-114.80272,117.13195
original,physics,0.05,97,-110.20563,109.38906
original,physics,0.05,98,-105.56013,108.451035
original,physics,0.05,99,-101.1302,108.98603
original,physics,0.05,100,-72.637184,102.21114
original,physics,0.05,101,-103.02526,113.34884
original,physics,0.05,102,-99.110504,114.04616
original,physics,0.05,103,-69.24956,111.683624
original,physics,0.05,104,-105.68166,75.17961
original,physics,0.05,105,-65.09643,43.252396
original,physics,0.05,106,-95.61423,113.84053
original,physics,0.05,107,-105.02236,114.83242
original,physics,0.05,108,-98.72891,114.57411
original,physics,0.05,109,-105.53522,95.43658
original,physics,0.05,110,-108.015854,113.708206
original,physics,0.05,111,-110.51455,96.65035
original,physics,0.05,112,-64.37493,61.684956
original,physics,0.05,113,-97.4994,112.95856
original,physics,0.05,114,-94.11213,115.69945
original,physics,0.05,115,-98.72781,92.49322
original,physics,0.05,116,-90.691536,119.14181
original,physics,0.05,117,-86.99582,114.73729
original,physics,0.05,118,-106.18142,112.969765
original,physics,0.05,119,-104.87181,111.036125
original,physics,0.05,120,-82.36065,107.02073
original,physics,0.05,121,-95.00183,114.8669
original,physics,0.05,122,-83.99487,107.910675
original,physics,0.05,123,-106.914566,111.40051
original,physics,0.05,124,-95.7018,111.974915
original,physics,0.05,125,-115.95849,89.01002
original,physics,0.05,126,-95.240005,113.30805
original,physics,0.05,127,-109.34471,112.82641
original,physics,0.05,128,-94.46427,113.85386
original,physics,0.05,129,-104.672455,116.18305
original,physics,0.05,130,-115.961105,112.09475
original,physics,0.05,131,-81.76131,102.262764
original,physics,0.05,132,-112.13882,106.587776
original,physics,0.05,133,-105.53581,95.56194
original,physics,0.05,134,-87.94419,106.70657
original,physics,0.05,135,-98.74523,119.04569
original,physics,0.05,136,-99.93244,108.94603
original,physics,0.05,137,-117.02057,114.27145
original,physics,0.05,138,-102.14183,104.30542
original,physics,0.05,139,-97.322876,115.10967
original,physics,0.05,140,-112.74428,114.639915
original,physics,0.05,141,-103.022156,116.66794
original,physics,0.05,142,-99.209915,112.0815
original,physics,0.05,143,-117.184685,116.4525
original,physics,0.05,144,-84.17126,107.955414
original,physics,0.05,145,-89.65375,84.97115
original,physics,0.05,146,-78.91501,114.5691
original,physics,0.05,147,-105.19896,37.678246
original,physics,0.05,148,-98.49667,107.39319
original,physics,0.05,149,-88.1907,102.51109
original,physics,0.05,150,-108.35597,108.49587
original,physics,0.05,151,-92.28707,113.899925
original,physics,0.05,152,-95.53687,115.9155
original,physics,0.05,153,-102.336845,110.970764
original,physics,0.05,154,-103.86632,111.87734
original,physics,0.05,155,57.918358,45.32958
original,physics,0.05,156,-108.23892,112.662796
original,physics,0.05,157,-92.36537,111.52637
original,physics,0.05,158,-66.41582,66.62462
original,physics,0.05,159,-91.126305,105.70586
original,physics,0.05,160,-112.614456,101.20707
original,physics,0.05,161,-94.53136,117.02057
original,physics,0.05,162,-116.364296,73.950066
original,physics,0.05,163,-119.00572,119.184784
original,physics,0.05,164,-106.19489,112.404976
original,physics,0.05,165,-87.46716,99.6127
original,physics,0.05,166,-104.42536,112.67347
original,physics,0.05,167,-106.72401,115.14825
original,physics,0.05,168,-112.06073,91.95583
original,physics,0.05,169,-116.63429,118.41398
original,physics,0.05,170,-104.05635,109.58251
original,physics,0.05,171,-107.50739,115.96079
original,physics,0.05,172,-99.483665,109.61793
original,physics,0.05,173,-79.14005,114.44332
original,physics,0.05,174,-112.58192,103.33654
original,physics,0.05,175,-92.70972,115.31952
original,physics,0.05,176,-99.25943,101.5347
original,physics,0.05,177,-91.36219,113.70345
original,physics,0.05,178,-113.54321,111.69719
original,physics,0.05,179,-98.04863,113.42491
original,physics,0.05,180,-86.588165,87.35714
original,physics,0.05,181,-114.73907,79.73425
original,physics,0.05,182,-111.96361,109.45965
original,physics,0.05,183,-108.735214,112.288734
original,physics,0.05,184,-88.62512,107.06
original,physics,0.05,185,-93.07658,113.993675
original,physics,0.05,186,-103.31954,107.915794
original,physics,0.05,187,-101.10685,114.94632
original,physics,0.05,188,-95.35411,111.72144
original,physics,0.05,189,-113.05695,123.32557
original,physics,0.05,190,-95.041626,115.84812
original,physics,0.05,191,-106.33147,66.75362
original,physics,0.05,192,-94.87252,115.832115
original,physics,0.05,193,-103.4014,113.92432
original,physics,0.05,194,-86.93773,95.50702
original,physics,0.05,195,-95.79547,118.142586
original,physics,0.05,196,-107.23233,115.3128
original,physics,0.05,197,-81.784355,109.1243
original,physics,0.05,198,-101.3385,116.63149
original,physics,0.05,199,-109.79647,104.95403
original,physics,0.1,0,-111.566444,120.36671
original,physics,0.1,1,-110.84206,72.90118
original,physics,0.1,2,-92.22508,83.4695
original,physics,0.1,3,-107.44719,106.76938
original,physics,0.1,4,-115.93958,50.854828
original,physics,0.1,5,66.220024,127.28946
original,physics,0.1,6,-119.052956,81.277695
original,physics,0.1,7,-88.171074,119.085945
original,physics,0.1,8,-91.284546,25.908592
original,physics,0.1,9,-108.31591,79.878365
original,physics,0.1,10,-104.74118,116.49702
original,physics,0.1,11,-120.98962,117.34746
original,physics,0.1,12,-132.4342,135.53569
original,physics,0.1,13,-113.5267,136.28607
original,physics,0.1,14,-96.590164,112.25921
original,physics,0.1,15,-120.55568,114.61152
original,physics,0.1,16,-78.60146,21.474188
original,physics,0.1,17,-107.19972,112.882805
original,physics,0.1,18,-92.29225,115.0814
original,physics,0.1,19,-80.92928,100.09392
original,physics,0.1,20,-50.613678,40.12321
original,physics,0.1,21,-95.5749,124.82161
original,physics,0.1,22,-112.06959,128.1807
original,physics,0.1,23,-112.49418,109.39025
original,physics,0.1,24,-125.77238,119.998184
original,physics,0.1,25,-110.28901,98.87097
original,physics,0.1,26,-111.238335,111.31405
original,physics,0.1,27,-95.857574,38.47992
original,physics,0.1,28,-66.92499,70.21282
original,physics,0.1,29,-126.81792,118.34947
original,physics,0.1,30,-104.14279,81.58384
original,physics,0.1,31,-78.71777,86.46093
original,physics,0.1,32,-105.1177,47.983143
original,physics,0.1,33,-110.48322,25.946138
original,physics,0.1,34,-63.273098,24.81626
original,physics,0.1,35,-110.42319,110.517456
original,physics,0.1,36,-87.73188,102.50985
original,physics,0.1,37,-83.9198,72.51169
original,physics,0.1,38,-111.88386,108.24296
original,physics,0.1,39,-108.97354,27.316544
original,physics,0.1,40,-106.38161,119.520966
original,physics,0.1,41,-109.93016,55.607685
original,physics,0.1,42,56.178577,34.763695
original,physics,0.1,43,-111.83395,112.93767
original,physics,0.1,44,-51.943504,46.12827
original,physics,0.1,45,-119.03113,112.99176
original,physics,0.1,46,54.66273,34.285698
original,physics,0.1,47,-110.2053,84.251015
original,physics,0.1,48,-123.41133,125.224625
original,physics,0.1,49,-86.48507,46.3687
original,physics,0.1,50,-108.00871,111.25387
original,physics,0.1,51,-120.03809,58.72569
original,physics,0.1,52,-111.90663,21.433455
original,physics,0.1,53,-112.59857,115.996284
original,physics,0.1,54,-115.414406,76.927055
original,physics,0.1,55,-121.71384,25.956873
original,physics,0.1,56,-66.62767,93.18856
original,physics,0.1,57,-103.81963,111.77512
original,physics,0.1,58,-111.470566,109.04944
original,physics,0.1,59,-122.35418,143.21637
original,physics,0.1,60,-92.68476,118.38831
original,physics,0.1,61,-51.73911,42.135414
original,physics,0.1,62,-99.18806,119.36819
original,physics,0.1,63,-116.30818,90.27523
original,physics,0.1,64,-76.69573,48.656193
original,physics,0.1,65,-100.3819,41.652046
original,physics,0.1,66,-72.023,107.88576
original,physics,0.1,67,-103.72098,110.791824
original,physics,0.1,68,-105.78984,110.55217
original,physics,0.1,69,-133.7412,122.761696
original,physics,0.1,70,-48.446854,49.350918
original,physics,0.1,71,-124.555275,123.64283
original,physics,0.1,72,-115.932816,121.03935
original,physics,0.1,73,67.88925,-25.610703
original,physics,0.1,74,-93.0568,95.86468
original,physics,0.1,75,-116.896805,121.38383
original,physics,0.1,76,-113.15283,110.09482
original,physics,0.1,77,-100.2955,35.918564
original,physics,0.1,78,-118.27481,114.43198
original,physics,0.1,79,-134.16408,123.5952
original,physics,0.1,80,-118.518265,131.32039
original,physics,0.1,81,-111.07715,96.26748
original,physics,0.1,82,-114.579544,117.77068
original,physics,0.1,83,-49.71597,-1.8615624
original,physics,0.1,84,-113.43554,58.289585
original,physics,0.1,85,-117.47794,112.63594
original,physics,0.1,86,-114.13064,113.82649
original,physics,0.1,87,-105.52411,123.32377
original,physics,0.1,88,-70.43874,38.237732
original,physics,0.1,89,-121.29218,67.45468
original,physics,0.1,90,49.06689,68.20157
original,physics,0.1,91,-97.668884,112.05586
original,physics,0.1,92,-81.18542,116.85293
original,physics,0.1,93,-101.61121,105.48077
original,physics,0.1,94,-130.29439,118.07807
original,physics,0.1,95,-127.82412,126.201035
original,physics,0.1,96,-104.82984,61.76924
original,physics,0.1,97,-113.7334,55.98109
original,physics,0.1,98,-113.782684,134.60811
original,physics,0.1,99,-113.564095,90.76065
original,physics,0.1,100,-113.44561,96.54682
original,physics,0.1,101,-101.07278,116.96745
original,physics,0.1,102,-110.69677,108.700134
original,physics,0.1,103,40.277725,44.58333
original,physics,0.1,104,-109.42992,76.1253
original,physics,0.1,105,-117.278336,27.259026
original,physics,0.1,106,-54.08566,25.949856
original,physics,0.1,107,-111.82035,125.39348
original,physics,0.1,108,-88.88045,119.18078
original,physics,0.1,109,-84.4792,96.05197
original,physics,0.1,110,-96.85713,104.188545
original,physics,0.1,111,-88.024574,64.24555
original,physics,0.1,112,-108.760155,119.436745
original,physics,0.1,113,-57.26536,100.4146
original,physics,0.1,114,-125.05875,137.33989
original,physics,0.1,115,-119.70262,121.28987
original,physics,0.1,116,-63.432724,95.099815
original,physics,0.1,117,-124.604004,121.48155
original,physics,0.1,118,-99.23787,47.278202
original,physics,0.1,119,-111.418526,96.271454
original,physics,0.1,120,-85.813324,80.960625
original,physics,0.1,121,-99.70934,115.54781
original,physics,0.1,122,-55.873005,40.951313
original,physics,0.1,123,-116.73343,35.207886
original,physics,0.1,124,-111.367134,115.09574
original,physics,0.1,125,-114.93963,47.030247
original,physics,0.1,126,-120.35993,69.58228
original,physics,0.1,127,-86.89815,119.28409
original,physics,0.1,128,-118.1582,113.18674
original,physics,0.1,129,-80.92955,51.956787
original,physics,0.1,130,-98.33627,35.762455
original,physics,0.1,131,-80.4856,110.857735
original,physics,0.1,132,-75.878044,73.917274
original,physics,0.1,133,65.97413,24.569044
original,physics,0.1,134,-94.01453,119.584045
original,physics,0.1,135,-105.1382,107.538284
original,physics,0.1,136,-98.7747,92.597336
original,physics,0.1,137,57.194176,18.190203
original,physics,0.1,138,-104.65161,114.60391
original,physics,0.1,139,-109.00267,12.483267
original,physics,0.1,140,-113.53251,91.94026
original,physics,0.1,141,-64.48504,58.195446
original,physics,0.1,142,-126.66326,126.51393
original,physics,0.1,143,-82.91062,56.866707
original,physics,0.1,144,-109.6968,113.01383
original,physics,0.1,145,-106.76743,112.72079
original,physics,0.1,146,-79.12056,65.2298
original,physics,0.1,147,-70.81384,82.83562
original,physics,0.1,148,-93.57937,30.568962
original,physics,0.1,149,-116.04822,113.6845
original,physics,0.1,150,-90.72945,113.041626
original,physics,0.1,151,-110.581665,114.53769
original,physics,0.1,152,-67.5956,84.229645
original,physics,0.1,153,-110.201706,98.86823
original,physics,0.1,154,-127.676315,118.32166
original,physics,0.1,155,-112.5708,105.33055
original,physics,0.1,156,-62.464417,72.32276
original,physics,0.1,157,-106.95757,81.612045
original,physics,0.1,158,-81.24024,11.46919
original,physics,0.1,159,-93.875885,72.78147
original,physics,0.1,160,-122.33628,54.313354
original,physics,0.1,161,59.662735,28.891312
original,physics,0.1,162,57.236946,37.52103
original,physics,0.1,163,-116.37003,112.79522
original,physics,0.1,164,53.34048,7.5010896
original,physics,0.1,165,-103.08538,80.204956
original,physics,0.1,166,-112.725815,120.94474
original,physics,0.1,167,-87.25647,117.40265
original,physics,0.1,168,-54.82475,27.645222
original,physics,0.1,169,-116.7067,116.952965
original,physics,0.1,170,-111.22715,112.220436
original,physics,0.1,171,-94.269135,112.28777
original,physics,0.1,172,-114.725105,110.362686
original,physics,0.1,173,-111.36155,107.410484
original,physics,0.1,174,-63.936474,43.033062
original,physics,0.1,175,-111.430244,38.45484
original,physics,0.1,176,-83.39954,73.316574
original,physics,0.1,177,-99.187515,36.72371
original,physics,0.1,178,-94.26046,111.986015
original,physics,0.1,179,-112.52096,109.139694
original,physics,0.1,180,-110.59708,116.92829
original,physics,0.1,181,-100.54782,120.68992
original,physics,0.1,182,-113.399956,112.32076
original,physics,0.1,183,-80.05981,49.813686
original,physics,0.1,184,-117.52316,108.666466
original,physics,0.1,185,-86.10343,67.49711
original,physics,0.1,186,22.313934,90.62611
original,physics,0.1,187,-109.59705,60.083385
original,physics,0.1,188,-46.467655,56.93574
original,physics,0.1,189,-111.800705,46.64023
original,physics,0.1,190,-113.954185,101.0384
original,physics,0.1,191,55.185192,36.647816
original,physics,0.1,192,-99.01728,127.69525
original,physics,0.1,193,-117.76984,91.44659
original,physics,0.1,194,-93.516556,115.02692
original,physics,0.1,195,53.621635,26.045683
original,physics,0.1,196,-110.53318,129.02153
original,physics,0.1,197,-109.872116,111.14629
original,physics,0.1,198,-102.04353,115.64494
original,physics,0.1,199,-101.18767,120.14229
original,physics,0.2,0,49.134315,14.021571
original,physics,0.2,1,-74.58001,109.444374
original,physics,0.2,2,64.86774,1.7296965
original,physics,0.2,3,67.08322,-13.9891
original,physics,0.2,4,-99.67865,-27.025866
original,physics,0.2,5,-90.11379,20.942282
original,physics,0.2,6,-113.9825,109.868744
original,physics,0.2,7,-122.22777,133.56812
original,physics,0.2,8,-97.431786,117.685036
original,physics,0.2,9,-119.49812,108.237236
original,physics,0.2,10,-125.00549,24.00939
original,physics,0.2,11,59.75387,24.189922
original,physics,0.2,12,-121.91167,151.9543
original,physics,0.2,13,-120.772064,139.91937
original,physics,0.2,14,-114.19686,145.84628
original,physics,0.2,15,-130.14824,119.098
original,physics,0.2,16,-99.34528,126.555145
original,physics,0.2,17,-107.361855,14.154879
original,physics,0.2,18,-87.4154,20.478102
original,physics,0.2,19,77.38429,-22.127619
original,physics,0.2,20,-118.6314,120.538826
original,physics,0.2,21,-106.09637,103.82814
original,physics,0.2,22,-128.99579,117.33582
original,physics,0.2,23,-79.276535,24.356123
original,physics,0.2,24,-138.28085,154.7882
original,physics,0.2,25,-125.873695,44.431534
original,physics,0.2,26,58.093117,72.70618
original,physics,0.2,27,-104.187996,106.714584
original,physics,0.2,28,-110.2688,134.28748
original,physics,0.2,29,-125.88686,110.86332
original,physics,0.2,30,-116.56226,89.78829
original,physics,0.2,31,-114.40782,102.3855
original,physics,0.2,32,-120.09336,105.33933
original,physics,0.2,33,52.34707,42.604065
original,physics,0.2,34,72.046776,18.011614
original,physics,0.2,35,60.054657,37.14226
original,physics,0.2,36,60.666725,18.829853
original,physics,0.2,37,-106.77092,110.27583
original,physics,0.2,38,-115.08582,107.92179
original,physics,0.2,39,-133.0297,117.7909
original,physics,0.2,40,-107.159256,105.51625
original,physics,0.2,41,-126.69706,13.375772
original,physics,0.2,42,45.10067,0.36105058
original,physics,0.2,43,-96.033516,41.351917
original,physics,0.2,44,-128.5341,73.80876
original,physics,0.2,45,-117.57037,47.490932
original,physics,0.2,46,-90.240005,129.26257
original,physics,0.2,47,59.22796,-26.577826
original,physics,0.2,48,-128.13571,120.256996
original,physics,0.2,49,-113.35402,113.00788
original,physics,0.2,50,53.720898,44.069916
original,physics,0.2,51,-85.52939,49.572243
original,physics,0.2,52,-124.52781,9.4057455
original,physics,0.2,53,51.891384,37.890507
original,physics,0.2,54,-103.928764,99.270515
original,physics,0.2,55,-38.40962,26.42733
original,physics,0.2,56,-94.49282,114.05798
original,physics,0.2,57,-93.052864,-5.691747
original,physics,0.2,58,-110.09674,115.02944
original,physics,0.2,59,50.72173,-100.9042
original,physics,0.2,60,-113.820274,117.514496
original,physics,0.2,61,65.77921,-17.054304
original,physics,0.2,62,54.978558,61.396927
original,physics,0.2,63,-120.20396,164.67369
original,physics,0.2,64,50.736393,-97.78839
original,physics,0.2,65,78.081566,0.9776679
original,physics,0.2,66,-119.139755,54.256443
original,physics,0.2,67,61.822994,167.99081
original,physics,0.2,68,-123.63219,107.815796
original,physics,0.2,69,61.05731,-101.92128
original,physics,0.2,70,-105.97353,143.86255
original,physics,0.2,71,-113.92861,117.75787
original,physics,0.2,72,-102.61217,145.16231
original,physics,0.2,73,-139.74788,128.41177
original,physics,0.2,74,-117.248505,99.96498
original,physics,0.2,75,-126.45813,19.008078
original,physics,0.2,76,48.074207,97.58337
original,physics,0.2,77,-116.849594,142.3418
original,physics,0.2,78,-122.6546,9.600056
original,physics,0.2,79,-113.727425,100.90777
original,physics,0.2,80,-118.69194,20.5858
original,physics,0.2,81,54.63616,36.94267
original,physics,0.2,82,-143.185,175.10414
original,physics,0.2,83,-90.888985,46.806087
original,physics,0.2,84,-64.35924,69.11447
original,physics,0.2,85,-35.46349,32.642883
original,physics,0.2,86,-119.94886,14.620814
original,physics,0.2,87,-92.45154,28.907171
original,physics,0.2,88,-119.80116,23.232166
original,physics,0.2,89,-68.93983,-0.30321324
original,physics,0.2,90,-122.71106,112.88713
original,physics,0.2,91,-132.14684,116.13455
original,physics,0.2,92,-117.41792,129.26646
original,physics,0.2,93,56.953766,33.218555
original,physics,0.2,94,-116.60879,122.873344
original,physics,0.2,95,-127.6515,40.656254
original,physics,0.2,96,48.994915,35.435143
original,physics,0.2,97,-119.54672,133.56345
original,physics,0.2,98,-112.49473,104.43452
original,physics,0.2,99,-115.24811,100.78495
original,physics,0.2,100,-127.292694,93.392334
original,physics,0.2,101,58.101154,24.160938
original,physics,0.2,102,-120.590355,79.543015
original,physics,0.2,103,-120.82543,47.399525
original,physics,0.2,104,-9.499525,82.93675
original,physics,0.2,105,71.98764,20.928143
original,physics,0.2,106,-115.41183,115.662285
original,physics,0.2,107,-116.25075,89.9544
original,physics,0.2,108,-110.15393,-135.38072
original,physics,0.2,109,-97.873955,116.12122
original,physics,0.2,110,-110.06968,106.72841
original,physics,0.2,111,-113.160416,92.975845
original,physics,0.2,112,-120.91977,24.435425
original,physics,0.2,113,-133.42657,116.05967
original,physics,0.2,114,-114.88414,133.03809
original,physics,0.2,115,-115.742744,131.3711
original,physics,0.2,116,-122.22105,41.805603
original,physics,0.2,117,-99.04894,91.474174
original,physics,0.2,118,-123.871414,20.76086
original,physics,0.2,119,-123.56954,102.69497
original,physics,0.2,120,-162.33066,178.26993
original,physics,0.2,121,-130.83946,120.4782
original,physics,0.2,122,66.29802,4.6362247
original,physics,0.2,123,-104.11996,110.88883
original,physics,0.2,124,49.451015,26.24838
original,physics,0.2,125,-116.07636,125.43999
original,physics,0.2,126,-113.82461,92.9137
original,physics,0.2,127,-121.41473,61.385696
original,physics,0.2,128,51.845055,38.897476
original,physics,0.2,129,52.93093,23.458876
original,physics,0.2,130,-120.7731,45.421875
original,physics,0.2,131,56.48964,-40.211773
original,physics,0.2,132,-113.049934,121.06073
original,physics,0.2,133,58.012737,25.949594
original,physics,0.2,134,-128.2112,12.922861
original,physics,0.2,135,-82.89864,94.16545
original,physics,0.2,136,-114.81044,84.13802
original,physics,0.2,137,-114.16495,95.94542
original,physics,0.2,138,65.18859,-11.915392
original,physics,0.2,139,53.723866,19.092049
original,physics,0.2,140,-124.108635,9.357462
original,physics,0.2,141,-129.78114,148.36282
original,physics,0.2,142,-55.170357,55.859024
original,physics,0.2,143,52.747158,25.79371
original,physics,0.2,144,-103.92282,7.1691656
original,physics,0.2,145,-127.75909,3.769978
original,physics,0.2,146,-128.08939,140.85509
original,physics,0.2,147,50.790615,10.658753
original,physics,0.2,148,-122.92073,106.56938
original,physics,0.2,149,-138.5384,161.3258
original,physics,0.2,150,58.558826,9.761031
original,physics,0.2,151,50.51461,54.05619
original,physics,0.2,152,-103.75319,132.98878
original,physics,0.2,153,48.55142,53.963165
original,physics,0.2,154,59.849957,101.72787
original,physics,0.2,155,-169.96472,164.77869
original,physics,0.2,156,50.596867,53.154705
original,physics,0.2,157,-103.04607,114.059044
original,physics,0.2,158,-111.52398,53.788044
original,physics,0.2,159,-103.95132,165.83545
original,physics,0.2,160,-114.870804,107.42838
original,physics,0.2,161,76.20838,18.04793
original,physics,0.2,162,-113.251686,110.51418
original,physics,0.2,163,51.200077,43.474243
original,physics,0.2,164,57.81404,-151.64082
original,physics,0.2,165,-113.00375,152.50737
original,physics,0.2,166,-123.697975,70.59785
original,physics,0.2,167,-117.94316,115.70578
original,physics,0.2,168,-126.12499,132.1799
original,physics,0.2,169,-113.99988,1.0160302
original,physics,0.2,170,-96.569885,104.04868
original,physics,0.2,171,-114.06456,99.776726
original,physics,0.2,172,-97.72396,15.949587
original,physics,0.2,173,-140.49979,122.77542
original,physics,0.2,174,-99.729546,95.23982
original,physics,0.2,175,38.031696,30.333622
original,physics,0.2,176,-111.59033,-141.55542
original,physics,0.2,177,-109.315445,111.0324
original,physics,0.2,178,-120.47413,87.80951
original,physics,0.2,179,48.488693,49.96763
original,physics,0.2,180,-75.70821,112.968376
original,physics,0.2,181,-111.25093,98.67134
original,physics,0.2,182,-104.04662,137.5472
original,physics,0.2,183,-122.724884,35.71436
original,physics,0.2,184,-139.10854,147.60545
original,physics,0.2,185,49.24211,52.3549
original,physics,0.2,186,-115.80086,96.89227
original,physics,0.2,187,-110.28067,118.56796
original,physics,0.2,188,-132.63568,121.296455
original,physics,0.2,189,-95.5878,6.712839
original,physics,0.2,190,-114.95249,132.14594
original,physics,0.2,191,68.42298,-3.5420809
original,physics,0.2,192,-53.23185,-159.53539
original,physics,0.2,193,-114.63744,152.22327
original,physics,0.2,194,61.74962,134.72264
original,physics,0.2,195,-106.48383,97.090866
original,physics,0.2,196,-106.79648,136.03894
original,physics,0.2,197,52.09205,23.663916
original,physics,0.2,198,-62.360764,39.091053
original,physics,0.2,199,51.815506,39.668846
original,physics,0.5,0,-93.9174,97.12552
original,physics,0.5,1,-122.11216,114.768394
original,physics,0.5,2,-142.11047,130.73671
original,physics,0.5,3,59.589577,37.88112
original,physics,0.5,4,-152.58948,-164.35056
original,physics,0.5,5,49.645844,-121.877266
original,physics,0.5,6,-130.78545,35.44618
original,physics,0.5,7,-99.18344,135.55219
original,physics,0.5,8,-127.13535,112.89038
original,physics,0.5,9,-107.81106,100.09076
original,physics,0.5,10,-123.81574,146.633
original,physics,0.5,11,-89.08124,-9.549808
original,physics,0.5,12,-119.63729,85.54767
original,physics,0.5,13,-119.21262,96.5211
original,physics,0.5,14,55.097538,22.982693
original,physics,0.5,15,50.936165,57.664555
original,physics,0.5,16,-114.90594,103.33021
original,physics,0.5,17,-100.06157,14.1601925
original,physics,0.5,18,-151.93835,-167.68155
original,physics,0.5,19,-130.66534,43.086166
original,physics,0.5,20,51.738945,-127.70304
original,physics,0.5,21,-54.94264,-72.1842
original,physics,0.5,22,-123.241585,171.35306
original,physics,0.5,23,-129.99353,126.82938
original,physics,0.5,24,-144.59108,150.30678
original,physics,0.5,25,-82.95211,138.39989
original,physics,0.5,26,62.616028,2.848076
original,physics,0.5,27,-108.71301,165.5356
original,physics,0.5,28,-122.42133,167.4499
original,physics,0.5,29,-111.6713,-97.085884
original,physics,0.5,30,-121.258644,128.52739
original,physics,0.5,31,-133.547,65.510765
original,physics,0.5,32,60.59667,31.054264
original,physics,0.5,33,-120.26021,69.87453
original,physics,0.5,34,-125.71141,98.32561
original,physics,0.5,35,-128.64749,98.468575
original,physics,0.5,36,-112.925156,25.142635
original,physics,0.5,37,-85.42385,164.09576
original,physics,0.5,38,-109.61834,54.58794
original,physics,0.5,39,-95.48997,-104.182724
original,physics,0.5,40,-84.80811,-8.67628
original,physics,0.5,41,-125.95699,129.6008
original,physics,0.5,42,57.59809,-102.80125
original,physics,0.5,43,56.28286,61.42549
original,physics,0.5,44,-113.575874,162.98631
original,physics,0.5,45,-111.5182,58.877487
original,physics,0.5,46,-65.48168,-19.662304
original,physics,0.5,47,-116.684166,146.47011
original,physics,0.5,48,-95.76402,60.214996
original,physics,0.5,49,-148.35504,-37.398407
original,physics,0.5,50,-117.398766,150.4528
original,physics,0.5,51,59.79376,32.402542
original,physics,0.5,52,81.800255,-118.18758
original,physics,0.5,53,-146.99286,158.18376
original,physics,0.5,54,-57.427193,102.88287
original,physics,0.5,55,-85.17606,102.92114
original,physics,0.5,56,-81.387,-21.404188
original,physics,0.5,57,49.148846,32.56408
original,physics,0.5,58,-159.89648,-88.813614
original,physics,0.5,59,-126.55254,28.576162
original,physics,0.5,60,-141.40125,-137.97026
original,physics,0.5,61,-116.078606,120.70783
original,physics,0.5,62,59.37375,34.893185
original,physics,0.5,63,59.14424,25.809988
original,physics,0.5,64,5.795663,85.3778
original,physics,0.5,65,-100.04109,45.514618
original,physics,0.5,66,68.48624,24.431873
original,physics,0.5,67,60.623558,29.923916
original,physics,0.5,68,-102.34786,-19.677237
original,physics,0.5,69,64.66736,4.1278424
original,physics,0.5,70,-106.86034,11.234549
original,physics,0.5,71,-132.84314,171.40228
original,physics,0.5,72,71.64216,141.04718
original,physics,0.5,73,-76.30375,-8.524906
original,physics,0.5,74,-161.40633,-81.682816
original,physics,0.5,75,72.28587,-42.121086
original,physics,0.5,76,59.031605,-88.85529
original,physics,0.5,77,49.224056,52.214066
original,physics,0.5,78,-114.261955,102.17615
original,physics,0.5,79,-89.32459,-22.069592
original,physics,0.5,80,-113.406586,16.840782
original,physics,0.5,81,-108.68926,168.68488
original,physics,0.5,82,-142.99962,170.82274
original,physics,0.5,83,-125.671616,91.2454
original,physics,0.5,84,-154.14626,-46.069107
original,physics,0.5,85,64.39373,-13.441851
original,physics,0.5,86,-106.129684,17.056976
original,physics,0.5,87,-125.94537,-99.50293
original,physics,0.5,88,-156.31664,169.95569
original,physics,0.5,89,-106.46233,118.789
original,physics,0.5,90,53.680546,37.59734
original,physics,0.5,91,68.15421,-110.27723
original,physics,0.5,92,75.71315,-129.09764
original,physics,0.5,93,-84.14572,-3.56559
original,physics,0.5,94,-112.460655,19.06483
original,physics,0.5,95,52.32069,52.130615
original,physics,0.5,96,61.57709,17.215818
original,physics,0.5,97,-93.378075,31.488167
original,physics,0.5,98,60.32613,-66.32203
original,physics,0.5,99,58.8967,-156.04408
original,physics,0.5,100,59.948483,101.45952
original,physics,0.5,101,-154.3595,162.10709
original,physics,0.5,102,-92.90002,109.88752
original,physics,0.5,103,-102.24631,-4.4435854
original,physics,0.5,104,-124.75141,29.548286
original,physics,0.5,105,-124.262535,154.08322
original,physics,0.5,106,-86.87876,-6.1704073
original,physics,0.5,107,49.673214,32.436092
original,physics,0.5,108,-111.616325,8.215822
original,physics,0.5,109,-142.4235,169.60811
original,physics,0.5,110,78.085495,5.737332
original,physics,0.5,111,-82.65711,174.30391
original,physics,0.5,112,-162.80652,173.15367
original,physics,0.5,113,56.13734,86.147835
original,physics,0.5,114,63.249233,3.1359293
original,physics,0.5,115,69.76951,108.04567
original,physics,0.5,116,-124.36149,115.19807
original,physics,0.5,117,48.19205,48.134136
original,physics,0.5,118,-88.31334,-2.331576
original,physics,0.5,119,-128.33366,4.134447
original,physics,0.5,120,-124.50189,170.1012
original,physics,0.5,121,-118.8769,0.42719147
original,physics,0.5,122,-131.50734,44.75862
original,physics,0.5,123,-140.41942,120.186195
original,physics,0.5,124,-88.58969,-18.244987
original,physics,0.5,125,-91.0103,99.0223
original,physics,0.5,126,-130.16368,107.36709
original,physics,0.5,127,-85.50722,10.985558
original,physics,0.5,128,-125.68143,67.193245
original,physics,0.5,129,-92.18455,66.55283
original,physics,0.5,130,-121.946556,2.9870696
original,physics,0.5,131,-138.95778,120.15901
original,physics,0.5,132,-114.62765,113.0324
original,physics,0.5,133,-128.09637,38.508427
original,physics,0.5,134,-85.22562,-21.658646
original,physics,0.5,135,-102.73769,169.32799
original,physics,0.5,136,-120.00547,97.86876
original,physics,0.5,137,-93.54782,129.52312
original,physics,0.5,138,55.23053,-50.65634
original,physics,0.5,139,-142.11888,128.57378
original,physics,0.5,140,56.860664,-162.53603
original,physics,0.5,141,-112.87146,15.777313
original,physics,0.5,142,-141.10904,130.69576
original,physics,0.5,143,-115.13688,158.2631
original,physics,0.5,144,-123.46847,102.57512
original,physics,0.5,145,78.33621,134.02902
original,physics,0.5,146,-100.97901,-57.19652
original,physics,0.5,147,126.22298,20.356695
original,physics,0.5,148,-122.433655,144.44818
original,physics,0.5,149,-129.03233,-0.5420347
original,physics,0.5,150,-162.38416,-85.22298
original,physics,0.5,151,-141.43068,130.18877
original,physics,0.5,152,54.8866,-98.12872
original,physics,0.5,153,-113.94294,148.98225
original,physics,0.5,154,51.80351,47.059578
original,physics,0.5,155,54.450302,-70.722496
original,physics,0.5,156,-51.173016,63.304317
original,physics,0.5,157,77.684616,23.133041
original,physics,0.5,158,52.46715,46.079845
original,physics,0.5,159,65.05323,24.725395
original,physics,0.5,160,74.32062,3.8263195
original,physics,0.5,161,-114.3611,125.51478
original,physics,0.5,162,-132.10332,48.839024
original,physics,0.5,163,-165.46114,-157.5464
original,physics,0.5,164,-130.30258,120.299904
original,physics,0.5,165,75.205574,-5.054861
original,physics,0.5,166,82.47529,-57.358093
original,physics,0.5,167,-112.514984,139.18713
original,physics,0.5,168,-120.1076,37.841175
original,physics,0.5,169,-118.44062,-64.83102
original,physics,0.5,170,56.897114,-154.81133
original,physics,0.5,171,121.82634,48.33147
original,physics,0.5,172,-69.491585,43.083275
original,physics,0.5,173,-125.00905,20.560469
original,physics,0.5,174,-149.17159,-81.59272
original,physics,0.5,175,-106.48709,15.10352
original,physics,0.5,176,-153.75102,173.4448
original,physics,0.5,177,-109.213196,71.965805
original,physics,0.5,178,-139.64983,121.52515
original,physics,0.5,179,49.57063,51.173622
original,physics,0.5,180,-127.14769,142.61
original,physics,0.5,181,-81.91935,51.76901
original,physics,0.5,182,55.012436,43.14529
original,physics,0.5,183,-117.18848,17.801596
original,physics,0.5,184,49.385067,-16.358517
original,physics,0.5,185,-117.632866,102.32492
original,physics,0.5,186,76.09869,30.488031
original,physics,0.5,187,64.729,45.399235
original,physics,0.5,188,-104.66576,111.6253
original,physics,0.5,189,56.41675,40.83069
original,physics,0.5,190,-128.02126,40.00576
original,physics,0.5,191,-95.8291,5.2779417
original,physics,0.5,192,-85.86239,-77.08068
original,physics,0.5,193,70.36513,177.3603
original,physics,0.5,194,-83.46741,-50.21037
original,physics,0.5,195,-134.58249,-60.752705
original,physics,0.5,196,-101.65145,16.4122
original,physics,0.5,197,61.291016,31.694086
original,physics,0.5,198,59.8273,31.168663
original,physics,0.5,199,-89.63031,167.69168
original,physics,1.0,0,-134.03836,109.20655
original,physics,1.0,1,-80.61209,69.01919
original,physics,1.0,2,59.231995,32.735497
original,physics,1.0,3,-141.25482,-118.43223
original,physics,1.0,4,-135.03627,-96.3996
original,physics,1.0,5,-54.84635,-47.27899
original,physics,1.0,6,-53.498604,-28.632662
original,physics,1.0,7,79.05733,-121.553925
original,physics,1.0,8,72.07847,78.60665
original,physics,1.0,9,-163.87422,176.43277
original,physics,1.0,10,-108.51838,144.62541
original,physics,1.0,11,59.701183,38.36989
original,physics,1.0,12,-152.91914,129.08545
original,physics,1.0,13,63.868504,16.742258
original,physics,1.0,14,-88.31583,-19.995405
original,physics,1.0,15,44.188744,-126.714424
original,physics,1.0,16,71.56894,29.563019
original,physics,1.0,17,48.081074,-137.28427
original,physics,1.0,18,-161.27065,-88.572334
original,physics,1.0,19,-145.14436,-92.968506
original,physics,1.0,20,116.61347,-86.8094
original,physics,1.0,21,65.30247,33.707733
original,physics,1.0,22,111.34272,-82.708885
original,physics,1.0,23,-135.46082,-27.025812
original,physics,1.0,24,-63.689655,-70.703926
original,physics,1.0,25,-72.29629,153.78944
original,physics,1.0,26,-68.11659,-45.286556
original,physics,1.0,27,68.674164,-60.40215
original,physics,1.0,28,-169.84448,171.27408
original,physics,1.0,29,-139.67526,100.77283
original,physics,1.0,30,-125.914375,27.809513
original,physics,1.0,31,-151.26924,157.56407
original,physics,1.0,32,61.315266,-45.155407
original,physics,1.0,33,-145.7054,131.63861
original,physics,1.0,34,-145.53748,-156.80414
original,physics,1.0,35,-160.55164,-86.00654
original,physics,1.0,36,-65.11134,-41.807377
original,physics,1.0,37,62.634624,-0.486682
original,physics,1.0,38,-101.679535,60.30077
original,physics,1.0,39,-76.21299,105.588425
original,physics,1.0,40,-165.56122,176.3144
original,physics,1.0,41,-127.3309,10.820006
original,physics,1.0,42,73.644135,120.526695
original,physics,1.0,43,-102.59787,151.02321
original,physics,1.0,44,-115.28328,-4.536623
original,physics,1.0,45,-130.10751,118.107635
original,physics,1.0,46,87.85482,133.75334
original,physics,1.0,47,-69.756355,146.77115
original,physics,1.0,48,57.008274,-67.777016
original,physics,1.0,49,45.691692,-137.16039
original,physics,1.0,50,52.077656,44.356888
original,physics,1.0,51,-105.51874,153.73718
original,physics,1.0,52,58.557434,30.879623
original,physics,1.0,53,57.8421,28.700705
original,physics,1.0,54,-132.02765,7.8702044
original,physics,1.0,55,-102.89548,140.52988
original,physics,1.0,56,-84.16876,71.26497
original,physics,1.0,57,-119.524734,-53.660854
original,physics,1.0,58,-133.98424,103.70221
original,physics,1.0,59,-79.23464,-57.62046
original,physics,1.0,60,78.637886,-99.50708
original,physics,1.0,61,-116.80684,34.052986
original,physics,1.0,62,-154.23346,147.66423
original,physics,1.0,63,-176.77385,-122.41565
original,physics,1.0,64,-119.88098,151.05229
original,physics,1.0,65,-104.07153,77.727425
original,physics,1.0,66,-154.75153,155.36583
original,physics,1.0,67,69.17147,-47.74496
original,physics,1.0,68,-134.82913,6.7141833
original,physics,1.0,69,83.57403,-87.503654
original,physics,1.0,70,49.183624,-122.639534
original,physics,1.0,71,-120.516914,-39.515553
original,physics,1.0,72,-162.46837,-155.42432
original,physics,1.0,73,54.4326,-5.0002403
original,physics,1.0,74,-140.67583,-143.9325
original,physics,1.0,75,-118.47734,56.949654
original,physics,1.0,76,-122.09772,12.915633
original,physics,1.0,77,-96.05654,-177.55632
original,physics,1.0,78,78.61647,-143.32385
original,physics,1.0,79,50.50595,-90.61606
original,physics,1.0,80,66.00045,31.977823
original,physics,1.0,81,80.53378,120.68428
original,physics,1.0,82,-75.79914,161.99014
original,physics,1.0,83,-117.41746,-2.6487384
original,physics,1.0,84,-107.57077,108.28054
original,physics,1.0,85,-53.012863,168.95166
original,physics,1.0,86,-143.06238,127.56094
original,physics,1.0,87,-162.76204,172.31978
original,physics,1.0,88,80.59035,10.007148
original,physics,1.0,89,-133.14929,44.542553
original,physics,1.0,90,77.740295,-4.7363515
original,physics,1.0,91,-81.1361,135.34627
original,physics,1.0,92,80.19958,136.8432
original,physics,1.0,93,-91.682945,143.52136
original,physics,1.0,94,-140.45003,105.06518
original,physics,1.0,95,65.688354,18.515324
original,physics,1.0,96,49.46404,41.928814
original,physics,1.0,97,59.289124,-130.06282
original,physics,1.0,98,-118.53496,2.0536466
original,physics,1.0,99,65.56652,-48.737675
original,physics,1.0,100,-123.23432,136.99313
original,physics,1.0,101,175.54893,133.40114
original,physics,1.0,102,79.17321,16.163633
original,physics,1.0,103,71.14531,4.3759217
original,physics,1.0,104,79.8579,5.1068006
original,physics,1.0,105,-143.11795,123.76445
original,physics,1.0,106,-108.28517,21.131304
original,physics,1.0,107,-140.1277,113.03052
original,physics,1.0,108,63.09955,42.666664
original,physics,1.0,109,-62.719852,146.5022
original,physics,1.0,110,82.96705,-133.97298
original,physics,1.0,111,64.7885,-83.47405
original,physics,1.0,112,-65.5998,-27.212427
original,physics,1.0,113,-131.79428,12.450042
original,physics,1.0,114,60.829563,27.418783
original,physics,1.0,115,-94.71151,-7.6969204
original,physics,1.0,116,-102.82335,13.117951
original,physics,1.0,117,72.007774,-46.97703
original,physics,1.0,118,-160.26154,162.45572
original,physics,1.0,119,50.30659,-147.93878
original,physics,1.0,120,56.591408,-108.79826
original,physics,1.0,121,-93.60011,91.40775
original,physics,1.0,122,-93.29937,-1.5124433
original,physics,1.0,123,-113.77139,13.614384
original,physics,1.0,124,-101.55583,38.12047
original,physics,1.0,125,-97.00287,-40.80761
original,physics,1.0,126,108.824104,161.88895
original,physics,1.0,127,-90.843834,-49.064125
original,physics,1.0,128,48.607876,50.9287
original,physics,1.0,129,-115.39398,7.501421
original,physics,1.0,130,-51.766003,134.43602
original,physics,1.0,131,-105.815025,-101.797035
original,physics,1.0,132,-151.66837,-94.41916
original,physics,1.0,133,-97.33496,19.654411
original,physics,1.0,134,-101.302956,-168.94193
original,physics,1.0,135,52.8593,-130.7863
original,physics,1.0,136,61.50429,42.580444
original,physics,1.0,137,-132.43251,125.5793
original,physics,1.0,138,-109.185356,9.652657
original,physics,1.0,139,53.476982,-78.0027
original,physics,1.0,140,11.120697,-51.83154
original,physics,1.0,141,-61.987896,158.84978
original,physics,1.0,142,-89.28905,58.15146
original,physics,1.0,143,-101.14189,146.60365
original,physics,1.0,144,-88.66772,5.405615
original,physics,1.0,145,-87.22878,9.706107
original,physics,1.0,146,50.50664,46.89809
original,physics,1.0,147,62.34538,-68.09328
original,physics,1.0,148,-69.397675,-9.526608
original,physics,1.0,149,-118.57146,157.38081
original,physics,1.0,150,70.56971,-173.97424
original,physics,1.0,151,-102.30802,161.83992
original,physics,1.0,152,-113.162186,101.13514
original,physics,1.0,153,-128.22966,44.809498
original,physics,1.0,154,-130.39272,10.816524
original,physics,1.0,155,-138.63998,112.419624
original,physics,1.0,156,-150.45624,-163.64291
original,physics,1.0,157,-89.59778,22.641335
original,physics,1.0,158,-133.72746,16.309004
original,physics,1.0,159,-164.00197,-174.94737
original,physics,1.0,160,68.86048,-55.17212
original,physics,1.0,161,-83.78854,-11.933049
original,physics,1.0,162,-83.505104,-67.71663
original,physics,1.0,163,-75.749664,-101.64562
original,physics,1.0,164,-98.68044,1.7119236
original,physics,1.0,165,-86.713875,61.84439
original,physics,1.0,166,53.581776,46.9529
original,physics,1.0,167,-86.59716,80.608604
original,physics,1.0,168,63.042313,17.036892
original,physics,1.0,169,67.47122,149.65968
original,physics,1.0,170,-105.024376,17.349213
original,physics,1.0,171,-71.155174,136.10138
original,physics,1.0,172,71.308556,3.306729
original,physics,1.0,173,-119.26718,108.660675
original,physics,1.0,174,-61.201405,-55.9599
original,physics,1.0,175,-78.68283,-3.5693362
original,physics,1.0,176,125.5653,-151.82808
original,physics,1.0,177,107.84553,41.78595
original,physics,1.0,178,-59.537983,162.80434
original,physics,1.0,179,85.21622,-1.6307551
original,physics,1.0,180,67.60016,2.5604072
original,physics,1.0,181,-163.92328,-85.6381
original,physics,1.0,182,-57.921623,-44.57918
original,physics,1.0,183,-63.463215,-52.637817
original,physics,1.0,184,70.52389,34.64376
original,physics,1.0,185,-87.72649,-6.5398407
original,physics,1.0,186,-129.54697,177.14738
original,physics,1.0,187,-159.02434,-155.24289
original,physics,1.0,188,-67.63302,-47.519245
original,physics,1.0,189,63.270775,32.322575
original,physics,1.0,190,77.579704,-63.55403
original,physics,1.0,191,-120.98415,68.417656
original,physics,1.0,192,62.16819,-144.65697
original,physics,1.0,193,62.14046,169.4134
original,physics,1.0,194,58.069195,33.342545
original,physics,1.0,195,66.980934,-119.87135
original,physics,1.0,196,-138.97522,-49.457043
original,physics,1.0,197,-163.84042,175.13252
original,physics,1.0,198,-57.74445,129.2404
original,physics,1.0,199,-136.28204,121.09603
