pdb_id,phi,psi,source
1UBQ,-91.0202,138.2641,original
1UBQ,-131.0989,163.0466,original
1UBQ,-115.9912,140.226,original
1UBQ,-118.0303,114.2244,original
1UBQ,-95.2261,127.5416,original
1UBQ,-99.5796,170.7542,original
1UBQ,-73.4252,-6.9358,original
1UBQ,-101.3971,14.9293,original
1UBQ,77.4447,16.5444,original
1UBQ,-96.2711,138.0789,original
1UBQ,-119.9447,131.7568,original
1UBQ,-109.4737,141.9885,original
1UBQ,-101.4413,139.7376,original
1UBQ,-126.4132,154.0002,original
1UBQ,-111.7952,121.1288,original
1UBQ,-139.0196,170.7171,original
1UBQ,-120.0428,144.5115,original
1UBQ,-54.9367,-24.527,original
1UBQ,-79.8384,-8.1368,original
1UBQ,-71.006,148.4354,original
1UBQ,-83.7038,160.4343,original
1UBQ,-61.3275,-37.21,original
1UBQ,-57.5667,-40.4877,original
1UBQ,-65.4883,-44.4443,original
1UBQ,-58.4233,-46.4088,original
1UBQ,-60.8123,-37.9648,original
1UBQ,-66.1219,-38.1201,original
1UBQ,-64.2163,-37.259,original
1UBQ,-69.9996,-39.564,original
1UBQ,-62.1262,-48.6278,original
1UBQ,-53.4121,-41.7666,original
1UBQ,-93.58,-24.3986,original
1UBQ,-123.5788,-6.3457,original
1UBQ,81.2164,5.3213,original
1UBQ,-79.7333,124.8668,original
1UBQ,-57.003,136.967,original
1UBQ,-57.1842,-32.1653,original
1UBQ,-68.2389,-15.5716,original
1UBQ,-95.7981,-10.4692,original
1UBQ,-84.8311,129.6955,original
1UBQ,-121.2432,115.9564,original
1UBQ,-103.5581,130.2408,original
1UBQ,-122.0749,131.807,original
1UBQ,-144.2704,129.6366,original
1UBQ,48.1713,45.994,original
1UBQ,61.7145,21.6164,original
1UBQ,-115.0664,142.713,original
1UBQ,-85.7723,130.2829,original
1UBQ,-79.5552,138.333,original
1UBQ,-101.8295,139.9595,original
1UBQ,-48.1901,-42.21,original
1UBQ,-82.9252,-8.8886,original
1UBQ,-85.4496,165.4644,original
1UBQ,-104.5098,164.5928,original
1UBQ,-61.218,-36.2052,original
1UBQ,-63.8914,-29.6222,original
1UBQ,-55.5523,-39.3028,original
1UBQ,-91.0216,4.6514,original
1UBQ,57.9396,45.3553,original
1UBQ,-88.6669,116.4408,original
1UBQ,-103.4373,169.5413,original
1UBQ,-54.7883,143.0572,original
1UBQ,66.8974,19.1472,original
1UBQ,-71.1469,159.5173,original
1UBQ,-119.1522,126.6734,original
1UBQ,-103.1357,154.6117,original
1UBQ,-105.5834,135.6702,original
1UBQ,-106.9736,115.7755,original
1UBQ,-108.1151,139.9337,original
1UBQ,-96.0197,138.7999,original
1UBQ,-117.6195,98.8111,original
1UBQ,-83.7244,150.394,original
1UBQ,-97.6604,93.8796,original
1UBQ,120.4148,125.5579,original
1VII,-64.3078,100.1907,original
1VII,-63.1389,154.2303,original
1VII,-33.4846,-75.6365,original
1VII,-36.2104,-64.3875,original
1VII,-47.252,-56.9821,original
1VII,-42.5803,-56.9377,original
1VII,-35.8229,-63.2446,original
1VII,-79.3815,39.3603,original
1VII,-140.7734,-78.9173,original
1VII,-79.6516,-72.8015,original
1VII,154.2853,-54.9436,original
1VII,-90.6174,-121.6614,original
1VII,-125.3646,162.5047,original
1VII,-67.2166,-43.2033,original
1VII,-53.3453,-59.5584,original
1VII,-61.6647,-37.0402,original
1VII,-50.7151,-28.1037,original
1VII,-85.3948,28.9423,original
1VII,-107.8588,-15.9307,original
1VII,-79.523,172.2885,original
1VII,-58.2559,146.6693,original
1VII,-54.8409,-41.0935,original
1VII,-67.4633,-30.4784,original
1VII,-72.4367,-26.8127,original
1VII,-68.8814,-77.1346,original
1VII,-37.7884,-36.61,original
1VII,-67.7742,-73.4942,original
1VII,-42.5146,-26.7584,original
1VII,-71.1035,-80.3022,original
1VII,-47.74,-20.8664,original
1VII,-77.0189,-36.0885,original
1VII,-157.5561,175.9193,original
1VII,68.3774,-11.0346,original
1VII,-78.1114,-18.7382,original
2LZM,-144.8893,171.6174,original
2LZM,-52.0613,-40.3062,original
2LZM,-69.0884,-42.6213,original
2LZM,-64.5414,-39.1523,original
2LZM,-62.4384,-49.4619,original
2LZM,-70.096,-25.6484,original
2LZM,-76.7414,-21.3157,original
2LZM,-71.7492,-46.1425,original
2LZM,-71.5632,-30.9224,original
2LZM,-102.422,-32.6052,original
2LZM,84.0255,-177.4614,original
2LZM,-135.8576,120.3063,original
2LZM,-134.9232,127.6686,original
2LZM,-93.8797,-7.3266,original
2LZM,-117.0979,145.6068,original
2LZM,-53.7789,139.6774,original
2LZM,-141.917,168.8644,original
2LZM,-102.1407,137.5544,original
2LZM,-49.2456,171.4917,original
2LZM,-64.48,-26.4817,original
2LZM,-85.3488,-5.6542,original
2LZM,88.5498,14.67,original
2LZM,-94.4091,147.6111,original
2LZM,-67.8549,124.277,original
2LZM,-141.8658,165.2669,original
2LZM,-155.0724,158.0703,original
2LZM,79.567,-133.8898,original
2LZM,-99.2043,70.0597,original
2LZM,66.1124,31.0479,original
2LZM,-84.372,96.973,original
2LZM,-64.2921,128.7281,original
2LZM,-94.6467,-48.5437,original
2LZM,-157.1555,151.4812,original
2LZM,-91.7637,-3.026,original
2LZM,-71.6582,138.9087,original
2LZM,-69.4612,-12.096,original
2LZM,-89.3784,130.0573,original
2LZM,-61.9025,-23.1684,original
2LZM,-75.8114,-39.076,original
2LZM,-61.7913,-34.4005,original
2LZM,-70.5918,-43.1956,original
2LZM,-61.8968,-37.2837,original
2LZM,-71.3071,-34.5304,original
2LZM,-68.3623,-39.7457,original
2LZM,-60.8019,-48.4629,original
2LZM,-63.8488,-36.9301,original
2LZM,-66.5654,-39.002,original
2LZM,-66.3753,-39.707,original
2LZM,-91.7927,-31.302,original
2LZM,86.3178,31.6756,original
2LZM,-157.7218,173.9338,original
2LZM,-90.2315,109.8896,original
2LZM,-101.9304,-28.8605,original
2LZM,65.8244,36.464,original
2LZM,74.704,12.7968,original
2LZM,-137.5782,134.8079,original
2LZM,-121.5328,171.1583,original
2LZM,-97.0723,167.1085,original
2LZM,-55.519,-48.311,original
2LZM,-49.728,-49.3526,original
2LZM,-70.5893,-34.8502,original
2LZM,-65.1068,-42.2463,original
2LZM,-71.6592,-27.6416,original
2LZM,-65.4605,-44.8874,original
2LZM,-63.5581,-35.5535,original
2LZM,-66.4078,-49.2871,original
2LZM,-51.4967,-45.1629,original
2LZM,-63.4394,-42.5635,original
2LZM,-63.4205,-40.9729,original
2LZM,-65.7746,-45.8243,original
2LZM,-57.7135,-44.5739,original
2LZM,-68.6451,-35.8366,original
2LZM,-60.9413,-49.9718,original
2LZM,-57.6892,-47.5798,original
2LZM,-61.446,-36.672,original
2LZM,-65.8196,-44.3138,original
2LZM,-52.1385,-52.4565,original
2LZM,-65.182,-23.1042,original
2LZM,-96.1338,-7.776,original
2LZM,-99.052,126.3764,original
2LZM,-62.2501,-29.3178,original
2LZM,-86.2804,-32.2334,original
2LZM,-87.975,-42.7669,original
2LZM,-47.9725,-48.6484,original
2LZM,-62.5877,-40.3101,original
2LZM,-66.1239,-46.8526,original
2LZM,-52.152,-47.6724,original
2LZM,-64.5293,-31.076,original
2LZM,-76.7798,-18.5533,original
2LZM,-88.0533,156.6363,original
2LZM,-74.9664,174.9846,original
2LZM,-61.591,-42.228,original
2LZM,-67.8829,-48.147,original
2LZM,-63.6558,-29.5905,original
2LZM,-57.7825,-41.0431,original
2LZM,-62.1703,-34.6696,original
2LZM,-67.0744,-36.0815,original
2LZM,-74.6741,-38.1289,original
2LZM,-56.8192,-41.6648,original
2LZM,-57.2233,-51.0197,original
2LZM,-56.7358,-46.9259,original
2LZM,-60.0515,-42.835,original
2LZM,-59.9035,-44.9963,original
2LZM,-70.6822,-50.6718,original
2LZM,-106.9277,-6.0666,original
2LZM,77.1953,157.7216,original
2LZM,-49.9495,-49.0278,original
2LZM,-61.0854,-52.6171,original
2LZM,-52.0417,-52.5035,original
2LZM,-67.9692,-37.037,original
2LZM,-64.2913,-14.1396,original
2LZM,-80.35,-10.9568,original
2LZM,-85.5502,52.1652,original
2LZM,-36.9702,-58.974,original
2LZM,-67.6593,-39.6888,original
2LZM,-69.8187,-35.6624,original
2LZM,-58.8973,-45.8032,original
2LZM,-54.1666,-52.5024,original
2LZM,-64.8386,-38.1879,original
2LZM,-64.505,-43.4682,original
2LZM,-58.7703,-36.3202,original
2LZM,-74.7256,-11.5996,original
2LZM,69.2574,34.2255,original
2LZM,-98.8023,71.4522,original
2LZM,-53.4008,-49.1066,original
2LZM,-69.7842,-38.5814,original
2LZM,-65.4447,-43.375,original
2LZM,-63.9569,-38.1235,original
2LZM,-59.2372,-43.2288,original
2LZM,-64.3393,-49.5847,original
2LZM,-60.4188,-43.6426,original
2LZM,-59.2215,-33.295,original
2LZM,-69.5061,-21.416,original
2LZM,-87.3534,64.9566,original
2LZM,-152.357,154.4477,original
2LZM,-50.8723,-45.3879,original
2LZM,-46.9966,-54.4405,original
2LZM,-65.5337,-43.7042,original
2LZM,-66.2135,-37.911,original
2LZM,-78.4766,-37.9588,original
2LZM,-133.977,71.1917,original
2LZM,-59.9918,-45.1479,original
2LZM,-63.287,-47.614,original
2LZM,-62.2342,-49.8461,original
2LZM,-54.7192,-43.6066,original
2LZM,-65.6877,-30.8534,original
2LZM,-69.5667,-42.5764,original
2LZM,-68.1739,-42.5171,original
2LZM,-61.6778,-43.6859,original
2LZM,-61.0717,-34.938,original
2LZM,-64.7385,-40.6286,original
2LZM,-71.4222,-37.6489,original
2LZM,-65.6358,-49.1964,original
2LZM,-92.2801,-31.7166,original
2LZM,76.2929,17.5428,original
2LZM,-127.9752,174.2972,original
2LZM,-99.5305,16.8981,original
2LZM,-53.9595,-33.6573,original
2LZM,-67.0448,-21.8999,original
2LZM,-97.6306,-8.9591,original
2LZM,-68.1768,-48.1284,original
2LZM,-53.2897,-61.2367,original
1BRS,-102.5781,105.0113,original
1BRS,-144.8012,28.1073,original
1BRS,-107.6285,162.0779,original
1BRS,-54.3999,-51.0244,original
1BRS,-71.1,-41.0088,original
1BRS,-60.4207,-49.3008,original
1BRS,-67.9075,-37.7991,original
1BRS,-65.4485,-40.9922,original
1BRS,-68.957,-41.2868,original
1BRS,-57.0037,-47.3045,original
1BRS,-58.1172,-46.5522,original
1BRS,-70.8057,-30.8141,original
1BRS,-82.101,-48.4198,original
1BRS,-103.3918,-2.9276,original
1BRS,54.5655,42.7016,original
1BRS,-171.6575,161.6662,original
1BRS,-77.2818,153.7529,original
1BRS,-58.7643,159.5979,original
1BRS,-64.5551,-8.8922,original
1BRS,-88.4151,4.8414,original
1BRS,-97.8029,142.2157,original
1BRS,-139.4087,147.0622,original
1BRS,-69.9932,165.9822,original
1BRS,-60.597,-41.9302,original
1BRS,-65.3052,-48.1224,original
1BRS,-52.5429,-44.8614,original
1BRS,-60.5169,-44.1565,original
1BRS,-60.6445,-41.4862,original
1BRS,-57.3974,-33.2773,original
1BRS,-88.6541,0.6821,original
1BRS,108.2581,13.9381,original
1BRS,-75.677,130.7888,original
1BRS,-126.0786,103.1199,original
1BRS,-49.5887,-48.02,original
1BRS,-64.3485,-14.918,original
1BRS,-84.5028,-24.7258,original
1BRS,71.9429,31.515,original
1BRS,-99.0988,23.6509,original
1BRS,-58.5299,-44.6773,original
1BRS,-71.6567,-16.1149,original
1BRS,-80.2578,-34.7751,original
1BRS,-96.5728,-13.5301,original
1BRS,-157.7176,75.2151,original
1BRS,-59.3906,141.8861,original
1BRS,74.5691,-3.2719,original
1BRS,-94.7743,156.8728,original
1BRS,-136.9426,148.7042,original
1BRS,-71.2436,134.3777,original
1BRS,177.7639,151.2374,original
1BRS,106.8111,-7.9883,original
1BRS,-68.9557,153.9506,original
1BRS,-65.1543,144.2486,original
1BRS,-113.8563,114.4014,original
1BRS,-85.8308,-0.0284,original
1BRS,45.1127,57.0293,original
1BRS,-63.3441,-32.5154,original
1BRS,-88.7894,-3.8374,original
1BRS,64.9649,25.8465,original
1BRS,-74.543,-29.1795,original
1BRS,-90.0375,150.6996,original
1BRS,-66.0299,134.8374,original
1BRS,-106.3021,165.25,original
1BRS,-166.7727,148.2326,original
1BRS,-66.4226,127.487,original
1BRS,94.3618,-11.0889,original
1BRS,-85.8063,122.8707,original
1BRS,-118.4019,152.5346,original
1BRS,-115.0859,153.1961,original
1BRS,-139.7958,162.1158,original
1BRS,-138.9769,161.973,original
1BRS,-147.8437,149.2359,original
1BRS,-74.1431,142.7752,original
1BRS,-122.1287,148.0009,original
1BRS,60.7762,24.6677,original
1BRS,-89.296,138.772,original
1BRS,-124.0018,-50.1357,original
1BRS,-165.4345,168.2438,original
1BRS,88.6389,-158.2514,original
1BRS,-72.6502,156.8433,original
1BRS,-65.2677,148.1867,original
1BRS,-98.4282,-170.9239,original
1BRS,-103.4412,12.9712,original
1BRS,-100.9049,132.2304,original
1BRS,-141.157,149.1425,original
1BRS,-109.4524,134.7829,original
1BRS,-119.0044,128.317,original
1BRS,-136.7951,137.2757,original
1BRS,-92.9141,164.4716,original
1BRS,-65.3394,-18.7754,original
1BRS,-108.1399,22.7874,original
1BRS,62.9616,36.3267,original
1BRS,-84.3509,141.4735,original
1BRS,-130.4231,129.8676,original
1BRS,-127.4147,166.2088,original
1BRS,-135.6048,156.9324,original
1BRS,-135.7672,138.8859,original
1BRS,-122.7258,2.8098,original
1BRS,-124.1838,39.223,original
1BRS,56.1976,52.347,original
1BRS,63.1078,23.677,original
1BRS,-78.5259,-41.2844,original
1BRS,-134.4757,152.1801,original
1BRS,-124.9969,150.8654,original
1BRS,-125.8788,133.2118,original
1BRS,-75.7342,129.3187,original
1BRS,-121.1847,-11.7381,original
1BRS,-94.5208,108.8857,original
1BRS,-136.7454,140.584,original
1BRS,-137.9868,104.1885,original
1BRS,-136.557,17.9807,original
1BRS,-96.3285,157.5645,original
1BRS,-52.1714,-55.6698,original
1BRS,-63.2958,-43.0684,original
1BRS,-61.2816,-44.4744,original
1BRS,-76.2006,-38.8306,original
1BRS,-60.5998,-47.8259,original
1BRS,-60.0602,-41.3879,original
1BRS,-61.4074,-46.9585,original
1BRS,-60.1424,-47.0286,original
1BRS,-60.7577,-43.9396,original
1BRS,-79.4463,-47.2691,original
1BRS,-100.0509,-9.9044,original
1BRS,61.9882,36.0726,original
1BRS,-166.6819,156.4317,original
1BRS,-77.8457,150.8936,original
1BRS,-58.6456,159.671,original
1BRS,-70.5398,-0.9793,original
1BRS,-88.8813,14.0034,original
1BRS,-111.0431,140.6599,original
1BRS,-136.4364,147.6465,original
1BRS,-75.5258,168.4282,original
1BRS,-56.7843,-46.8766,original
1BRS,-62.7112,-39.0657,original
1BRS,-67.8182,-40.0086,original
1BRS,-63.0384,-43.8427,original
1BRS,-65.7366,-35.0969,original
1BRS,-64.8141,-30.5205,original
1BRS,-83.8416,-6.4459,original
1BRS,109.9914,8.851,original
1BRS,-67.3075,133.3714,original
1BRS,-126.8713,107.1891,original
1BRS,-46.4596,-47.674,original
1BRS,-66.7334,-20.347,original
1BRS,-83.7508,-20.777,original
1BRS,62.4196,35.9402,original
1BRS,-97.2447,13.4033,original
1BRS,-46.0474,-43.2192,original
1BRS,-71.4122,-17.9513,original
1BRS,-75.5969,-45.6067,original
1BRS,-93.0213,-13.8545,original
1BRS,-152.3856,75.1068,original
1BRS,-57.4038,130.9408,original
1BRS,76.9757,2.916,original
1BRS,-101.3198,161.733,original
1BRS,-133.5379,153.3781,original
1BRS,-74.0652,130.6586,original
1BRS,-176.2953,154.8218,original
1BRS,106.5832,-9.2859,original
1BRS,-74.4525,151.9418,original
1BRS,-63.493,137.1063,original
1BRS,-105.1626,119.0949,original
1BRS,-85.9202,-2.5269,original
1BRS,46.0939,52.0685,original
1BRS,-56.6335,-33.5702,original
1BRS,-91.5586,2.0835,original
1BRS,59.0457,23.6452,original
1BRS,-75.1516,-24.9244,original
1BRS,-97.7731,154.2062,original
1BRS,-58.2055,117.8185,original
1BRS,-102.7783,162.3357,original
1BRS,-179.6609,150.0766,original
1BRS,-46.5556,125.3382,original
1BRS,78.3502,-6.6164,original
1BRS,-88.1902,129.4194,original
1BRS,-121.7957,141.6605,original
1BRS,-105.0572,154.3772,original
1BRS,-138.8595,154.833,original
1BRS,-130.2779,159.7531,original
1BRS,-149.8649,146.211,original
1BRS,-77.3281,139.5048,original
1BRS,-115.1104,148.5965,original
1BRS,62.9841,21.4885,original
1BRS,-93.3491,139.1983,original
1BRS,-123.6772,-49.8672,original
1BRS,-162.6773,165.656,original
1BRS,89.6433,-161.0676,original
1BRS,-68.3083,150.0487,original
1BRS,-68.7602,147.0632,original
1BRS,-95.4192,-170.293,original
1BRS,-104.0383,18.6492,original
1BRS,-104.8766,131.7159,original
1BRS,-144.5427,150.9317,original
1BRS,-110.8084,136.1772,original
1BRS,-114.6764,121.3911,original
1BRS,-136.4382,136.4735,original
1BRS,-92.4383,165.9923,original
1BRS,-65.5975,-24.3398,original
1BRS,-104.9342,27.4675,original
1BRS,54.0704,40.831,original
1BRS,-81.1516,144.8942,original
1BRS,-129.8095,123.4144,original
1BRS,-126.6249,163.9056,original
1BRS,-138.7584,160.4785,original
1BRS,-135.3181,141.878,original
1BRS,-124.2445,1.33,original
1BRS,-124.1772,37.3829,original
1BRS,52.3226,59.5416,original
1BRS,58.3585,21.8036,original
1BRS,-73.2874,-49.1004,original
1BRS,-132.6422,150.455,original
1BRS,-128.5367,143.3451,original
1BRS,-123.9329,128.4197,original
1BRS,-71.6619,129.9583,original
1BRS,-125.3617,-6.7853,original
1BRS,-100.6324,95.8097,original
1BRS,-142.4392,32.5567,original
1BRS,-109.8137,159.8494,original
1BRS,-56.8474,-53.4746,original
1BRS,-63.3588,-46.6414,original
1BRS,-49.8278,-67.1128,original
1BRS,-58.2024,-41.3973,original
1BRS,-60.1496,-41.979,original
1BRS,-66.9355,-36.5334,original
1BRS,-67.6547,-41.2117,original
1BRS,-62.8345,-49.3355,original
1BRS,-46.5579,-53.781,original
1BRS,-69.9299,-68.4423,original
1BRS,-86.6248,-11.0915,original
1BRS,55.0041,38.2844,original
1BRS,-162.6592,161.7382,original
1BRS,-87.9174,143.6568,original
1BRS,-47.2647,156.5277,original
1BRS,-72.9446,13.278,original
1BRS,-91.1899,-0.1079,original
1BRS,-94.6262,133.0565,original
1BRS,-135.9121,140.3493,original
1BRS,-73.4108,173.4464,original
1BRS,-67.2123,-40.2194,original
1BRS,-64.6092,-43.7104,original
1BRS,-56.6324,-60.9265,original
1BRS,-50.4559,-45.3617,original
1BRS,-52.0867,-52.444,original
1BRS,-46.7152,-54.7835,original
1BRS,-68.7379,22.9058,original
1BRS,70.9709,23.6065,original
1BRS,-75.0033,123.9177,original
1BRS,-120.8823,97.9707,original
1BRS,-34.3199,-56.2777,original
1BRS,-50.4107,-19.8153,original
1BRS,-89.0792,-64.891,original
1BRS,101.9033,33.3191,original
1BRS,-96.5857,19.1388,original
1BRS,-78.355,-39.8233,original
1BRS,-66.3173,-46.4666,original
1BRS,-60.926,-48.1906,original
1BRS,-88.614,3.4237,original
1BRS,-178.0472,85.5887,original
1BRS,-71.5263,135.1691,original
1BRS,67.8248,17.7833,original
1BRS,-106.0263,162.4625,original
1BRS,-145.5769,152.9277,original
1BRS,-74.7216,121.9584,original
1BRS,-162.9951,152.4847,original
1BRS,91.5794,-5.5773,original
1BRS,-71.1854,155.7288,original
1BRS,-60.7696,145.6333,original
1BRS,-119.1112,114.3365,original
1BRS,-76.7373,-7.7958,original
1BRS,49.9144,52.3011,original
1BRS,-61.4821,-35.6188,original
1BRS,-88.99,-10.047,original
1BRS,68.8639,28.2842,original
1BRS,-76.7082,-33.0765,original
1BRS,-86.437,149.2302,original
1BRS,-61.8315,130.5385,original
1BRS,-109.5251,159.4377,original
1BRS,-176.9602,161.6499,original
1BRS,-60.4366,126.0053,original
1BRS,71.8047,16.1024,original
1BRS,-95.554,128.5566,original
1BRS,-123.31,145.7647,original
1BRS,-115.9544,149.7274,original
1BRS,-137.7836,160.3519,original
1BRS,-132.9548,168.7608,original
1BRS,-160.4464,142.8093,original
1BRS,-69.7153,148.0402,original
1BRS,-128.3963,145.9523,original
1BRS,63.7639,25.2973,original
1BRS,-100.275,148.0616,original
1BRS,-134.2393,-57.7744,original
1BRS,-147.1047,161.9916,original
1BRS,79.2951,-136.7943,original
1BRS,-75.2452,132.3701,original
1BRS,-64.243,153.414,original
1BRS,-101.049,-169.9483,original
1BRS,-97.5182,17.4047,original
1BRS,-106.7054,130.8019,original
1BRS,-143.9119,149.9274,original
1BRS,-110.3389,137.2167,original
1BRS,-120.9201,123.4764,original
1BRS,-128.7074,140.1345,original
1BRS,-96.7607,160.7987,original
1BRS,-53.3032,-26.6081,original
1BRS,-108.9526,28.9823,original
1BRS,45.577,63.5385,original
1BRS,-109.6984,131.3742,original
1BRS,-130.5695,128.6607,original
1BRS,-128.211,163.1431,original
1BRS,-137.0948,162.3959,original
1BRS,-145.2138,137.567,original
1BRS,-125.1292,9.9304,original
1BRS,-121.8424,32.1202,original
1BRS,55.0684,55.9298,original
1BRS,67.6367,7.5772,original
1BRS,-67.2299,-43.8646,original
1BRS,-134.2952,142.323,original
1BRS,-126.1316,139.601,original
1BRS,-126.4781,127.9554,original
1BRS,-72.6825,122.0979,original
1BRS,-114.2968,-2.0862,original
1BRS,-118.7441,130.1216,original
1BRS,-120.8229,130.425,original
1BRS,-120.0229,130.8625,original
1BRS,-112.6053,116.469,original
1BRS,-89.8316,90.7314,original
1BRS,-47.2668,-32.182,original
1BRS,-73.8689,-18.7832,original
1BRS,-86.0158,-2.1816,original
1BRS,-89.3834,109.1202,original
1BRS,-103.3334,-3.9251,original
1BRS,-164.3284,171.3428,original
1BRS,-64.2982,-37.0533,original
1BRS,-59.4331,-39.7208,original
1BRS,-59.0914,-46.8644,original
1BRS,-57.6656,-54.9367,original
1BRS,-58.5255,-34.0609,original
1BRS,-67.7399,-44.3067,original
1BRS,-60.9209,-41.7966,original
1BRS,-61.8844,-45.1378,original
1BRS,-55.3292,-46.5781,original
1BRS,-72.3506,-56.2404,original
1BRS,-56.4258,-34.6543,original
1BRS,-100.3492,1.7964,original
1BRS,53.6523,49.4399,original
1BRS,-71.0474,157.7601,original
1BRS,-57.1622,150.6999,original
1BRS,-61.7841,-25.767,original
1BRS,-82.7846,0.2882,original
1BRS,-37.0687,119.065,original
1BRS,-67.2868,-12.2613,original
1BRS,50.6289,46.9488,original
1BRS,-145.9198,169.3204,original
1BRS,-66.9211,-32.6305,original
1BRS,-69.0489,-40.6654,original
1BRS,-66.9534,-39.0012,original
1BRS,-65.5202,-44.6613,original
1BRS,-56.4955,-45.2913,original
1BRS,-59.4392,-45.1252,original
1BRS,-69.6893,-39.5696,original
1BRS,-66.2795,-34.7198,original
1BRS,-94.0897,-11.5172,original
1BRS,-150.4809,35.5535,original
1BRS,-156.2511,-57.5074,original
1BRS,-56.4737,145.6042,original
1BRS,-87.7752,137.426,original
1BRS,-119.5877,163.1062,original
1BRS,-67.4841,153.3788,original
1BRS,-124.5689,139.9033,original
1BRS,-119.3268,116.4137,original
1BRS,-101.4798,108.2231,original
1BRS,-105.1121,107.062,original
1BRS,-106.2261,100.0347,original
1BRS,-91.0649,150.9767,original
1BRS,48.9486,50.1633,original
1BRS,-49.5283,-50.4175,original
1BRS,-57.0709,-36.5273,original
1BRS,-66.4879,-39.3575,original
1BRS,-65.8238,-34.7976,original
1BRS,-62.0212,-44.6442,original
1BRS,-55.7645,-57.0048,original
1BRS,-64.6148,-23.32,original
1BRS,-54.3656,-38.6265,original
1BRS,-69.3255,-41.6789,original
1BRS,-59.4116,-42.3157,original
1BRS,-67.864,-46.1213,original
1BRS,-57.2921,-42.7941,original
1BRS,-58.2048,-40.4075,original
1BRS,-64.1197,-42.1816,original
1BRS,-61.3391,-42.0206,original
1BRS,-67.1399,-37.5403,original
1BRS,-68.8145,-34.7601,original
1BRS,-66.6831,-39.1769,original
1BRS,-69.7352,-47.2632,original
1BRS,-48.3641,-45.174,original
1BRS,-71.3394,6.0307,original
1BRS,106.5347,-14.749,original
1BRS,-65.8756,140.0433,original
1BRS,-82.7999,80.6456,original
1BRS,-119.6654,121.2832,original
1BRS,-98.2069,125.7038,original
1BRS,-111.8855,121.5176,original
1BRS,-114.6053,120.5354,original
1BRS,-109.0517,102.6877,original
1BRS,-87.8451,138.8482,original
1BRS,-133.3732,123.1954,original
1BRS,-101.8458,114.9445,original
1BRS,-87.4335,89.504,original
1BRS,-43.7457,-44.612,original
1BRS,-65.4291,-22.2001,original
1BRS,-99.1626,-1.35,original
1BRS,-72.4732,124.8223,original
1BRS,-92.5201,-18.4605,original
1BRS,-165.3585,-179.8774,original
1BRS,-69.1028,-35.8073,original
1BRS,-56.9991,-44.6235,original
1BRS,-55.9624,-45.5408,original
1BRS,-60.7096,-48.3211,original
1BRS,-62.8456,-47.8657,original
1BRS,-57.3585,-38.1102,original
1BRS,-69.986,-45.9678,original
1BRS,-57.7103,-42.1695,original
1BRS,-52.8529,-47.5186,original
1BRS,-64.7258,-54.9049,original
1BRS,-65.5243,-36.4705,original
1BRS,-99.8475,0.7699,original
1BRS,59.5102,52.4787,original
1BRS,-75.9489,161.9968,original
1BRS,-56.5125,151.3046,original
1BRS,-57.6129,-34.325,original
1BRS,-83.7771,2.0683,original
1BRS,-34.2716,119.622,original
1BRS,-72.2662,-5.4212,original
1BRS,52.6741,53.9001,original
1BRS,-157.6791,169.5187,original
1BRS,-66.0717,-34.6316,original
1BRS,-70.6484,-33.8399,original
1BRS,-69.1562,-37.7281,original
1BRS,-65.7507,-43.1516,original
1BRS,-59.9027,-46.8619,original
1BRS,-56.9878,-47.7439,original
1BRS,-61.6003,-39.6501,original
1BRS,-73.1694,-34.9495,original
1BRS,-94.7458,-9.3896,original
1BRS,-152.4682,37.3056,original
1BRS,-160.0695,-54.597,original
1BRS,-64.7455,152.37,original
1BRS,-86.6224,141.3617,original
1BRS,-113.3289,153.1617,original
1BRS,-70.4011,157.9484,original
1BRS,-128.2492,138.6891,original
1BRS,-129.8917,113.9138,original
1BRS,-114.6015,118.4701,original
1BRS,-109.1777,113.5084,original
1BRS,-104.4249,100.3752,original
1BRS,-83.8538,144.1665,original
1BRS,55.9579,43.958,original
1BRS,-41.6805,-59.103,original
1BRS,-44.3102,-46.1928,original
1BRS,-61.7595,-40.8965,original
1BRS,-64.853,-41.2068,original
1BRS,-54.4898,-51.1017,original
1BRS,-59.6246,-58.4337,original
1BRS,-58.9425,-37.7456,original
1BRS,-59.9897,-33.921,original
1BRS,-64.0597,-37.5272,original
1BRS,-66.6271,-40.1346,original
1BRS,-62.7023,-46.5466,original
1BRS,-58.4064,-44.8264,original
1BRS,-58.153,-34.0742,original
1BRS,-63.0204,-42.4882,original
1BRS,-64.9967,-40.5409,original
1BRS,-67.1633,-42.4198,original
1BRS,-62.5869,-44.6089,original
1BRS,-60.5651,-39.4966,original
1BRS,-63.7773,-52.1035,original
1BRS,-55.4227,-25.415,original
1BRS,-96.1594,13.4939,original
1BRS,107.0604,-14.9379,original
1BRS,-61.8339,141.3981,original
1BRS,-82.2574,73.913,original
1BRS,-117.5495,138.2679,original
1BRS,-120.9223,128.2665,original
1BRS,-113.6215,131.0518,original
1BRS,-119.6979,114.8529,original
1BRS,-103.264,105.942,original
1BRS,-118.9199,134.838,original
1BRS,-112.6393,121.2628,original
1BRS,-113.3187,134.333,original
1BRS,-116.7509,116.9097,original
1BRS,-93.0806,92.5475,original
1BRS,-49.5121,-33.0191,original
1BRS,-72.6119,-11.0889,original
1BRS,-91.2943,-9.0176,original
1BRS,-84.9395,117.159,original
1BRS,-115.1345,3.5567,original
1BRS,-165.3228,164.2259,original
1BRS,-66.3562,-27.5166,original
1BRS,-64.9483,-44.6207,original
1BRS,-59.1781,-40.0984,original
1BRS,-64.296,-51.3472,original
1BRS,-60.9481,-39.0193,original
1BRS,-65.2061,-38.4232,original
1BRS,-68.1711,-43.8705,original
1BRS,-60.7796,-47.563,original
1BRS,-48.9936,-50.1971,original
1BRS,-69.9064,-52.0372,original
1BRS,-63.5018,-30.0788,original
1BRS,-100.0541,-0.4718,original
1BRS,59.3633,41.0562,original
1BRS,-66.7237,167.8175,original
1BRS,-61.6097,148.9077,original
1BRS,-56.9944,-32.2762,original
1BRS,-85.1257,3.1494,original
1BRS,-35.8438,125.688,original
1BRS,-70.965,-5.7066,original
1BRS,48.0167,51.0106,original
1BRS,-154.2215,169.573,original
1BRS,-61.818,-45.1246,original
1BRS,-63.5285,-42.9273,original
1BRS,-60.27,-49.9423,original
1BRS,-60.3497,-40.9775,original
1BRS,-63.3827,-35.7061,original
1BRS,-66.4951,-39.4158,original
1BRS,-69.6569,-36.4047,original
1BRS,-71.4773,-40.4553,original
1BRS,-94.8915,-5.7254,original
1BRS,-155.6369,36.8493,original
1BRS,-160.7726,-51.3314,original
1BRS,-74.1557,153.1468,original
1BRS,-91.7197,141.5136,original
1BRS,-122.4067,159.6639,original
1BRS,-74.3082,158.6526,original
1BRS,-126.1429,138.4367,original
1BRS,-114.1234,117.1327,original
1BRS,-106.0717,111.2555,original
1BRS,-107.9362,112.358,original
1BRS,-109.5377,105.3518,original
1BRS,-92.9013,155.9722,original
1BRS,48.7894,49.7777,original
1BRS,-53.6231,-47.7054,original
1BRS,-62.4747,-35.0242,original
1BRS,-61.2273,-46.8838,original
1BRS,-47.5813,-51.766,original
1BRS,-63.2222,-38.6531,original
1BRS,-59.7506,-45.6699,original
1BRS,-93.0497,-5.2178,original
1BRS,-108.8104,-2.2547,original
1BRS,55.6454,64.3221,original
1BRS,73.5653,-7.9627,original
1BRS,-65.4062,-31.2569,original
1BRS,-61.8637,-38.3171,original
1BRS,-64.7742,-47.5044,original
1BRS,-53.6388,-46.7918,original
1BRS,-65.1551,-51.0434,original
1BRS,-54.9345,-43.7564,original
1BRS,-60.3037,-30.8028,original
1BRS,-71.6399,-40.4629,original
1BRS,-65.6799,-34.8389,original
1BRS,-69.5772,-37.4374,original
1BRS,-70.8698,-37.0555,original
1BRS,-60.5741,-39.7071,original
1BRS,-63.7011,-51.9394,original
1BRS,-51.2866,-45.4966,original
1BRS,-70.9097,8.1879,original
1BRS,102.081,-8.8976,original
1BRS,-63.8577,144.273,original
1BRS,-86.0406,79.7289,original
1BRS,-113.4892,126.2806,original
1BRS,-104.6123,123.0299,original
1BRS,-105.508,127.3044,original
1BRS,-118.1436,117.0862,original
1BRS,-103.8618,103.0856,original
1TIM,-59.8358,-72.4081,original
1TIM,83.1557,29.9304,original
1TIM,-22.6952,116.3065,original
1TIM,-44.9678,122.8829,original
1TIM,-117.5335,124.7122,original
1TIM,-114.4163,127.782,original
1TIM,-109.6216,121.4668,original
1TIM,-110.0932,102.9286,original
1TIM,-106.0156,110.2802,original
1TIM,-69.8796,-18.9694,original
1TIM,61.9377,-148.9733,original
1TIM,-114.7701,71.3536,original
1TIM,-145.0918,-174.0245,original
1TIM,68.3313,126.0049,original
1TIM,-106.5482,167.8701,original
1TIM,-41.5589,-65.7877,original
1TIM,-43.0509,-72.1263,original
1TIM,-44.0263,-52.8146,original
1TIM,-55.2246,-54.0415,original
1TIM,-46.8377,-51.5574,original
1TIM,-46.4882,-66.2938,original
1TIM,-41.3501,-56.956,original
1TIM,-55.4351,-56.9004,original
1TIM,-42.5708,-58.1205,original
1TIM,-46.937,-61.4088,original
1TIM,-46.9802,-43.9209,original
1TIM,-57.8863,-69.6309,original
1TIM,-34.9377,-58.4171,original
1TIM,-31.7239,77.0856,original
1TIM,-35.0521,-72.57,original
1TIM,-9.1449,122.0305,original
1TIM,-142.1827,-86.5208,original
1TIM,82.0553,-160.8533,original
1TIM,-93.6721,46.986,original
1TIM,-112.0088,134.3285,original
1TIM,-99.5661,114.6248,original
1TIM,-113.2282,117.8583,original
1TIM,-120.5181,119.8344,original
1TIM,-98.9793,135.3219,original
1TIM,-133.3062,126.5078,original
1TIM,-139.9678,148.7247,original
1TIM,-22.307,131.8697,original
1TIM,-21.9746,-68.344,original
1TIM,-53.4709,-63.6244,original
1TIM,-47.7562,-25.0782,original
1TIM,-37.8105,-63.9721,original
1TIM,-52.0443,-55.8499,original
1TIM,-45.1993,-60.7048,original
1TIM,-40.5497,-62.2765,original
1TIM,-45.6093,-64.1417,original
1TIM,-53.0556,-44.0118,original
1TIM,-76.6099,-41.8477,original
1TIM,-67.56,171.5119,original
1TIM,-126.5785,128.3689,original
1TIM,2.5607,-82.4849,original
1TIM,-14.1163,-50.2291,original
1TIM,-94.857,119.0694,original
1TIM,-83.1748,153.2609,original
1TIM,-113.281,114.4313,original
1TIM,-116.3777,141.2768,original
1TIM,-103.4565,146.7451,original
1TIM,-86.8959,120.0638,original
1TIM,87.4595,116.8661,original
1TIM,-125.666,155.7543,original
1TIM,-118.6187,139.6737,original
1TIM,-66.4823,172.9169,original
1TIM,68.1275,140.191,original
1TIM,-63.8633,-69.0253,original
1TIM,-140.0399,156.0568,original
1TIM,174.0644,-178.6842,original
1TIM,-86.6153,89.1895,original
1TIM,-162.3166,76.9575,original
1TIM,-51.8995,119.3795,original
1TIM,117.3277,-76.1267,original
1TIM,-46.4745,-174.6349,original
1TIM,-165.2151,153.016,original
1TIM,-101.066,147.3,original
1TIM,-57.0716,-33.8811,original
1TIM,-46.4491,-41.7036,original
1TIM,-50.5349,-67.3362,original
1TIM,-53.2896,-35.9106,original
1TIM,-55.4844,-73.4655,original
1TIM,-41.8078,-39.8404,original
1TIM,-69.5632,-50.5252,original
1TIM,153.1454,8.2801,original
1TIM,-93.5776,149.6512,original
1TIM,-119.535,-13.2415,original
1TIM,-122.195,-174.6608,original
1TIM,-173.8966,124.7823,original
1TIM,-103.142,131.7767,original
1TIM,-143.1299,164.3917,original
1TIM,83.9584,18.5148,original
1TIM,-68.7355,123.0998,original
1TIM,-28.507,-45.1958,original
1TIM,-53.9064,-60.8428,original
1TIM,-53.8288,-49.2973,original
1TIM,-46.5544,-61.2342,original
1TIM,-66.1354,-51.4117,original
1TIM,-80.1362,-37.1863,original
1TIM,-102.4281,-13.2736,original
1TIM,79.1111,4.2333,original
1TIM,-31.1892,159.7206,original
1TIM,-125.4839,168.9442,original
1TIM,-57.8612,-38.9391,original
1TIM,-58.9493,-41.0419,original
1TIM,-65.1863,-56.467,original
1TIM,-45.7375,-55.0666,original
1TIM,-50.532,-56.5741,original
1TIM,-55.5639,-48.7965,original
1TIM,-46.4777,-64.3103,original
1TIM,-41.975,-60.3846,original
1TIM,-49.758,-58.4892,original
1TIM,-52.8792,-55.2302,original
1TIM,-45.2761,-51.296,original
1TIM,-62.3913,-56.687,original
1TIM,-44.832,-42.2287,original
1TIM,-87.4341,16.163,original
1TIM,74.0163,14.5671,original
1TIM,-92.641,136.0389,original
1TIM,-65.6711,138.0809,original
1TIM,-119.4286,140.5458,original
1TIM,-118.4247,103.4158,original
1TIM,-88.562,122.5548,original
1TIM,-99.6289,123.6154,original
1TIM,-118.6341,134.8303,original
1TIM,-152.0912,159.2288,original
1TIM,-124.6604,141.7315,original
1TIM,-119.6607,126.6645,original
1TIM,-4.6378,-74.4829,original
1TIM,-36.93,-48.9887,original
1TIM,-77.3276,-45.4371,original
1TIM,-43.2713,-51.843,original
1TIM,-48.296,-67.987,original
1TIM,-50.9878,-16.7967,original
1TIM,98.8684,20.3357,original
1TIM,-83.304,24.6927,original
1TIM,-50.8693,-55.3966,original
1TIM,-40.2222,-67.8531,original
1TIM,-53.292,-57.0785,original
1TIM,-44.8525,-76.8086,original
1TIM,-50.9536,-53.4518,original
1TIM,-53.268,-51.6362,original
1TIM,-51.9843,-64.3906,original
1TIM,-45.2384,-52.7363,original
1TIM,-53.5234,-38.5136,original
1TIM,-55.6458,-62.5753,original
1TIM,-39.0833,-63.8268,original
1TIM,-43.7761,-72.6316,original
1TIM,-45.59,-54.4973,original
1TIM,-43.0505,-62.3036,original
1TIM,-59.4154,-35.7641,original
1TIM,-27.9142,-172.7029,original
1TIM,174.1439,39.9327,original
1TIM,112.0009,157.6517,original
1TIM,-122.8531,-2.0626,original
1TIM,-54.7864,18.6725,original
1TIM,-156.228,27.7576,original
1TIM,-129.9873,137.3893,original
1TIM,-124.8108,147.2135,original
1TIM,-112.254,119.2873,original
1TIM,-112.4941,120.4899,original
1TIM,-96.4436,116.9455,original
1TIM,-106.3489,123.3294,original
1TIM,-112.2075,107.5073,original
1TIM,-79.3661,-12.9477,original
1TIM,-64.4817,-8.9339,original
1TIM,-137.4501,19.4572,original
1TIM,-106.35,108.405,original
1TIM,46.651,22.3326,original
1TIM,-112.7001,19.4697,original
1TIM,60.5067,141.8503,original
1TIM,124.7226,164.6655,original
1TIM,-120.0285,113.9766,original
1TIM,-90.8421,111.3313,original
1TIM,-94.9648,163.6152,original
1TIM,-42.3079,-43.7934,original
1TIM,-56.1059,-63.2141,original
1TIM,-52.2487,-42.3225,original
1TIM,-55.1899,-68.0656,original
1TIM,-36.8259,-66.7709,original
1TIM,-35.8863,-71.3553,original
1TIM,-57.3352,-43.1314,original
1TIM,-54.6557,-65.4429,original
1TIM,-34.4903,-60.6575,original
1TIM,-51.0998,-54.2892,original
1TIM,-51.7998,-59.8815,original
1TIM,-36.7909,-60.9507,original
1TIM,-53.5315,-49.8259,original
1TIM,-49.2365,-56.6409,original
1TIM,-39.1657,-72.8859,original
1TIM,-38.5471,-67.9186,original
1TIM,-47.4766,-47.5491,original
1TIM,-76.1261,-35.7249,original
1TIM,-96.7224,-55.2379,original
1TIM,143.5044,154.4213,original
1TIM,-48.8198,-64.8998,original
1TIM,-35.881,-65.4674,original
1TIM,-46.9282,-64.7713,original
1TIM,-36.7897,-46.2223,original
1TIM,-69.19,-56.2077,original
1TIM,-74.5526,-36.9778,original
1TIM,-62.7137,131.9619,original
1TIM,-95.8716,141.1682,original
1TIM,-120.8579,118.2594,original
1TIM,-111.9425,153.6684,original
1TIM,-81.5221,128.5891,original
1TIM,-98.8808,24.7884,original
1TIM,-105.0882,-142.9487,original
1TIM,-82.8999,102.6571,original
1TIM,-111.2322,109.5185,original
1TIM,-118.9033,-172.2122,original
1TIM,-77.5798,98.7025,original
1TIM,125.9342,-47.9223,original
1TIM,-61.8925,-58.8314,original
1TIM,-35.1868,-66.4582,original
1TIM,-45.3244,-62.3818,original
1TIM,-39.4007,-48.0798,original
1TIM,-74.9548,-53.6236,original
1TIM,-58.8683,-39.0938,original
1TIM,-44.5167,-9.1226,original
1TIM,-84.8575,147.7366,original
1TIM,-59.3292,-97.0204,original
1TIM,-58.3768,29.4139,original
1TIM,-112.7213,124.4151,original
1TIM,-117.8393,14.1796,original
1TIM,164.7013,-174.923,original
1TIM,-159.1298,162.3663,original
1TIM,-115.3003,108.3936,original
1TIM,-109.6592,141.122,original
1TIM,-126.3736,-129.0341,original
1TIM,-2.1958,-102.9707,original
1TIM,-19.7878,-50.077,original
1TIM,-45.8821,-27.8488,original
1TIM,-57.4953,-18.7048,original
1TIM,-124.9736,171.5656,original
1TIM,-39.3033,-7.2427,original
1TIM,-54.4128,-43.3599,original
1TIM,-45.5532,-64.7907,original
1TIM,-48.7218,-65.0794,original
1TIM,-31.235,-67.8557,original
1TIM,-54.4793,-69.0066,original
1TIM,-30.8106,-53.3918,original
1TIM,-41.1701,-20.1088,original
1TIM,-34.3205,155.4184,original
1TIM,178.1159,167.1267,original
1TIM,-85.6667,94.2562,original
1TIM,140.6228,115.3615,original
1TIM,-123.2259,142.6176,original
1TIM,-38.4613,123.8254,original
1TIM,-110.1049,109.9593,original
1TIM,-111.2675,119.8558,original
1TIM,-120.8658,126.7297,original
1TIM,-99.605,115.1899,original
1TIM,-104.973,102.8599,original
1TIM,-77.0077,-13.7708,original
1TIM,58.3545,-145.5915,original
1TIM,-121.6913,87.2834,original
1TIM,-131.8389,-15.1882,original
1TIM,-39.4329,133.3615,original
1TIM,-148.7738,142.2099,original
1TIM,-50.9914,-61.3135,original
1TIM,-46.4683,-65.0552,original
1TIM,-42.0883,-61.9827,original
1TIM,-48.7088,-57.9159,original
1TIM,-45.3404,-58.9648,original
1TIM,-49.6006,-60.5765,original
1TIM,-41.1605,-63.0124,original
1TIM,-43.3808,-66.7189,original
1TIM,-41.2274,-62.3634,original
1TIM,-43.1054,-58.6931,original
1TIM,-48.6811,-49.697,original
1TIM,-66.2728,-42.253,original
1TIM,-73.989,-15.7505,original
1TIM,-70.4798,159.0153,original
1TIM,-101.1156,109.9387,original
1TIM,-115.4402,147.0286,original
1TIM,-69.681,-178.8114,original
1TIM,-117.7061,-6.5824,original
1TIM,-85.9566,-14.6052,original
1TIM,-100.3719,140.4214,original
1TIM,-112.7233,122.3447,original
1TIM,-114.9911,127.5237,original
1TIM,-140.4268,133.7363,original
1TIM,-130.7565,139.6755,original
1TIM,-124.5393,138.8769,original
1TIM,-148.8294,176.0849,original
1TIM,-24.9588,140.2034,original
1TIM,-52.2356,-44.1823,original
1TIM,-76.7192,3.4327,original
1TIM,-118.5208,-20.0192,original
1TIM,-49.5677,-34.457,original
1TIM,-75.821,-50.2784,original
1TIM,-51.5076,-52.6625,original
1TIM,-40.0462,-64.987,original
1TIM,-55.6644,-51.6558,original
1TIM,-44.4548,-50.8541,original
1TIM,-74.0747,-69.6957,original
1TIM,-43.9645,139.3216,original
1TIM,-52.2924,121.9158,original
1TIM,-28.7246,-25.809,original
1TIM,-87.6977,-9.5463,original
1TIM,-89.4772,126.2768,original
1TIM,-68.3726,147.5533,original
1TIM,-135.574,135.9144,original
1TIM,-131.461,161.2996,original
1TIM,-104.6893,129.1635,original
1TIM,-76.1831,19.5387,original
1TIM,171.4228,155.9354,original
1TIM,-164.5728,156.7009,original
1TIM,-96.1108,149.6599,original
1TIM,-61.2003,18.7258,original
1TIM,-141.9422,147.6357,original
1TIM,-79.4791,-87.8987,original
1TIM,-93.2599,115.9742,original
1TIM,-169.9993,174.3173,original
1TIM,-89.67,78.9747,original
1TIM,-135.9242,66.7875,original
1TIM,-34.79,118.5428,original
1TIM,93.9297,-14.411,original
1TIM,-80.6109,140.8392,original
1TIM,-106.1877,153.0206,original
1TIM,-117.6109,149.5924,original
1TIM,-46.9882,-48.4129,original
1TIM,-51.9358,-61.5913,original
1TIM,-47.8081,-55.6249,original
1TIM,-33.0162,-60.3484,original
1TIM,-60.8471,-53.3242,original
1TIM,-42.6158,-49.7745,original
1TIM,-63.0944,-43.0905,original
1TIM,126.7337,9.8347,original
1TIM,-65.7606,153.0718,original
1TIM,-127.185,-21.1752,original
1TIM,-105.4803,126.4883,original
1TIM,-124.6246,145.466,original
1TIM,-109.7771,121.3739,original
1TIM,-125.0037,137.9115,original
1TIM,68.8111,27.5697,original
1TIM,-53.0475,157.1496,original
1TIM,-55.3902,-54.6105,original
1TIM,-50.9289,-54.593,original
1TIM,-45.0035,-75.767,original
1TIM,-32.9455,-49.4536,original
1TIM,-97.5955,-26.1734,original
1TIM,-103.6996,-1.1827,original
1TIM,-121.4702,-146.7925,original
1TIM,-153.8702,78.3017,original
1TIM,-109.7793,139.9265,original
1TIM,-129.0428,169.1178,original
1TIM,-41.9057,-74.9985,original
1TIM,-37.5656,-52.8419,original
1TIM,-49.456,-68.6178,original
1TIM,-40.5724,-50.3496,original
1TIM,-55.5249,-62.2217,original
1TIM,-42.9062,-49.4744,original
1TIM,-56.3418,-62.3762,original
1TIM,-44.1728,-45.2325,original
1TIM,-56.3844,-64.102,original
1TIM,-48.7099,-44.162,original
1TIM,-61.1315,-51.6852,original
1TIM,-51.9842,-47.3239,original
1TIM,-48.7019,-68.5983,original
1TIM,-57.4294,21.2132,original
1TIM,55.2283,33.3351,original
1TIM,-102.995,158.5538,original
1TIM,-86.797,121.3577,original
1TIM,-94.9754,133.0741,original
1TIM,-116.097,109.432,original
1TIM,-110.8347,130.4038,original
1TIM,-89.8122,128.2358,original
1TIM,-114.882,133.0722,original
1TIM,-137.6986,145.7873,original
1TIM,-125.1179,123.0545,original
1TIM,-103.7749,165.0394,original
1TIM,-39.5868,-65.722,original
1TIM,-45.8307,-60.8578,original
1TIM,-53.9412,-61.9979,original
1TIM,-37.9773,-51.2301,original
1TIM,-54.6801,-71.0792,original
1TIM,-42.4576,-44.2915,original
1TIM,109.5064,22.1179,original
1TIM,-95.9673,-5.5537,original
1TIM,-40.761,-56.4827,original
1TIM,-41.9627,-65.8852,original
1TIM,-38.6937,-66.9374,original
1TIM,-48.5581,-62.3854,original
1TIM,-45.3622,-60.1661,original
1TIM,-51.7867,-53.6808,original
1TIM,-52.6797,-48.2226,original
1TIM,-55.3722,-55.1543,original
1TIM,-50.0134,-50.9698,original
1TIM,-54.8904,-56.2799,original
1TIM,-44.9792,-63.9444,original
1TIM,-36.2952,-73.1487,original
1TIM,-29.9383,-55.6392,original
1TIM,-65.0013,-48.7454,original
1TIM,-57.3853,-52.4424,original
1TIM,-60.1129,178.9411,original
1TIM,177.3141,-34.0368,original
1TIM,-102.5982,75.0773,original
1TIM,-57.6265,-1.3207,original
1TIM,-83.304,-49.6945,original
1TIM,-94.7363,41.6849,original
1TIM,-142.7467,116.0984,original
1TIM,-117.5188,126.6616,original
1TIM,-105.6555,125.0146,original
1TIM,-114.1667,127.7243,original
1TIM,-91.2453,115.6354,original
1TIM,-106.1131,117.8588,original
1TIM,-86.3787,104.4509,original
1TIM,-88.7656,-44.0183,original
1TIM,-40.3516,-2.0613,original
1TIM,-121.4793,52.6254,original
1TIM,-130.9562,115.1073,original
1TIM,27.2291,57.4551,original
1TIM,-126.9284,-5.6444,original
1TIM,69.1016,24.073,original
1TIM,-119.4553,177.7387,original
1TIM,-151.7266,126.4977,original
1TIM,-68.7991,120.6977,original
1TIM,-71.5606,136.0192,original
1TIM,-51.3944,-31.7095,original
1TIM,-58.032,-57.557,original
1TIM,-47.7766,-53.9551,original
1TIM,-56.6893,-55.611,original
1TIM,-46.2854,-54.5618,original
1TIM,-46.4368,-63.1508,original
1TIM,-44.383,-57.5913,original
1TIM,-54.3643,-57.3504,original
1TIM,-51.796,-48.4082,original
1TIM,-60.0515,-49.1649,original
1TIM,-51.2512,-56.436,original
1TIM,-47.8423,-48.5335,original
1TIM,-56.3573,-55.3648,original
1TIM,-48.4587,-51.9359,original
1TIM,-55.2383,-55.4688,original
1TIM,-39.9536,-45.8392,original
1TIM,-61.9774,-66.0345,original
1TIM,-64.3741,-47.4752,original
1TIM,-97.532,-55.1465,original
1TIM,150.5214,167.7312,original
1TIM,-54.3753,-64.7557,original
1TIM,-33.2739,-61.3221,original
1TIM,-45.8722,-72.6782,original
1TIM,-33.6649,-50.9897,original
1TIM,-63.6945,-64.9024,original
1TIM,-58.6479,-44.1865,original
1TIM,-45.9703,121.6045,original
1TIM,-87.6105,119.0016,original
1TIM,-107.8204,124.4965,original
1TIM,-120.8718,152.006,original
1TIM,-78.3829,127.5198,original
1TIM,-108.8299,43.4977,original
1TIM,-119.4282,-160.5331,original
1TIM,-36.8969,-117.884,original
1TIM,99.7629,112.7147,original
1TIM,-147.4573,176.2648,original
1TIM,-51.5518,-36.8255,original
1TIM,-78.6826,-5.5569,original
1TIM,-121.5233,-31.9435,original
1TIM,-34.9835,-81.4799,original
1TIM,-40.657,-60.095,original
1TIM,-42.681,-66.6012,original
1TIM,-47.8092,-61.8279,original
1TIM,-49.2884,-48.284,original
1TIM,-56.2014,-42.1806,original
1TIM,-12.4109,-10.2331,original
1TIM,82.617,-66.0619,original
1TIM,-91.7615,5.4562,original
1TIM,-106.0014,133.3753,original
1TIM,-102.5693,7.5973,original
1TIM,140.4183,-157.1937,original
1TIM,-137.8599,143.1856,original
1TIM,-112.0192,84.9023,original
1TIM,-88.5704,139.8592,original
1TIM,-98.3358,-116.4768,original
1TIM,-19.2939,-67.1571,original
1TIM,-26.7765,-49.9934,original
1TIM,-70.4432,6.9525,original
1TIM,-87.0747,-44.2204,original
1TIM,-121.5464,164.8638,original
1TIM,-34.0565,-18.6359,original
1TIM,-47.8179,-48.7337,original
1TIM,-47.0612,-58.6697,original
1TIM,-58.0003,-51.0751,original
1TIM,-39.2595,-59.9319,original
1TIM,-47.5519,-70.8105,original
1TIM,-35.653,-38.1853,original
1TIM,-110.3979,2.0155,original
1TIM,-107.5743,34.001,original
1TIM,-99.1615,-43.6201,original
synthetic,63.1686,-147.4797,synthetic
synthetic,86.4565,-178.2325,synthetic
synthetic,-85.5751,-1.3115,synthetic
synthetic,4.5577,-86.3117,synthetic
synthetic,62.2986,142.4402,synthetic
synthetic,101.3768,110.6947,synthetic
synthetic,-146.2327,-176.0633,synthetic
synthetic,-98.8877,-172.9625,synthetic
synthetic,-138.7874,142.3778,synthetic
synthetic,-34.526,-75.6958,synthetic
synthetic,140.3394,-156.1958,synthetic
synthetic,-133.3476,-56.499,synthetic
synthetic,-156.5589,-52.0316,synthetic
synthetic,141.747,116.6626,synthetic
synthetic,-12.3981,-10.4839,synthetic
synthetic,-91.3994,163.7072,synthetic
synthetic,142.1486,155.5276,synthetic
synthetic,128.4977,11.3567,synthetic
synthetic,151.9113,-54.6774,synthetic
synthetic,-154.064,-60.4683,synthetic
synthetic,-30.0327,-172.6047,synthetic
synthetic,-120.4796,120.8272,synthetic
synthetic,66.0209,29.9751,synthetic
synthetic,-66.3108,-25.933,synthetic
synthetic,-47.294,-64.0112,synthetic
synthetic,79.6884,159.1199,synthetic
synthetic,57.0488,45.7073,synthetic
synthetic,-120.3963,-173.5471,synthetic
synthetic,122.3327,129.9772,synthetic
synthetic,-137.6781,31.5607,synthetic
synthetic,48.8206,47.8331,synthetic
synthetic,166.1536,-173.8676,synthetic
synthetic,-152.1083,175.0127,synthetic
synthetic,122.0079,127.5025,synthetic
synthetic,101.6568,110.3398,synthetic
synthetic,84.1715,-65.4713,synthetic
synthetic,26.7015,59.1305,synthetic
synthetic,-124.3667,-50.7031,synthetic
synthetic,-147.1298,-174.0462,synthetic
synthetic,-103.7183,-172.4267,synthetic
synthetic,79.9116,158.0243,synthetic
synthetic,-61.5599,-43.1635,synthetic
synthetic,-141.1574,-76.544,synthetic
synthetic,-169.1187,-178.8053,synthetic
synthetic,-123.2243,-1.6107,synthetic
synthetic,-11.3367,122.2844,synthetic
synthetic,-109.978,114.1137,synthetic
synthetic,-45.789,-174.767,synthetic
synthetic,-55.1498,-53.1491,synthetic
synthetic,164.5262,-174.6309,synthetic
synthetic,-126.7052,137.7274,synthetic
synthetic,-71.2589,158.0048,synthetic
synthetic,43.9673,49.3129,synthetic
synthetic,81.3266,157.2392,synthetic
synthetic,-100.4117,-169.2603,synthetic
synthetic,-164.9028,-176.8386,synthetic
synthetic,136.3516,116.7846,synthetic
synthetic,98.8978,111.7345,synthetic
synthetic,-136.8334,18.7884,synthetic
synthetic,-64.3099,-27.5479,synthetic
synthetic,178.1634,-32.2215,synthetic
synthetic,-124.1713,2.6055,synthetic
synthetic,155.8114,-54.3835,synthetic
synthetic,176.6083,167.5958,synthetic
synthetic,-133.994,75.969,synthetic
synthetic,67.8011,-9.4027,synthetic
synthetic,-124.1346,-51.9821,synthetic
synthetic,-117.4501,-14.946,synthetic
synthetic,146.7661,155.1247,synthetic
synthetic,2.7887,-80.8575,synthetic
synthetic,-100.8507,-169.8426,synthetic
synthetic,86.5046,-173.8285,synthetic
synthetic,-161.2456,175.4108,synthetic
synthetic,-104.1204,-4.989,synthetic
synthetic,83.5002,-67.4724,synthetic
synthetic,-132.9315,-15.7157,synthetic
synthetic,60.045,56.2739,synthetic
synthetic,-178.6936,166.9592,synthetic
synthetic,-140.4351,141.4021,synthetic
synthetic,-20.086,-64.9795,synthetic
synthetic,81.7886,-162.0211,synthetic
synthetic,-140.8142,-86.9768,synthetic
synthetic,66.8039,21.0649,synthetic
synthetic,120.5038,127.0921,synthetic
synthetic,62.1978,145.8183,synthetic
synthetic,-160.7092,-52.1153,synthetic
synthetic,152.1231,168.3448,synthetic
synthetic,-69.0436,154.528,synthetic
synthetic,-104.7336,130.1298,synthetic
synthetic,-82.5549,-5.4455,synthetic
synthetic,55.7323,60.8327,synthetic
synthetic,78.0952,154.9823,synthetic
synthetic,-155.6652,-55.6489,synthetic
synthetic,120.6456,123.9918,synthetic
synthetic,127.7059,166.3526,synthetic
synthetic,-127.8921,170.0412,synthetic
synthetic,77.9915,17.101,synthetic
synthetic,-69.5697,178.1249,synthetic
synthetic,74.5751,10.8949,synthetic
synthetic,174.7725,41.021,synthetic
synthetic,126.0014,9.2752,synthetic
synthetic,101.7178,19.3398,synthetic
synthetic,-35.1067,159.1884,synthetic
synthetic,-32.3808,-174.1973,synthetic
synthetic,113.9062,158.1444,synthetic
synthetic,-106.3596,125.365,synthetic
synthetic,-155.9772,-60.5083,synthetic
synthetic,121.5316,161.4125,synthetic
synthetic,157.3964,-54.5746,synthetic
synthetic,-117.2267,-20.2456,synthetic
synthetic,174.8533,-36.3715,synthetic
synthetic,-165.3725,78.9038,synthetic
synthetic,1.1744,-83.5015,synthetic
synthetic,-94.9965,-54.4559,synthetic
synthetic,-123.431,133.4422,synthetic
synthetic,-154.4596,75.1414,synthetic
synthetic,-121.9733,118.6012,synthetic
synthetic,-82.6182,130.811,synthetic
synthetic,65.8056,-147.8178,synthetic
synthetic,153.6537,5.8825,synthetic
synthetic,-84.1409,158.0656,synthetic
synthetic,-138.4924,154.9108,synthetic
synthetic,152.6253,166.9067,synthetic
synthetic,-158.4291,38.4593,synthetic
synthetic,58.0351,42.9774,synthetic
synthetic,-112.3503,157.9671,synthetic
synthetic,-163.5892,-175.1055,synthetic
synthetic,155.2034,7.573,synthetic
synthetic,-169.0439,-178.8871,synthetic
synthetic,-80.2939,-9.7175,synthetic
synthetic,-121.7585,1.4758,synthetic
synthetic,-169.1392,177.3212,synthetic
synthetic,-44.8751,-169.8588,synthetic
synthetic,-162.3357,163.2224,synthetic
synthetic,-106.9252,103.3438,synthetic
synthetic,-69.8237,-177.6111,synthetic
synthetic,-110.4736,151.9515,synthetic
synthetic,-98.4983,126.3237,synthetic
synthetic,-67.7982,-25.4261,synthetic
synthetic,124.933,126.7575,synthetic
synthetic,-97.9128,-175.019,synthetic
synthetic,-86.6883,131.4511,synthetic
synthetic,83.6983,-61.9567,synthetic
synthetic,83.5441,-67.6297,synthetic
synthetic,80.5208,-135.3893,synthetic
synthetic,-142.5241,32.555,synthetic
synthetic,-127.9546,-130.6528,synthetic
synthetic,-154.1099,77.7119,synthetic
synthetic,-64.956,137.9767,synthetic
synthetic,0.5388,-83.8386,synthetic
synthetic,-71.4567,-52.1978,synthetic
synthetic,67.0592,29.4462,synthetic
synthetic,82.7549,159.5231,synthetic
synthetic,-66.9015,-176.3479,synthetic
synthetic,156.5719,-55.8797,synthetic
synthetic,-65.4467,-51.0207,synthetic
synthetic,-129.5325,165.1961,synthetic
synthetic,-101.8041,-173.997,synthetic
synthetic,142.0295,-152.9951,synthetic
synthetic,-86.5462,-31.3944,synthetic
synthetic,159.7576,-53.2652,synthetic
synthetic,156.2891,10.4825,synthetic
synthetic,176.695,151.4878,synthetic
synthetic,-117.1238,-174.0027,synthetic
synthetic,-123.0345,-4.4129,synthetic
synthetic,153.1998,-54.032,synthetic
synthetic,140.2167,-161.5554,synthetic
synthetic,-179.7197,-34.1072,synthetic
synthetic,-138.7201,157.127,synthetic
synthetic,174.2686,166.1272,synthetic
synthetic,-125.6209,-130.7445,synthetic
synthetic,-58.54,118.3555,synthetic
synthetic,-168.0067,-177.7321,synthetic
synthetic,64.0459,141.8092,synthetic
synthetic,-161.9375,-176.6323,synthetic
synthetic,87.9641,-163.0409,synthetic
synthetic,79.9371,30.1543,synthetic
synthetic,173.8046,43.9812,synthetic
synthetic,61.5012,-145.0763,synthetic
synthetic,83.3172,-177.6639,synthetic
synthetic,-97.3808,-11.2454,synthetic
synthetic,147.6959,155.1657,synthetic
synthetic,-48.0759,156.0675,synthetic
synthetic,163.5175,-174.6246,synthetic
synthetic,60.5228,-149.1917,synthetic
synthetic,-73.5036,15.1191,synthetic
synthetic,79.5046,-129.9196,synthetic
synthetic,79.6944,155.0218,synthetic
synthetic,159.0522,-171.9682,synthetic
synthetic,124.6554,7.6931,synthetic
synthetic,-145.1118,24.9856,synthetic
synthetic,173.418,41.0893,synthetic
synthetic,-128.6012,-54.4694,synthetic
synthetic,-78.5645,-13.1425,synthetic
synthetic,-66.6747,-76.5409,synthetic
synthetic,-151.9172,35.7345,synthetic
synthetic,144.0608,154.9806,synthetic
synthetic,-82.9886,100.623,synthetic
synthetic,-31.7732,-171.5299,synthetic
synthetic,164.2192,-172.5755,synthetic
synthetic,-127.0389,-49.2935,synthetic
synthetic,170.4288,156.3938,synthetic
synthetic,-0.7892,-103.1082,synthetic
synthetic,160.7334,-57.3504,synthetic
synthetic,65.8934,-150.803,synthetic
synthetic,-165.2335,-171.5244,synthetic
synthetic,86.8733,-173.1987,synthetic
synthetic,-163.5538,-171.619,synthetic
synthetic,123.3209,-45.8422,synthetic
synthetic,-123.8289,52.1606,synthetic
synthetic,84.1584,-65.3388,synthetic
synthetic,-44.22,-172.2989,synthetic
synthetic,-72.1918,136.6216,synthetic
synthetic,-32.2773,-174.7198,synthetic
synthetic,-59.8333,19.6604,synthetic
synthetic,-91.9167,-118.9817,synthetic
synthetic,-162.7259,-172.2201,synthetic
synthetic,177.0581,167.2663,synthetic
synthetic,74.9049,-3.6483,synthetic
synthetic,-124.5077,-51.0609,synthetic
synthetic,-68.0129,-47.3454,synthetic
synthetic,-144.6412,136.0156,synthetic
synthetic,-28.7943,-171.3964,synthetic
synthetic,72.2478,2.3407,synthetic
synthetic,-88.8804,-125.861,synthetic
synthetic,130.6027,-47.9981,synthetic
synthetic,59.5521,141.3451,synthetic
synthetic,110.5067,156.0173,synthetic
synthetic,108.7299,9.1836,synthetic
synthetic,-68.6354,7.2078,synthetic
synthetic,-45.5268,-177.7649,synthetic
synthetic,177.1688,152.6776,synthetic
synthetic,152.2284,6.6625,synthetic
synthetic,60.2721,23.5979,synthetic
synthetic,173.9432,41.105,synthetic
synthetic,-101.2863,21.339,synthetic
synthetic,-116.6492,70.4829,synthetic
synthetic,-143.9796,-79.782,synthetic
synthetic,-62.325,-55.6665,synthetic
synthetic,-150.0095,78.0828,synthetic
synthetic,67.9452,138.6295,synthetic
synthetic,125.3077,8.3186,synthetic
synthetic,-161.3843,74.2605,synthetic
synthetic,-71.1453,122.3192,synthetic
synthetic,58.3693,-148.2532,synthetic
synthetic,82.412,-67.3728,synthetic
synthetic,-162.3732,-176.4827,synthetic
synthetic,-48.0612,120.485,synthetic
synthetic,77.6817,-133.4364,synthetic
synthetic,-30.7269,-173.2666,synthetic
synthetic,-117.9176,-15.434,synthetic
synthetic,172.8631,-179.0967,synthetic
synthetic,-64.5966,147.8889,synthetic
synthetic,82.5639,-158.0991,synthetic
synthetic,139.8982,109.4092,synthetic
synthetic,-61.7439,-43.5488,synthetic
synthetic,142.2527,115.3751,synthetic
synthetic,-57.191,-56.2929,synthetic
synthetic,-72.0519,-67.534,synthetic
synthetic,-146.4366,178.164,synthetic
synthetic,53.5852,50.0184,synthetic
synthetic,-96.3789,70.6758,synthetic
synthetic,-144.5346,-173.8116,synthetic
synthetic,-24.6316,120.7633,synthetic
synthetic,-99.7372,-170.6207,synthetic
synthetic,-93.7449,45.0405,synthetic
synthetic,-151.2081,146.2388,synthetic
synthetic,-169.9556,179.5503,synthetic
synthetic,178.5296,-33.7687,synthetic
synthetic,-143.5126,-88.7305,synthetic
synthetic,179.5917,167.3893,synthetic
synthetic,-102.7867,99.8088,synthetic
synthetic,-88.9288,-117.8341,synthetic
synthetic,-48.2982,-176.0524,synthetic
synthetic,-90.0245,-120.446,synthetic
synthetic,-99.0608,-1.9025,synthetic
synthetic,-101.9899,72.4509,synthetic
synthetic,-46.0404,-167.526,synthetic
synthetic,-85.7847,101.9583,synthetic
synthetic,151.6246,-54.747,synthetic
synthetic,-119.9284,130.4974,synthetic
synthetic,-164.749,-177.2032,synthetic
synthetic,-38.9795,134.3125,synthetic
synthetic,49.8675,49.5769,synthetic
synthetic,-120.1523,127.8849,synthetic
synthetic,61.1968,142.0052,synthetic
synthetic,106.5945,-9.6435,synthetic
synthetic,-145.12,24.9448,synthetic
synthetic,-109.3643,103.0864,synthetic
synthetic,74.7223,3.8941,synthetic
synthetic,-124.6995,0.9893,synthetic
synthetic,107.8785,10.2831,synthetic
synthetic,-120.2816,33.0255,synthetic
synthetic,-78.0246,122.9942,synthetic
synthetic,-96.6793,46.3809,synthetic
synthetic,141.4872,-161.3854,synthetic
synthetic,110.6676,21.5404,synthetic
synthetic,82.8236,-67.002,synthetic
synthetic,176.7103,148.9062,synthetic
synthetic,-165.1838,179.0366,synthetic
synthetic,-77.3996,-21.0669,synthetic
synthetic,62.9996,146.7911,synthetic
synthetic,-72.5204,-19.048,synthetic
synthetic,158.0085,-49.8908,synthetic
synthetic,-96.1732,-178.1665,synthetic
synthetic,162.6152,-167.5388,synthetic
synthetic,-99.5078,10.2552,synthetic
synthetic,140.9029,107.8147,synthetic
synthetic,-160.6145,-173.8629,synthetic
synthetic,-42.7368,-179.0314,synthetic
synthetic,85.8464,30.5298,synthetic
synthetic,-52.926,143.7722,synthetic
synthetic,-31.6497,-60.5558,synthetic
synthetic,-41.2928,-53.8603,synthetic
synthetic,-164.6099,172.9901,synthetic
synthetic,-26.5488,139.0822,synthetic
synthetic,-165.7649,-172.0658,synthetic
synthetic,174.5227,-178.675,synthetic
synthetic,-160.0871,-54.1645,synthetic
synthetic,177.8206,40.1658,synthetic
synthetic,-144.6731,169.9793,synthetic
synthetic,-42.2376,141.4203,synthetic
synthetic,-36.1905,125.4519,synthetic
synthetic,149.2146,13.7649,synthetic
synthetic,-91.7752,-126.0426,synthetic
synthetic,140.544,113.1125,synthetic
synthetic,82.924,-69.5598,synthetic
synthetic,-130.0924,-128.6998,synthetic
synthetic,173.3322,-177.094,synthetic
synthetic,100.8077,17.9655,synthetic
synthetic,-157.5477,71.5265,synthetic
synthetic,83.388,-66.1761,synthetic
synthetic,-46.937,-171.131,synthetic
synthetic,120.4373,162.234,synthetic
synthetic,152.0102,155.0335,synthetic
synthetic,-138.1759,69.5346,synthetic
synthetic,84.2107,-60.8208,synthetic
synthetic,108.688,8.3556,synthetic
synthetic,156.1359,-51.1212,synthetic
synthetic,-27.2913,-171.3937,synthetic
synthetic,-103.2087,168.8166,synthetic
synthetic,50.0745,52.3839,synthetic
synthetic,103.3829,107.8106,synthetic
synthetic,-65.9282,-56.2466,synthetic
synthetic,61.6958,21.7403,synthetic
synthetic,109.7386,156.6554,synthetic
synthetic,-112.6261,118.4606,synthetic
synthetic,-1.0996,-82.096,synthetic
synthetic,-84.8858,1.4293,synthetic
synthetic,27.5265,59.5473,synthetic
synthetic,-155.8978,168.5217,synthetic
synthetic,155.5618,7.8164,synthetic
synthetic,155.7395,11.8985,synthetic
synthetic,-94.6618,156.0138,synthetic
synthetic,-99.6182,135.3013,synthetic
synthetic,-43.1347,-175.6867,synthetic
synthetic,155.7395,-53.4756,synthetic
synthetic,83.2835,-156.5385,synthetic
synthetic,46.368,48.4784,synthetic
synthetic,-65.8103,-47.1555,synthetic
synthetic,-164.9162,-178.4424,synthetic
synthetic,65.249,-153.1063,synthetic
synthetic,68.7461,127.7762,synthetic
synthetic,-131.3272,-57.4853,synthetic
synthetic,56.7758,48.9371,synthetic
synthetic,71.6429,21.4529,synthetic
synthetic,179.7782,42.0224,synthetic
synthetic,125.7501,-48.3197,synthetic
synthetic,-93.1674,46.942,synthetic
synthetic,82.4846,-129.348,synthetic
synthetic,129.5943,166.3406,synthetic
synthetic,-118.8903,125.9119,synthetic
synthetic,-62.3737,-43.1588,synthetic
synthetic,-121.8124,-144.9164,synthetic
synthetic,-94.5292,167.8763,synthetic
synthetic,155.5671,-52.7608,synthetic
synthetic,-164.6428,-173.59,synthetic
synthetic,-50.2686,-46.9229,synthetic
synthetic,-33.6762,77.064,synthetic
synthetic,-114.8971,68.8598,synthetic
synthetic,172.892,-35.5626,synthetic
synthetic,-81.448,24.7012,synthetic
synthetic,82.7624,-66.5629,synthetic
synthetic,79.0932,-136.3917,synthetic
synthetic,-9.8643,120.6645,synthetic
synthetic,-11.586,-9.5261,synthetic
synthetic,-30.4425,-170.7071,synthetic
synthetic,53.623,52.7378,synthetic
synthetic,-153.5128,-54.4422,synthetic
synthetic,-139.4267,160.2608,synthetic
synthetic,118.5377,125.6952,synthetic
synthetic,141.13,115.6209,synthetic
synthetic,-141.9834,-87.5025,synthetic
synthetic,-64.7046,-11.4931,synthetic
synthetic,173.8111,47.4604,synthetic
synthetic,-160.0749,-173.9808,synthetic
synthetic,83.3489,-176.3362,synthetic
synthetic,167.8602,-179.3535,synthetic
synthetic,106.4751,13.6529,synthetic
synthetic,153.853,168.953,synthetic
synthetic,-163.5569,80.5487,synthetic
synthetic,-97.7179,-171.3805,synthetic
synthetic,151.3847,5.6758,synthetic
synthetic,-157.742,76.3519,synthetic
synthetic,97.9672,111.4671,synthetic
synthetic,-93.8283,142.6192,synthetic
synthetic,-161.1168,-172.4927,synthetic
synthetic,156.6422,-56.0708,synthetic
synthetic,-57.3911,-35.9067,synthetic
synthetic,80.9939,157.7112,synthetic
synthetic,-143.4315,-82.5766,synthetic
synthetic,3.0078,-83.8145,synthetic
synthetic,-55.4497,22.5056,synthetic
synthetic,154.6711,-54.9596,synthetic
synthetic,-31.6661,-59.2287,synthetic
synthetic,-158.2025,-52.2705,synthetic
synthetic,-164.4501,-178.198,synthetic
synthetic,-116.4685,144.0541,synthetic
synthetic,-159.2686,73.635,synthetic
synthetic,61.6284,23.2016,synthetic
synthetic,104.9257,-8.0283,synthetic
synthetic,80.3783,154.1669,synthetic
synthetic,166.721,-172.7977,synthetic
synthetic,79.1801,154.0138,synthetic
synthetic,-53.2391,146.4285,synthetic
synthetic,134.0795,-48.5568,synthetic
synthetic,-141.1691,-83.9358,synthetic
synthetic,-103.1618,137.9323,synthetic
synthetic,-142.4024,-75.1368,synthetic
synthetic,63.2668,138.6683,synthetic
synthetic,-52.8409,-54.6618,synthetic
synthetic,-127.378,-55.4798,synthetic
synthetic,-152.3215,34.358,synthetic
synthetic,-27.5335,-172.9109,synthetic
synthetic,173.9452,43.9133,synthetic
synthetic,-84.8588,122.9228,synthetic
synthetic,129.5248,7.8869,synthetic
synthetic,87.4249,-179.1656,synthetic
synthetic,80.3328,153.7243,synthetic
synthetic,-134.6302,22.5434,synthetic
synthetic,-31.1643,-170.1018,synthetic
synthetic,162.687,-55.7144,synthetic
synthetic,-29.8166,-175.9423,synthetic
synthetic,-71.1803,6.0791,synthetic
synthetic,-142.3975,-91.6622,synthetic
synthetic,-153.5158,-55.0896,synthetic
synthetic,141.0526,-164.5142,synthetic
synthetic,-71.0084,-82.1743,synthetic
synthetic,101.5711,21.6175,synthetic
synthetic,-32.0146,76.2737,synthetic
synthetic,131.2341,168.522,synthetic
synthetic,122.2563,163.7512,synthetic
synthetic,157.5281,-49.7952,synthetic
synthetic,54.9793,58.5584,synthetic
synthetic,-101.3847,14.4186,synthetic
synthetic,-132.9387,159.2302,synthetic
synthetic,127.3248,-48.9879,synthetic
synthetic,173.0837,45.7984,synthetic
synthetic,-167.77,76.8471,synthetic
synthetic,65.9053,-147.9611,synthetic
synthetic,137.9018,108.5312,synthetic
synthetic,-129.5775,-129.842,synthetic
synthetic,-168.6887,-176.6601,synthetic
synthetic,-141.0855,132.7945,synthetic
synthetic,-47.0152,-67.7022,synthetic
synthetic,58.8508,38.9523,synthetic
synthetic,-96.2644,92.5473,synthetic
synthetic,-60.4227,179.5295,synthetic
synthetic,162.552,-167.2249,synthetic
synthetic,-154.1746,-52.8727,synthetic
synthetic,-164.822,-171.803,synthetic
synthetic,-142.9547,-77.7371,synthetic
synthetic,79.7174,-69.7687,synthetic
synthetic,-121.3374,49.7985,synthetic
synthetic,63.5312,22.8441,synthetic
synthetic,-29.8428,-172.0005,synthetic
synthetic,81.942,158.5847,synthetic
synthetic,81.1784,-0.1362,synthetic
synthetic,-79.1238,132.0527,synthetic
synthetic,-156.4513,-51.754,synthetic
synthetic,170.8702,167.7801,synthetic
synthetic,54.3057,62.2878,synthetic
synthetic,-75.3277,124.899,synthetic
synthetic,-93.0453,42.5388,synthetic
synthetic,-122.5016,-174.9094,synthetic
synthetic,160.6382,-53.367,synthetic
synthetic,-26.1644,-169.8119,synthetic
synthetic,101.8876,114.3659,synthetic
synthetic,-178.8168,-31.5017,synthetic
synthetic,178.2913,-32.3302,synthetic
synthetic,-178.4215,-35.9987,synthetic
synthetic,-179.5358,157.201,synthetic
synthetic,82.6493,-163.1598,synthetic
synthetic,-100.3764,-173.033,synthetic
synthetic,81.5599,-133.7662,synthetic
synthetic,51.846,52.2885,synthetic
synthetic,84.5945,-64.1388,synthetic
synthetic,65.7711,149.515,synthetic
synthetic,84.7835,-65.9874,synthetic
synthetic,111.5579,-73.7637,synthetic
synthetic,176.8091,-175.5432,synthetic
synthetic,52.6603,51.1737,synthetic
synthetic,136.6788,-158.9877,synthetic
synthetic,-135.043,120.5081,synthetic
synthetic,-162.3536,-171.365,synthetic
synthetic,-162.7126,-171.657,synthetic
synthetic,108.3204,157.8193,synthetic
synthetic,82.6668,-68.3021,synthetic
synthetic,-13.1088,-8.1989,synthetic
synthetic,-62.7225,-44.268,synthetic
synthetic,-85.2885,-119.3033,synthetic
synthetic,-117.4226,131.9272,synthetic
synthetic,150.7323,-53.4907,synthetic
synthetic,176.787,150.1433,synthetic
synthetic,-88.8146,64.9202,synthetic
synthetic,-25.3949,134.5675,synthetic
synthetic,-143.7777,26.715,synthetic
synthetic,65.6939,-152.4894,synthetic
synthetic,-35.7858,127.0946,synthetic
synthetic,-95.8197,48.1487,synthetic
synthetic,143.6965,117.0937,synthetic
synthetic,-172.0851,175.7765,synthetic
synthetic,156.06,-54.4454,synthetic
synthetic,148.4699,162.9353,synthetic
synthetic,-177.0017,-33.9231,synthetic
synthetic,-53.3627,-36.9464,synthetic
synthetic,-134.4619,71.4279,synthetic
synthetic,167.6023,-175.2402,synthetic
synthetic,57.3393,-146.406,synthetic
synthetic,-57.9964,-61.1592,synthetic
synthetic,-98.2515,-169.9944,synthetic
synthetic,170.5194,-179.4998,synthetic
synthetic,172.9967,-36.8086,synthetic
synthetic,169.4321,-177.0486,synthetic
synthetic,-172.977,-177.7448,synthetic
synthetic,-112.7925,-176.3294,synthetic
synthetic,-135.6184,74.0123,synthetic
synthetic,150.335,-56.9532,synthetic
synthetic,83.4449,-61.0837,synthetic
synthetic,-167.4927,-177.0365,synthetic
synthetic,-133.0205,169.447,synthetic
synthetic,177.8315,41.4291,synthetic
synthetic,-82.7413,52.77,synthetic
synthetic,-157.5223,-51.8973,synthetic
synthetic,-117.0316,147.8703,synthetic
synthetic,-45.3236,-175.9811,synthetic
synthetic,176.5547,45.9997,synthetic
synthetic,-143.2586,168.9326,synthetic
synthetic,87.5131,-172.4249,synthetic
synthetic,-29.5947,-172.5398,synthetic
synthetic,65.1556,20.296,synthetic
synthetic,164.9383,-172.2119,synthetic
synthetic,82.354,-132.6899,synthetic
synthetic,-62.9207,-38.4442,synthetic
synthetic,-24.3481,120.8779,synthetic
synthetic,-73.727,-32.8786,synthetic
synthetic,80.6022,160.3181,synthetic
synthetic,78.3951,-132.0688,synthetic
synthetic,-45.4495,123.7209,synthetic
synthetic,118.4344,-75.1041,synthetic
synthetic,-119.2165,123.6464,synthetic
synthetic,-94.1264,-123.1694,synthetic
synthetic,-100.8911,159.6761,synthetic
synthetic,-164.7887,164.6147,synthetic
synthetic,-119.438,-176.3185,synthetic
synthetic,-86.3432,90.0597,synthetic
synthetic,-98.7285,-174.8472,synthetic
synthetic,-119.3144,149.6155,synthetic
synthetic,-46.6952,-53.8723,synthetic
synthetic,-88.713,150.2985,synthetic
synthetic,-46.789,-164.0983,synthetic
synthetic,-33.7902,78.2097,synthetic
synthetic,107.895,-12.889,synthetic
synthetic,156.4717,10.8143,synthetic
synthetic,-161.6858,-177.5262,synthetic
synthetic,117.5067,-77.8571,synthetic
synthetic,80.4821,-68.3608,synthetic
synthetic,66.4546,-150.4405,synthetic
synthetic,-158.9787,-52.5631,synthetic
synthetic,139.7268,153.9062,synthetic
synthetic,77.6691,160.6034,synthetic
synthetic,3.9485,-83.9263,synthetic
synthetic,157.0049,9.5713,synthetic
synthetic,172.3363,37.684,synthetic
synthetic,172.347,46.8398,synthetic
synthetic,167.7163,-175.8069,synthetic
synthetic,173.1937,48.4623,synthetic
synthetic,-64.4808,-52.287,synthetic
synthetic,142.5445,117.2312,synthetic
synthetic,82.6683,-179.498,synthetic
synthetic,-113.4429,118.6471,synthetic
synthetic,-99.9925,25.0481,synthetic
synthetic,76.7794,4.312,synthetic
synthetic,-55.4686,130.9063,synthetic
synthetic,-101.2852,111.573,synthetic
synthetic,-88.2673,-115.373,synthetic
synthetic,-106.686,32.7846,synthetic
synthetic,-100.7022,67.1126,synthetic
synthetic,172.3259,41.4406,synthetic
synthetic,-69.2482,166.4638,synthetic
synthetic,145.0667,154.7662,synthetic
synthetic,-85.8342,132.3812,synthetic
synthetic,68.0485,-146.0773,synthetic
synthetic,-157.7639,-56.625,synthetic
synthetic,136.4002,114.021,synthetic
synthetic,-121.8872,-8.7667,synthetic
synthetic,145.4515,-152.3205,synthetic
synthetic,122.7093,6.5767,synthetic
synthetic,-29.2762,-172.3821,synthetic
synthetic,-65.6886,169.5143,synthetic
synthetic,87.6206,-178.1406,synthetic
synthetic,-41.9046,-178.6823,synthetic
synthetic,-127.6207,0.6616,synthetic
synthetic,-95.4415,-173.0735,synthetic
synthetic,-90.857,8.883,synthetic
synthetic,168.2356,159.2374,synthetic
synthetic,-37.8318,73.0984,synthetic
synthetic,134.9425,167.7046,synthetic
synthetic,161.0098,-53.4469,synthetic
synthetic,-177.5839,-32.8633,synthetic
synthetic,58.0563,57.5075,synthetic
synthetic,82.7459,-177.8729,synthetic
synthetic,150.7569,-54.3879,synthetic
synthetic,148.2005,-51.0402,synthetic
synthetic,-102.7632,-11.867,synthetic
synthetic,-109.863,103.2587,synthetic
synthetic,-118.7525,-144.0093,synthetic
synthetic,-176.4011,163.655,synthetic
synthetic,-32.1094,77.2114,synthetic
synthetic,144.8564,-158.6616,synthetic
synthetic,168.7542,-178.1467,synthetic
synthetic,-152.1062,35.4516,synthetic
synthetic,-86.5885,55.1229,synthetic
synthetic,77.5942,5.767,synthetic
synthetic,-9.0829,-12.0435,synthetic
synthetic,154.1297,5.8045,synthetic
synthetic,-15.0989,-5.2345,synthetic
synthetic,-137.2406,-51.4615,synthetic
synthetic,53.9495,56.6708,synthetic
synthetic,156.9823,-57.1387,synthetic
synthetic,173.0609,-173.5014,synthetic
synthetic,64.4552,151.4498,synthetic
synthetic,-118.665,33.0737,synthetic
synthetic,-91.7406,-127.3204,synthetic
synthetic,-57.2279,-34.5977,synthetic
synthetic,175.1646,38.2055,synthetic
synthetic,79.6091,-131.6917,synthetic
synthetic,-142.7885,150.4371,synthetic
synthetic,171.5132,43.6444,synthetic
synthetic,-94.6913,155.55,synthetic
synthetic,141.6627,-158.7953,synthetic
synthetic,-159.923,-176.2886,synthetic
synthetic,-106.5072,24.6422,synthetic
synthetic,-84.6266,-121.1923,synthetic
synthetic,-78.4211,-39.5167,synthetic
synthetic,-155.3325,36.2839,synthetic
synthetic,102.9734,-11.7845,synthetic
synthetic,-92.3688,-122.1189,synthetic
synthetic,149.8257,153.4938,synthetic
synthetic,-140.5291,132.3691,synthetic
synthetic,-178.7483,41.5349,synthetic
synthetic,-122.4392,147.9944,synthetic
synthetic,-97.2289,148.3306,synthetic
synthetic,83.3132,-1.7234,synthetic
synthetic,-26.0302,-169.5326,synthetic
synthetic,-92.1292,-115.8061,synthetic
synthetic,-65.902,142.8453,synthetic
synthetic,118.9817,124.8388,synthetic
synthetic,151.9217,-53.2394,synthetic
synthetic,124.5994,9.1093,synthetic
synthetic,175.6136,153.5006,synthetic
synthetic,176.7711,179.7404,synthetic
synthetic,127.8974,-46.7698,synthetic
synthetic,-33.693,76.7385,synthetic
synthetic,52.2803,66.4436,synthetic
synthetic,177.5799,-33.4012,synthetic
synthetic,-135.4472,77.9386,synthetic
synthetic,-44.6557,-162.7175,synthetic
synthetic,-142.6342,168.5267,synthetic
synthetic,47.9621,52.2641,synthetic
synthetic,-113.0043,140.9176,synthetic
synthetic,-179.0308,163.8385,synthetic
synthetic,-30.5069,158.541,synthetic
synthetic,-177.7047,169.1892,synthetic
synthetic,-123.9652,-130.7545,synthetic
synthetic,169.1269,-175.94,synthetic
synthetic,175.3112,37.0383,synthetic
synthetic,110.5424,-72.8377,synthetic
synthetic,140.6473,116.559,synthetic
synthetic,-25.9764,-171.6403,synthetic
synthetic,161.4839,-169.7441,synthetic
synthetic,-159.8386,-51.4235,synthetic
synthetic,164.0174,-57.1259,synthetic
synthetic,122.5466,-78.0468,synthetic
synthetic,178.6467,-31.442,synthetic
synthetic,163.6686,-173.7363,synthetic
synthetic,125.142,9.0683,synthetic
synthetic,-152.3694,-62.0655,synthetic
synthetic,-121.4392,154.2113,synthetic
synthetic,-29.3589,-175.6718,synthetic
synthetic,85.7394,-156.9691,synthetic
synthetic,60.8634,142.6544,synthetic
synthetic,-159.3057,-174.2062,synthetic
synthetic,-178.1348,167.4747,synthetic
synthetic,115.3056,-76.5724,synthetic
synthetic,-157.2366,73.9253,synthetic
synthetic,84.7234,178.8179,synthetic
synthetic,100.9884,108.3002,synthetic
synthetic,-164.4978,162.641,synthetic
synthetic,105.7447,105.4145,synthetic
synthetic,-105.3769,170.0514,synthetic
synthetic,170.8522,161.8268,synthetic
synthetic,-10.6009,121.6744,synthetic
synthetic,-163.7572,-175.9011,synthetic
synthetic,172.2313,38.9899,synthetic
synthetic,-164.7324,-173.6845,synthetic
synthetic,86.1796,176.6578,synthetic
synthetic,56.161,52.1482,synthetic
synthetic,66.7485,126.0621,synthetic
synthetic,-39.0386,132.0592,synthetic
synthetic,84.4106,-163.6474,synthetic
synthetic,-156.6549,153.6796,synthetic
synthetic,144.483,-162.0354,synthetic
synthetic,-105.0356,153.2999,synthetic
synthetic,79.8698,-69.7919,synthetic
synthetic,101.6785,115.5375,synthetic
synthetic,170.7029,37.9897,synthetic
synthetic,-165.365,-175.2582,synthetic
synthetic,-103.4991,101.0233,synthetic
synthetic,85.3748,-65.6031,synthetic
synthetic,141.9462,109.7111,synthetic
synthetic,175.5085,48.7687,synthetic
synthetic,79.0219,-138.8693,synthetic
synthetic,-160.7678,-49.2928,synthetic
synthetic,-98.9346,-170.17,synthetic
synthetic,-171.1463,157.7829,synthetic
synthetic,-64.9715,151.0876,synthetic
synthetic,-102.6138,-173.7941,synthetic
synthetic,156.0867,-54.4353,synthetic
synthetic,-42.7011,-9.8016,synthetic
synthetic,152.043,-54.1319,synthetic
synthetic,89.2984,-175.7877,synthetic
synthetic,-141.7459,-85.0876,synthetic
synthetic,-130.863,-56.8259,synthetic
synthetic,-145.4264,-174.6864,synthetic
synthetic,63.2707,-146.3206,synthetic
synthetic,109.6334,7.5931,synthetic
synthetic,-63.965,148.7844,synthetic
synthetic,137.586,-158.2263,synthetic
synthetic,81.0238,-64.8768,synthetic
synthetic,-32.2738,-172.1096,synthetic
synthetic,-122.6293,-28.2857,synthetic
synthetic,-143.5794,23.9551,synthetic
synthetic,-32.4072,-172.0335,synthetic
synthetic,-145.9402,152.7551,synthetic
synthetic,171.0396,179.4781,synthetic
synthetic,-118.4127,127.2167,synthetic
synthetic,-99.007,-10.0404,synthetic
synthetic,-101.9166,107.9235,synthetic
synthetic,127.4131,164.3714,synthetic
synthetic,-45.8062,142.4603,synthetic
synthetic,-59.1107,-96.7556,synthetic
synthetic,176.1456,-173.8205,synthetic
synthetic,126.9636,-48.2261,synthetic
synthetic,-101.8938,156.7283,synthetic
synthetic,-128.287,-129.4963,synthetic
synthetic,173.5404,177.9222,synthetic
synthetic,158.9632,12.0497,synthetic
synthetic,-107.6689,99.3888,synthetic
synthetic,-93.3095,47.6705,synthetic
synthetic,78.1215,-132.9063,synthetic
synthetic,79.7609,-68.1241,synthetic
synthetic,-95.9578,50.1503,synthetic
synthetic,78.7558,-132.8871,synthetic
synthetic,-168.2664,-179.9781,synthetic
synthetic,-86.5218,122.9549,synthetic
synthetic,81.1463,-128.9913,synthetic
synthetic,-127.1035,-1.9211,synthetic
synthetic,-161.4246,76.4384,synthetic
synthetic,149.3492,164.3828,synthetic
synthetic,-58.9438,-44.7636,synthetic
synthetic,30.1634,64.1653,synthetic
synthetic,170.5505,169.0003,synthetic
synthetic,-121.851,139.3706,synthetic
synthetic,-91.0143,115.5486,synthetic
synthetic,170.4665,-179.7588,synthetic
synthetic,175.5099,-34.9494,synthetic
synthetic,81.6221,30.7648,synthetic
synthetic,-28.1577,-175.3836,synthetic
synthetic,117.1744,121.8069,synthetic
synthetic,-46.2834,-175.6632,synthetic
synthetic,79.1934,156.7941,synthetic
synthetic,-172.9244,176.0317,synthetic
synthetic,130.0317,18.0729,synthetic
synthetic,140.3374,110.2417,synthetic
synthetic,179.3706,42.839,synthetic
synthetic,-36.9102,-120.3891,synthetic
synthetic,-91.3412,-118.9078,synthetic
synthetic,-55.9131,150.2519,synthetic
synthetic,-93.9025,-57.4937,synthetic
synthetic,75.795,-5.9037,synthetic
synthetic,-159.3325,73.5056,synthetic
synthetic,-37.8776,73.2402,synthetic
synthetic,176.1938,-33.9767,synthetic
synthetic,149.647,-52.1335,synthetic
synthetic,154.1098,10.5066,synthetic
synthetic,-165.4311,83.5073,synthetic
synthetic,127.3854,-48.3825,synthetic
synthetic,165.0779,-175.4939,synthetic
synthetic,-95.3737,47.7476,synthetic
synthetic,174.1447,153.3279,synthetic
synthetic,-37.9902,-62.6536,synthetic
synthetic,67.5032,140.8488,synthetic
synthetic,84.3231,-176.8451,synthetic
synthetic,148.9306,154.1067,synthetic
synthetic,139.2169,117.0518,synthetic
synthetic,168.616,39.4868,synthetic
synthetic,111.6866,155.6639,synthetic
synthetic,140.7759,110.7973,synthetic
synthetic,-118.3776,-170.7106,synthetic
synthetic,161.8369,-173.9443,synthetic
synthetic,-80.0796,-8.7339,synthetic
synthetic,174.9152,-177.7495,synthetic
synthetic,3.0281,-80.8654,synthetic
synthetic,155.2448,-53.0915,synthetic
synthetic,-95.0452,-9.7727,synthetic
synthetic,-167.4818,-169.7333,synthetic
synthetic,140.4357,108.6292,synthetic
synthetic,-91.3157,-117.8537,synthetic
synthetic,56.058,63.857,synthetic
synthetic,57.6852,-142.0381,synthetic
synthetic,173.5573,41.6861,synthetic
synthetic,-140.4142,-90.1568,synthetic
synthetic,46.3505,57.6143,synthetic
synthetic,168.8151,165.5291,synthetic
synthetic,-87.4379,-124.8936,synthetic
synthetic,57.1597,54.9651,synthetic
synthetic,-29.4393,-178.1658,synthetic
synthetic,177.4016,48.8577,synthetic
synthetic,-165.1747,-172.4047,synthetic
synthetic,-9.3249,121.563,synthetic
synthetic,172.2632,-178.3437,synthetic
synthetic,-109.7439,-176.7723,synthetic
synthetic,-28.4469,-170.2563,synthetic
synthetic,156.7078,-56.4958,synthetic
synthetic,79.9257,16.6954,synthetic
synthetic,-177.8912,84.339,synthetic
synthetic,-99.0268,126.2255,synthetic
synthetic,-168.5084,-179.2919,synthetic
synthetic,-116.8541,113.1219,synthetic
synthetic,150.1399,-52.2554,synthetic
synthetic,-103.0305,-0.5091,synthetic
synthetic,-131.829,-54.6555,synthetic
synthetic,164.086,-176.8646,synthetic
synthetic,-139.1065,37.0687,synthetic
synthetic,179.7235,-31.6253,synthetic
synthetic,117.2935,-78.7887,synthetic
synthetic,114.9299,120.703,synthetic
synthetic,85.3699,-157.6478,synthetic
synthetic,-94.5999,-121.8287,synthetic
synthetic,79.2722,-70.3702,synthetic
synthetic,-162.9237,-177.5052,synthetic
synthetic,173.5923,152.2453,synthetic
synthetic,156.1405,-52.5354,synthetic
synthetic,144.896,-152.1374,synthetic
synthetic,81.4423,-179.1962,synthetic
synthetic,-141.2535,-81.8607,synthetic
synthetic,155.3323,10.0515,synthetic
synthetic,-68.5402,-40.7494,synthetic
synthetic,153.2773,13.0599,synthetic
synthetic,-57.6596,146.7726,synthetic
synthetic,169.4366,45.9649,synthetic
synthetic,87.9766,-174.5525,synthetic
synthetic,-102.5156,163.9151,synthetic
synthetic,81.1022,-179.2374,synthetic
synthetic,-72.182,-19.6741,synthetic
synthetic,-38.9234,124.9694,synthetic
synthetic,-115.7398,116.4781,synthetic
synthetic,-153.4206,80.5898,synthetic
synthetic,-27.2281,139.0592,synthetic
synthetic,-125.2088,-132.3746,synthetic
synthetic,-55.6771,144.8091,synthetic
synthetic,133.9448,168.4802,synthetic
synthetic,83.1954,-59.1292,synthetic
synthetic,-85.5407,-120.0267,synthetic
synthetic,-57.5302,29.3394,synthetic
synthetic,-164.4968,-176.5035,synthetic
synthetic,106.1417,-10.4803,synthetic
synthetic,175.7432,169.6232,synthetic
synthetic,-38.2636,-61.3233,synthetic
synthetic,62.0086,25.2015,synthetic
synthetic,174.7322,-177.6196,synthetic
synthetic,53.8974,47.7245,synthetic
synthetic,57.6173,48.1139,synthetic
synthetic,140.766,111.3872,synthetic
synthetic,-90.1438,-127.093,synthetic
synthetic,168.3986,179.3942,synthetic
synthetic,156.024,-48.8272,synthetic
synthetic,178.9857,-33.4744,synthetic
synthetic,-132.1087,-17.4494,synthetic
synthetic,-82.0468,124.0543,synthetic
synthetic,-26.619,-171.963,synthetic
synthetic,-130.7744,-59.1295,synthetic
synthetic,161.6564,-51.2143,synthetic
synthetic,135.6956,-159.4736,synthetic
synthetic,79.2808,-131.728,synthetic
synthetic,-125.8741,106.0265,synthetic
synthetic,-120.9124,-173.926,synthetic
synthetic,-71.553,158.0296,synthetic
synthetic,-63.5856,-43.1427,synthetic
synthetic,-156.4685,-51.954,synthetic
synthetic,89.3101,-171.807,synthetic
synthetic,174.4487,37.2699,synthetic
synthetic,175.6766,166.9285,synthetic
synthetic,-170.6936,-175.0244,synthetic
synthetic,82.9883,-162.0146,synthetic
synthetic,100.838,110.6717,synthetic
synthetic,-68.4327,145.8138,synthetic
synthetic,-170.1808,176.6847,synthetic
synthetic,84.643,179.5848,synthetic
synthetic,-93.9083,-174.128,synthetic
synthetic,86.8549,-177.8056,synthetic
synthetic,-73.1657,-19.5311,synthetic
synthetic,-65.3078,-177.5286,synthetic
synthetic,64.8462,-148.9277,synthetic
synthetic,-90.3166,9.2245,synthetic
synthetic,177.646,150.6083,synthetic
synthetic,174.6002,166.5328,synthetic
synthetic,-127.3592,38.297,synthetic
synthetic,-35.5724,119.4227,synthetic
synthetic,-44.8117,-172.3267,synthetic
synthetic,-98.0864,157.9615,synthetic
synthetic,85.7674,-157.7679,synthetic
synthetic,141.8603,111.9144,synthetic
synthetic,110.1607,23.0615,synthetic
synthetic,178.2587,38.6506,synthetic
synthetic,173.5907,38.366,synthetic
synthetic,-114.2546,-12.9213,synthetic
synthetic,-56.6174,114.0758,synthetic
synthetic,141.8715,109.6304,synthetic
synthetic,-161.8706,-52.0434,synthetic
synthetic,-85.9248,122.266,synthetic
synthetic,155.7181,-54.5929,synthetic
synthetic,126.6189,-46.1606,synthetic
synthetic,-115.6249,146.869,synthetic
synthetic,166.0041,-175.1776,synthetic
synthetic,84.5972,-72.4502,synthetic
synthetic,101.0686,110.9817,synthetic
synthetic,159.4018,-55.2968,synthetic
synthetic,-169.0329,-174.9805,synthetic
synthetic,153.6193,6.9604,synthetic
synthetic,1.7716,-83.9677,synthetic
synthetic,-160.854,-170.0497,synthetic
synthetic,89.0833,-60.7193,synthetic
synthetic,49.5972,51.3495,synthetic
synthetic,-117.7248,-10.7357,synthetic
synthetic,61.8198,19.889,synthetic
synthetic,-58.9125,-41.5921,synthetic
synthetic,-177.8691,-34.6712,synthetic
synthetic,105.316,103.7238,synthetic
synthetic,-94.4887,-53.2842,synthetic
synthetic,59.7334,-144.3272,synthetic
synthetic,-106.285,160.8055,synthetic
synthetic,-116.247,4.9699,synthetic
synthetic,-44.5985,-165.592,synthetic
synthetic,-65.116,148.925,synthetic
synthetic,-152.6176,-61.6454,synthetic
synthetic,121.3029,162.0126,synthetic
synthetic,125.3292,5.8015,synthetic
synthetic,-165.4153,75.7405,synthetic
synthetic,-118.0521,-177.0701,synthetic
synthetic,-45.7532,-170.8102,synthetic
synthetic,85.2127,-173.2469,synthetic
synthetic,156.4398,-50.7868,synthetic
synthetic,82.2165,157.765,synthetic
synthetic,-101.778,156.3752,synthetic
synthetic,80.2962,155.3961,synthetic
synthetic,-58.9783,19.0009,synthetic
synthetic,83.8966,-66.5061,synthetic
synthetic,168.5372,-174.879,synthetic
synthetic,-48.3226,172.4917,synthetic
synthetic,-86.9114,151.0636,synthetic
synthetic,83.7495,-69.9251,synthetic
synthetic,171.5817,-176.9565,synthetic
synthetic,108.99,158.6847,synthetic
synthetic,-98.5017,113.4265,synthetic
synthetic,176.7115,166.4909,synthetic
synthetic,93.8824,19.0061,synthetic
synthetic,139.1805,-158.0989,synthetic
synthetic,165.9503,159.8092,synthetic
synthetic,-112.3708,117.9009,synthetic
synthetic,170.2467,158.1015,synthetic
synthetic,77.216,-66.4704,synthetic
synthetic,65.0521,-150.815,synthetic
synthetic,-160.239,-52.4754,synthetic
synthetic,76.9544,14.835,synthetic
synthetic,-119.2208,-28.3917,synthetic
synthetic,-99.3636,-169.6027,synthetic
synthetic,-44.2523,-64.7521,synthetic
synthetic,-166.763,172.4423,synthetic
synthetic,150.9361,168.3516,synthetic
synthetic,-97.2588,152.8074,synthetic
synthetic,-93.8156,45.2889,synthetic
synthetic,-168.4858,-174.1246,synthetic
synthetic,173.2343,178.3714,synthetic
synthetic,-77.6447,173.2638,synthetic
synthetic,-71.3431,-33.0565,synthetic
synthetic,-33.9953,-174.204,synthetic
synthetic,-118.4867,-174.6104,synthetic
synthetic,167.4499,-171.7956,synthetic
synthetic,-30.7423,-170.0879,synthetic
synthetic,175.8153,-176.3158,synthetic
synthetic,178.5492,169.9262,synthetic
synthetic,-24.7603,141.5993,synthetic
synthetic,84.6232,-67.9961,synthetic
synthetic,60.5677,24.7199,synthetic
synthetic,-55.3818,145.5582,synthetic
synthetic,-60.5446,-96.3087,synthetic
synthetic,-179.4341,165.801,synthetic
synthetic,175.1349,41.6206,synthetic
synthetic,177.7414,-35.9822,synthetic
synthetic,86.2057,-66.2632,synthetic
synthetic,-100.5177,-169.8359,synthetic
synthetic,-67.5188,-12.0782,synthetic
synthetic,114.4939,159.4647,synthetic
synthetic,68.7977,19.2443,synthetic
synthetic,-102.2394,98.2282,synthetic
synthetic,-42.658,-73.3383,synthetic
synthetic,107.834,-72.2103,synthetic
synthetic,-159.3379,-52.9802,synthetic
synthetic,179.4564,-31.9116,synthetic
synthetic,-62.1478,-47.1334,synthetic
synthetic,-58.4208,144.8292,synthetic
synthetic,-107.0578,34.2579,synthetic
synthetic,-118.7601,-173.7206,synthetic
synthetic,-37.1963,130.708,synthetic
synthetic,-119.9341,35.0192,synthetic
synthetic,-27.653,-170.0476,synthetic
synthetic,165.7575,-174.2744,synthetic
synthetic,47.6569,64.6506,synthetic
synthetic,-109.8942,110.6436,synthetic
synthetic,112.9826,-77.3992,synthetic
synthetic,-136.1077,163.3491,synthetic
synthetic,166.3135,-172.7278,synthetic
synthetic,83.1805,-173.2518,synthetic
synthetic,68.0315,125.3261,synthetic
synthetic,134.1058,167.261,synthetic
synthetic,111.8676,155.8858,synthetic
synthetic,175.8199,-178.2022,synthetic
synthetic,-164.9405,153.0246,synthetic
synthetic,179.0809,38.245,synthetic
synthetic,83.9421,-157.7787,synthetic
synthetic,-28.5903,-173.6869,synthetic
synthetic,81.7634,-176.9818,synthetic
synthetic,66.4733,23.6033,synthetic
synthetic,-143.6099,-171.89,synthetic
synthetic,126.0822,-50.1381,synthetic
synthetic,173.4887,-176.4288,synthetic
synthetic,-86.1531,-125.0232,synthetic
synthetic,-73.1053,-27.2505,synthetic
synthetic,173.0893,52.7245,synthetic
synthetic,-159.1442,-172.0222,synthetic
synthetic,107.5623,16.3551,synthetic
synthetic,-158.5359,-50.4142,synthetic
synthetic,87.408,-174.3595,synthetic
synthetic,88.6378,178.7223,synthetic
synthetic,116.6696,-73.4782,synthetic
synthetic,-61.1744,161.3063,synthetic
synthetic,177.664,-33.8777,synthetic
synthetic,-169.4629,-176.5581,synthetic
synthetic,76.7065,-136.3339,synthetic
synthetic,61.7507,31.1934,synthetic
synthetic,73.3555,-63.9834,synthetic
synthetic,-61.5727,-95.7985,synthetic
synthetic,-59.8701,128.9295,synthetic
synthetic,-89.4435,-118.715,synthetic
synthetic,75.7379,-66.1177,synthetic
synthetic,-140.1586,35.8776,synthetic
synthetic,-168.7694,-177.7779,synthetic
synthetic,-88.3795,-122.6322,synthetic
synthetic,-64.9133,-28.6882,synthetic
synthetic,171.3982,178.2755,synthetic
synthetic,-118.0408,-175.8411,synthetic
synthetic,165.7081,-175.2617,synthetic
synthetic,83.6047,34.7849,synthetic
synthetic,176.3153,175.9245,synthetic
synthetic,152.6671,-55.0177,synthetic
synthetic,-141.7668,-83.5531,synthetic
synthetic,-158.087,40.3081,synthetic
synthetic,171.437,47.0682,synthetic
synthetic,148.4613,11.5346,synthetic
synthetic,174.8422,176.516,synthetic
synthetic,156.2739,-53.0868,synthetic
synthetic,-31.9827,-168.7455,synthetic
synthetic,-164.7153,-179.103,synthetic
synthetic,164.7863,-172.1413,synthetic
synthetic,86.949,-174.1339,synthetic
synthetic,-150.9335,84.342,synthetic
synthetic,-75.5544,-35.678,synthetic
synthetic,127.0681,9.1305,synthetic
synthetic,-42.4572,-61.6219,synthetic
synthetic,-153.5268,75.7204,synthetic
synthetic,-178.3095,49.4753,synthetic
synthetic,161.4621,-55.2313,synthetic
synthetic,110.045,-70.5072,synthetic
synthetic,84.2648,-177.9576,synthetic
synthetic,-85.2851,-6.6939,synthetic
synthetic,173.8813,39.8533,synthetic
synthetic,169.9927,48.0977,synthetic
synthetic,76.6755,-132.5811,synthetic
synthetic,-158.9666,-52.0021,synthetic
synthetic,-98.8494,-178.5666,synthetic
synthetic,-164.2702,-174.9069,synthetic
synthetic,31.4199,59.2648,synthetic
synthetic,-64.6807,-177.4909,synthetic
synthetic,-54.483,145.238,synthetic
synthetic,-90.6293,-175.7612,synthetic
synthetic,87.2873,-177.3088,synthetic
synthetic,-43.3754,-44.5602,synthetic
synthetic,58.6261,-149.0786,synthetic
synthetic,66.8997,-10.5436,synthetic
synthetic,-32.4632,-168.6975,synthetic
synthetic,-125.4249,141.7722,synthetic
synthetic,176.0353,42.0685,synthetic
synthetic,-162.9682,-171.5139,synthetic
synthetic,65.6652,-150.9771,synthetic
synthetic,-37.9618,-72.125,synthetic
synthetic,-154.1607,-50.7784,synthetic
synthetic,147.0843,155.7862,synthetic
synthetic,-79.2385,129.9082,synthetic
synthetic,-84.264,153.2316,synthetic
synthetic,-69.4529,125.0472,synthetic
synthetic,122.5918,124.3213,synthetic
synthetic,78.3601,-133.9754,synthetic
synthetic,-36.9631,72.8356,synthetic
synthetic,102.0524,-9.7924,synthetic
synthetic,178.9897,170.9037,synthetic
synthetic,63.8813,138.7233,synthetic
synthetic,-155.8186,76.8454,synthetic
synthetic,55.4749,49.0718,synthetic
synthetic,59.0193,27.5159,synthetic
synthetic,78.3242,-67.2014,synthetic
synthetic,142.0424,113.1778,synthetic
synthetic,169.1352,157.4819,synthetic
synthetic,173.7993,148.3178,synthetic
synthetic,142.1021,-157.1299,synthetic
synthetic,-97.8502,-172.2429,synthetic
synthetic,-179.0357,85.3042,synthetic
synthetic,170.4776,45.5134,synthetic
synthetic,100.9605,111.9293,synthetic
synthetic,79.2442,157.1548,synthetic
synthetic,-119.9255,169.4592,synthetic
synthetic,-162.2313,-176.1895,synthetic
synthetic,166.7382,-55.1148,synthetic
synthetic,90.4841,-175.4806,synthetic
synthetic,-139.6037,140.3462,synthetic
synthetic,165.7317,-173.3226,synthetic
synthetic,-128.6776,-8.7114,synthetic
synthetic,176.5698,149.3656,synthetic
synthetic,172.2827,41.2088,synthetic
synthetic,141.3691,112.7025,synthetic
synthetic,-134.9199,70.9229,synthetic
synthetic,155.7456,-55.8424,synthetic
synthetic,-105.8038,156.892,synthetic
synthetic,-128.9904,117.2156,synthetic
synthetic,-83.9745,140.9016,synthetic
synthetic,-125.6438,137.9733,synthetic
synthetic,-99.1708,9.019,synthetic
synthetic,143.2854,112.8108,synthetic
synthetic,112.5468,6.3843,synthetic
synthetic,82.1634,28.2777,synthetic
synthetic,86.3099,-66.4959,synthetic
synthetic,-1.6823,-76.7639,synthetic
synthetic,83.0344,-69.2405,synthetic
synthetic,-173.5552,177.8258,synthetic
synthetic,-98.5228,-169.0421,synthetic
synthetic,174.503,44.0567,synthetic
synthetic,-11.46,-8.6061,synthetic
synthetic,-86.3791,117.4025,synthetic
synthetic,-148.3639,-65.579,synthetic
synthetic,177.8944,41.614,synthetic
synthetic,155.0566,7.2218,synthetic
synthetic,79.9848,-66.9526,synthetic
synthetic,106.5426,-9.0274,synthetic
synthetic,76.1503,2.1063,synthetic
synthetic,-128.1551,38.5735,synthetic
synthetic,-94.2367,156.3674,synthetic
synthetic,-118.4522,5.5068,synthetic
synthetic,-128.972,143.287,synthetic
synthetic,176.9229,43.9154,synthetic
synthetic,-70.0465,-45.0597,synthetic
synthetic,-11.7175,124.7189,synthetic
synthetic,65.473,8.3616,synthetic
synthetic,-62.0232,-36.5841,synthetic
synthetic,-127.0186,-128.5007,synthetic
synthetic,173.8745,165.0463,synthetic
synthetic,-47.583,156.9081,synthetic
synthetic,-42.2274,-61.2526,synthetic
synthetic,77.3343,18.9809,synthetic
synthetic,83.4051,-69.1293,synthetic
synthetic,153.8703,-49.603,synthetic
synthetic,-178.1214,-34.4609,synthetic
synthetic,98.7507,106.5408,synthetic
synthetic,154.3297,-55.6566,synthetic
synthetic,100.9831,-11.8234,synthetic
synthetic,-165.9692,85.0644,synthetic
synthetic,-67.0079,-37.7639,synthetic
synthetic,82.4145,-158.8815,synthetic
synthetic,-42.4295,-11.5087,synthetic
synthetic,104.1377,19.6736,synthetic
synthetic,88.5472,-160.1286,synthetic
synthetic,111.5731,156.6699,synthetic
synthetic,57.4457,44.4492,synthetic
synthetic,-44.4496,123.2445,synthetic
synthetic,123.2405,-49.3745,synthetic
synthetic,162.803,-167.5305,synthetic
synthetic,-179.582,-32.4511,synthetic
synthetic,-102.0479,-169.9726,synthetic
synthetic,-123.4295,-130.0712,synthetic
synthetic,-144.1456,-76.2667,synthetic
synthetic,154.4652,-44.1258,synthetic
synthetic,-159.4482,-49.5861,synthetic
synthetic,-160.7148,76.7739,synthetic
synthetic,86.1328,-67.98,synthetic
synthetic,63.3287,35.9678,synthetic
synthetic,-49.749,-64.4516,synthetic
synthetic,89.3258,-179.0761,synthetic
synthetic,62.7613,140.886,synthetic
synthetic,179.7989,-29.1789,synthetic
synthetic,-95.5447,-174.9172,synthetic
synthetic,84.5863,-65.3824,synthetic
synthetic,-159.9155,-58.4064,synthetic
synthetic,-158.1487,-61.4508,synthetic
synthetic,-165.7692,73.9095,synthetic
synthetic,-174.8252,-33.2377,synthetic
synthetic,27.0225,62.5559,synthetic
synthetic,-179.02,36.6456,synthetic
synthetic,-148.9872,32.1644,synthetic
synthetic,-103.9092,127.5221,synthetic
synthetic,-11.9333,-9.3332,synthetic
synthetic,-85.2642,102.2052,synthetic
synthetic,149.0782,156.3157,synthetic
synthetic,173.7479,37.5283,synthetic
synthetic,132.4507,-49.8657,synthetic
synthetic,58.1866,46.5645,synthetic
synthetic,96.6705,-10.5395,synthetic
synthetic,-120.4536,-30.44,synthetic
synthetic,-73.8402,175.0148,synthetic
synthetic,-70.8184,-2.079,synthetic
synthetic,153.786,2.3754,synthetic
synthetic,166.0536,-171.4747,synthetic
synthetic,63.6957,35.0571,synthetic
synthetic,100.5999,112.3952,synthetic
synthetic,59.5932,24.2131,synthetic
synthetic,82.2149,158.6637,synthetic
synthetic,-47.534,-58.1415,synthetic
synthetic,57.5321,43.9177,synthetic
synthetic,-135.2773,-56.8603,synthetic
synthetic,151.2637,-53.4863,synthetic
synthetic,-144.3465,-175.8872,synthetic
synthetic,58.9268,45.9515,synthetic
synthetic,-160.4934,-173.9778,synthetic
synthetic,-24.3732,138.9829,synthetic
synthetic,-163.5911,-179.055,synthetic
synthetic,-90.6921,-127.8094,synthetic
synthetic,56.8684,-143.6209,synthetic
synthetic,159.8001,-52.3322,synthetic
synthetic,-91.1758,-116.0425,synthetic
synthetic,64.2357,23.2076,synthetic
synthetic,-3.6244,-100.8984,synthetic
synthetic,174.9557,48.737,synthetic
synthetic,125.3294,-46.6779,synthetic
synthetic,82.9603,178.8367,synthetic
synthetic,-3.0128,-102.0914,synthetic
synthetic,169.1922,40.9941,synthetic
synthetic,-120.034,51.788,synthetic
synthetic,-53.9999,-34.0713,synthetic
synthetic,177.4943,166.9184,synthetic
synthetic,83.7844,-155.8442,synthetic
synthetic,125.2962,-44.3969,synthetic
synthetic,59.3869,141.1428,synthetic
synthetic,-88.5274,77.8656,synthetic
synthetic,-119.7674,-141.2225,synthetic
synthetic,-33.9594,-170.4898,synthetic
synthetic,-127.7564,135.833,synthetic
synthetic,-62.0355,141.8276,synthetic
synthetic,-26.3865,-173.2524,synthetic
synthetic,90.3423,-175.5212,synthetic
synthetic,169.7968,154.1444,synthetic
synthetic,-26.7606,118.8707,synthetic
synthetic,144.4373,152.4683,synthetic
synthetic,-117.8757,114.4256,synthetic
synthetic,-25.3756,-171.5982,synthetic
synthetic,172.1074,-177.8061,synthetic
synthetic,53.0468,44.5097,synthetic
synthetic,-159.2615,-52.302,synthetic
synthetic,-160.9779,-53.3172,synthetic
synthetic,1.3614,-83.3557,synthetic
synthetic,58.4932,25.2177,synthetic
synthetic,-36.3456,-121.4699,synthetic
synthetic,-68.1578,-176.2563,synthetic
synthetic,-64.7283,-37.3485,synthetic
synthetic,176.4902,150.4529,synthetic
synthetic,166.5473,-171.6381,synthetic
synthetic,-74.7225,128.7828,synthetic
synthetic,148.145,150.6385,synthetic
synthetic,106.2286,110.0541,synthetic
synthetic,-93.4387,39.2613,synthetic
synthetic,173.6832,-178.4991,synthetic
synthetic,29.7376,60.6094,synthetic
synthetic,175.9868,-34.3324,synthetic
synthetic,153.4576,5.8105,synthetic
synthetic,-47.106,-177.1891,synthetic
synthetic,137.3715,110.1236,synthetic
synthetic,-160.0642,-54.5847,synthetic
synthetic,152.1112,-54.5442,synthetic
synthetic,-150.3674,178.8084,synthetic
synthetic,-77.3484,171.3324,synthetic
synthetic,177.0901,149.4725,synthetic
synthetic,-91.1665,-11.3519,synthetic
synthetic,152.3928,15.8296,synthetic
synthetic,179.9888,38.6355,synthetic
synthetic,108.4339,-15.5923,synthetic
synthetic,171.1044,46.7941,synthetic
synthetic,-46.8812,-60.5038,synthetic
synthetic,142.1329,-159.8421,synthetic
synthetic,4.248,-85.4713,synthetic
synthetic,-159.915,-173.1248,synthetic
synthetic,-85.5982,-122.3912,synthetic
synthetic,129.1295,16.478,synthetic
synthetic,175.3688,-178.1746,synthetic
synthetic,133.5041,164.6982,synthetic
synthetic,177.9531,168.444,synthetic
synthetic,84.9805,-177.8581,synthetic
synthetic,-93.7811,-123.13,synthetic
synthetic,88.1203,177.8966,synthetic
synthetic,-121.8563,-133.3154,synthetic
synthetic,71.2478,140.968,synthetic
synthetic,163.56,-169.1562,synthetic
synthetic,-168.1588,177.6204,synthetic
synthetic,-53.0753,-55.72,synthetic
synthetic,60.1596,-148.5803,synthetic
synthetic,-102.371,-168.8606,synthetic
synthetic,79.4869,15.3766,synthetic
synthetic,73.7187,12.4033,synthetic
synthetic,-95.6897,-170.4435,synthetic
synthetic,171.2265,-174.1555,synthetic
synthetic,-156.1386,78.8678,synthetic
synthetic,176.5388,-178.4583,synthetic
synthetic,144.5213,-163.4567,synthetic
synthetic,176.2058,154.3936,synthetic
synthetic,-57.8959,-47.5277,synthetic
synthetic,-178.917,85.5741,synthetic
synthetic,-162.2418,-173.8296,synthetic
synthetic,-31.6626,-174.8374,synthetic
synthetic,66.2184,22.4117,synthetic
synthetic,-43.6517,-170.3129,synthetic
synthetic,-27.1048,-171.6116,synthetic
synthetic,-177.3689,169.5259,synthetic
synthetic,178.7491,-31.6049,synthetic
synthetic,-117.2503,-158.2984,synthetic
synthetic,49.9409,54.933,synthetic
synthetic,5.9801,-78.7132,synthetic
synthetic,-111.0463,4.6165,synthetic
synthetic,81.6433,-176.0361,synthetic
synthetic,-138.3763,34.5297,synthetic
synthetic,153.3966,-52.3552,synthetic
synthetic,-145.476,177.8207,synthetic
synthetic,-60.9028,-46.7438,synthetic
synthetic,-179.6362,87.6302,synthetic
synthetic,159.4068,-52.0238,synthetic
synthetic,-65.0412,-52.0126,synthetic
synthetic,88.5637,-172.045,synthetic
synthetic,51.7505,56.3097,synthetic
synthetic,128.3453,163.6271,synthetic
synthetic,-148.267,-171.8927,synthetic
synthetic,-177.5015,-32.9267,synthetic
synthetic,93.3597,-14.4819,synthetic
synthetic,-178.2958,-39.2723,synthetic
synthetic,-47.4636,-174.6023,synthetic
synthetic,-100.0316,-43.8516,synthetic
synthetic,-42.5263,-172.2508,synthetic
synthetic,108.7478,8.5874,synthetic
synthetic,172.9813,157.9118,synthetic
synthetic,152.5719,165.2657,synthetic
synthetic,173.8977,-174.2469,synthetic
synthetic,171.9525,178.4981,synthetic
synthetic,-15.602,123.6212,synthetic
synthetic,58.9781,19.049,synthetic
synthetic,77.1894,156.6863,synthetic
synthetic,126.6043,167.0776,synthetic
synthetic,85.9013,-65.908,synthetic
synthetic,75.7637,165.2443,synthetic
synthetic,74.7645,-134.2132,synthetic
synthetic,82.0645,-133.0265,synthetic
synthetic,80.7803,-161.0308,synthetic
synthetic,144.8972,115.1343,synthetic
synthetic,-165.3797,161.6931,synthetic
synthetic,64.936,142.5455,synthetic
synthetic,-86.6531,13.7011,synthetic
synthetic,-89.5524,-126.3257,synthetic
synthetic,-80.0876,141.4476,synthetic
synthetic,67.5622,137.161,synthetic
synthetic,-52.8049,-48.472,synthetic
synthetic,59.1752,-145.7631,synthetic
synthetic,-168.4172,-179.2606,synthetic
synthetic,-104.061,10.3843,synthetic
synthetic,-75.4569,20.1718,synthetic
synthetic,-115.1973,148.9899,synthetic
synthetic,-50.9317,-51.9137,synthetic
synthetic,-160.1096,-174.8542,synthetic
synthetic,145.4131,-161.8098,synthetic
synthetic,68.9757,-9.5019,synthetic
synthetic,97.5472,-10.733,synthetic
synthetic,65.0178,-153.3241,synthetic
synthetic,-162.5432,-51.0058,synthetic
synthetic,-178.3569,167.4394,synthetic
synthetic,-109.0678,84.5419,synthetic
synthetic,117.9003,-79.2036,synthetic
synthetic,125.6569,127.6614,synthetic
synthetic,175.1281,43.328,synthetic
synthetic,-138.1327,122.116,synthetic
synthetic,111.2763,-70.9089,synthetic
synthetic,169.4025,40.4616,synthetic
synthetic,-50.2327,-42.8481,synthetic
synthetic,172.9858,168.4407,synthetic
synthetic,128.796,10.1229,synthetic
synthetic,116.6887,156.5328,synthetic
synthetic,67.8201,32.0485,synthetic
synthetic,-89.3837,-118.6009,synthetic
synthetic,-123.0379,1.4724,synthetic
synthetic,-97.3158,-177.0933,synthetic
synthetic,-56.7022,163.0165,synthetic
synthetic,66.1561,135.3969,synthetic
synthetic,86.2566,-66.8769,synthetic
synthetic,141.8321,115.0427,synthetic
synthetic,77.5635,-179.8345,synthetic
synthetic,-80.3107,127.1132,synthetic
synthetic,-134.1372,-60.828,synthetic
synthetic,177.7011,42.0959,synthetic
synthetic,127.6236,-47.9121,synthetic
synthetic,136.4863,106.8927,synthetic
synthetic,169.6323,168.2054,synthetic
synthetic,59.2911,-144.8909,synthetic
synthetic,-86.7833,65.2954,synthetic
synthetic,141.8515,-159.6453,synthetic
synthetic,-126.5014,-131.0035,synthetic
synthetic,124.551,130.5191,synthetic
synthetic,-66.0063,-51.9985,synthetic
synthetic,-32.9126,-174.2352,synthetic
synthetic,174.0574,178.3386,synthetic
synthetic,-101.1794,100.8862,synthetic
synthetic,-100.1318,-168.4385,synthetic
synthetic,-122.9577,150.1208,synthetic
synthetic,119.0261,124.9009,synthetic
synthetic,-57.447,116.6701,synthetic
synthetic,65.5027,148.1664,synthetic
synthetic,106.5733,101.9812,synthetic
synthetic,170.5053,45.2456,synthetic
synthetic,159.2063,-51.9826,synthetic
synthetic,-70.6578,23.2589,synthetic
synthetic,-143.166,-85.7008,synthetic
synthetic,-120.8995,-173.8877,synthetic
synthetic,-89.7096,-125.0416,synthetic
synthetic,-26.2417,-43.9034,synthetic
synthetic,-161.1086,-54.0009,synthetic
synthetic,-86.2545,-119.5233,synthetic
synthetic,-147.7421,76.8715,synthetic
synthetic,-63.5996,130.332,synthetic
synthetic,-131.2247,113.6081,synthetic
synthetic,-73.6156,-15.9897,synthetic
synthetic,-105.8039,-175.2171,synthetic
synthetic,82.2294,162.2726,synthetic
synthetic,102.4088,112.0619,synthetic
synthetic,-45.512,155.4024,synthetic
synthetic,86.3088,-68.0234,synthetic
synthetic,-177.4241,84.5312,synthetic
synthetic,-62.8157,-37.0163,synthetic
synthetic,62.6472,144.9869,synthetic
synthetic,-94.2318,45.3578,synthetic
synthetic,-175.9522,-36.2889,synthetic
synthetic,-127.359,102.9278,synthetic
synthetic,-142.2495,-171.7926,synthetic
synthetic,125.7908,-47.7726,synthetic
synthetic,170.8551,154.4626,synthetic
synthetic,-127.7945,-129.04,synthetic
synthetic,78.0316,-0.4467,synthetic
synthetic,-163.032,-173.8948,synthetic
synthetic,-55.3725,119.3328,synthetic
synthetic,-103.5417,-166.252,synthetic
synthetic,-171.0364,-173.2792,synthetic
synthetic,163.8138,-172.0838,synthetic
synthetic,167.621,-173.8693,synthetic
synthetic,-48.175,-24.1351,synthetic
synthetic,80.311,-178.4179,synthetic
synthetic,-41.8659,-177.5356,synthetic
synthetic,-75.1146,-10.8086,synthetic
synthetic,-100.595,-2.0985,synthetic
synthetic,-166.8898,178.0884,synthetic
synthetic,165.7083,-56.2206,synthetic
synthetic,177.8172,-34.7146,synthetic
synthetic,78.9733,-136.8603,synthetic
synthetic,-68.3462,135.8594,synthetic
synthetic,-99.3738,-24.7828,synthetic
synthetic,-66.1762,-35.8284,synthetic
synthetic,-156.7197,78.6061,synthetic
synthetic,-69.4485,-36.4882,synthetic
synthetic,80.4763,153.0574,synthetic
synthetic,154.1544,-57.9611,synthetic
synthetic,178.7634,41.4947,synthetic
synthetic,79.7405,158.0129,synthetic
synthetic,-91.5457,-173.654,synthetic
synthetic,172.8852,-178.1959,synthetic
synthetic,-123.6834,1.9662,synthetic
synthetic,-33.4105,117.1433,synthetic
synthetic,-166.6283,-167.9018,synthetic
synthetic,98.8475,107.9881,synthetic
synthetic,-61.7892,-41.3921,synthetic
synthetic,171.1591,158.6512,synthetic
synthetic,171.0026,163.8703,synthetic
synthetic,84.4916,-60.6561,synthetic
synthetic,-159.5208,-58.834,synthetic
synthetic,-126.0715,157.2359,synthetic
synthetic,79.5084,-130.6996,synthetic
synthetic,-157.2755,72.2198,synthetic
synthetic,-141.6129,-81.8583,synthetic
synthetic,-82.8776,66.6703,synthetic
synthetic,-93.9487,137.7703,synthetic
synthetic,-165.9347,-167.9768,synthetic
synthetic,-91.8362,-119.4189,synthetic
synthetic,-116.0216,4.7185,synthetic
synthetic,175.1188,44.6648,synthetic
synthetic,111.065,104.7254,synthetic
synthetic,-137.33,74.6617,synthetic
synthetic,-179.8461,-36.2624,synthetic
synthetic,171.8703,34.5889,synthetic
synthetic,-114.2989,113.3318,synthetic
synthetic,-54.9167,-50.7153,synthetic
synthetic,66.9654,18.7899,synthetic
synthetic,-101.8803,67.823,synthetic
synthetic,-163.6388,-172.67,synthetic
synthetic,179.4418,32.2783,synthetic
synthetic,-142.746,-76.3562,synthetic
synthetic,-107.7159,160.2118,synthetic
synthetic,165.4665,156.0612,synthetic
synthetic,-94.4898,155.4074,synthetic
synthetic,81.8362,160.2466,synthetic
synthetic,126.5546,125.9619,synthetic
synthetic,-156.3557,-49.2166,synthetic
synthetic,-112.95,144.7223,synthetic
synthetic,124.9595,127.6142,synthetic
synthetic,127.9357,7.0518,synthetic
synthetic,-128.7377,-127.3863,synthetic
synthetic,-27.5513,-176.037,synthetic
synthetic,77.3311,153.8537,synthetic
synthetic,83.3703,-175.4164,synthetic
synthetic,-54.6287,141.0973,synthetic
synthetic,169.9098,-177.2692,synthetic
synthetic,-25.8663,-173.596,synthetic
synthetic,-115.2617,-14.5424,synthetic
synthetic,79.749,-67.0431,synthetic
synthetic,-164.0284,159.1409,synthetic
synthetic,-160.3292,-51.0864,synthetic
synthetic,-31.7329,-169.926,synthetic
synthetic,109.7834,13.461,synthetic
synthetic,-131.4478,-56.8177,synthetic
synthetic,-46.4505,-78.055,synthetic
synthetic,-92.2623,-123.3544,synthetic
synthetic,-147.5051,34.7199,synthetic
synthetic,-23.3354,-174.5542,synthetic
synthetic,91.0154,-176.7921,synthetic
synthetic,165.7438,43.8146,synthetic
synthetic,75.8504,-131.5422,synthetic
synthetic,-163.8379,-53.0659,synthetic
synthetic,-46.847,-61.5696,synthetic
synthetic,164.6772,-171.9688,synthetic
synthetic,-68.2479,-72.549,synthetic
synthetic,172.0939,39.9206,synthetic
synthetic,107.8045,-68.1322,synthetic
synthetic,-109.7819,149.7752,synthetic
synthetic,-81.2924,-8.6812,synthetic
synthetic,77.0345,2.609,synthetic
synthetic,58.2559,-147.8843,synthetic
synthetic,-72.3874,-36.1688,synthetic
synthetic,-48.7012,-169.5013,synthetic
synthetic,-53.5969,-52.589,synthetic
synthetic,-134.996,156.1549,synthetic
synthetic,-84.2097,-119.7569,synthetic
synthetic,126.8313,11.182,synthetic
synthetic,-129.2728,-132.4715,synthetic
synthetic,-106.9189,138.7408,synthetic
synthetic,151.8661,-55.9057,synthetic
synthetic,-154.1818,36.8709,synthetic
synthetic,60.3633,47.0667,synthetic
synthetic,72.3256,-0.6361,synthetic
synthetic,-54.9402,-65.3391,synthetic
synthetic,-128.5757,137.1356,synthetic
synthetic,-85.9218,0.4225,synthetic
synthetic,173.356,44.6979,synthetic
synthetic,-35.8022,74.38,synthetic
synthetic,-32.7612,77.6296,synthetic
synthetic,168.9437,175.7331,synthetic
synthetic,-91.8711,44.1687,synthetic
synthetic,-1.1724,-80.9159,synthetic
synthetic,-60.4756,20.1844,synthetic
synthetic,162.6131,-169.0045,synthetic
synthetic,-90.6869,79.4171,synthetic
synthetic,-103.2814,124.4228,synthetic
synthetic,162.8949,-55.1954,synthetic
synthetic,-63.2121,-42.899,synthetic
synthetic,-113.2302,21.4522,synthetic
synthetic,-71.321,-15.3935,synthetic
synthetic,-47.2166,-54.8017,synthetic
synthetic,-178.1837,-179.1495,synthetic
synthetic,-105.0418,158.9721,synthetic
synthetic,-163.1236,-176.3139,synthetic
synthetic,141.2296,111.6986,synthetic
synthetic,124.2154,-43.7174,synthetic
synthetic,-167.3089,77.2859,synthetic
synthetic,-89.5332,-115.2205,synthetic
synthetic,75.5821,156.2388,synthetic
synthetic,-129.1918,142.0401,synthetic
synthetic,61.0059,27.5899,synthetic
synthetic,-157.9006,73.9573,synthetic
synthetic,-110.6675,-173.0524,synthetic
synthetic,-47.3928,-172.8431,synthetic
synthetic,134.4342,165.8721,synthetic
synthetic,-111.1106,114.5279,synthetic
synthetic,80.318,-132.5923,synthetic
synthetic,-167.5072,-167.8665,synthetic
synthetic,-120.517,128.3187,synthetic
synthetic,0.0661,-73.0717,synthetic
synthetic,104.6833,-8.9796,synthetic
synthetic,-60.9047,-36.0653,synthetic
synthetic,110.0334,-67.9274,synthetic
synthetic,-104.3243,77.1926,synthetic
synthetic,150.172,-53.4472,synthetic
synthetic,67.3103,20.7442,synthetic
synthetic,-96.911,-171.4338,synthetic
synthetic,-89.0932,-117.5867,synthetic
synthetic,60.2506,140.9235,synthetic
synthetic,176.6326,-34.4346,synthetic
synthetic,-81.7065,53.2619,synthetic
synthetic,70.2594,139.9448,synthetic
synthetic,-105.049,-3.8653,synthetic
synthetic,44.8733,63.3425,synthetic
synthetic,67.7804,134.5817,synthetic
synthetic,177.593,42.1682,synthetic
synthetic,144.1414,153.8274,synthetic
synthetic,152.8491,-54.5878,synthetic
synthetic,-163.0898,-175.5317,synthetic
synthetic,-67.6875,7.0341,synthetic
synthetic,-41.7115,-167.6536,synthetic
synthetic,-60.4509,-44.6892,synthetic
synthetic,-91.1215,-120.2852,synthetic
synthetic,76.4277,-136.7707,synthetic
synthetic,-61.6507,-37.791,synthetic
synthetic,-122.9647,-130.4028,synthetic
synthetic,-28.8927,76.346,synthetic
synthetic,71.3773,3.6332,synthetic
synthetic,-103.7853,99.6027,synthetic
synthetic,175.8256,44.5534,synthetic
synthetic,48.4162,53.8472,synthetic
synthetic,130.5067,-48.2498,synthetic
synthetic,47.6352,55.2073,synthetic
synthetic,-80.4011,155.5342,synthetic
synthetic,-161.626,-51.8283,synthetic
synthetic,-12.3065,122.3193,synthetic
synthetic,161.5332,-53.0641,synthetic
synthetic,62.0591,23.1666,synthetic
synthetic,179.0295,-35.5722,synthetic
synthetic,-156.1293,-52.6185,synthetic
synthetic,-118.1827,-171.3379,synthetic
synthetic,48.5855,52.7945,synthetic
synthetic,79.6471,-178.763,synthetic
synthetic,130.277,170.4231,synthetic
synthetic,85.4156,-68.0067,synthetic
synthetic,155.1905,-52.8801,synthetic
synthetic,-120.2414,31.5261,synthetic
synthetic,-133.1255,-14.7754,synthetic
synthetic,-70.2576,22.1669,synthetic
synthetic,-176.5832,82.6286,synthetic
synthetic,176.1428,169.8661,synthetic
synthetic,-25.5541,140.3459,synthetic
synthetic,-86.4831,118.4093,synthetic
synthetic,-34.1588,-172.1736,synthetic
synthetic,178.2112,-33.7839,synthetic
synthetic,-43.8621,-68.1445,synthetic
synthetic,154.3676,12.7338,synthetic
synthetic,-179.7964,-32.6272,synthetic
synthetic,145.8516,-161.4224,synthetic
synthetic,-53.7863,-48.3382,synthetic
synthetic,61.9039,142.8364,synthetic
synthetic,149.3334,114.5664,synthetic
synthetic,54.1855,63.1661,synthetic
synthetic,84.9993,-172.6932,synthetic
synthetic,-142.3585,-175.2646,synthetic
synthetic,-71.4258,132.3803,synthetic
synthetic,171.6376,42.8139,synthetic
synthetic,-154.9534,38.1846,synthetic
synthetic,70.9514,126.8122,synthetic
synthetic,103.8383,105.2866,synthetic
synthetic,168.2903,-176.0787,synthetic
synthetic,-129.2908,116.993,synthetic
synthetic,174.7306,-177.8198,synthetic
synthetic,-91.3186,-116.0352,synthetic
synthetic,127.0669,11.0806,synthetic
synthetic,85.6766,-170.6464,synthetic
synthetic,-140.3252,132.1164,synthetic
synthetic,-100.1052,-168.1351,synthetic
synthetic,-45.2553,-170.1163,synthetic
synthetic,-11.8254,121.8146,synthetic
synthetic,124.81,-46.2406,synthetic
synthetic,156.492,7.8769,synthetic
synthetic,172.7906,38.9657,synthetic
synthetic,-162.4832,76.9513,synthetic
synthetic,174.9271,-176.6029,synthetic
synthetic,-106.1833,-5.5379,synthetic
synthetic,80.5504,-135.7439,synthetic
synthetic,61.9382,21.0844,synthetic
synthetic,-38.2011,72.2746,synthetic
synthetic,-55.4581,-42.492,synthetic
synthetic,162.9775,-170.9459,synthetic
synthetic,-48.3814,-22.7972,synthetic
synthetic,53.934,26.2315,synthetic
synthetic,-123.2041,-0.7668,synthetic
synthetic,174.5082,168.5859,synthetic
synthetic,-132.3797,79.0327,synthetic
synthetic,168.1846,-174.2369,synthetic
synthetic,140.8487,-163.2484,synthetic
synthetic,-47.6604,-173.5698,synthetic
synthetic,-120.6648,98.5416,synthetic
synthetic,104.3499,-15.5495,synthetic
synthetic,87.7739,-161.1255,synthetic
synthetic,128.4222,11.9676,synthetic
synthetic,98.8064,23.7905,synthetic
synthetic,-138.8432,-81.3292,synthetic
synthetic,159.6582,-168.1489,synthetic
synthetic,-105.2859,147.6273,synthetic
synthetic,-167.9065,-176.9956,synthetic
synthetic,104.6254,158.564,synthetic
synthetic,-177.1397,89.3022,synthetic
synthetic,109.4973,9.7758,synthetic
synthetic,-25.394,-170.8435,synthetic
synthetic,-43.059,-58.615,synthetic
synthetic,-87.2557,14.6794,synthetic
synthetic,99.7631,110.6013,synthetic
synthetic,-69.3392,6.6527,synthetic
synthetic,-113.8566,124.5934,synthetic
synthetic,122.2192,9.705,synthetic
synthetic,155.956,-48.8562,synthetic
synthetic,117.0441,162.0877,synthetic
synthetic,-137.7352,30.5681,synthetic
synthetic,150.4803,-55.3551,synthetic
synthetic,176.7741,-34.2345,synthetic
synthetic,-52.6857,-51.7575,synthetic
synthetic,154.3914,169.7561,synthetic
synthetic,-164.7619,-166.4063,synthetic
synthetic,160.3678,-55.8343,synthetic
synthetic,-123.3431,118.0492,synthetic
synthetic,177.186,179.7398,synthetic
synthetic,-106.7187,116.3911,synthetic
synthetic,-130.8922,-125.642,synthetic
synthetic,30.897,63.412,synthetic
synthetic,133.5513,-156.5797,synthetic
synthetic,175.718,41.5623,synthetic
synthetic,179.1104,43.1848,synthetic
synthetic,-93.2074,39.9513,synthetic
synthetic,126.7596,8.0364,synthetic
synthetic,-157.317,30.102,synthetic
synthetic,-123.4915,-173.7499,synthetic
synthetic,171.8586,-175.957,synthetic
synthetic,-175.8032,167.5254,synthetic
synthetic,-65.6146,169.491,synthetic
synthetic,158.4273,10.6772,synthetic
synthetic,169.144,-173.0843,synthetic
synthetic,-163.1012,-173.1602,synthetic
synthetic,140.5887,-151.8009,synthetic
synthetic,58.6192,46.9797,synthetic
synthetic,-100.8384,-178.4999,synthetic
synthetic,-116.9791,112.7695,synthetic
synthetic,155.6627,-55.1059,synthetic
synthetic,-170.0472,-171.268,synthetic
synthetic,-57.8469,-72.6376,synthetic
synthetic,-14.1232,-12.0253,synthetic
synthetic,62.9799,23.1852,synthetic
synthetic,66.2317,-152.7559,synthetic
synthetic,169.474,37.7866,synthetic
synthetic,155.0523,-55.8369,synthetic
synthetic,107.4499,105.8381,synthetic
synthetic,-55.1292,130.3794,synthetic
synthetic,-120.9051,-162.6584,synthetic
synthetic,61.436,33.8273,synthetic
synthetic,-67.7814,136.4903,synthetic
synthetic,-94.3961,-169.8876,synthetic
synthetic,-165.4628,74.3677,synthetic
synthetic,-156.5615,25.4437,synthetic
synthetic,-127.3264,-132.8051,synthetic
synthetic,167.2624,-58.7059,synthetic
synthetic,68.075,127.9408,synthetic
synthetic,-44.1114,-58.9666,synthetic
synthetic,174.4089,-176.26,synthetic
synthetic,-162.4192,-173.3434,synthetic
synthetic,47.3612,57.8564,synthetic
synthetic,104.7547,-13.2181,synthetic
synthetic,-164.4833,-173.0952,synthetic
synthetic,59.8538,-145.6912,synthetic
synthetic,-149.777,148.4982,synthetic
synthetic,152.4818,167.8147,synthetic
synthetic,96.4739,112.0441,synthetic
synthetic,-166.482,-175.4718,synthetic
synthetic,-41.3521,-171.9479,synthetic
synthetic,-90.5597,-113.7424,synthetic
synthetic,-80.4781,170.1483,synthetic
synthetic,70.5087,121.2518,synthetic
synthetic,-102.7176,109.2972,synthetic
synthetic,65.057,22.227,synthetic
synthetic,-72.5843,-7.8743,synthetic
synthetic,62.2962,36.6656,synthetic
synthetic,107.6954,-16.9918,synthetic
synthetic,76.4732,-4.6094,synthetic
synthetic,-47.7174,-169.6863,synthetic
synthetic,-128.4032,109.0421,synthetic
synthetic,-101.2794,-167.143,synthetic
synthetic,80.8533,-66.2087,synthetic
synthetic,-42.3306,-13.6349,synthetic
synthetic,83.4909,-172.2384,synthetic
synthetic,-71.8963,-15.3225,synthetic
synthetic,69.3692,32.3902,synthetic
synthetic,87.2573,-61.0828,synthetic
synthetic,-101.3651,-24.6588,synthetic
synthetic,71.5872,137.4276,synthetic
synthetic,-87.812,-120.1103,synthetic
synthetic,68.0349,18.4314,synthetic
synthetic,132.7001,-159.7076,synthetic
synthetic,173.048,166.4926,synthetic
synthetic,42.5996,58.4534,synthetic
synthetic,-86.1598,-8.8065,synthetic
synthetic,-53.1152,-45.1491,synthetic
synthetic,-23.3431,-172.8112,synthetic
synthetic,173.6047,152.1521,synthetic
synthetic,179.4675,148.556,synthetic
synthetic,-100.0349,43.0174,synthetic
synthetic,-123.8846,-131.4544,synthetic
synthetic,175.5199,43.4937,synthetic
synthetic,-130.1651,132.0005,synthetic
synthetic,148.8584,-56.5542,synthetic
synthetic,136.7133,-158.1531,synthetic
synthetic,-161.6885,-53.9475,synthetic
synthetic,170.8227,158.6577,synthetic
synthetic,-117.3551,2.169,synthetic
synthetic,121.3682,126.9348,synthetic
synthetic,-135.4179,-55.6792,synthetic
synthetic,66.7044,141.7533,synthetic
synthetic,-112.1129,2.0194,synthetic
synthetic,57.0657,46.5861,synthetic
synthetic,-62.3511,156.537,synthetic
synthetic,-86.4003,-2.9885,synthetic
synthetic,-104.0752,-2.4077,synthetic
synthetic,156.3368,-49.2777,synthetic
synthetic,-156.8604,73.9024,synthetic
synthetic,-2.8237,-84.6812,synthetic
synthetic,-23.028,143.5102,synthetic
synthetic,84.6237,-63.7218,synthetic
synthetic,63.2894,125.8168,synthetic
synthetic,134.0071,170.1106,synthetic
synthetic,130.5439,10.3286,synthetic
synthetic,101.1346,117.1986,synthetic
synthetic,81.1004,-131.4611,synthetic
synthetic,-159.3587,78.0545,synthetic
synthetic,80.8737,157.6621,synthetic
synthetic,-97.8263,154.2768,synthetic
synthetic,-178.9883,37.0641,synthetic
synthetic,104.3431,-7.8049,synthetic
synthetic,-116.331,124.6277,synthetic
synthetic,-162.6665,-174.9043,synthetic
synthetic,-152.5642,145.9373,synthetic
synthetic,-34.4667,130.0812,synthetic
synthetic,172.5844,-175.6922,synthetic
synthetic,-176.502,40.3106,synthetic
synthetic,-36.5662,-65.2493,synthetic
synthetic,-43.2661,-170.1798,synthetic
synthetic,-170.7153,-175.9325,synthetic
synthetic,-159.681,-65.1009,synthetic
synthetic,154.9484,-48.5655,synthetic
synthetic,-99.3825,-31.6115,synthetic
synthetic,97.8061,-8.5468,synthetic
synthetic,-79.8508,-87.3804,synthetic
synthetic,-93.9312,-124.304,synthetic
synthetic,85.5016,-60.9044,synthetic
synthetic,167.3038,167.8888,synthetic
synthetic,-74.0384,143.7661,synthetic
synthetic,-28.4567,-171.7364,synthetic
synthetic,151.7432,166.9324,synthetic
synthetic,123.953,-47.4723,synthetic
synthetic,144.654,-166.9149,synthetic
synthetic,165.1457,-166.9013,synthetic
synthetic,78.9809,-69.6725,synthetic
synthetic,-143.4963,-77.6445,synthetic
synthetic,-128.1948,109.6254,synthetic
synthetic,59.721,46.8162,synthetic
synthetic,-32.619,-171.0702,synthetic
synthetic,-156.2711,150.7951,synthetic
synthetic,-159.4901,-174.1267,synthetic
synthetic,-158.6664,75.4073,synthetic
synthetic,172.2903,40.7308,synthetic
synthetic,-178.7797,-37.8512,synthetic
synthetic,-150.2248,74.8182,synthetic
synthetic,62.5517,139.8835,synthetic
synthetic,-26.6259,141.1224,synthetic
synthetic,127.2072,123.6068,synthetic
synthetic,-72.283,179.4599,synthetic
synthetic,-148.1641,154.0718,synthetic
synthetic,-99.3803,-2.8198,synthetic
synthetic,177.8051,-179.5307,synthetic
synthetic,-160.9719,-54.483,synthetic
synthetic,73.7601,142.3139,synthetic
synthetic,-63.3644,-16.3945,synthetic
synthetic,-71.7201,135.1724,synthetic
synthetic,149.703,-51.7372,synthetic
synthetic,174.7864,173.3018,synthetic
synthetic,-91.5139,46.7886,synthetic
synthetic,-135.6659,-61.748,synthetic
synthetic,-177.3867,35.9151,synthetic
synthetic,-46.0398,-10.5211,synthetic
synthetic,-138.7835,162.0417,synthetic
synthetic,176.3572,-38.9556,synthetic
synthetic,-144.9177,-172.3871,synthetic
synthetic,-64.4567,-32.7354,synthetic
synthetic,89.8782,-159.7323,synthetic
synthetic,-26.7334,140.3896,synthetic
synthetic,85.4957,-63.5221,synthetic
synthetic,-57.3694,33.6074,synthetic
synthetic,169.5937,-176.9448,synthetic
synthetic,-58.3134,178.2083,synthetic
synthetic,124.2838,-47.7509,synthetic
synthetic,143.6268,-152.9496,synthetic
synthetic,-124.9191,-129.0966,synthetic
synthetic,72.3255,-63.305,synthetic
synthetic,170.9662,-177.618,synthetic
synthetic,-156.8421,-52.0768,synthetic
synthetic,153.9872,-57.2518,synthetic
synthetic,-99.6392,-174.9844,synthetic
synthetic,-108.4031,-5.1331,synthetic
synthetic,-28.6221,137.4265,synthetic
synthetic,-160.0339,76.7162,synthetic
synthetic,-75.376,130.7508,synthetic
synthetic,92.3299,175.7195,synthetic
synthetic,-58.3323,-42.7951,synthetic
synthetic,-12.2575,-2.9604,synthetic
synthetic,175.6507,40.6604,synthetic
synthetic,-162.2476,-177.5661,synthetic
synthetic,-82.687,76.4029,synthetic
synthetic,179.9092,86.7333,synthetic
synthetic,130.5107,-49.2848,synthetic
synthetic,86.2993,-175.2323,synthetic
synthetic,67.6354,-152.3799,synthetic
synthetic,-141.7085,22.3968,synthetic
synthetic,-32.0215,-176.3048,synthetic
synthetic,-98.906,-52.9136,synthetic
synthetic,-59.2537,145.3654,synthetic
synthetic,-109.9529,118.8681,synthetic
synthetic,112.2151,-65.0911,synthetic
synthetic,-166.1634,171.4872,synthetic
synthetic,-133.6756,69.4773,synthetic
synthetic,-87.1346,121.4751,synthetic
synthetic,-75.0489,1.1056,synthetic
synthetic,-67.0123,-41.8264,synthetic
synthetic,177.1509,51.479,synthetic
synthetic,-118.9906,115.9549,synthetic
synthetic,-98.9908,-166.8962,synthetic
synthetic,-164.268,-169.1946,synthetic
synthetic,-103.5772,-176.6303,synthetic
synthetic,119.2758,-75.5912,synthetic
synthetic,0.9608,-80.4434,synthetic
synthetic,65.2161,20.7227,synthetic
synthetic,-128.3677,-128.7564,synthetic
synthetic,-31.0268,-170.631,synthetic
synthetic,-0.1527,-101.3774,synthetic
synthetic,174.2361,42.4822,synthetic
synthetic,-114.0383,120.4191,synthetic
synthetic,136.719,106.3063,synthetic
synthetic,172.7236,166.6177,synthetic
synthetic,140.9446,-157.7667,synthetic
synthetic,-102.6675,163.3845,synthetic
synthetic,-70.5152,158.844,synthetic
synthetic,-52.9547,-55.9531,synthetic
synthetic,62.8156,25.7669,synthetic
synthetic,53.8192,46.0358,synthetic
synthetic,85.166,-66.4353,synthetic
synthetic,58.1571,-147.2556,synthetic
synthetic,163.8929,179.6265,synthetic
synthetic,-99.6956,158.4587,synthetic
synthetic,105.4732,-19.7988,synthetic
synthetic,-30.799,-171.6629,synthetic
synthetic,-33.7662,-176.1523,synthetic
synthetic,77.1412,-136.726,synthetic
synthetic,171.0312,168.4313,synthetic
synthetic,-170.3288,179.997,synthetic
synthetic,-126.3918,-133.2048,synthetic
synthetic,-39.7337,72.911,synthetic
synthetic,-13.3789,119.9846,synthetic
synthetic,78.4477,3.351,synthetic
synthetic,-67.6741,-44.0377,synthetic
synthetic,168.3999,45.5874,synthetic
synthetic,54.0451,55.8683,synthetic
synthetic,167.2051,-173.7832,synthetic
synthetic,161.6955,-169.5909,synthetic
synthetic,124.9141,-50.8589,synthetic
synthetic,-133.2452,81.4609,synthetic
synthetic,64.3362,-149.5356,synthetic
synthetic,62.4149,-147.6008,synthetic
synthetic,146.3983,151.612,synthetic
synthetic,141.0702,115.6643,synthetic
synthetic,-10.3466,119.7211,synthetic
synthetic,84.0422,-60.8177,synthetic
synthetic,-40.9572,-62.4559,synthetic
synthetic,-126.4538,137.7162,synthetic
synthetic,-50.9056,-52.9643,synthetic
synthetic,125.1068,9.9728,synthetic
synthetic,-162.3273,-171.8714,synthetic
synthetic,-90.2971,-120.1392,synthetic
synthetic,-38.3544,71.44,synthetic
synthetic,-69.0836,177.7747,synthetic
synthetic,-133.4636,-57.2541,synthetic
synthetic,131.241,167.0332,synthetic
synthetic,177.2457,155.0124,synthetic
synthetic,-139.5976,135.8414,synthetic
synthetic,138.8992,111.5549,synthetic
synthetic,-83.5023,75.1845,synthetic
synthetic,179.0748,-32.6389,synthetic
synthetic,78.0669,-69.4676,synthetic
synthetic,116.7313,-72.9759,synthetic
synthetic,-31.1532,77.3356,synthetic
synthetic,-178.5996,170.8184,synthetic
synthetic,100.7439,108.5263,synthetic
synthetic,-56.8606,160.7182,synthetic
synthetic,-59.5554,152.0931,synthetic
synthetic,-165.8606,-178.8521,synthetic
synthetic,-91.823,-129.7786,synthetic
synthetic,-83.5834,132.455,synthetic
synthetic,-33.8143,73.3706,synthetic
synthetic,2.6605,-84.8206,synthetic
synthetic,109.2547,6.21,synthetic
synthetic,-3.8655,-74.4909,synthetic
synthetic,-128.4963,-130.4013,synthetic
synthetic,32.4992,58.6579,synthetic
synthetic,-91.7647,-131.8126,synthetic
synthetic,-149.184,81.2644,synthetic
synthetic,-177.5143,88.3053,synthetic
synthetic,63.9622,-155.9314,synthetic
synthetic,-88.6401,-1.9225,synthetic
synthetic,61.0155,143.2819,synthetic
synthetic,62.3591,-143.1312,synthetic
synthetic,-146.9733,176.7084,synthetic
synthetic,-168.0417,76.6909,synthetic
synthetic,85.1445,162.435,synthetic
synthetic,-125.4831,173.0394,synthetic
synthetic,123.6864,-46.107,synthetic
synthetic,0.7181,-99.3237,synthetic
synthetic,110.4338,101.939,synthetic
synthetic,-25.8418,-170.4224,synthetic
synthetic,-25.8787,-173.0133,synthetic
synthetic,87.9708,177.2207,synthetic
synthetic,-10.3205,120.4872,synthetic
synthetic,139.367,-159.0643,synthetic
synthetic,63.1255,22.101,synthetic
synthetic,-32.0954,-177.0712,synthetic
synthetic,164.9007,166.3858,synthetic
synthetic,81.6352,179.9481,synthetic
synthetic,109.3493,22.5014,synthetic
synthetic,138.5795,-161.0319,synthetic
synthetic,-99.6436,70.8599,synthetic
synthetic,156.3594,-56.3027,synthetic
synthetic,163.7065,-170.551,synthetic
synthetic,168.9371,162.1042,synthetic
synthetic,-104.0006,-179.3252,synthetic
synthetic,-121.3823,151.2716,synthetic
synthetic,75.7177,151.6328,synthetic
synthetic,70.2999,143.9193,synthetic
synthetic,116.6224,-81.3064,synthetic
synthetic,-88.9943,141.2005,synthetic
synthetic,-158.2659,-51.2916,synthetic
synthetic,-149.541,33.7594,synthetic
synthetic,-62.3437,-48.2527,synthetic
synthetic,169.8608,163.0507,synthetic
synthetic,60.9953,-145.3635,synthetic
synthetic,-44.818,-59.2001,synthetic
synthetic,-142.4291,-80.1368,synthetic
synthetic,57.195,23.6103,synthetic
synthetic,77.9026,-131.398,synthetic
synthetic,26.2212,58.9039,synthetic
synthetic,59.444,-146.2899,synthetic
synthetic,82.0466,-177.5468,synthetic
synthetic,83.4882,179.335,synthetic
synthetic,-28.235,-168.9615,synthetic
synthetic,142.1906,109.937,synthetic
synthetic,175.7806,-178.2119,synthetic
synthetic,177.5315,-34.3953,synthetic
synthetic,138.7636,108.4293,synthetic
synthetic,173.1949,-33.4806,synthetic
synthetic,-57.4582,-45.4066,synthetic
synthetic,26.946,53.5408,synthetic
synthetic,-159.5827,-171.5563,synthetic
synthetic,78.5705,-177.6149,synthetic
synthetic,74.845,166.7956,synthetic
synthetic,78.5758,157.2783,synthetic
synthetic,-160.7766,-173.3406,synthetic
synthetic,57.2592,-145.2226,synthetic
synthetic,-148.9119,84.244,synthetic
synthetic,-162.9163,-172.7571,synthetic
synthetic,-7.4285,123.6715,synthetic
synthetic,128.71,12.5417,synthetic
synthetic,-179.2827,32.6606,synthetic
synthetic,127.3645,166.6488,synthetic
synthetic,-167.6822,157.5361,synthetic
synthetic,83.8233,-162.2831,synthetic
synthetic,178.4297,50.3034,synthetic
synthetic,67.5347,130.6453,synthetic
synthetic,142.2426,111.0223,synthetic
synthetic,177.338,-31.8847,synthetic
synthetic,173.0494,-179.5148,synthetic
synthetic,68.545,140.1472,synthetic
synthetic,-37.0639,-67.7533,synthetic
synthetic,-140.8542,-92.4601,synthetic
synthetic,151.224,3.3421,synthetic
synthetic,-166.8081,72.2505,synthetic
synthetic,81.4266,-71.1446,synthetic
synthetic,-153.3255,78.2819,synthetic
synthetic,-103.7441,-171.9695,synthetic
synthetic,-30.2076,-173.8982,synthetic
synthetic,-8.2373,-9.749,synthetic
synthetic,105.608,-71.9234,synthetic
synthetic,-84.2474,167.9447,synthetic
synthetic,138.9381,114.9547,synthetic
synthetic,50.9303,48.7092,synthetic
synthetic,-166.8402,151.2802,synthetic
synthetic,73.7548,169.9871,synthetic
synthetic,64.1613,23.6389,synthetic
synthetic,53.3357,-143.0434,synthetic
synthetic,-121.1692,98.7376,synthetic
synthetic,135.0182,167.3312,synthetic
synthetic,88.5324,179.2345,synthetic
synthetic,84.8641,-65.0791,synthetic
synthetic,68.4915,123.8145,synthetic
synthetic,69.4827,26.592,synthetic
synthetic,135.2111,107.2303,synthetic
synthetic,50.2708,51.1757,synthetic
synthetic,-80.0816,155.4746,synthetic
synthetic,106.3792,-69.9309,synthetic
synthetic,-105.8604,-1.1701,synthetic
synthetic,152.5013,-53.4261,synthetic
synthetic,57.1736,29.445,synthetic
synthetic,124.0088,168.8,synthetic
synthetic,-34.5401,75.7071,synthetic
synthetic,80.6742,-177.764,synthetic
synthetic,145.4479,115.0738,synthetic
synthetic,-175.7827,-35.4029,synthetic
synthetic,-178.1149,170.744,synthetic
synthetic,78.7713,176.7124,synthetic
synthetic,-135.4172,-51.4987,synthetic
synthetic,99.9548,18.7533,synthetic
synthetic,-126.5683,-129.354,synthetic
synthetic,-95.0979,129.5178,synthetic
synthetic,172.682,37.414,synthetic
synthetic,141.3906,-149.2567,synthetic
synthetic,-154.8829,-56.3114,synthetic
synthetic,179.841,-33.4916,synthetic
synthetic,57.3496,140.2227,synthetic
synthetic,80.6364,-127.0682,synthetic
synthetic,79.4494,-131.6692,synthetic
synthetic,52.5629,61.2016,synthetic
synthetic,-94.8841,-178.3613,synthetic
synthetic,-113.6732,134.5566,synthetic
synthetic,80.9763,155.8828,synthetic
synthetic,89.4817,-64.3633,synthetic
synthetic,-90.2086,-12.4151,synthetic
synthetic,-161.3033,41.6079,synthetic
synthetic,-94.1617,-169.5386,synthetic
synthetic,125.7944,8.2604,synthetic
synthetic,84.3491,151.1375,synthetic
synthetic,105.276,99.9662,synthetic
synthetic,71.2384,127.2426,synthetic
synthetic,172.4483,-172.6554,synthetic
synthetic,27.3753,64.1874,synthetic
synthetic,-129.1329,-130.7944,synthetic
synthetic,172.1149,178.4349,synthetic
synthetic,-14.8358,119.0683,synthetic
synthetic,-116.0116,5.2736,synthetic
synthetic,-58.849,-46.0906,synthetic
synthetic,61.8847,22.1269,synthetic
synthetic,179.148,152.509,synthetic
synthetic,119.006,128.9766,synthetic
synthetic,78.0489,-128.589,synthetic
synthetic,-119.148,163.924,synthetic
synthetic,-55.6976,118.2714,synthetic
synthetic,-57.5685,146.1817,synthetic
synthetic,-29.2605,79.5182,synthetic
synthetic,-23.951,124.751,synthetic
synthetic,147.8801,-161.7563,synthetic
synthetic,54.7219,49.599,synthetic
synthetic,-157.6092,36.5635,synthetic
synthetic,-177.3336,163.4062,synthetic
synthetic,-137.9085,16.6281,synthetic
synthetic,-159.2442,-56.0787,synthetic
synthetic,7.2667,-77.3691,synthetic
synthetic,56.2537,-146.2771,synthetic
synthetic,-31.249,-168.3232,synthetic
synthetic,176.2916,36.2501,synthetic
synthetic,-92.6393,3.2489,synthetic
synthetic,-166.7501,-176.622,synthetic
synthetic,-56.8913,-44.0831,synthetic
synthetic,142.9852,109.6237,synthetic
synthetic,-147.3604,74.1065,synthetic
synthetic,-91.2518,-114.3694,synthetic
synthetic,-90.5858,-8.2094,synthetic
synthetic,128.381,10.3926,synthetic
synthetic,151.0844,-49.9382,synthetic
synthetic,175.9385,175.6477,synthetic
synthetic,167.9311,161.5147,synthetic
synthetic,116.4748,-70.056,synthetic
synthetic,-115.313,-171.3381,synthetic
synthetic,113.2232,-68.9076,synthetic
synthetic,-45.9067,-170.1873,synthetic
synthetic,-176.5248,124.8638,synthetic
synthetic,-105.2057,-177.5158,synthetic
synthetic,-155.3438,-52.3309,synthetic
synthetic,-127.3273,137.823,synthetic
synthetic,123.6107,7.5342,synthetic
synthetic,66.102,-10.3905,synthetic
synthetic,2.9928,-82.8223,synthetic
synthetic,-164.5712,148.2466,synthetic
synthetic,-87.2587,65.1002,synthetic
synthetic,73.066,-140.0699,synthetic
synthetic,170.454,40.5703,synthetic
synthetic,85.5613,-156.7246,synthetic
synthetic,75.8002,2.3457,synthetic
synthetic,87.814,-63.0062,synthetic
synthetic,140.8729,116.2066,synthetic
synthetic,106.0925,-10.5362,synthetic
synthetic,-77.5076,143.109,synthetic
synthetic,-66.2842,-55.9875,synthetic
synthetic,-125.7132,-132.9056,synthetic
synthetic,129.4786,12.1301,synthetic
synthetic,-99.596,-170.5805,synthetic
synthetic,166.0334,-170.8098,synthetic
synthetic,-81.3205,125.7797,synthetic
synthetic,-72.3895,153.1174,synthetic
synthetic,-156.5343,34.9398,synthetic
synthetic,108.8254,10.2118,synthetic
synthetic,85.0713,-164.1272,synthetic
synthetic,-163.6839,154.1071,synthetic
synthetic,85.7788,-62.7263,synthetic
synthetic,-99.7903,-172.826,synthetic
synthetic,-78.1322,170.4204,synthetic
synthetic,-67.1468,134.2056,synthetic
synthetic,104.435,157.1842,synthetic
synthetic,-10.0461,126.8464,synthetic
synthetic,147.5876,155.4008,synthetic
synthetic,157.3198,10.8149,synthetic
synthetic,-14.261,124.0477,synthetic
synthetic,126.1924,166.8736,synthetic
synthetic,169.218,38.4986,synthetic
synthetic,-56.9404,-46.833,synthetic
synthetic,84.1511,-179.8029,synthetic
synthetic,-44.8166,-174.2283,synthetic
synthetic,-122.7601,2.443,synthetic
synthetic,110.7933,9.3307,synthetic
synthetic,-150.4958,35.1529,synthetic
synthetic,2.5162,-85.7912,synthetic
synthetic,-32.5394,-171.4875,synthetic
synthetic,-101.8994,-170.7117,synthetic
synthetic,-67.9642,-38.563,synthetic
synthetic,82.8514,149.4862,synthetic
synthetic,61.8552,-158.1562,synthetic
synthetic,139.5285,115.4462,synthetic
synthetic,-154.9099,23.6842,synthetic
synthetic,173.6618,-177.6085,synthetic
synthetic,-7.604,-3.405,synthetic
synthetic,144.8986,-161.8115,synthetic
synthetic,172.4373,38.4999,synthetic
synthetic,-84.2061,-123.0535,synthetic
synthetic,-32.0633,81.1763,synthetic
synthetic,-5.0609,-101.2314,synthetic
synthetic,-164.3329,-51.3543,synthetic
synthetic,-160.1435,-51.2089,synthetic
synthetic,172.7745,-174.702,synthetic
synthetic,79.6726,-132.6865,synthetic
synthetic,83.5224,158.4246,synthetic
synthetic,175.2613,-177.1996,synthetic
synthetic,166.0469,-53.2312,synthetic
synthetic,-160.2281,-176.5064,synthetic
synthetic,113.2477,-74.5934,synthetic
synthetic,-97.3224,68.5301,synthetic
synthetic,100.7601,-12.1614,synthetic
synthetic,141.93,109.155,synthetic
synthetic,103.3322,-9.381,synthetic
synthetic,-130.5068,-131.1626,synthetic
synthetic,173.1651,41.5339,synthetic
synthetic,-66.6747,-41.0652,synthetic
synthetic,-133.2815,154.2176,synthetic
synthetic,173.42,172.0816,synthetic
synthetic,58.6567,142.3894,synthetic
synthetic,-90.986,114.9059,synthetic
synthetic,-89.9659,-11.2747,synthetic
synthetic,-158.2138,-175.6497,synthetic
synthetic,-94.5523,138.2119,synthetic
synthetic,-123.5463,-131.127,synthetic
synthetic,-92.2139,0.5798,synthetic
synthetic,-53.5782,26.5495,synthetic
synthetic,-126.7896,-48.7113,synthetic
synthetic,-119.1747,-174.5463,synthetic
synthetic,-57.4837,32.9982,synthetic
synthetic,-44.3191,-61.8957,synthetic
synthetic,-158.4188,-169.0518,synthetic
synthetic,96.0068,109.15,synthetic
synthetic,174.8655,153.8352,synthetic
synthetic,-172.0132,-178.6089,synthetic
synthetic,80.5425,152.133,synthetic
synthetic,162.7719,-171.2866,synthetic
synthetic,-159.3234,-53.6718,synthetic
synthetic,-77.3677,-16.2854,synthetic
synthetic,146.6706,-148.9548,synthetic
synthetic,109.1031,5.5053,synthetic
synthetic,-40.0751,72.2515,synthetic
synthetic,-167.5,-174.3254,synthetic
synthetic,-160.812,-173.2147,synthetic
synthetic,133.4658,-51.0136,synthetic
synthetic,67.2274,125.4132,synthetic
synthetic,82.8425,5.3184,synthetic
synthetic,-83.5607,50.1137,synthetic
synthetic,-143.8236,-80.9642,synthetic
synthetic,-139.8282,133.536,synthetic
synthetic,-95.0091,-173.3895,synthetic
synthetic,89.854,-177.3883,synthetic
synthetic,99.9115,35.5859,synthetic
synthetic,-13.0936,-9.0266,synthetic
synthetic,120.059,125.3404,synthetic
synthetic,129.4141,7.0077,synthetic
synthetic,177.2625,147.3721,synthetic
synthetic,86.9617,-65.5201,synthetic
synthetic,-163.1121,74.0325,synthetic
synthetic,50.2148,56.268,synthetic
synthetic,-93.3432,-6.5314,synthetic
synthetic,98.8133,-14.878,synthetic
synthetic,-53.9932,158.1097,synthetic
synthetic,176.5569,-177.7939,synthetic
synthetic,-125.3178,-175.3247,synthetic
synthetic,77.8711,-134.7166,synthetic
synthetic,-93.8698,-123.02,synthetic
synthetic,125.9357,15.0788,synthetic
synthetic,171.9923,160.5319,synthetic
synthetic,-96.8985,154.5386,synthetic
synthetic,179.7348,-31.1422,synthetic
synthetic,126.8696,10.5123,synthetic
synthetic,-64.6199,-41.341,synthetic
synthetic,170.3045,176.6905,synthetic
synthetic,167.8453,40.5767,synthetic
synthetic,-88.5249,54.9353,synthetic
synthetic,172.8767,39.4033,synthetic
synthetic,-143.5499,-92.5234,synthetic
synthetic,129.9059,11.3315,synthetic
synthetic,107.258,154.6847,synthetic
synthetic,146.9571,-167.2602,synthetic
synthetic,-101.4386,-1.8684,synthetic
synthetic,-122.7685,-0.5463,synthetic
synthetic,174.9936,45.5958,synthetic
synthetic,-165.4281,-179.8458,synthetic
synthetic,179.8832,-34.0965,synthetic
synthetic,-71.2946,133.8753,synthetic
synthetic,-8.2986,-12.6279,synthetic
synthetic,-156.1485,-178.542,synthetic
synthetic,139.9614,111.8593,synthetic
synthetic,-47.6232,-178.3572,synthetic
synthetic,-122.0939,152.656,synthetic
synthetic,-108.0405,151.5677,synthetic
synthetic,174.6919,41.4023,synthetic
synthetic,71.078,1.8872,synthetic
synthetic,-68.0183,21.8713,synthetic
synthetic,117.4968,-77.395,synthetic
synthetic,172.8231,155.8506,synthetic
synthetic,-142.0403,131.0657,synthetic
synthetic,92.0721,-178.5501,synthetic
synthetic,175.2464,168.4233,synthetic
synthetic,178.3073,-33.6629,synthetic
synthetic,-61.2689,-49.3582,synthetic
synthetic,-48.6784,155.1142,synthetic
synthetic,122.3808,128.1962,synthetic
synthetic,-99.6991,-15.9781,synthetic
synthetic,-31.0219,-169.9523,synthetic
synthetic,82.2906,-178.3807,synthetic
synthetic,-155.4448,-65.209,synthetic
synthetic,82.5708,-58.0785,synthetic
synthetic,-142.0269,107.7383,synthetic
synthetic,136.5084,152.4412,synthetic
synthetic,75.836,-3.4899,synthetic
synthetic,-130.5205,-47.943,synthetic
synthetic,75.1723,-5.9077,synthetic
synthetic,176.3138,38.425,synthetic
synthetic,81.7218,157.8151,synthetic
synthetic,155.7307,-48.2838,synthetic
synthetic,76.87,15.6478,synthetic
synthetic,-165.8605,86.2308,synthetic
synthetic,66.9639,139.4037,synthetic
synthetic,-166.0834,149.0979,synthetic
synthetic,-93.9966,-175.2204,synthetic
synthetic,177.4458,150.2918,synthetic
synthetic,-92.4701,-122.194,synthetic
synthetic,-147.7986,28.1641,synthetic
synthetic,67.0935,-150.2574,synthetic
synthetic,-157.2395,30.9083,synthetic
synthetic,-176.333,-33.9739,synthetic
synthetic,-47.1164,-163.5507,synthetic
synthetic,-165.4659,-48.927,synthetic
synthetic,-14.0989,123.3696,synthetic
synthetic,-133.6047,105.3658,synthetic
synthetic,-116.4121,-142.2754,synthetic
synthetic,172.8847,176.0977,synthetic
synthetic,80.5655,-65.9746,synthetic
synthetic,173.5134,155.6859,synthetic
synthetic,-89.1844,137.4178,synthetic
synthetic,128.0274,10.2503,synthetic
synthetic,-88.6411,77.8205,synthetic
synthetic,-161.4293,-50.7988,synthetic
synthetic,165.1612,-177.6001,synthetic
synthetic,-22.9107,117.5058,synthetic
synthetic,130.9326,126.3719,synthetic
synthetic,-68.2208,148.4062,synthetic
synthetic,-70.813,-22.4751,synthetic
synthetic,-38.1037,73.4102,synthetic
synthetic,-35.5015,-173.2556,synthetic
synthetic,-97.2953,49.6662,synthetic
synthetic,-123.2582,-176.5796,synthetic
synthetic,83.7191,-176.3219,synthetic
synthetic,-120.8418,143.2266,synthetic
synthetic,-106.0063,34.7193,synthetic
synthetic,-142.4241,-177.4337,synthetic
synthetic,63.7114,26.4926,synthetic
synthetic,-50.1221,-48.3514,synthetic
synthetic,101.7471,18.4117,synthetic
synthetic,72.1339,-4.5832,synthetic
synthetic,-128.2956,108.9872,synthetic
synthetic,-96.9793,-171.0371,synthetic
synthetic,174.2913,-173.2506,synthetic
synthetic,-138.846,164.9687,synthetic
synthetic,-80.151,131.45,synthetic
synthetic,103.1734,17.8167,synthetic
synthetic,167.366,-177.3121,synthetic
synthetic,-89.8265,-117.6518,synthetic
synthetic,-93.9022,-122.6245,synthetic
synthetic,-58.8913,-36.8558,synthetic
synthetic,-123.6484,148.7378,synthetic
synthetic,-167.0712,-176.6922,synthetic
synthetic,-29.4655,-168.3273,synthetic
synthetic,-175.9038,86.4561,synthetic
synthetic,60.2332,28.5046,synthetic
synthetic,-130.3396,-57.0046,synthetic
synthetic,2.9707,-87.355,synthetic
synthetic,-75.6763,130.974,synthetic
synthetic,62.0201,-148.4927,synthetic
synthetic,169.2532,48.8583,synthetic
synthetic,-155.7603,169.3112,synthetic
synthetic,-28.9053,-170.427,synthetic
synthetic,-158.3034,-170.2422,synthetic
synthetic,-179.0816,88.3549,synthetic
synthetic,170.8913,-35.6033,synthetic
synthetic,68.0307,-10.2162,synthetic
synthetic,179.5526,82.9677,synthetic
synthetic,125.3946,6.6403,synthetic
synthetic,54.4429,61.7271,synthetic
synthetic,127.9822,-45.9294,synthetic
synthetic,172.9932,159.1344,synthetic
synthetic,-10.9785,-9.6761,synthetic
synthetic,173.8554,-173.8977,synthetic
synthetic,173.3422,40.5229,synthetic
synthetic,-115.3422,114.6675,synthetic
synthetic,-45.442,-169.3733,synthetic
synthetic,-57.2639,118.9285,synthetic
synthetic,-124.6913,164.5627,synthetic
synthetic,-104.8065,-2.1263,synthetic
synthetic,-138.1459,22.1555,synthetic
synthetic,139.1503,-158.3854,synthetic
synthetic,-159.9833,75.1962,synthetic
synthetic,59.9817,46.356,synthetic
synthetic,177.621,154.6632,synthetic
synthetic,-97.0791,-169.4666,synthetic
synthetic,-178.252,83.3243,synthetic
synthetic,120.5902,128.2664,synthetic
synthetic,-87.8417,135.1154,synthetic
synthetic,-123.7209,-130.9148,synthetic
synthetic,-75.3817,130.7354,synthetic
synthetic,-114.5493,9.198,synthetic
synthetic,-127.4082,105.3511,synthetic
synthetic,-127.7406,-54.4182,synthetic
synthetic,-101.4276,109.7338,synthetic
synthetic,-151.9208,32.0383,synthetic
synthetic,-81.4498,22.3821,synthetic
synthetic,173.2841,43.584,synthetic
synthetic,57.7379,-144.586,synthetic
synthetic,-116.1218,-172.2634,synthetic
synthetic,-165.0955,-175.0809,synthetic
synthetic,79.1076,-69.864,synthetic
synthetic,-11.2988,-3.8837,synthetic
synthetic,-142.6104,169.7327,synthetic
synthetic,75.734,1.8243,synthetic
synthetic,-54.3294,143.3295,synthetic
synthetic,66.3269,126.8145,synthetic
synthetic,-135.66,75.8663,synthetic
synthetic,169.6676,156.6869,synthetic
synthetic,-40.4183,71.9057,synthetic
synthetic,-91.7886,165.1197,synthetic
synthetic,175.3535,-174.7335,synthetic
synthetic,127.1945,9.188,synthetic
synthetic,-91.9784,-115.002,synthetic
synthetic,-160.7618,-49.9695,synthetic
synthetic,164.4656,-171.9954,synthetic
synthetic,124.6801,127.9234,synthetic
synthetic,147.2011,-150.6565,synthetic
synthetic,171.1136,42.2037,synthetic
synthetic,-129.1168,-22.8731,synthetic
synthetic,176.2451,-179.4652,synthetic
synthetic,-164.1702,-176.1823,synthetic
synthetic,76.6288,175.3623,synthetic
synthetic,178.1657,52.8102,synthetic
synthetic,79.3015,-138.1879,synthetic
synthetic,-43.2507,-60.1302,synthetic
synthetic,126.9254,166.478,synthetic
synthetic,-95.6763,-178.0826,synthetic
synthetic,174.4883,179.6485,synthetic
synthetic,-121.8497,-177.3554,synthetic
synthetic,-118.5596,-10.3491,synthetic
synthetic,83.5259,-68.8036,synthetic
synthetic,67.3538,139.5649,synthetic
synthetic,-174.6913,82.1221,synthetic
synthetic,-145.548,34.7468,synthetic
synthetic,81.9849,-158.6808,synthetic
synthetic,-153.545,76.0829,synthetic
synthetic,-99.3447,-16.3793,synthetic
synthetic,-160.6453,173.0082,synthetic
synthetic,160.9594,-53.2726,synthetic
synthetic,90.7296,-160.5753,synthetic
synthetic,-42.3004,-168.5621,synthetic
synthetic,-46.3061,-173.322,synthetic
synthetic,-32.8066,-168.9458,synthetic
synthetic,-94.389,156.6371,synthetic
synthetic,-160.344,-51.6603,synthetic
synthetic,79.3766,-159.5236,synthetic
synthetic,-163.979,80.2993,synthetic
synthetic,117.9498,-73.6478,synthetic
synthetic,-92.425,46.2128,synthetic
synthetic,103.0479,110.0152,synthetic
synthetic,171.1578,155.988,synthetic
synthetic,76.8224,-68.3834,synthetic
synthetic,77.9241,16.4861,synthetic
synthetic,-101.2214,-167.6608,synthetic
synthetic,-58.2121,30.7836,synthetic
synthetic,-164.2708,-172.4944,synthetic
synthetic,-143.7666,-79.5113,synthetic
synthetic,167.8561,-176.1789,synthetic
synthetic,56.9453,-147.825,synthetic
synthetic,-179.4002,-32.9124,synthetic
synthetic,-177.0282,165.0704,synthetic
synthetic,-29.9478,115.0619,synthetic
synthetic,-70.5899,-46.4429,synthetic
synthetic,-179.9209,-35.8104,synthetic
synthetic,-116.3485,151.4935,synthetic
synthetic,-124.2101,-32.8709,synthetic
synthetic,-14.4946,-9.0415,synthetic
synthetic,5.6673,-85.3582,synthetic
synthetic,124.3949,-48.2378,synthetic
synthetic,-88.5985,134.7716,synthetic
synthetic,107.4303,-5.4994,synthetic
synthetic,107.1093,157.2852,synthetic
synthetic,176.2673,168.6538,synthetic
synthetic,128.7639,8.3654,synthetic
synthetic,-77.0912,36.5784,synthetic
synthetic,177.5509,-30.4298,synthetic
synthetic,81.7698,-178.3204,synthetic
synthetic,-103.1653,-173.4884,synthetic
synthetic,58.0982,51.4523,synthetic
synthetic,-98.4814,48.2991,synthetic
synthetic,83.4074,151.3123,synthetic
synthetic,-95.5902,-127.489,synthetic
synthetic,-128.5712,-132.6824,synthetic
synthetic,-25.6875,118.639,synthetic
synthetic,-146.9829,179.7879,synthetic
synthetic,-175.4716,80.7658,synthetic
synthetic,-63.5904,-43.8675,synthetic
synthetic,-73.9083,146.2154,synthetic
synthetic,74.6828,140.4228,synthetic
synthetic,-36.9937,125.0244,synthetic
synthetic,76.3684,156.4483,synthetic
synthetic,-140.412,18.7051,synthetic
synthetic,-83.8856,-123.6991,synthetic
synthetic,79.4157,-67.6839,synthetic
synthetic,68.5601,132.5867,synthetic
synthetic,140.5127,107.4005,synthetic
synthetic,-108.7005,159.5073,synthetic
synthetic,-157.4811,124.3365,synthetic
synthetic,-133.9865,20.7005,synthetic
synthetic,-28.4457,-175.2807,synthetic
synthetic,-90.0626,166.2752,synthetic
synthetic,-71.7386,-14.137,synthetic
synthetic,67.4034,20.5607,synthetic
synthetic,-95.2112,-7.961,synthetic
synthetic,-118.358,-10.7638,synthetic
synthetic,159.9984,-174.1682,synthetic
synthetic,-130.8928,-125.5349,synthetic
synthetic,-28.9048,-170.8589,synthetic
synthetic,-105.045,160.9631,synthetic
synthetic,-12.1459,121.8188,synthetic
synthetic,-58.9946,178.7024,synthetic
synthetic,-105.8547,158.5974,synthetic
synthetic,-84.3405,-121.1966,synthetic
synthetic,-141.1058,164.6417,synthetic
synthetic,-33.3088,-170.7958,synthetic
synthetic,-178.8075,174.4292,synthetic
synthetic,-42.9816,-170.6476,synthetic
synthetic,175.1627,39.5782,synthetic
synthetic,57.4257,-146.4909,synthetic
synthetic,54.9187,62.1806,synthetic
synthetic,-100.8729,-170.7338,synthetic
synthetic,148.1861,114.5465,synthetic
synthetic,-49.3487,-51.3482,synthetic
synthetic,-30.0345,-167.7221,synthetic
synthetic,178.9951,42.1117,synthetic
synthetic,-60.8071,154.5937,synthetic
synthetic,-144.7041,-170.2291,synthetic
synthetic,-82.76,76.2618,synthetic
synthetic,-163.2319,77.8145,synthetic
synthetic,-27.3227,-171.171,synthetic
synthetic,115.9015,-83.4515,synthetic
synthetic,-156.1021,36.4878,synthetic
synthetic,115.7488,158.2176,synthetic
synthetic,99.528,107.3323,synthetic
synthetic,-166.137,-176.0194,synthetic
synthetic,116.9647,159.6104,synthetic
synthetic,163.7823,-164.8146,synthetic
synthetic,-96.4808,138.5948,synthetic
synthetic,108.6539,106.3789,synthetic
synthetic,-91.0817,142.352,synthetic
synthetic,170.9512,-174.6803,synthetic
synthetic,87.0732,-160.8849,synthetic
synthetic,178.6203,150.7228,synthetic
synthetic,-126.4464,-128.1437,synthetic
synthetic,122.4421,132.6479,synthetic
synthetic,-35.1059,75.0079,synthetic
synthetic,-95.7367,-169.0329,synthetic
synthetic,-14.3355,117.3179,synthetic
synthetic,-31.1165,-171.8476,synthetic
synthetic,-155.134,24.1256,synthetic
synthetic,-98.3822,124.3067,synthetic
synthetic,-33.2256,72.637,synthetic
synthetic,3.833,-84.1586,synthetic
synthetic,-68.4505,122.5818,synthetic
synthetic,-29.9389,77.7428,synthetic
synthetic,-98.3172,16.2143,synthetic
synthetic,-48.6585,-40.3419,synthetic
synthetic,59.5018,147.2923,synthetic
synthetic,85.6017,-176.8832,synthetic
synthetic,82.3827,176.8626,synthetic
synthetic,-90.1558,150.3365,synthetic
synthetic,83.1164,34.3779,synthetic
synthetic,-93.377,-178.4479,synthetic
synthetic,59.0047,26.9696,synthetic
synthetic,108.6132,158.8452,synthetic
synthetic,60.9897,47.2219,synthetic
synthetic,154.3042,-56.5057,synthetic
synthetic,86.3568,-164.8537,synthetic
synthetic,171.8638,44.5965,synthetic
synthetic,-122.5616,50.5225,synthetic
synthetic,77.4336,-66.8612,synthetic
synthetic,-81.2916,104.0128,synthetic
synthetic,156.8628,-54.7386,synthetic
synthetic,-110.8816,122.8844,synthetic
synthetic,140.3337,-157.264,synthetic
synthetic,122.1212,168.7541,synthetic
synthetic,88.0742,17.0034,synthetic
synthetic,-114.6637,147.0806,synthetic
synthetic,-56.1308,-46.199,synthetic
synthetic,-43.0577,-178.5446,synthetic
synthetic,175.8688,-179.8573,synthetic
synthetic,153.646,167.41,synthetic
synthetic,165.3545,-177.5474,synthetic
synthetic,-81.4154,124.8653,synthetic
synthetic,-101.5509,-170.3172,synthetic
synthetic,-155.2063,35.8068,synthetic
synthetic,4.2271,-83.7498,synthetic
synthetic,84.8702,-62.4596,synthetic
synthetic,89.7352,-160.8537,synthetic
synthetic,107.5154,-12.0708,synthetic
synthetic,-157.3838,28.4067,synthetic
synthetic,-163.3532,-172.4863,synthetic
synthetic,170.0263,45.7346,synthetic
synthetic,-111.0376,142.7366,synthetic
synthetic,-62.1559,-42.0695,synthetic
synthetic,-177.9328,86.6429,synthetic
synthetic,106.8403,107.2105,synthetic
synthetic,-23.6357,115.1754,synthetic
synthetic,173.5445,-177.3947,synthetic
synthetic,-124.0382,-49.4088,synthetic
synthetic,-179.6947,40.3617,synthetic
synthetic,117.0737,-74.1292,synthetic
synthetic,-140.8003,-82.8692,synthetic
synthetic,-24.6319,122.6155,synthetic
synthetic,-135.8112,32.0963,synthetic
synthetic,-88.8065,125.9632,synthetic
synthetic,-97.3471,-175.0386,synthetic
synthetic,178.6169,176.6094,synthetic
synthetic,-70.1713,11.551,synthetic
synthetic,174.4055,49.6361,synthetic
synthetic,-177.3735,36.826,synthetic
synthetic,55.9933,-149.9014,synthetic
synthetic,-161.1396,-171.5294,synthetic
synthetic,-51.5248,-61.644,synthetic
synthetic,57.9004,62.0004,synthetic
synthetic,-178.4684,38.3555,synthetic
synthetic,141.9377,112.6834,synthetic
synthetic,-113.0903,17.7095,synthetic
synthetic,-58.085,-41.38,synthetic
synthetic,-179.1092,155.1294,synthetic
synthetic,-174.8102,-31.9011,synthetic
synthetic,-97.7263,-55.7226,synthetic
synthetic,140.2472,107.391,synthetic
synthetic,-131.5423,-57.1517,synthetic
synthetic,88.4696,-169.9727,synthetic
synthetic,65.6033,20.6916,synthetic
synthetic,101.0664,110.761,synthetic
synthetic,-31.7099,-170.5248,synthetic
synthetic,-161.7815,-175.8789,synthetic
synthetic,70.8282,1.7878,synthetic
synthetic,71.4059,124.5426,synthetic
synthetic,75.3366,158.5236,synthetic
synthetic,-176.3925,39.684,synthetic
synthetic,-160.0329,32.0867,synthetic
synthetic,-2.9456,-99.3839,synthetic
synthetic,-61.5024,-42.5687,synthetic
synthetic,-89.9707,-119.7302,synthetic
synthetic,129.1054,-45.2247,synthetic
synthetic,67.3238,-146.5637,synthetic
synthetic,-31.5789,-177.0747,synthetic
synthetic,-139.7447,167.4106,synthetic
synthetic,-167.0245,74.1888,synthetic
synthetic,-24.028,-175.2604,synthetic
synthetic,-94.0326,38.072,synthetic
synthetic,-157.718,76.1234,synthetic
synthetic,-55.2878,34.2176,synthetic
synthetic,-64.5265,-29.3366,synthetic
synthetic,-49.1315,-63.9439,synthetic
synthetic,114.0877,-71.7609,synthetic
synthetic,63.326,34.794,synthetic
synthetic,-142.4563,167.1147,synthetic
synthetic,-33.2733,-56.8176,synthetic
synthetic,-48.5938,-52.7479,synthetic
synthetic,79.2188,-138.2641,synthetic
synthetic,57.3275,40.2769,synthetic
synthetic,46.9009,49.146,synthetic
synthetic,-160.6343,-54.0903,synthetic
synthetic,155.5437,-54.4846,synthetic
synthetic,78.8107,-62.8957,synthetic
synthetic,81.1582,179.9466,synthetic
synthetic,-122.6614,-168.9831,synthetic
synthetic,-36.2945,-119.2211,synthetic
synthetic,85.2192,-70.185,synthetic
synthetic,-68.1943,177.4057,synthetic
synthetic,57.4896,41.9458,synthetic
synthetic,173.3139,37.2387,synthetic
synthetic,-162.5548,-51.6525,synthetic
synthetic,-29.7081,75.5595,synthetic
synthetic,78.7792,151.3269,synthetic
synthetic,-140.7814,-93.8574,synthetic
synthetic,113.0795,-78.9031,synthetic
synthetic,-154.8545,-54.4573,synthetic
synthetic,136.5923,-161.4438,synthetic
synthetic,-92.3994,5.1688,synthetic
synthetic,-144.2269,27.0443,synthetic
synthetic,128.0953,5.8276,synthetic
synthetic,-95.2658,45.5331,synthetic
synthetic,61.7954,-148.5133,synthetic
synthetic,-174.5706,167.5599,synthetic
synthetic,-129.9527,136.4198,synthetic
synthetic,-132.4725,-128.8485,synthetic
synthetic,-57.3128,120.5979,synthetic
synthetic,90.9743,-179.0585,synthetic
synthetic,-129.4942,172.2536,synthetic
synthetic,138.6084,115.6773,synthetic
synthetic,141.6062,151.3869,synthetic
synthetic,84.4254,-174.8642,synthetic
synthetic,178.6491,41.6057,synthetic
synthetic,75.5547,-6.7709,synthetic
synthetic,-71.4844,14.543,synthetic
synthetic,25.4961,58.545,synthetic
synthetic,175.7579,-33.3247,synthetic
synthetic,127.1936,9.2725,synthetic
synthetic,169.0855,163.6556,synthetic
synthetic,79.6569,-131.075,synthetic
synthetic,-130.1525,-46.2011,synthetic
synthetic,-90.6837,-127.985,synthetic
synthetic,170.8433,151.7272,synthetic
synthetic,-92.6769,-121.2347,synthetic
synthetic,60.217,146.1361,synthetic
synthetic,164.8973,-54.288,synthetic
synthetic,-10.7649,-12.5785,synthetic
synthetic,-76.3375,168.3793,synthetic
synthetic,-53.0435,117.7001,synthetic
synthetic,-159.8189,-51.9547,synthetic
synthetic,-29.706,-170.4946,synthetic
synthetic,65.0681,-146.9742,synthetic
synthetic,-176.9156,32.0662,synthetic
synthetic,174.257,41.604,synthetic
synthetic,-12.9672,117.0334,synthetic
synthetic,157.9476,-50.7759,synthetic
synthetic,79.4201,20.1273,synthetic
synthetic,112.5625,155.1901,synthetic
synthetic,177.3078,164.698,synthetic
synthetic,147.4559,-160.5261,synthetic
synthetic,-66.022,-39.0283,synthetic
synthetic,-75.7458,171.117,synthetic
synthetic,80.8858,-178.3889,synthetic
synthetic,83.8248,-178.2868,synthetic
synthetic,98.0194,37.4564,synthetic
synthetic,170.4732,39.5644,synthetic
synthetic,-66.8925,96.7869,synthetic
synthetic,-155.0901,79.4453,synthetic
synthetic,71.5798,139.1619,synthetic
synthetic,-32.4709,-174.9943,synthetic
synthetic,-32.0881,-170.8852,synthetic
synthetic,154.926,-53.2742,synthetic
synthetic,-38.3898,71.2743,synthetic
synthetic,80.4179,18.6709,synthetic
synthetic,164.2979,167.0826,synthetic
synthetic,178.2598,179.8898,synthetic
synthetic,-88.0567,75.9206,synthetic
synthetic,0.953,-82.9985,synthetic
synthetic,153.1641,-53.7833,synthetic
synthetic,178.1906,-38.1077,synthetic
synthetic,-44.4578,156.129,synthetic
synthetic,-136.2012,-58.3837,synthetic
synthetic,-73.6599,21.1987,synthetic
synthetic,55.6707,54.0288,synthetic
synthetic,91.7413,175.2998,synthetic
synthetic,90.1251,13.1964,synthetic
synthetic,-99.3581,-172.9923,synthetic
synthetic,-93.6522,162.8326,synthetic
synthetic,-134.4135,160.8172,synthetic
synthetic,-92.6869,8.6355,synthetic
synthetic,-116.545,145.4834,synthetic
synthetic,-39.8886,-3.0174,synthetic
synthetic,102.4643,109.1625,synthetic
synthetic,163.6751,-173.0477,synthetic
synthetic,-168.6392,149.7866,synthetic
synthetic,-29.3286,75.4288,synthetic
synthetic,-13.9846,125.094,synthetic
synthetic,-93.8152,153.2872,synthetic
synthetic,169.8445,-174.3599,synthetic
synthetic,173.3411,35.1623,synthetic
synthetic,-24.8314,-176.5948,synthetic
synthetic,96.8465,113.6949,synthetic
synthetic,-92.5351,-114.951,synthetic
synthetic,130.3532,165.843,synthetic
synthetic,77.445,-129.9617,synthetic
synthetic,-119.7236,-174.856,synthetic
synthetic,178.2387,-36.9822,synthetic
synthetic,154.6292,163.9713,synthetic
synthetic,113.9672,158.6041,synthetic
synthetic,105.0346,-7.6174,synthetic
synthetic,84.7167,-154.9717,synthetic
synthetic,-162.6357,-177.9155,synthetic
synthetic,-31.6008,-174.3622,synthetic
synthetic,-169.0497,-174.186,synthetic
synthetic,-164.5679,-51.0262,synthetic
synthetic,-124.1631,152.4123,synthetic
synthetic,-126.7465,-128.1489,synthetic
synthetic,-108.4566,162.2333,synthetic
synthetic,178.5451,83.2247,synthetic
synthetic,-165.7474,157.4686,synthetic
synthetic,-131.5767,104.0933,synthetic
synthetic,-94.1216,-119.013,synthetic
synthetic,109.2129,-11.7667,synthetic
synthetic,113.3372,-78.8494,synthetic
synthetic,-37.7697,-66.3266,synthetic
synthetic,63.1883,135.7696,synthetic
synthetic,156.4143,156.4777,synthetic
synthetic,-86.7991,67.1694,synthetic
synthetic,-62.3268,-45.9873,synthetic
synthetic,-37.5732,-75.254,synthetic
synthetic,-159.5322,173.3109,synthetic
synthetic,49.1505,53.6097,synthetic
synthetic,-152.1309,78.0758,synthetic
synthetic,60.4428,144.6581,synthetic
synthetic,171.5242,-173.0522,synthetic
synthetic,-152.98,-54.4221,synthetic
synthetic,-9.756,-10.5917,synthetic
synthetic,141.2482,111.7558,synthetic
synthetic,-116.45,52.1897,synthetic
synthetic,-102.0368,-177.814,synthetic
synthetic,-50.0985,-66.9254,synthetic
synthetic,-31.9102,74.4767,synthetic
synthetic,-138.1188,-84.6095,synthetic
synthetic,-165.1173,-173.9586,synthetic
synthetic,-59.189,-38.5847,synthetic
synthetic,-130.1776,-129.9195,synthetic
synthetic,87.8172,-60.8485,synthetic
synthetic,-48.2395,-52.3802,synthetic
synthetic,-121.0373,130.5901,synthetic
synthetic,-105.1882,2.3184,synthetic
synthetic,167.8244,-179.6153,synthetic
synthetic,61.0718,18.4359,synthetic
synthetic,132.6377,165.401,synthetic
synthetic,-31.1305,-166.0396,synthetic
synthetic,119.2619,-69.9336,synthetic
synthetic,172.2039,169.338,synthetic
synthetic,96.8114,111.0682,synthetic
synthetic,-162.0769,-54.6748,synthetic
synthetic,-166.2966,-178.802,synthetic
synthetic,60.8921,25.0471,synthetic
synthetic,97.2622,22.7404,synthetic
synthetic,-157.1992,156.0485,synthetic
synthetic,-41.562,-55.9809,synthetic
synthetic,121.2913,-43.4992,synthetic
synthetic,58.6414,41.0479,synthetic
synthetic,-160.0874,72.24,synthetic
synthetic,-94.8232,-50.6307,synthetic
synthetic,-70.2114,-37.4266,synthetic
synthetic,-56.6257,-66.2878,synthetic
synthetic,135.6942,168.2521,synthetic
synthetic,-179.2009,-29.9265,synthetic
synthetic,129.3013,168.9703,synthetic
synthetic,107.0958,6.5753,synthetic
synthetic,-123.0204,36.9882,synthetic
synthetic,-124.6945,-175.5897,synthetic
synthetic,-27.8943,78.294,synthetic
synthetic,-55.8328,122.1273,synthetic
synthetic,155.4757,-48.0619,synthetic
synthetic,60.0944,20.6835,synthetic
synthetic,-82.2344,139.6316,synthetic
synthetic,72.1401,125.0328,synthetic
synthetic,-122.1605,151.993,synthetic
synthetic,121.8731,-50.1625,synthetic
synthetic,76.7181,8.4014,synthetic
synthetic,96.6381,111.6086,synthetic
synthetic,178.2108,40.624,synthetic
synthetic,-87.6512,74.699,synthetic
synthetic,-61.8151,-39.5618,synthetic
synthetic,77.9087,0.0622,synthetic
synthetic,-60.7372,-46.3423,synthetic
synthetic,138.1716,-158.1973,synthetic
synthetic,121.4907,123.9264,synthetic
synthetic,-105.1614,-177.0892,synthetic
synthetic,-126.5567,161.0947,synthetic
synthetic,130.3742,165.417,synthetic
synthetic,-134.1825,23.4017,synthetic
synthetic,109.6255,-8.8241,synthetic
synthetic,-166.776,152.0718,synthetic
synthetic,-142.9923,-88.9797,synthetic
synthetic,-94.9898,50.7802,synthetic
synthetic,173.5542,-178.5783,synthetic
synthetic,-68.1274,-28.1726,synthetic
synthetic,-128.8894,-57.6762,synthetic
synthetic,178.0031,51.4269,synthetic
synthetic,9.1763,-76.7015,synthetic
synthetic,126.9784,4.076,synthetic
synthetic,-169.055,-173.7207,synthetic
synthetic,-156.2114,-165.8819,synthetic
synthetic,162.6062,-171.8889,synthetic
synthetic,-29.4756,-166.6262,synthetic
synthetic,-130.5772,-133.6257,synthetic
synthetic,121.8635,123.2775,synthetic
synthetic,-143.0959,152.056,synthetic
synthetic,-65.5398,-39.8159,synthetic
synthetic,-61.078,-49.0222,synthetic
synthetic,-88.8474,-123.8961,synthetic
synthetic,-178.3385,38.7758,synthetic
synthetic,72.4016,16.7128,synthetic
synthetic,-162.0129,78.1562,synthetic
synthetic,-142.1004,168.2855,synthetic
synthetic,-178.6366,161.3628,synthetic
synthetic,87.678,179.2839,synthetic
synthetic,-179.114,37.9021,synthetic
synthetic,140.2648,109.7877,synthetic
synthetic,-98.6904,178.5551,synthetic
synthetic,3.0293,-101.6933,synthetic
synthetic,-35.0399,-169.0951,synthetic
synthetic,-120.7839,48.417,synthetic
synthetic,178.9112,-33.729,synthetic
synthetic,85.8239,173.5934,synthetic
synthetic,66.1466,31.4958,synthetic
synthetic,160.0338,12.9846,synthetic
synthetic,-141.5864,-84.2658,synthetic
synthetic,-87.3101,1.3854,synthetic
synthetic,-38.6326,74.7759,synthetic
synthetic,-178.6083,87.2906,synthetic
synthetic,176.1001,179.824,synthetic
synthetic,179.3595,86.802,synthetic
synthetic,-158.9152,-48.7114,synthetic
synthetic,106.6867,160.5553,synthetic
synthetic,-95.7324,-122.0108,synthetic
synthetic,85.0005,177.1574,synthetic
synthetic,-58.6352,-33.8244,synthetic
synthetic,124.9649,10.6324,synthetic
synthetic,-164.779,154.8139,synthetic
synthetic,-23.7253,142.6934,synthetic
synthetic,80.109,-57.2545,synthetic
synthetic,55.0902,46.5677,synthetic
synthetic,-79.6334,-41.7513,synthetic
synthetic,-146.6573,-174.9932,synthetic
synthetic,107.1487,106.279,synthetic
synthetic,-160.2366,35.2382,synthetic
synthetic,178.054,150.616,synthetic
synthetic,-160.0213,-53.8159,synthetic
synthetic,-163.8187,-67.6091,synthetic
synthetic,175.3454,-32.7723,synthetic
synthetic,141.7019,107.429,synthetic
synthetic,57.8109,-142.5655,synthetic
synthetic,-106.0111,111.0956,synthetic
synthetic,-159.3539,-178.4767,synthetic
synthetic,53.4605,56.1642,synthetic
synthetic,174.8391,165.0893,synthetic
synthetic,45.2736,43.7587,synthetic
synthetic,-147.2742,-64.6999,synthetic
synthetic,-105.146,131.6533,synthetic
synthetic,139.6665,114.3661,synthetic
synthetic,-125.9663,-130.5247,synthetic
synthetic,178.5506,-32.9568,synthetic
synthetic,-79.5435,-11.4768,synthetic
synthetic,77.2791,157.7577,synthetic
synthetic,-110.2733,99.5035,synthetic
synthetic,-34.3588,-172.5576,synthetic
synthetic,-141.2696,164.8558,synthetic
synthetic,118.438,-76.2155,synthetic
synthetic,-47.9239,143.8181,synthetic
synthetic,-136.967,29.8596,synthetic
synthetic,-145.9861,-171.4491,synthetic
synthetic,-139.8741,-78.9198,synthetic
synthetic,-125.5329,137.3219,synthetic
synthetic,-112.3297,-174.4628,synthetic
synthetic,-56.3151,33.5095,synthetic
synthetic,-34.0183,-172.5685,synthetic
synthetic,145.5727,109.2359,synthetic
synthetic,-6.9683,-97.2131,synthetic
synthetic,-152.7508,-53.122,synthetic
synthetic,-3.2612,-78.9302,synthetic
synthetic,-162.9167,159.182,synthetic
synthetic,-83.6685,141.8999,synthetic
synthetic,2.469,-83.0828,synthetic
synthetic,-123.6035,-30.2502,synthetic
synthetic,87.721,120.5979,synthetic
synthetic,-75.2074,21.5653,synthetic
synthetic,82.6462,-61.1906,synthetic
synthetic,-135.5179,29.5938,synthetic
synthetic,-130.1961,-57.0308,synthetic
synthetic,-108.0129,179.2574,synthetic
synthetic,-135.2277,-56.9853,synthetic
synthetic,72.882,138.0941,synthetic
synthetic,-56.4225,-54.4421,synthetic
synthetic,-153.3501,-48.1581,synthetic
synthetic,128.0876,-48.3861,synthetic
synthetic,-153.7075,35.9269,synthetic
synthetic,73.1899,140.5419,synthetic
synthetic,-177.4982,-32.7649,synthetic
synthetic,29.7679,61.2332,synthetic
synthetic,-170.5343,158.9414,synthetic
synthetic,175.6626,56.1303,synthetic
synthetic,146.7412,-152.7568,synthetic
synthetic,179.807,49.5882,synthetic
synthetic,158.6319,-58.1659,synthetic
synthetic,-140.3065,-77.8948,synthetic
synthetic,169.7588,-172.1873,synthetic
synthetic,-31.4121,-168.228,synthetic
synthetic,-13.0553,-16.0469,synthetic
synthetic,60.2371,139.1021,synthetic
synthetic,-31.9302,-177.161,synthetic
synthetic,-43.2207,-57.7713,synthetic
synthetic,-106.3174,166.4134,synthetic
synthetic,-104.6917,-174.6404,synthetic
synthetic,-41.6772,-74.6804,synthetic
synthetic,65.2158,27.684,synthetic
synthetic,-125.1311,106.5566,synthetic
synthetic,-141.6318,32.0425,synthetic
synthetic,-87.0866,134.3554,synthetic
synthetic,-175.8702,163.7161,synthetic
synthetic,162.1214,-57.5691,synthetic
synthetic,-52.465,-44.7076,synthetic
synthetic,-94.5891,137.6427,synthetic
synthetic,-166.9017,157.5364,synthetic
synthetic,88.1201,-173.8748,synthetic
synthetic,-149.7105,178.7622,synthetic
synthetic,-46.7234,-176.0913,synthetic
synthetic,-158.6957,-173.2055,synthetic
synthetic,97.675,38.5694,synthetic
synthetic,-83.0546,67.0147,synthetic
synthetic,162.2318,-54.775,synthetic
synthetic,67.8332,139.5048,synthetic
synthetic,-12.1937,-12.2968,synthetic
synthetic,-160.7869,76.8873,synthetic
synthetic,-140.4744,68.9637,synthetic
synthetic,-151.3446,73.9166,synthetic
synthetic,-109.8163,111.0463,synthetic
synthetic,-101.5215,25.5722,synthetic
synthetic,-64.5658,-176.8379,synthetic
synthetic,141.8677,-159.4061,synthetic
synthetic,69.5193,129.547,synthetic
synthetic,-157.5167,171.9427,synthetic
synthetic,-110.3515,140.6177,synthetic
synthetic,-8.6765,-7.4145,synthetic
synthetic,101.672,107.0422,synthetic
synthetic,60.138,46.8084,synthetic
synthetic,-54.017,-42.0609,synthetic
synthetic,156.2882,9.7975,synthetic
synthetic,-28.572,-166.667,synthetic
synthetic,-114.1779,140.554,synthetic
synthetic,129.1295,-45.5639,synthetic
synthetic,64.838,145.3917,synthetic
synthetic,-134.0459,67.3082,synthetic
synthetic,-83.3157,161.1429,synthetic
synthetic,179.1285,34.7454,synthetic
synthetic,95.7993,-178.2313,synthetic
synthetic,-15.4812,-8.2028,synthetic
synthetic,-62.1034,142.5999,synthetic
synthetic,123.5198,-42.616,synthetic
synthetic,59.7073,58.4329,synthetic
synthetic,84.3941,157.8095,synthetic
synthetic,80.2251,-175.546,synthetic
synthetic,165.8647,175.9888,synthetic
synthetic,-178.022,-35.7197,synthetic
synthetic,-86.0969,15.1507,synthetic
synthetic,-97.701,44.8173,synthetic
synthetic,-179.9404,84.0149,synthetic
synthetic,-3.4482,-105.0518,synthetic
synthetic,109.0002,101.7452,synthetic
synthetic,-59.9727,-38.6034,synthetic
synthetic,-161.0934,-56.0411,synthetic
synthetic,177.4172,49.0499,synthetic
synthetic,76.0024,16.3057,synthetic
synthetic,121.8045,126.4294,synthetic
synthetic,-58.8798,-55.8212,synthetic
synthetic,54.1762,56.0235,synthetic
synthetic,-138.9722,-81.0519,synthetic
synthetic,-34.9221,-172.4457,synthetic
synthetic,-99.4939,66.3634,synthetic
synthetic,-98.3424,-166.5997,synthetic
synthetic,174.8292,-178.5573,synthetic
synthetic,60.0737,145.5489,synthetic
synthetic,108.0622,106.8236,synthetic
synthetic,168.9986,42.7566,synthetic
synthetic,79.7767,-128.0569,synthetic
synthetic,-56.605,32.7151,synthetic
synthetic,-56.6666,-52.9891,synthetic
synthetic,-137.6778,17.2644,synthetic
synthetic,80.6019,179.8184,synthetic
synthetic,100.9413,112.8546,synthetic
synthetic,84.7541,-177.7043,synthetic
synthetic,-58.4322,144.2111,synthetic
synthetic,-165.9514,82.6844,synthetic
synthetic,79.1672,-64.1239,synthetic
synthetic,-25.6927,-171.1929,synthetic
synthetic,-156.5884,-48.6991,synthetic
synthetic,-166.2514,-174.2266,synthetic
synthetic,67.7644,10.5399,synthetic
synthetic,61.2357,143.6172,synthetic
synthetic,177.2604,-30.9305,synthetic
synthetic,-120.2479,-23.973,synthetic
synthetic,-163.4776,-179.3004,synthetic
synthetic,82.9922,-175.6709,synthetic
synthetic,-106.2655,117.8893,synthetic
synthetic,163.4834,-47.9604,synthetic
synthetic,-176.4114,173.8248,synthetic
synthetic,-55.9772,-60.2391,synthetic
synthetic,-76.1872,23.5958,synthetic
synthetic,-141.2774,-174.3389,synthetic
synthetic,-69.11,-43.8125,synthetic
synthetic,-155.687,171.9114,synthetic
synthetic,-10.1816,-5.7482,synthetic
synthetic,153.1915,4.1219,synthetic
synthetic,-14.381,-12.2161,synthetic
synthetic,-154.4652,-50.3192,synthetic
synthetic,80.0052,-135.8332,synthetic
synthetic,76.3247,-69.858,synthetic
synthetic,85.1258,-62.8785,synthetic
synthetic,-86.3633,116.4069,synthetic
synthetic,-13.7012,118.099,synthetic
synthetic,-163.1238,73.7854,synthetic
synthetic,-164.855,-168.1865,synthetic
synthetic,-167.7651,179.0861,synthetic
synthetic,33.0916,62.2226,synthetic
synthetic,65.6956,-151.6716,synthetic
synthetic,-73.3011,153.0876,synthetic
synthetic,82.1448,-155.7179,synthetic
synthetic,-69.5785,-49.9165,synthetic
synthetic,-165.8134,-171.7396,synthetic
synthetic,168.3661,158.0972,synthetic
synthetic,-51.8567,-178.8766,synthetic
synthetic,106.5223,15.3005,synthetic
synthetic,148.7551,156.8074,synthetic
synthetic,-126.9534,140.5909,synthetic
synthetic,173.1281,-179.2924,synthetic
synthetic,-42.4733,-168.4998,synthetic
synthetic,-26.383,-172.1942,synthetic
synthetic,-28.3705,-50.4355,synthetic
synthetic,-141.534,-84.3072,synthetic
synthetic,174.3342,42.4947,synthetic
synthetic,-20.174,-176.4686,synthetic
synthetic,-130.9779,-56.196,synthetic
synthetic,-167.3699,177.9762,synthetic
synthetic,45.9235,54.1281,synthetic
synthetic,-114.0972,113.0651,synthetic
synthetic,-161.9927,-174.7018,synthetic
synthetic,110.8269,8.7971,synthetic
synthetic,59.6197,-143.056,synthetic
synthetic,-36.0484,-39.1206,synthetic
synthetic,-90.9071,121.0913,synthetic
synthetic,61.5114,44.7016,synthetic
synthetic,-179.7016,-33.0571,synthetic
synthetic,-48.721,123.2892,synthetic
synthetic,87.4304,-164.3608,synthetic
synthetic,-3.7893,-99.6712,synthetic
synthetic,-162.6904,-174.159,synthetic
synthetic,-69.6656,134.8236,synthetic
synthetic,60.3154,151.7284,synthetic
synthetic,-162.9732,-168.659,synthetic
synthetic,107.6295,-6.7721,synthetic
synthetic,164.0839,-171.2341,synthetic
synthetic,104.8156,109.3051,synthetic
synthetic,-142.8241,156.3897,synthetic
synthetic,-161.0397,172.0098,synthetic
synthetic,-1.9999,-73.3141,synthetic
synthetic,71.8311,12.5354,synthetic
synthetic,82.2395,-131.8786,synthetic
synthetic,-30.33,-173.6991,synthetic
synthetic,86.9191,-172.5579,synthetic
synthetic,77.6022,-132.1036,synthetic
synthetic,101.832,22.2461,synthetic
synthetic,-99.5737,24.2095,synthetic
synthetic,-88.1174,-121.7718,synthetic
synthetic,152.0337,155.7082,synthetic
synthetic,-165.8727,-168.8866,synthetic
synthetic,63.4029,28.1453,synthetic
synthetic,-179.8376,89.6645,synthetic
synthetic,91.4586,-159.4579,synthetic
synthetic,-1.8243,-73.0561,synthetic
synthetic,105.0925,159.5954,synthetic
synthetic,-176.0427,-33.6153,synthetic
synthetic,-145.3242,177.5332,synthetic
synthetic,85.2364,-178.1663,synthetic
synthetic,-130.4909,-51.0275,synthetic
synthetic,-113.0247,0.6315,synthetic
synthetic,-60.0993,-72.2939,synthetic
synthetic,171.5235,153.045,synthetic
synthetic,135.5617,-159.4848,synthetic
synthetic,90.1972,-61.776,synthetic
synthetic,-140.0123,36.6859,synthetic
synthetic,-60.758,-96.0981,synthetic
synthetic,176.4287,168.7051,synthetic
synthetic,101.0359,110.2401,synthetic
synthetic,138.1262,164.6149,synthetic
synthetic,62.6665,30.3546,synthetic
synthetic,2.5342,-88.6414,synthetic
synthetic,-89.6241,6.4964,synthetic
synthetic,-175.1698,84.557,synthetic
synthetic,-1.356,-84.1808,synthetic
synthetic,53.1323,56.7586,synthetic
synthetic,-94.2234,-119.1963,synthetic
synthetic,138.5518,112.3488,synthetic
synthetic,159.1017,-49.7596,synthetic
synthetic,173.7578,177.3809,synthetic
synthetic,-179.9368,-36.8568,synthetic
synthetic,-28.003,-171.2501,synthetic
synthetic,-133.4946,29.2102,synthetic
synthetic,79.8276,-176.781,synthetic
synthetic,-137.5188,-94.1843,synthetic
synthetic,-40.6145,-175.9362,synthetic
synthetic,55.7592,45.0201,synthetic
synthetic,-53.338,-35.5329,synthetic
synthetic,-151.5767,35.8918,synthetic
synthetic,-141.9462,-77.8681,synthetic
synthetic,-179.5326,154.1803,synthetic
synthetic,-164.6619,172.5157,synthetic
synthetic,63.1954,45.4356,synthetic
synthetic,-149.92,-67.297,synthetic
synthetic,82.7281,34.8983,synthetic
synthetic,-68.9334,-10.0724,synthetic
synthetic,-162.1473,-175.0985,synthetic
synthetic,-103.6997,160.4404,synthetic
synthetic,81.4324,172.6708,synthetic
synthetic,-150.3054,32.3769,synthetic
synthetic,-83.4865,64.6666,synthetic
synthetic,-100.5996,-169.6493,synthetic
synthetic,-95.5165,44.6399,synthetic
synthetic,127.0102,-49.2784,synthetic
synthetic,-38.2395,-56.7382,synthetic
synthetic,-27.1586,135.8223,synthetic
synthetic,-167.5418,-166.0418,synthetic
synthetic,77.5965,-178.8532,synthetic
synthetic,-178.2468,156.0869,synthetic
synthetic,-174.6273,-38.3319,synthetic
synthetic,178.752,54.398,synthetic
synthetic,109.8965,21.0624,synthetic
synthetic,152.4053,6.5689,synthetic
synthetic,74.6589,-5.4785,synthetic
synthetic,-87.7514,-0.4699,synthetic
synthetic,-154.9568,-50.7722,synthetic
synthetic,-25.8147,-171.6609,synthetic
synthetic,67.5082,20.5576,synthetic
synthetic,173.9116,178.1349,synthetic
synthetic,177.8297,33.539,synthetic
synthetic,-168.1551,-173.4359,synthetic
synthetic,-124.3276,-174.2027,synthetic
synthetic,-154.4523,-65.6798,synthetic
synthetic,136.4623,-156.994,synthetic
synthetic,173.1857,37.3365,synthetic
synthetic,-165.2757,155.2706,synthetic
synthetic,170.5868,-176.0157,synthetic
synthetic,-12.5944,120.8779,synthetic
synthetic,-178.6311,-38.4719,synthetic
synthetic,-90.4038,47.0614,synthetic
synthetic,169.7913,165.2871,synthetic
synthetic,174.5841,34.6295,synthetic
synthetic,-30.4163,140.1459,synthetic
synthetic,69.2962,-153.9851,synthetic
synthetic,-86.4401,167.9553,synthetic
synthetic,-167.0152,-178.8626,synthetic
synthetic,-33.1687,-171.262,synthetic
synthetic,171.7571,36.1431,synthetic
synthetic,-95.8162,-115.0921,synthetic
synthetic,-82.424,-120.6945,synthetic
synthetic,-82.8124,80.018,synthetic
synthetic,-55.8648,-36.2327,synthetic
synthetic,177.83,148.8225,synthetic
synthetic,176.3699,176.5862,synthetic
synthetic,110.0518,101.3572,synthetic
synthetic,135.8296,166.6142,synthetic
synthetic,116.4209,152.3546,synthetic
synthetic,173.1465,167.2998,synthetic
synthetic,161.7102,-53.6627,synthetic
synthetic,-178.8749,-35.1368,synthetic
synthetic,170.1761,44.3442,synthetic
synthetic,68.9647,139.6825,synthetic
synthetic,-86.154,140.0074,synthetic
synthetic,-151.5491,-60.7592,synthetic
synthetic,-65.5934,-31.284,synthetic
synthetic,72.9692,156.6113,synthetic
synthetic,-93.8942,-170.0032,synthetic
synthetic,-94.0875,-126.3583,synthetic
synthetic,81.7052,149.5381,synthetic
synthetic,-90.1027,-114.7756,synthetic
synthetic,-161.4711,-179.4418,synthetic
synthetic,-169.2427,71.7553,synthetic
synthetic,104.4542,111.1258,synthetic
synthetic,176.0936,-32.5095,synthetic
synthetic,-61.2715,34.7777,synthetic
synthetic,61.5208,22.1432,synthetic
synthetic,65.9232,129.434,synthetic
synthetic,159.0553,-56.3249,synthetic
synthetic,-177.1407,167.013,synthetic
synthetic,-140.0062,-80.1684,synthetic
synthetic,-24.9045,-168.7561,synthetic
synthetic,-116.7585,1.7747,synthetic
synthetic,43.6034,66.9473,synthetic
synthetic,83.326,-174.1298,synthetic
synthetic,174.1733,-33.0211,synthetic
synthetic,-176.8827,83.8134,synthetic
synthetic,-86.7833,100.5187,synthetic
synthetic,-160.6967,-173.0438,synthetic
synthetic,-128.6886,-134.7068,synthetic
synthetic,-117.0076,-23.5844,synthetic
synthetic,85.3942,-69.7462,synthetic
synthetic,170.6551,-176.1025,synthetic
synthetic,124.5443,127.378,synthetic
synthetic,60.4369,122.0,synthetic
synthetic,138.662,-159.2405,synthetic
synthetic,-45.5505,-177.0201,synthetic
synthetic,-178.5091,86.1871,synthetic
synthetic,-96.0799,50.8245,synthetic
synthetic,122.3858,124.4399,synthetic
synthetic,59.285,143.4973,synthetic
synthetic,77.5888,15.8979,synthetic
synthetic,-140.4531,167.0713,synthetic
synthetic,-104.9701,26.9742,synthetic
synthetic,-90.1796,89.1065,synthetic
synthetic,-38.1227,-49.4321,synthetic
synthetic,-121.3278,49.9457,synthetic
synthetic,-39.0186,-54.2375,synthetic
synthetic,82.4888,-163.727,synthetic
synthetic,-95.2986,49.764,synthetic
synthetic,173.6591,43.1585,synthetic
synthetic,88.8496,-178.3977,synthetic
synthetic,-9.364,-11.7018,synthetic
synthetic,-145.6827,174.1919,synthetic
synthetic,-104.1989,-178.1092,synthetic
synthetic,81.5433,-160.7003,synthetic
synthetic,-167.1383,87.4912,synthetic
synthetic,-178.9411,85.359,synthetic
synthetic,107.2648,-11.7896,synthetic
synthetic,-37.6194,73.8803,synthetic
synthetic,152.6588,-54.4454,synthetic
synthetic,-177.7859,-35.5291,synthetic
synthetic,-24.806,-172.9564,synthetic
synthetic,67.9053,19.642,synthetic
synthetic,175.1943,38.821,synthetic
synthetic,-29.9455,-173.3453,synthetic
synthetic,-24.0966,-174.2529,synthetic
synthetic,-172.898,-36.0332,synthetic
synthetic,177.5503,170.5352,synthetic
synthetic,-9.2952,122.5844,synthetic
synthetic,-80.7601,171.0032,synthetic
synthetic,-96.9613,44.2889,synthetic
synthetic,-86.4543,-125.9203,synthetic
synthetic,-142.6899,-79.4316,synthetic
synthetic,-124.2495,-131.5198,synthetic
synthetic,175.7403,39.7583,synthetic
synthetic,142.3885,117.4824,synthetic
synthetic,70.9897,-2.4352,synthetic
synthetic,79.106,-68.6235,synthetic
synthetic,-138.2772,-58.5328,synthetic
synthetic,-66.0463,-44.2525,synthetic
synthetic,-13.2306,-7.9278,synthetic
synthetic,164.9826,-170.5237,synthetic
synthetic,44.1447,57.6948,synthetic
synthetic,-9.051,-9.9538,synthetic
synthetic,83.3938,-66.4622,synthetic
synthetic,139.0417,-155.9684,synthetic
synthetic,136.3852,107.5057,synthetic
synthetic,-11.0169,-2.178,synthetic
synthetic,172.9555,-179.3004,synthetic
synthetic,-91.2717,166.4037,synthetic
synthetic,-98.4966,48.425,synthetic
synthetic,-139.0887,-173.7622,synthetic
synthetic,82.181,-67.2805,synthetic
synthetic,77.4787,178.3204,synthetic
synthetic,67.5488,126.0889,synthetic
synthetic,154.8489,-53.7191,synthetic
synthetic,172.6747,-177.1275,synthetic
synthetic,-12.9207,125.8373,synthetic
synthetic,-37.1185,-126.0366,synthetic
synthetic,-94.5985,-120.2221,synthetic
synthetic,-125.1668,-8.8791,synthetic
synthetic,-29.614,-169.133,synthetic
synthetic,-162.6174,-172.388,synthetic
synthetic,-106.8123,-141.9241,synthetic
synthetic,-156.6248,25.2568,synthetic
synthetic,104.127,105.6768,synthetic
synthetic,122.3302,123.0289,synthetic
synthetic,63.4936,24.9062,synthetic
synthetic,175.5352,-38.4478,synthetic
synthetic,160.22,-55.4855,synthetic
synthetic,68.9602,14.9506,synthetic
synthetic,158.4086,-59.4822,synthetic
synthetic,122.9043,6.3651,synthetic
synthetic,174.5262,179.7616,synthetic
synthetic,-74.162,158.8866,synthetic
synthetic,174.6757,-30.974,synthetic
synthetic,-38.9638,-63.258,synthetic
synthetic,-68.4143,-174.8732,synthetic
synthetic,166.1512,-56.3236,synthetic
synthetic,170.6656,43.9362,synthetic
synthetic,-139.2807,150.3246,synthetic
synthetic,-107.8475,163.3805,synthetic
synthetic,169.6779,152.8639,synthetic
synthetic,77.1315,167.3288,synthetic
synthetic,-83.806,-120.5143,synthetic
synthetic,101.2349,113.2151,synthetic
synthetic,-139.774,-87.0722,synthetic
synthetic,87.9877,-158.4423,synthetic
synthetic,-124.8279,-130.2241,synthetic
synthetic,178.8928,44.6653,synthetic
synthetic,-159.9434,-51.709,synthetic
synthetic,-105.5179,106.8821,synthetic
synthetic,136.8945,-156.8175,synthetic
synthetic,89.6334,177.3716,synthetic
synthetic,-47.0346,-177.0731,synthetic
synthetic,-100.7293,-165.4779,synthetic
synthetic,-30.331,78.3554,synthetic
synthetic,-96.8204,129.1432,synthetic
synthetic,55.1096,55.6836,synthetic
synthetic,-83.0058,120.9154,synthetic
synthetic,-161.1527,-178.7738,synthetic
synthetic,82.7264,-177.1553,synthetic
synthetic,-107.5142,120.6316,synthetic
synthetic,-47.2418,-58.6445,synthetic
synthetic,142.2924,-50.3884,synthetic
synthetic,-60.0478,-43.29,synthetic
synthetic,-34.2898,-173.9032,synthetic
synthetic,130.3212,-47.3314,synthetic
synthetic,-87.8863,-6.6582,synthetic
synthetic,-115.4203,147.5756,synthetic
synthetic,-104.2655,160.5995,synthetic
synthetic,174.518,50.4842,synthetic
synthetic,-36.8375,-37.373,synthetic
synthetic,135.2228,167.3287,synthetic
synthetic,-122.1142,-162.8931,synthetic
synthetic,-94.3434,-113.0248,synthetic
synthetic,-124.9481,50.7028,synthetic
synthetic,81.3371,-178.897,synthetic
synthetic,-69.342,-175.3077,synthetic
synthetic,103.6522,105.6995,synthetic
synthetic,141.8521,111.6838,synthetic
synthetic,2.6525,-82.5072,synthetic
synthetic,175.1578,158.935,synthetic
synthetic,171.1096,151.9945,synthetic
synthetic,174.8426,46.726,synthetic
synthetic,-27.3011,-171.9096,synthetic
synthetic,-67.826,-37.5508,synthetic
synthetic,84.0351,-175.4883,synthetic
synthetic,-9.1663,-14.5509,synthetic
synthetic,146.2475,109.0475,synthetic
synthetic,87.989,-163.0122,synthetic
synthetic,-59.2071,18.2827,synthetic
synthetic,-98.4335,-124.6662,synthetic
synthetic,-3.6833,-70.1201,synthetic
synthetic,-53.6094,-45.6035,synthetic
synthetic,-97.1816,10.1034,synthetic
synthetic,169.0843,41.1808,synthetic
synthetic,-177.4776,37.8184,synthetic
synthetic,-94.6736,-170.9926,synthetic
synthetic,154.3891,-55.1651,synthetic
synthetic,-101.557,-166.3949,synthetic
synthetic,167.3857,-171.9817,synthetic
synthetic,75.5241,-132.301,synthetic
synthetic,112.3665,-71.6393,synthetic
synthetic,172.1841,-177.5694,synthetic
synthetic,-164.6767,-172.4428,synthetic
synthetic,-158.299,73.1375,synthetic
synthetic,75.7651,-141.8429,synthetic
synthetic,-109.5796,152.1061,synthetic
synthetic,175.2909,151.0111,synthetic
synthetic,-31.638,-168.7298,synthetic
synthetic,-126.9213,139.2672,synthetic
synthetic,-60.3529,144.0212,synthetic
synthetic,82.5073,-69.1583,synthetic
synthetic,154.8651,-55.0827,synthetic
synthetic,-15.9382,120.4871,synthetic
synthetic,59.9281,145.9304,synthetic
synthetic,-29.2222,-167.7754,synthetic
synthetic,62.9723,52.6644,synthetic
synthetic,107.3321,-65.7523,synthetic
synthetic,-13.6045,120.3827,synthetic
synthetic,-8.9974,120.7611,synthetic
synthetic,54.0754,43.7322,synthetic
synthetic,-142.9542,166.0958,synthetic
synthetic,-161.9205,179.5442,synthetic
synthetic,-170.9646,-172.4532,synthetic
synthetic,-112.1252,123.068,synthetic
synthetic,-117.3776,-12.572,synthetic
synthetic,-100.6608,-165.9521,synthetic
synthetic,156.392,-55.489,synthetic
synthetic,-157.7237,78.787,synthetic
synthetic,179.9857,92.9921,synthetic
synthetic,140.3404,-157.9423,synthetic
synthetic,1.4107,-99.969,synthetic
synthetic,-132.5298,-58.1306,synthetic
synthetic,56.4241,-139.5483,synthetic
synthetic,171.8467,44.6828,synthetic
synthetic,-13.6847,-12.2623,synthetic
synthetic,139.8009,149.9054,synthetic
synthetic,-21.7084,112.2877,synthetic
synthetic,45.1438,58.3887,synthetic
synthetic,139.1311,-161.0858,synthetic
synthetic,-115.2777,133.4754,synthetic
synthetic,136.899,113.5361,synthetic
synthetic,80.4276,-130.2207,synthetic
synthetic,-72.8483,-35.4266,synthetic
synthetic,-28.1021,-174.3098,synthetic
synthetic,150.0986,147.6253,synthetic
synthetic,-175.3252,163.46,synthetic
synthetic,61.3855,-147.1501,synthetic
synthetic,-168.2745,84.5575,synthetic
synthetic,-68.2071,144.675,synthetic
synthetic,-13.9407,121.9331,synthetic
synthetic,-13.0737,-3.9006,synthetic
synthetic,-3.362,-83.9217,synthetic
synthetic,127.1042,-45.2059,synthetic
synthetic,-103.545,3.5171,synthetic
synthetic,-178.5695,40.1811,synthetic
synthetic,-93.2539,-12.5764,synthetic
synthetic,-164.8342,-175.7743,synthetic
synthetic,85.4524,-159.3449,synthetic
synthetic,105.4013,7.4008,synthetic
synthetic,161.827,-175.7823,synthetic
synthetic,-83.2038,-120.498,synthetic
synthetic,-60.8854,178.1284,synthetic
synthetic,-97.1189,-178.2489,synthetic
synthetic,-3.1334,-103.6999,synthetic
synthetic,102.2774,-12.2437,synthetic
synthetic,-166.2847,81.7902,synthetic
synthetic,115.1127,-64.1827,synthetic
synthetic,124.5726,-46.3728,synthetic
synthetic,-127.596,38.7168,synthetic
synthetic,-79.3948,-37.5414,synthetic
synthetic,126.8703,6.415,synthetic
synthetic,155.5891,7.9367,synthetic
synthetic,162.7277,-56.342,synthetic
synthetic,-139.7812,164.8823,synthetic
synthetic,-126.8769,-129.66,synthetic
synthetic,-159.6458,81.1195,synthetic
synthetic,90.4155,-160.6995,synthetic
synthetic,-92.7014,155.011,synthetic
synthetic,-59.2068,-58.7906,synthetic
synthetic,-31.8687,178.0956,synthetic
synthetic,-179.7274,154.6376,synthetic
synthetic,-70.522,163.5819,synthetic
synthetic,-95.6386,48.3792,synthetic
synthetic,-110.3875,-177.8796,synthetic
synthetic,-49.4965,-171.8884,synthetic
synthetic,171.5017,164.1916,synthetic
synthetic,-25.5018,-169.8572,synthetic
synthetic,113.4543,-62.8615,synthetic
synthetic,47.9417,58.3749,synthetic
synthetic,-52.5996,157.7599,synthetic
synthetic,-178.1982,-33.6996,synthetic
synthetic,-43.0318,-62.8405,synthetic
synthetic,-33.451,-174.2897,synthetic
synthetic,125.4498,166.5623,synthetic
synthetic,-177.4416,-32.5858,synthetic
synthetic,-102.9897,-177.8881,synthetic
synthetic,-23.9128,139.2166,synthetic
synthetic,174.5596,170.3324,synthetic
synthetic,-135.6286,70.4109,synthetic
synthetic,-157.2615,-52.6588,synthetic
synthetic,-53.5674,-48.4714,synthetic
synthetic,-138.8531,-86.5677,synthetic
synthetic,84.1904,-176.2117,synthetic
synthetic,170.2086,-176.2968,synthetic
synthetic,-68.6373,121.9665,synthetic
synthetic,78.7552,177.9886,synthetic
synthetic,61.4326,157.486,synthetic
synthetic,69.3391,127.0869,synthetic
synthetic,103.8692,110.9316,synthetic
synthetic,-88.034,-127.1948,synthetic
synthetic,155.3766,6.3141,synthetic
synthetic,99.1241,113.3353,synthetic
synthetic,107.073,-7.8021,synthetic
synthetic,-13.0362,119.5444,synthetic
synthetic,-89.4954,110.9903,synthetic
synthetic,-104.4809,124.5687,synthetic
synthetic,-75.7106,-17.2203,synthetic
synthetic,33.8332,61.1364,synthetic
synthetic,-51.0423,-63.992,synthetic
synthetic,179.4937,39.0384,synthetic
synthetic,-57.1653,-57.8727,synthetic
synthetic,173.514,-177.0909,synthetic
synthetic,176.7669,-35.1118,synthetic
synthetic,86.8252,-173.4,synthetic
synthetic,-156.3111,-170.0423,synthetic
synthetic,-116.5668,-0.5292,synthetic
synthetic,168.323,47.3611,synthetic
synthetic,80.8599,155.5001,synthetic
synthetic,-7.9525,-7.3136,synthetic
synthetic,-82.3348,-121.8968,synthetic
synthetic,56.7968,42.3795,synthetic
synthetic,-106.0378,26.544,synthetic
synthetic,138.032,113.1992,synthetic
synthetic,-165.4457,162.7527,synthetic
synthetic,-11.875,-8.8341,synthetic
synthetic,-81.4011,52.0469,synthetic
synthetic,-56.1611,-44.3147,synthetic
synthetic,139.1541,112.8509,synthetic
synthetic,81.6284,156.3694,synthetic
synthetic,170.8418,179.866,synthetic
synthetic,-101.0811,-173.5322,synthetic
synthetic,-177.857,166.2489,synthetic
synthetic,129.4704,-47.1025,synthetic
synthetic,108.6863,110.8266,synthetic
synthetic,-31.8846,-170.7019,synthetic
synthetic,147.8506,113.054,synthetic
synthetic,-166.9995,175.0648,synthetic
synthetic,-44.3156,-59.4515,synthetic
synthetic,-59.3955,-51.733,synthetic
synthetic,-178.9258,50.977,synthetic
synthetic,140.0954,-156.9803,synthetic
synthetic,-56.7836,-41.3324,synthetic
synthetic,171.7732,-170.6768,synthetic
synthetic,-98.5264,-175.8655,synthetic
synthetic,-86.4951,65.0698,synthetic
synthetic,177.378,90.2814,synthetic
synthetic,80.4009,-131.0582,synthetic
synthetic,76.4203,-71.9879,synthetic
synthetic,91.1486,-176.2041,synthetic
synthetic,-47.6427,122.473,synthetic
synthetic,178.7386,37.844,synthetic
synthetic,-69.3267,122.2672,synthetic
synthetic,142.6288,111.8566,synthetic
synthetic,-36.7257,-121.3988,synthetic
synthetic,-138.7668,-81.0483,synthetic
synthetic,-94.8982,-9.3835,synthetic
synthetic,173.6197,-179.2411,synthetic
synthetic,86.8063,-176.1654,synthetic
synthetic,137.5357,-161.0341,synthetic
synthetic,-32.4257,-177.702,synthetic
synthetic,148.6701,-145.8963,synthetic
synthetic,171.7724,48.9249,synthetic
synthetic,169.4322,174.0807,synthetic
synthetic,-33.6198,80.4746,synthetic
synthetic,-127.2794,-130.1448,synthetic
synthetic,-119.2423,113.7298,synthetic
synthetic,169.9085,-174.6482,synthetic
synthetic,-48.112,-48.1113,synthetic
synthetic,62.4677,139.5213,synthetic
synthetic,69.5212,125.419,synthetic
synthetic,67.2068,139.0105,synthetic
synthetic,-174.0715,125.4091,synthetic
synthetic,-177.9328,168.261,synthetic
synthetic,-158.8208,-54.4584,synthetic
synthetic,-166.7653,155.2223,synthetic
synthetic,-144.6061,-172.8542,synthetic
synthetic,78.8248,-71.5021,synthetic
synthetic,71.7006,125.6595,synthetic
synthetic,168.8635,39.3761,synthetic
synthetic,-9.3429,-12.199,synthetic
synthetic,104.3794,160.5713,synthetic
synthetic,-62.2612,-49.3072,synthetic
synthetic,-11.2278,119.0587,synthetic
synthetic,-93.3303,45.9497,synthetic
synthetic,-171.1101,166.7686,synthetic
synthetic,-82.5014,77.9622,synthetic
synthetic,-143.8247,-174.2251,synthetic
synthetic,-33.0197,78.9113,synthetic
synthetic,83.2136,-174.4715,synthetic
synthetic,-73.5953,-5.0723,synthetic
synthetic,33.6652,57.3512,synthetic
synthetic,166.8387,-174.1749,synthetic
synthetic,-161.2242,-50.6983,synthetic
synthetic,-93.3876,44.3718,synthetic
synthetic,2.2162,-85.5018,synthetic
synthetic,169.3201,42.6655,synthetic
synthetic,-5.1564,-97.984,synthetic
synthetic,176.3945,49.0651,synthetic
synthetic,-155.5819,168.8342,synthetic
synthetic,-34.1429,-79.998,synthetic
synthetic,-0.4156,-100.2252,synthetic
synthetic,-120.3969,-11.9416,synthetic
synthetic,86.0231,-153.5547,synthetic
synthetic,-120.9967,35.663,synthetic
synthetic,101.8425,108.5763,synthetic
synthetic,-63.4948,-178.9058,synthetic
synthetic,-144.7262,27.9189,synthetic
synthetic,-171.4224,-178.2915,synthetic
synthetic,165.5181,42.4561,synthetic
synthetic,-158.9474,-53.6998,synthetic
synthetic,81.6386,151.4249,synthetic
synthetic,-60.9884,-50.2045,synthetic
synthetic,54.8805,-147.7071,synthetic
synthetic,62.1306,29.3695,synthetic
synthetic,-80.797,-12.1739,synthetic
synthetic,-165.5412,-176.1368,synthetic
synthetic,-155.4092,-51.4078,synthetic
synthetic,-90.7564,-125.3868,synthetic
synthetic,-33.6447,-173.1422,synthetic
synthetic,-114.4729,51.8007,synthetic
synthetic,68.7944,31.4569,synthetic
synthetic,-13.729,118.1883,synthetic
synthetic,135.4128,-156.6276,synthetic
synthetic,151.133,9.7026,synthetic
synthetic,158.0968,-53.9579,synthetic
synthetic,60.8868,26.1048,synthetic
synthetic,-86.5774,53.1448,synthetic
synthetic,-50.9656,116.9996,synthetic
synthetic,63.9504,26.4386,synthetic
synthetic,174.8669,153.3109,synthetic
synthetic,-126.4312,-54.2361,synthetic
synthetic,97.7426,23.8253,synthetic
synthetic,149.0418,114.8515,synthetic
synthetic,-103.7999,133.7984,synthetic
synthetic,119.8793,127.4794,synthetic
synthetic,117.2396,158.1871,synthetic
synthetic,-162.055,177.1284,synthetic
synthetic,-179.4409,-34.9754,synthetic
synthetic,-58.5945,29.5001,synthetic
synthetic,-8.4454,-11.782,synthetic
synthetic,-142.9075,-75.6732,synthetic
synthetic,148.7443,-48.846,synthetic
synthetic,159.0701,-50.0468,synthetic
synthetic,-66.0535,-42.3523,synthetic
synthetic,99.4287,-9.6837,synthetic
synthetic,-58.4796,34.1768,synthetic
synthetic,126.9539,-47.7353,synthetic
synthetic,-125.1881,-35.2599,synthetic
synthetic,-8.0742,121.0763,synthetic
synthetic,134.5019,-159.355,synthetic
synthetic,100.8029,16.7373,synthetic
synthetic,2.398,-86.7085,synthetic
synthetic,-80.8448,168.3722,synthetic
synthetic,-92.3422,-121.5127,synthetic
synthetic,178.2898,-178.1648,synthetic
synthetic,168.5445,-171.5716,synthetic
synthetic,-136.2837,-87.2459,synthetic
synthetic,-179.9881,-31.0852,synthetic
synthetic,-157.7773,153.5255,synthetic
synthetic,81.6061,-133.6807,synthetic
synthetic,-149.198,177.3526,synthetic
synthetic,-106.5715,83.9775,synthetic
synthetic,105.866,-22.6704,synthetic
synthetic,-126.3286,-50.1188,synthetic
synthetic,-88.0235,-126.7751,synthetic
synthetic,169.8216,42.2416,synthetic
synthetic,76.4736,-131.2988,synthetic
synthetic,79.2777,-65.3945,synthetic
synthetic,-95.7854,40.9486,synthetic
synthetic,166.7889,-171.9083,synthetic
synthetic,179.422,87.2296,synthetic
synthetic,-30.8556,-171.2303,synthetic
synthetic,-45.3251,-11.7706,synthetic
synthetic,-177.7905,-34.9069,synthetic
synthetic,-38.1532,121.3046,synthetic
synthetic,114.4254,118.0594,synthetic
synthetic,-40.5908,74.7491,synthetic
synthetic,68.7992,141.291,synthetic
synthetic,-95.5172,92.0395,synthetic
synthetic,-160.2392,74.9615,synthetic
synthetic,108.5742,-6.166,synthetic
synthetic,128.6346,10.8447,synthetic
synthetic,161.5659,-170.973,synthetic
synthetic,-179.2677,-32.4963,synthetic
synthetic,54.7239,48.9065,synthetic
synthetic,152.3425,-51.5209,synthetic
synthetic,-31.3214,140.8982,synthetic
synthetic,-93.6436,44.5565,synthetic
synthetic,27.7602,59.3333,synthetic
synthetic,-155.4577,70.7274,synthetic
synthetic,72.3608,121.207,synthetic
synthetic,128.0308,11.7027,synthetic
synthetic,174.0493,-178.5848,synthetic
synthetic,1.4794,-83.9167,synthetic
synthetic,-178.6637,-37.5772,synthetic
synthetic,-57.5222,33.5763,synthetic
synthetic,175.7864,177.7305,synthetic
synthetic,-99.9147,-165.6934,synthetic
synthetic,-91.7206,-119.0929,synthetic
synthetic,66.4287,-146.5922,synthetic
synthetic,177.456,165.152,synthetic
synthetic,-121.5558,-52.2907,synthetic
synthetic,88.024,-171.2574,synthetic
synthetic,83.3583,176.7706,synthetic
synthetic,-50.6931,-175.3223,synthetic
synthetic,171.1143,-178.4609,synthetic
synthetic,146.7631,-149.9035,synthetic
synthetic,-153.6207,25.864,synthetic
synthetic,-178.4157,-36.6945,synthetic
synthetic,-7.3259,-13.7623,synthetic
synthetic,-138.3697,-82.1911,synthetic
synthetic,166.2696,-171.4298,synthetic
synthetic,-169.7992,175.396,synthetic
synthetic,-31.0686,73.9537,synthetic
synthetic,-98.9232,-168.7446,synthetic
synthetic,-45.2852,-72.753,synthetic
synthetic,-115.9196,7.7284,synthetic
synthetic,-63.2206,-38.3667,synthetic
synthetic,139.9227,-157.5928,synthetic
synthetic,-132.28,-59.3732,synthetic
synthetic,174.1476,44.3518,synthetic
synthetic,-163.3068,81.2652,synthetic
synthetic,170.7728,42.5681,synthetic
synthetic,-159.426,34.0986,synthetic
synthetic,-78.9165,174.1072,synthetic
synthetic,-66.8341,171.991,synthetic
synthetic,-97.9266,-3.5177,synthetic
synthetic,-84.5435,159.6332,synthetic
synthetic,-166.9454,-176.852,synthetic
synthetic,-92.3202,-123.0773,synthetic
synthetic,-86.6861,74.057,synthetic
synthetic,161.9636,-56.3452,synthetic
synthetic,79.4881,155.1955,synthetic
synthetic,168.6073,-179.0738,synthetic
synthetic,70.6352,126.3078,synthetic
synthetic,59.4617,-151.183,synthetic
synthetic,120.3644,128.4186,synthetic
synthetic,164.9319,-175.211,synthetic
synthetic,-157.1484,-63.3573,synthetic
synthetic,134.0478,168.2751,synthetic
synthetic,-179.4768,-37.4083,synthetic
synthetic,-69.6661,-175.9114,synthetic
synthetic,59.0581,52.8087,synthetic
synthetic,-119.7035,6.0089,synthetic
synthetic,174.6479,43.2576,synthetic
synthetic,170.9209,-177.5313,synthetic
synthetic,73.9181,-5.4237,synthetic
synthetic,179.4621,165.6869,synthetic
synthetic,-41.1798,141.0796,synthetic
synthetic,61.7631,21.2312,synthetic
synthetic,174.5067,38.7119,synthetic
synthetic,170.6577,-179.2715,synthetic
synthetic,-52.2054,-67.0536,synthetic
synthetic,154.1705,-53.8024,synthetic
synthetic,-166.6001,150.1278,synthetic
synthetic,0.289,-82.6263,synthetic
synthetic,159.2987,-54.9094,synthetic
synthetic,174.8024,167.2817,synthetic
synthetic,-22.3236,115.9007,synthetic
synthetic,179.8176,168.691,synthetic
synthetic,101.6132,111.5469,synthetic
synthetic,48.0814,54.4916,synthetic
synthetic,-60.2929,-48.3045,synthetic
synthetic,77.5507,-138.7142,synthetic
synthetic,52.5689,50.9302,synthetic
synthetic,137.4733,-161.602,synthetic
synthetic,127.524,166.8864,synthetic
synthetic,-124.531,-128.3982,synthetic
synthetic,-12.7234,120.008,synthetic
synthetic,78.2408,-7.2851,synthetic
synthetic,-160.2567,-173.7535,synthetic
synthetic,47.4392,57.8735,synthetic
synthetic,-139.8053,-83.9291,synthetic
synthetic,91.8523,-160.5685,synthetic
synthetic,75.1819,-1.8909,synthetic
synthetic,168.9658,-174.4112,synthetic
synthetic,170.0605,-177.0778,synthetic
synthetic,86.162,-172.7286,synthetic
synthetic,139.5404,-159.7075,synthetic
synthetic,-126.1014,-53.2328,synthetic
synthetic,-130.1566,-54.9199,synthetic
synthetic,-63.8348,-45.8229,synthetic
synthetic,-155.3932,-49.3496,synthetic
synthetic,-47.9056,-30.3166,synthetic
synthetic,-121.8384,-29.172,synthetic
synthetic,89.3611,-171.586,synthetic
synthetic,-46.9374,-73.2184,synthetic
synthetic,-135.5339,71.0685,synthetic
synthetic,134.2151,-157.3596,synthetic
synthetic,150.5825,-161.7353,synthetic
synthetic,159.4726,-174.4619,synthetic
synthetic,-1.5246,-101.7833,synthetic
synthetic,-49.4714,-177.0706,synthetic
synthetic,-70.0705,156.2726,synthetic
synthetic,-110.7249,-170.7993,synthetic
synthetic,77.4257,-63.7842,synthetic
synthetic,-163.8008,40.3715,synthetic
synthetic,85.2391,-173.0814,synthetic
synthetic,114.0224,-62.0607,synthetic
synthetic,164.1037,-55.3795,synthetic
synthetic,58.3812,25.447,synthetic
synthetic,-112.5756,101.183,synthetic
synthetic,68.9647,133.4335,synthetic
synthetic,-91.0652,-129.6018,synthetic
synthetic,58.182,43.1788,synthetic
synthetic,-163.108,-167.1225,synthetic
synthetic,-102.2536,-168.8301,synthetic
synthetic,178.044,-28.3749,synthetic
synthetic,161.4163,-53.2138,synthetic
synthetic,-64.3721,177.7529,synthetic
synthetic,-3.0122,-103.931,synthetic
synthetic,-66.635,-24.958,synthetic
synthetic,29.7315,59.1449,synthetic
synthetic,173.2884,33.3718,synthetic
synthetic,-55.4454,149.6024,synthetic
synthetic,-88.2815,125.5008,synthetic
synthetic,33.0565,61.5086,synthetic
synthetic,-14.2622,-45.8921,synthetic
synthetic,128.575,7.9349,synthetic
synthetic,-126.5526,-22.2753,synthetic
synthetic,178.2182,46.9737,synthetic
synthetic,-121.0362,-46.808,synthetic
synthetic,159.2739,-169.4602,synthetic
synthetic,85.7253,-170.3982,synthetic
synthetic,153.6646,6.1248,synthetic
synthetic,-160.7785,42.0882,synthetic
synthetic,-45.6022,-164.9138,synthetic
synthetic,-91.6687,143.4713,synthetic
synthetic,-175.597,-30.8767,synthetic
synthetic,58.3482,24.1461,synthetic
synthetic,-100.2621,90.728,synthetic
synthetic,-125.8502,133.7585,synthetic
synthetic,-128.0148,137.6767,synthetic
synthetic,149.1362,0.3811,synthetic
synthetic,-139.3377,-79.808,synthetic
synthetic,127.5567,12.9485,synthetic
synthetic,30.0699,59.7997,synthetic
synthetic,-55.4702,-20.0733,synthetic
synthetic,163.9122,-174.0383,synthetic
synthetic,124.0868,128.8251,synthetic
synthetic,-87.4939,101.1056,synthetic
synthetic,165.7145,164.2018,synthetic
synthetic,1.0004,-73.2586,synthetic
synthetic,-67.2814,-58.6748,synthetic
synthetic,63.3096,31.2342,synthetic
synthetic,-104.3112,-172.8673,synthetic
synthetic,-97.9877,0.1318,synthetic
synthetic,53.5936,67.2372,synthetic
synthetic,118.8654,15.3508,synthetic
synthetic,138.8211,112.0389,synthetic
synthetic,83.3555,-66.364,synthetic
synthetic,-90.4197,-124.3676,synthetic
synthetic,175.3032,177.4744,synthetic
synthetic,-62.0054,143.952,synthetic
synthetic,56.0303,146.5228,synthetic
synthetic,-66.6037,170.8782,synthetic
synthetic,-104.3211,158.2667,synthetic
synthetic,-177.4514,-37.0634,synthetic
synthetic,83.0498,175.6507,synthetic
synthetic,164.5873,-49.7289,synthetic
synthetic,-142.9276,32.7734,synthetic
synthetic,-1.1579,-82.9321,synthetic
synthetic,81.854,158.7149,synthetic
synthetic,-123.949,131.3618,synthetic
synthetic,-169.7712,175.3737,synthetic
synthetic,-6.1222,-81.7,synthetic
synthetic,110.6248,-74.7661,synthetic
synthetic,75.5943,-129.4952,synthetic
synthetic,-62.1601,167.7955,synthetic
synthetic,178.2122,-39.2673,synthetic
synthetic,77.0805,-134.8438,synthetic
synthetic,-123.6745,-132.3878,synthetic
synthetic,125.9403,-46.9994,synthetic
synthetic,-126.3215,-127.8269,synthetic
synthetic,-28.7782,-170.5602,synthetic
synthetic,-129.7266,-131.5496,synthetic
synthetic,76.6071,-74.4185,synthetic
synthetic,179.1068,85.0362,synthetic
synthetic,-100.6274,-10.096,synthetic
synthetic,145.4194,120.5426,synthetic
synthetic,-62.2044,176.3723,synthetic
synthetic,-144.553,173.2345,synthetic
synthetic,81.5299,-178.7937,synthetic
synthetic,64.2995,127.5268,synthetic
synthetic,-27.2426,-170.3684,synthetic
synthetic,-88.8189,7.0402,synthetic
synthetic,-34.6666,125.6247,synthetic
synthetic,-129.3898,-49.3593,synthetic
synthetic,-90.7061,129.3051,synthetic
synthetic,-52.5902,-59.2293,synthetic
synthetic,76.4869,1.2589,synthetic
synthetic,110.1144,21.2108,synthetic
synthetic,169.9124,37.4628,synthetic
synthetic,125.0495,-47.2493,synthetic
synthetic,-140.5861,38.6698,synthetic
synthetic,-57.7318,32.337,synthetic
synthetic,110.2849,108.0965,synthetic
synthetic,-43.1839,-169.623,synthetic
synthetic,-11.801,-10.2224,synthetic
synthetic,-167.4638,-173.7532,synthetic
synthetic,-90.0891,9.6957,synthetic
synthetic,-125.825,-130.1282,synthetic
synthetic,-129.9258,-129.158,synthetic
synthetic,-49.7811,-51.6758,synthetic
synthetic,108.0968,-8.5878,synthetic
synthetic,-24.9117,-171.1133,synthetic
synthetic,-88.4899,-113.6293,synthetic
synthetic,177.4945,-37.1242,synthetic
synthetic,-163.2595,-170.6786,synthetic
synthetic,-14.9319,113.8678,synthetic
synthetic,147.2477,114.1394,synthetic
synthetic,78.3694,-68.274,synthetic
synthetic,-65.0423,172.0581,synthetic
synthetic,-104.5642,27.967,synthetic
synthetic,-93.8822,3.8372,synthetic
synthetic,91.5035,-173.1975,synthetic
synthetic,-165.009,-165.3894,synthetic
synthetic,-102.81,71.9023,synthetic
synthetic,105.7772,163.565,synthetic
synthetic,-84.8398,79.6037,synthetic
synthetic,84.7868,24.7807,synthetic
synthetic,-28.2717,-177.5546,synthetic
synthetic,-29.7986,135.801,synthetic
synthetic,-26.2016,120.6547,synthetic
synthetic,-136.9449,19.6148,synthetic
synthetic,-111.422,2.1252,synthetic
synthetic,-67.5353,-52.1687,synthetic
synthetic,-88.0858,-128.7562,synthetic
synthetic,53.1003,60.1945,synthetic
synthetic,176.465,-177.045,synthetic
synthetic,83.0138,29.0903,synthetic
synthetic,-144.9172,-174.3528,synthetic
synthetic,177.4017,155.7589,synthetic
synthetic,177.1005,170.8627,synthetic
synthetic,121.8148,-74.6763,synthetic
synthetic,163.0909,-175.4171,synthetic
synthetic,95.0171,114.7852,synthetic
synthetic,-59.2294,177.722,synthetic
synthetic,-33.171,77.1951,synthetic
synthetic,-20.0243,123.4974,synthetic
synthetic,-134.9326,147.9446,synthetic
synthetic,177.3347,33.8405,synthetic
synthetic,-50.5754,-55.3617,synthetic
synthetic,77.5695,0.8837,synthetic
synthetic,140.0703,-149.6737,synthetic
synthetic,-156.5216,-173.4617,synthetic
synthetic,174.1575,-174.1366,synthetic
synthetic,74.0849,159.7552,synthetic
synthetic,174.5128,40.9275,synthetic
synthetic,-86.8385,131.2411,synthetic
synthetic,-59.7871,-38.4512,synthetic
synthetic,-157.1198,-54.5731,synthetic
synthetic,-159.2086,-174.4186,synthetic
synthetic,-153.2053,36.7296,synthetic
synthetic,-165.9314,-175.1819,synthetic
synthetic,-54.8255,-46.3968,synthetic
synthetic,103.8289,-13.3556,synthetic
synthetic,-158.829,-57.9591,synthetic
synthetic,68.1883,130.495,synthetic
synthetic,127.9232,-42.2178,synthetic
synthetic,-115.3623,-171.1276,synthetic
synthetic,82.3587,-160.7266,synthetic
synthetic,-3.834,-84.1407,synthetic
synthetic,-106.6366,21.5937,synthetic
synthetic,-141.361,-86.063,synthetic
synthetic,-56.8817,-52.813,synthetic
synthetic,-98.677,141.7585,synthetic
synthetic,-139.3773,-83.7268,synthetic
synthetic,78.3539,13.4718,synthetic
synthetic,170.5479,43.132,synthetic
synthetic,177.0858,-34.0467,synthetic
synthetic,128.3764,-47.3257,synthetic
synthetic,119.4914,-76.9452,synthetic
synthetic,171.9799,-176.9946,synthetic
synthetic,130.5348,-48.7894,synthetic
synthetic,80.7828,-68.19,synthetic
synthetic,64.6734,19.3492,synthetic
synthetic,-138.9102,-80.0669,synthetic
synthetic,126.9009,-50.875,synthetic
synthetic,-128.812,-130.259,synthetic
synthetic,-28.3122,142.7625,synthetic
synthetic,76.7539,-67.1303,synthetic
synthetic,-28.296,140.4565,synthetic
synthetic,-51.5604,-41.5097,synthetic
synthetic,-87.0827,142.1838,synthetic
synthetic,88.5937,-158.5345,synthetic
synthetic,156.9336,-51.8902,synthetic
synthetic,137.2849,121.2736,synthetic
synthetic,155.3553,-46.9781,synthetic
synthetic,62.097,38.0798,synthetic
synthetic,175.4396,178.1101,synthetic
synthetic,-101.3407,-178.2428,synthetic
synthetic,58.8677,145.6404,synthetic
synthetic,-161.9861,163.478,synthetic
synthetic,-29.2084,-171.8004,synthetic
synthetic,-107.9745,-172.7211,synthetic
synthetic,-100.997,7.7424,synthetic
synthetic,176.3969,87.1528,synthetic
synthetic,-161.8431,75.2299,synthetic
synthetic,171.9554,48.0814,synthetic
synthetic,138.8657,-161.9164,synthetic
synthetic,72.4701,128.9219,synthetic
synthetic,172.7173,45.5463,synthetic
synthetic,-44.1951,-38.6986,synthetic
synthetic,47.6405,50.5251,synthetic
synthetic,170.6172,166.4545,synthetic
synthetic,-70.2471,132.383,synthetic
synthetic,50.534,52.9393,synthetic
synthetic,139.5664,111.0706,synthetic
synthetic,178.9602,179.8279,synthetic
synthetic,122.8318,-78.5193,synthetic
synthetic,-13.7952,-9.8386,synthetic
synthetic,-25.7704,-69.8645,synthetic
synthetic,143.3497,-163.3069,synthetic
synthetic,149.1633,-55.6591,synthetic
synthetic,64.852,152.0363,synthetic
synthetic,-98.0182,-57.3907,synthetic
synthetic,-124.721,-0.5049,synthetic
synthetic,-159.6999,-50.495,synthetic
synthetic,-169.884,-178.2334,synthetic
synthetic,-58.5054,25.8191,synthetic
synthetic,-100.5576,67.7591,synthetic
synthetic,-128.518,-56.6299,synthetic
synthetic,58.1861,44.9566,synthetic
synthetic,-163.0913,-51.2712,synthetic
synthetic,2.7056,-82.1005,synthetic
synthetic,178.4098,-29.8216,synthetic
synthetic,123.185,-51.3303,synthetic
synthetic,66.124,127.3975,synthetic
synthetic,-162.2456,-171.7096,synthetic
synthetic,-87.4785,-124.3918,synthetic
synthetic,126.2593,-46.4449,synthetic
synthetic,79.7199,179.5095,synthetic
synthetic,-34.3749,-84.6381,synthetic
synthetic,160.8509,-57.0853,synthetic
synthetic,-30.7397,138.4788,synthetic
synthetic,-151.6259,145.8187,synthetic
synthetic,74.5563,-4.1856,synthetic
synthetic,-92.6879,-122.1557,synthetic
synthetic,136.7644,110.2634,synthetic
synthetic,-52.4709,-47.5958,synthetic
synthetic,-80.2981,129.3682,synthetic
synthetic,90.3235,-179.539,synthetic
synthetic,-151.9058,82.5178,synthetic
synthetic,93.0453,-159.39,synthetic
synthetic,-48.5865,158.5563,synthetic
synthetic,-26.0978,-177.1878,synthetic
synthetic,-38.3436,-120.93,synthetic
synthetic,70.7242,3.2279,synthetic
synthetic,87.7181,-176.7574,synthetic
synthetic,-56.617,20.13,synthetic
synthetic,-139.7738,165.614,synthetic
synthetic,-160.6089,-171.8436,synthetic
synthetic,151.5224,166.6375,synthetic
synthetic,-52.5605,-47.4479,synthetic
synthetic,-82.5318,-12.8191,synthetic
synthetic,-34.0849,-175.0552,synthetic
synthetic,175.4747,41.8547,synthetic
synthetic,-126.8539,142.8196,synthetic
synthetic,-149.0799,175.0075,synthetic
synthetic,-179.0837,-33.6885,synthetic
synthetic,172.9657,-174.0168,synthetic
synthetic,-162.3571,-170.8222,synthetic
synthetic,-65.3942,-45.4268,synthetic
synthetic,172.5478,45.4954,synthetic
synthetic,63.2773,-142.936,synthetic
synthetic,-91.8694,-127.0516,synthetic
synthetic,-30.5828,73.9834,synthetic
synthetic,-162.2239,-51.3342,synthetic
synthetic,-150.5967,31.7312,synthetic
synthetic,-138.6623,38.623,synthetic
synthetic,-66.821,169.4935,synthetic
synthetic,120.5487,125.2255,synthetic
synthetic,-11.8128,-12.4156,synthetic
synthetic,-161.3261,73.5353,synthetic
synthetic,68.1069,21.0512,synthetic
synthetic,-118.6115,146.7552,synthetic
synthetic,-157.8713,80.003,synthetic
synthetic,-142.9051,-89.1095,synthetic
synthetic,154.9805,9.4221,synthetic
synthetic,84.9433,-67.5089,synthetic
synthetic,155.8314,-55.2244,synthetic
synthetic,83.5938,-67.0659,synthetic
synthetic,-135.4404,15.1,synthetic
synthetic,-23.8609,118.3598,synthetic
synthetic,-165.7484,-177.4775,synthetic
synthetic,-123.5928,142.4462,synthetic
synthetic,-123.753,120.8725,synthetic
synthetic,176.7092,150.0052,synthetic
synthetic,-26.6928,-167.6644,synthetic
synthetic,-14.4563,-53.2482,synthetic
synthetic,10.0601,-73.3977,synthetic
synthetic,138.338,-150.0814,synthetic
synthetic,170.0948,165.4717,synthetic
synthetic,151.7422,-53.386,synthetic
synthetic,-157.1978,21.4969,synthetic
synthetic,-44.0334,178.406,synthetic
synthetic,101.5648,22.3724,synthetic
synthetic,145.0167,109.1729,synthetic
synthetic,124.8099,9.6748,synthetic
synthetic,-89.0197,-117.621,synthetic
synthetic,-151.3878,-56.0217,synthetic
synthetic,79.1606,160.9145,synthetic
synthetic,-134.4843,-61.9271,synthetic
synthetic,-93.5223,45.809,synthetic
synthetic,67.0738,37.6393,synthetic
synthetic,-176.8855,-36.7915,synthetic
synthetic,-94.233,67.2549,synthetic
synthetic,-101.2874,-165.9518,synthetic
synthetic,-28.6916,138.5157,synthetic
synthetic,83.627,-179.4191,synthetic
synthetic,173.5002,43.5236,synthetic
synthetic,62.9553,47.2505,synthetic
synthetic,100.0671,111.3221,synthetic
synthetic,-103.3134,1.1978,synthetic
synthetic,89.2153,-162.1639,synthetic
synthetic,-72.64,19.3288,synthetic
synthetic,173.1972,51.2226,synthetic
synthetic,3.3808,-87.0373,synthetic
synthetic,81.4914,-62.368,synthetic
synthetic,179.4445,-31.5602,synthetic
synthetic,-13.7936,118.2848,synthetic
synthetic,-92.4141,-121.0408,synthetic
synthetic,88.4201,-179.4246,synthetic
synthetic,137.9529,115.246,synthetic
synthetic,120.3192,124.9374,synthetic
synthetic,-131.0679,-127.0709,synthetic
synthetic,111.547,151.7177,synthetic
synthetic,150.4322,-51.8386,synthetic
synthetic,68.0905,124.0929,synthetic
synthetic,34.1042,66.7599,synthetic
synthetic,155.6829,4.1131,synthetic
synthetic,174.881,36.2627,synthetic
synthetic,-170.6888,79.3281,synthetic
synthetic,-154.2655,-57.2735,synthetic
synthetic,-38.2067,70.0986,synthetic
synthetic,-29.9877,-174.1851,synthetic
synthetic,59.5964,-151.5558,synthetic
synthetic,-145.6123,-94.2402,synthetic
synthetic,-11.0952,116.6351,synthetic
synthetic,169.4145,45.0228,synthetic
synthetic,-38.724,73.2836,synthetic
synthetic,59.1739,144.0062,synthetic
synthetic,-88.1275,-123.2833,synthetic
synthetic,-139.5782,-84.0459,synthetic
synthetic,96.4933,111.8398,synthetic
synthetic,59.6187,-147.9142,synthetic
synthetic,-35.2739,73.042,synthetic
synthetic,172.4453,33.9845,synthetic
synthetic,168.6457,39.4151,synthetic
synthetic,-127.0591,-5.8835,synthetic
synthetic,-179.1382,-30.7359,synthetic
synthetic,82.7556,159.349,synthetic
synthetic,-45.5612,-173.1305,synthetic
synthetic,145.805,10.0449,synthetic
synthetic,-120.4458,-178.2578,synthetic
synthetic,-84.9313,55.4972,synthetic
synthetic,-58.3775,-96.3251,synthetic
synthetic,80.1988,2.3528,synthetic
synthetic,67.7349,-9.608,synthetic
synthetic,-54.3632,160.0054,synthetic
synthetic,-164.1663,-176.15,synthetic
synthetic,110.1247,105.8865,synthetic
synthetic,75.456,-5.8652,synthetic
synthetic,83.8497,-53.958,synthetic
synthetic,-40.951,-122.0612,synthetic
synthetic,154.4055,-55.4893,synthetic
synthetic,-27.5559,-169.7999,synthetic
synthetic,158.5449,-47.8089,synthetic
synthetic,171.3864,39.9841,synthetic
synthetic,-133.3299,-125.7951,synthetic
synthetic,-163.6869,-172.5566,synthetic
synthetic,-37.9592,121.2536,synthetic
synthetic,154.1413,-56.9833,synthetic
synthetic,74.6986,7.8001,synthetic
synthetic,138.1979,-158.1892,synthetic
synthetic,-108.0043,110.976,synthetic
synthetic,110.1875,-12.5479,synthetic
synthetic,-33.2458,78.3411,synthetic
synthetic,-19.7233,122.1658,synthetic
synthetic,104.2102,108.2863,synthetic
synthetic,-58.6954,-42.1677,synthetic
synthetic,91.9766,-176.8207,synthetic
synthetic,137.4834,107.5863,synthetic
synthetic,0.5275,-82.0097,synthetic
synthetic,-25.0752,-171.6448,synthetic
synthetic,61.0432,144.7696,synthetic
synthetic,-42.3083,-60.698,synthetic
synthetic,-109.5326,145.2959,synthetic
synthetic,-32.846,78.5907,synthetic
synthetic,133.3137,10.3857,synthetic
synthetic,82.0997,-175.1407,synthetic
synthetic,-161.8028,-55.272,synthetic
synthetic,-30.3328,141.2279,synthetic
synthetic,106.9084,-7.6611,synthetic
synthetic,-118.5071,111.334,synthetic
synthetic,-24.7921,143.8253,synthetic
synthetic,170.0685,164.1409,synthetic
synthetic,-165.1232,-174.7479,synthetic
synthetic,170.1691,160.8495,synthetic
synthetic,-179.2896,-32.7833,synthetic
synthetic,-108.3864,43.3001,synthetic
synthetic,-176.2313,31.2286,synthetic
synthetic,126.1061,8.1874,synthetic
synthetic,-15.696,-12.1528,synthetic
synthetic,173.7415,162.5183,synthetic
synthetic,72.4101,126.0014,synthetic
synthetic,179.4337,178.356,synthetic
synthetic,136.8596,120.3558,synthetic
synthetic,-58.5498,-42.2421,synthetic
synthetic,-92.6256,-127.4883,synthetic
synthetic,-169.7612,-176.392,synthetic
synthetic,176.7375,147.6107,synthetic
synthetic,-98.4602,-3.3259,synthetic
synthetic,-159.2299,-173.3041,synthetic
synthetic,172.7152,154.7715,synthetic
synthetic,-40.9324,-55.7934,synthetic
synthetic,-132.9962,-55.3985,synthetic
synthetic,-81.2518,53.5407,synthetic
synthetic,-21.98,112.9258,synthetic
synthetic,82.1049,-175.9027,synthetic
synthetic,-60.4231,-179.9962,synthetic
synthetic,82.7509,-173.4719,synthetic
synthetic,-164.7098,-55.848,synthetic
synthetic,-163.0582,74.7876,synthetic
synthetic,176.1123,80.0189,synthetic
synthetic,135.597,-154.253,synthetic
synthetic,174.7892,40.6841,synthetic
synthetic,-125.2211,-130.071,synthetic
synthetic,-33.6048,138.0264,synthetic
synthetic,-124.6442,140.463,synthetic
synthetic,71.4369,-2.5731,synthetic
synthetic,-100.5463,73.0152,synthetic
synthetic,79.1491,-164.6824,synthetic
synthetic,-1.2998,-80.3105,synthetic
synthetic,62.5194,-152.9806,synthetic
synthetic,-179.0411,-36.7567,synthetic
synthetic,171.4426,-174.103,synthetic
synthetic,-116.6596,-174.6967,synthetic
synthetic,-110.3218,155.9539,synthetic
synthetic,179.7423,-34.8114,synthetic
synthetic,178.855,83.0055,synthetic
synthetic,128.8918,-49.3939,synthetic
synthetic,-59.2178,27.0264,synthetic
synthetic,70.1681,120.8801,synthetic
synthetic,-153.1438,143.5725,synthetic
synthetic,125.4513,-52.9378,synthetic
synthetic,-97.6542,-126.0327,synthetic
synthetic,142.2855,109.9095,synthetic
synthetic,-140.8634,-86.4128,synthetic
synthetic,77.8592,-127.9829,synthetic
synthetic,67.4266,132.8175,synthetic
synthetic,62.4509,24.1242,synthetic
synthetic,174.9251,34.2287,synthetic
synthetic,118.9645,-82.8185,synthetic
synthetic,169.9163,179.1817,synthetic
synthetic,128.7591,11.456,synthetic
synthetic,173.5859,34.0551,synthetic
synthetic,-137.357,30.5924,synthetic
synthetic,-46.4465,-57.1325,synthetic
synthetic,73.5604,159.7147,synthetic
synthetic,-83.1713,-24.1079,synthetic
synthetic,-30.5755,144.2503,synthetic
synthetic,126.3416,7.1768,synthetic
synthetic,-43.705,122.4319,synthetic
synthetic,-164.5042,160.2207,synthetic
synthetic,152.8226,-47.2661,synthetic
synthetic,78.0558,-70.3801,synthetic
synthetic,126.6742,165.8544,synthetic
synthetic,60.0109,49.7311,synthetic
synthetic,-179.4675,-36.8874,synthetic
synthetic,-142.4003,-76.5368,synthetic
synthetic,111.1446,9.8104,synthetic
synthetic,-42.0558,-176.0164,synthetic
synthetic,75.0758,2.8024,synthetic
synthetic,127.5244,5.2565,synthetic
synthetic,87.3367,-177.4836,synthetic
synthetic,126.998,-46.5749,synthetic
synthetic,105.5539,110.1612,synthetic
synthetic,-134.0418,-54.1694,synthetic
synthetic,-67.0769,174.4564,synthetic
synthetic,179.8564,-33.6624,synthetic
synthetic,61.354,-149.0879,synthetic
synthetic,-66.6471,96.2399,synthetic
synthetic,155.1103,6.3592,synthetic
synthetic,-137.1396,-88.2742,synthetic
synthetic,-29.7282,159.3828,synthetic
synthetic,137.235,-159.2005,synthetic
synthetic,119.6447,124.7012,synthetic
synthetic,84.9818,-174.2522,synthetic
synthetic,124.5977,5.9996,synthetic
synthetic,-10.6984,-13.8595,synthetic
synthetic,173.2215,-178.0027,synthetic
synthetic,-176.5155,36.4819,synthetic
synthetic,-154.731,39.7353,synthetic
synthetic,-157.7896,169.9511,synthetic
synthetic,101.3111,-10.6049,synthetic
synthetic,-157.0357,-51.8259,synthetic
synthetic,-148.9104,173.3054,synthetic
synthetic,-76.2459,-46.3534,synthetic
synthetic,88.4581,-177.3041,synthetic
synthetic,-122.2987,-133.0665,synthetic
synthetic,61.4796,-143.2781,synthetic
synthetic,-130.3492,120.7016,synthetic
synthetic,-118.5294,150.2638,synthetic
synthetic,-23.934,-175.7161,synthetic
synthetic,77.6537,-133.5246,synthetic
synthetic,176.8618,41.1105,synthetic
synthetic,91.9015,-160.3687,synthetic
synthetic,160.6101,-172.8854,synthetic
synthetic,-47.2687,-25.9933,synthetic
synthetic,-150.7178,81.9199,synthetic
synthetic,-1.9881,-85.7701,synthetic
synthetic,90.3028,-60.862,synthetic
synthetic,148.9564,-53.5677,synthetic
synthetic,149.5375,-51.1542,synthetic
synthetic,126.7926,13.3977,synthetic
synthetic,82.1337,-177.231,synthetic
synthetic,120.3704,-74.9,synthetic
synthetic,-86.6049,118.7065,synthetic
synthetic,-167.6191,154.0101,synthetic
synthetic,-107.3113,129.0989,synthetic
synthetic,176.961,179.3327,synthetic
synthetic,172.7869,49.3266,synthetic
synthetic,171.1061,33.1681,synthetic
synthetic,142.0511,113.6201,synthetic
synthetic,-23.5654,-174.499,synthetic
synthetic,135.2547,-159.5745,synthetic
synthetic,120.361,161.1835,synthetic
synthetic,-172.8739,-179.4891,synthetic
synthetic,84.1404,-178.8389,synthetic
synthetic,59.5404,139.5492,synthetic
synthetic,-65.7383,-175.9362,synthetic
synthetic,-81.0801,-120.4765,synthetic
synthetic,-162.7547,-176.3556,synthetic
synthetic,-160.1651,35.1454,synthetic
synthetic,59.7686,58.1852,synthetic
synthetic,-137.9414,-73.9621,synthetic
synthetic,68.2307,-154.4616,synthetic
synthetic,-90.9453,-131.2129,synthetic
synthetic,79.2573,-63.5379,synthetic
synthetic,-49.6274,-178.5954,synthetic
synthetic,-98.4695,45.6389,synthetic
synthetic,-66.7582,19.9575,synthetic
synthetic,-106.3058,160.785,synthetic
synthetic,-93.3352,-129.431,synthetic
synthetic,170.9285,155.7084,synthetic
synthetic,76.5285,-5.0031,synthetic
synthetic,157.012,-55.2148,synthetic
synthetic,-119.8577,111.389,synthetic
synthetic,-28.9565,75.4981,synthetic
synthetic,-95.1083,130.6555,synthetic
synthetic,-174.6416,49.9237,synthetic
synthetic,-97.0998,126.5157,synthetic
synthetic,77.3191,-64.307,synthetic
synthetic,53.7459,44.5675,synthetic
synthetic,-119.6646,-32.5596,synthetic
synthetic,-146.1437,-175.4378,synthetic
synthetic,-21.0995,121.6101,synthetic
synthetic,-63.4333,-175.0415,synthetic
synthetic,83.3312,-63.5549,synthetic
synthetic,155.472,10.2797,synthetic
synthetic,-163.2288,-177.1965,synthetic
synthetic,-167.8995,147.4769,synthetic
synthetic,84.2996,-61.8376,synthetic
synthetic,-99.1134,122.4109,synthetic
synthetic,-152.0431,90.2935,synthetic
synthetic,-118.6836,128.5926,synthetic
synthetic,-33.6616,179.8128,synthetic
synthetic,-141.0587,-85.6105,synthetic
synthetic,179.8263,164.1711,synthetic
synthetic,139.1598,-157.4716,synthetic
synthetic,168.6185,47.2575,synthetic
synthetic,-62.967,-39.1181,synthetic
synthetic,-1.5263,-85.3788,synthetic
synthetic,55.2693,25.3206,synthetic
synthetic,138.8325,-159.6506,synthetic
synthetic,-120.3309,-174.51,synthetic
synthetic,-27.899,79.3399,synthetic
synthetic,-34.0968,72.9989,synthetic
synthetic,-138.6616,76.511,synthetic
synthetic,79.1255,-126.084,synthetic
synthetic,-100.6412,109.5449,synthetic
synthetic,171.9495,43.9993,synthetic
synthetic,132.2858,10.4497,synthetic
synthetic,174.2549,169.0784,synthetic
synthetic,-66.6834,-44.3793,synthetic
synthetic,-64.0054,-37.2028,synthetic
synthetic,156.1627,-55.1297,synthetic
synthetic,167.7716,39.0513,synthetic
synthetic,-87.7134,-123.2738,synthetic
synthetic,-142.875,27.8137,synthetic
synthetic,-87.2731,-109.9592,synthetic
synthetic,120.6309,124.0688,synthetic
synthetic,50.3329,51.1302,synthetic
synthetic,78.2286,177.84,synthetic
synthetic,-171.9677,-173.8868,synthetic
synthetic,174.7808,-178.5333,synthetic
synthetic,-86.9999,-121.9087,synthetic
synthetic,-40.2223,134.6956,synthetic
synthetic,-70.1182,122.5369,synthetic
synthetic,-176.6207,87.0099,synthetic
synthetic,125.9669,6.4998,synthetic
synthetic,88.0925,-57.4019,synthetic
synthetic,61.2943,142.9074,synthetic
synthetic,75.6155,-3.6725,synthetic
synthetic,174.7812,149.9419,synthetic
synthetic,171.2286,39.9912,synthetic
synthetic,-161.5693,-177.1868,synthetic
synthetic,88.5658,-172.1975,synthetic
synthetic,-69.3606,155.6287,synthetic
synthetic,-101.1309,-3.4678,synthetic
synthetic,-160.7685,157.0096,synthetic
synthetic,-58.1179,30.3548,synthetic
synthetic,-98.2052,-173.8621,synthetic
synthetic,164.8616,45.2508,synthetic
synthetic,-98.286,122.8302,synthetic
synthetic,-132.4875,-125.8127,synthetic
synthetic,90.5253,176.9971,synthetic
synthetic,58.1776,137.5409,synthetic
synthetic,-179.9676,-31.7025,synthetic
synthetic,-3.5675,-74.9409,synthetic
synthetic,-34.6992,-123.3666,synthetic
synthetic,-166.4812,150.4346,synthetic
synthetic,-117.5583,-171.5008,synthetic
synthetic,-34.7451,-175.5498,synthetic
synthetic,-82.9161,-118.0503,synthetic
synthetic,-64.1427,-41.7422,synthetic
synthetic,105.41,-11.4031,synthetic
synthetic,158.2805,-54.5052,synthetic
synthetic,170.987,156.8161,synthetic
synthetic,-20.0616,116.2451,synthetic
synthetic,-38.0066,120.0475,synthetic
synthetic,-165.4519,-49.947,synthetic
synthetic,137.5289,112.1422,synthetic
synthetic,-137.5725,21.1995,synthetic
synthetic,66.8749,-153.232,synthetic
synthetic,-136.9773,18.8789,synthetic
synthetic,154.9538,-46.9944,synthetic
synthetic,81.5321,-178.0313,synthetic
synthetic,-128.0165,-131.4356,synthetic
synthetic,-24.8646,-166.2801,synthetic
synthetic,-33.5261,-47.8096,synthetic
synthetic,178.9799,169.0158,synthetic
synthetic,179.196,47.7286,synthetic
synthetic,169.3167,-177.0893,synthetic
synthetic,-86.4973,109.7907,synthetic
synthetic,80.6428,5.3412,synthetic
synthetic,59.6947,53.6218,synthetic
synthetic,131.2621,8.4112,synthetic
synthetic,-135.5881,67.5497,synthetic
synthetic,-85.1499,140.7351,synthetic
synthetic,-166.6654,-176.5062,synthetic
synthetic,-155.7961,69.9747,synthetic
synthetic,85.4535,-174.5915,synthetic
synthetic,47.4521,55.8351,synthetic
synthetic,157.2947,11.854,synthetic
synthetic,171.8372,40.1011,synthetic
synthetic,-96.3646,-119.0881,synthetic
synthetic,171.0852,-177.8008,synthetic
synthetic,84.9172,-58.6747,synthetic
synthetic,-165.6536,-47.448,synthetic
synthetic,-101.6964,-174.1431,synthetic
synthetic,-113.4239,112.5146,synthetic
synthetic,127.3627,165.2968,synthetic
synthetic,72.2538,125.1782,synthetic
synthetic,-176.3728,88.0943,synthetic
synthetic,75.1226,-68.0209,synthetic
synthetic,162.9459,-169.2061,synthetic
synthetic,127.8148,-45.1615,synthetic
synthetic,-89.8743,-126.5158,synthetic
synthetic,-28.8306,74.2956,synthetic
synthetic,85.212,-176.9077,synthetic
synthetic,173.2716,160.3645,synthetic
synthetic,-64.0582,-33.2325,synthetic
synthetic,-81.0235,171.1347,synthetic
synthetic,-122.0254,-132.0867,synthetic
synthetic,33.528,54.2287,synthetic
synthetic,156.4161,-51.8517,synthetic
synthetic,4.0628,-104.172,synthetic
synthetic,54.8869,67.6534,synthetic
synthetic,-178.8645,171.2855,synthetic
synthetic,-170.7805,76.9518,synthetic
synthetic,102.7786,-8.3159,synthetic
synthetic,146.2919,151.4321,synthetic
synthetic,-11.9607,-9.2651,synthetic
synthetic,-48.3099,-11.4846,synthetic
synthetic,115.7566,155.91,synthetic
synthetic,127.8164,13.6687,synthetic
synthetic,178.5784,-29.8683,synthetic
synthetic,48.386,52.1419,synthetic
synthetic,118.114,130.8413,synthetic
synthetic,-83.6717,-23.0123,synthetic
synthetic,-4.7373,-105.4564,synthetic
synthetic,-82.7754,73.0283,synthetic
synthetic,137.3626,111.5045,synthetic
synthetic,80.5186,-68.7908,synthetic
synthetic,101.2163,110.6793,synthetic
synthetic,85.2362,176.4011,synthetic
synthetic,175.5581,-177.7254,synthetic
synthetic,61.9941,-146.2104,synthetic
synthetic,74.1083,-3.7721,synthetic
synthetic,-89.5802,-114.8917,synthetic
synthetic,-30.951,-167.696,synthetic
synthetic,94.2878,-10.3482,synthetic
synthetic,-170.4083,-176.5815,synthetic
synthetic,178.9256,38.3419,synthetic
synthetic,55.3119,46.2751,synthetic
synthetic,-137.8164,-79.1201,synthetic
synthetic,154.6658,8.1571,synthetic
synthetic,-125.7601,170.9524,synthetic
synthetic,178.1604,47.5973,synthetic
synthetic,-64.2991,-30.4578,synthetic
synthetic,95.2024,-12.2707,synthetic
synthetic,97.4765,109.9299,synthetic
synthetic,84.129,178.5053,synthetic
synthetic,-75.809,17.494,synthetic
synthetic,174.6812,-171.1716,synthetic
synthetic,121.319,127.0113,synthetic
synthetic,-125.9772,-175.5381,synthetic
synthetic,75.7416,164.7776,synthetic
synthetic,-123.4095,158.3169,synthetic
synthetic,57.0682,49.009,synthetic
synthetic,176.2272,-32.7771,synthetic
synthetic,54.5853,44.8122,synthetic
synthetic,169.6773,161.4852,synthetic
synthetic,-11.3627,120.1549,synthetic
synthetic,101.2115,-8.8993,synthetic
synthetic,77.6518,-128.1423,synthetic
synthetic,-83.5356,165.5531,synthetic
synthetic,-127.1118,-135.7179,synthetic
synthetic,175.174,49.6367,synthetic
synthetic,-139.8105,-88.6715,synthetic
synthetic,-60.1964,-35.012,synthetic
synthetic,79.7562,159.8139,synthetic
synthetic,57.6463,-147.1307,synthetic
synthetic,-13.2506,118.0277,synthetic
synthetic,-61.8708,-38.4265,synthetic
synthetic,-167.9399,179.8352,synthetic
synthetic,-3.5559,-100.3689,synthetic
synthetic,-160.3547,72.8243,synthetic
synthetic,177.7053,90.2595,synthetic
synthetic,128.5135,-42.7369,synthetic
synthetic,-87.4746,78.3358,synthetic
synthetic,68.8561,142.101,synthetic
synthetic,-52.6862,-60.6527,synthetic
synthetic,-58.0414,-18.63,synthetic
synthetic,-53.1313,-58.1972,synthetic
synthetic,-54.6123,-95.5066,synthetic
synthetic,167.1152,-172.3896,synthetic
synthetic,-125.0607,5.0992,synthetic
synthetic,-165.9764,75.8911,synthetic
synthetic,-117.4977,115.8565,synthetic
synthetic,154.7724,7.066,synthetic
synthetic,-162.7806,-173.2274,synthetic
synthetic,-163.3312,-176.7473,synthetic
synthetic,-3.8194,-82.885,synthetic
synthetic,98.7786,105.4404,synthetic
synthetic,155.8788,-55.649,synthetic
synthetic,-47.5812,-161.8382,synthetic
synthetic,89.6473,-161.5561,synthetic
synthetic,-29.7651,-172.5301,synthetic
synthetic,-41.2472,-52.6806,synthetic
synthetic,-149.6187,29.8214,synthetic
synthetic,175.4468,172.062,synthetic
synthetic,-177.4474,-29.6114,synthetic
synthetic,62.6427,143.9614,synthetic
synthetic,-162.8426,-178.6555,synthetic
synthetic,-172.3455,-179.369,synthetic
synthetic,3.9631,-82.6567,synthetic
synthetic,-28.9702,157.5845,synthetic
synthetic,-163.5307,-172.4676,synthetic
synthetic,177.5229,51.0596,synthetic
synthetic,-86.3563,-11.36,synthetic
synthetic,-163.955,164.9417,synthetic
synthetic,-7.2304,119.5614,synthetic
synthetic,179.926,-36.5536,synthetic
synthetic,115.6333,-65.4898,synthetic
synthetic,4.2835,-84.8754,synthetic
synthetic,60.08,144.6353,synthetic
synthetic,-164.4389,163.8455,synthetic
synthetic,-123.7768,163.4024,synthetic
synthetic,-24.5386,-169.5979,synthetic
synthetic,-172.3244,175.6576,synthetic
synthetic,-119.583,-175.3469,synthetic
synthetic,68.07,142.7813,synthetic
synthetic,101.8309,19.4977,synthetic
synthetic,-69.3038,-175.5201,synthetic
synthetic,178.0316,169.8961,synthetic
synthetic,-58.254,-39.019,synthetic
synthetic,178.847,40.8995,synthetic
synthetic,104.1186,-7.613,synthetic
synthetic,-177.0596,-33.4129,synthetic
synthetic,-125.6739,-128.2381,synthetic
synthetic,117.9462,164.6564,synthetic
synthetic,-66.1554,-39.53,synthetic
synthetic,75.4101,129.8471,synthetic
synthetic,178.502,171.1398,synthetic
synthetic,-10.0703,-11.3982,synthetic
synthetic,-88.2456,-48.5837,synthetic
synthetic,-130.6771,141.1437,synthetic
synthetic,170.1743,-176.0546,synthetic
synthetic,-160.402,85.5662,synthetic
synthetic,-52.2378,-176.4817,synthetic
synthetic,-86.7521,-125.0682,synthetic
synthetic,-90.0296,86.4195,synthetic
synthetic,-174.8201,41.3991,synthetic
synthetic,179.6988,84.1002,synthetic
synthetic,92.1242,-67.469,synthetic
synthetic,127.5099,10.1755,synthetic
synthetic,-57.5176,-64.3853,synthetic
synthetic,83.047,-176.7769,synthetic
synthetic,-110.401,139.0162,synthetic
synthetic,78.935,-131.0508,synthetic
synthetic,160.5652,-50.628,synthetic
synthetic,82.0332,-171.6471,synthetic
synthetic,-117.951,-11.7409,synthetic
synthetic,-139.8913,-92.561,synthetic
synthetic,165.0492,-168.8164,synthetic
synthetic,163.6564,-178.5094,synthetic
synthetic,-60.2184,177.1117,synthetic
synthetic,-24.275,-176.7793,synthetic
synthetic,-163.1721,39.871,synthetic
synthetic,-157.0149,77.7066,synthetic
synthetic,-178.5165,165.2165,synthetic
synthetic,75.8706,-65.2405,synthetic
synthetic,167.8693,179.8125,synthetic
synthetic,-143.1594,-171.6194,synthetic
synthetic,-159.2711,-55.0158,synthetic
synthetic,-179.2646,-33.2056,synthetic
synthetic,-125.2667,-129.3138,synthetic
synthetic,-140.6715,167.3052,synthetic
synthetic,-153.2472,36.1921,synthetic
synthetic,67.7177,24.9547,synthetic
synthetic,136.247,114.8163,synthetic
synthetic,-108.8607,158.6973,synthetic
synthetic,157.0043,-57.2577,synthetic
synthetic,62.4648,23.7588,synthetic
synthetic,-145.3048,22.6972,synthetic
synthetic,80.4024,12.7269,synthetic
synthetic,158.075,-168.1874,synthetic
synthetic,-101.6502,63.4697,synthetic
synthetic,-87.5233,-0.9047,synthetic
synthetic,118.7859,-75.2283,synthetic
synthetic,-45.4031,-63.4448,synthetic
synthetic,-9.4591,127.2414,synthetic
synthetic,-160.4928,-48.8909,synthetic
synthetic,-120.8918,-128.2286,synthetic
synthetic,169.7187,35.5025,synthetic
synthetic,-82.0572,-123.5464,synthetic
synthetic,177.5289,147.2065,synthetic
synthetic,142.7851,111.5886,synthetic
synthetic,-135.7021,-16.4011,synthetic
synthetic,-179.9011,-35.605,synthetic
synthetic,174.8652,39.1571,synthetic
synthetic,-103.5184,144.9425,synthetic
synthetic,-140.5067,167.9775,synthetic
synthetic,174.0746,163.9189,synthetic
synthetic,-162.7854,150.8443,synthetic
synthetic,82.2486,-68.7473,synthetic
synthetic,59.4256,146.8466,synthetic
synthetic,-24.8928,119.1608,synthetic
synthetic,-150.6194,86.7381,synthetic
synthetic,-141.0759,33.8022,synthetic
synthetic,179.8424,-33.2296,synthetic
synthetic,-34.6285,-173.7999,synthetic
synthetic,152.4334,-58.3279,synthetic
synthetic,-39.6478,-169.8019,synthetic
synthetic,-159.5053,74.8767,synthetic
synthetic,-32.1186,-173.5029,synthetic
synthetic,-50.9864,-65.0943,synthetic
synthetic,-63.4725,-27.9323,synthetic
synthetic,-176.6828,89.5339,synthetic
synthetic,-123.3313,-172.3556,synthetic
synthetic,74.6276,-4.1525,synthetic
synthetic,85.6639,-174.7814,synthetic
synthetic,-62.1118,-41.3678,synthetic
synthetic,178.6421,40.3421,synthetic
synthetic,-87.2099,-7.7815,synthetic
synthetic,-43.4809,-61.0918,synthetic
synthetic,-30.8851,81.9318,synthetic
synthetic,-127.4937,-130.8464,synthetic
synthetic,-104.2152,-173.7992,synthetic
synthetic,-32.8013,-54.4615,synthetic
synthetic,-163.6244,-53.2042,synthetic
synthetic,72.8325,177.3503,synthetic
synthetic,-153.8828,-176.0471,synthetic
synthetic,-130.9781,-51.4601,synthetic
synthetic,-61.9546,13.6548,synthetic
synthetic,-119.0804,131.8444,synthetic
synthetic,154.3302,-50.811,synthetic
synthetic,162.3738,-169.9281,synthetic
synthetic,169.6916,-177.7475,synthetic
synthetic,-162.7061,78.418,synthetic
synthetic,174.9821,-34.3658,synthetic
synthetic,-37.6166,73.4237,synthetic
synthetic,-129.0224,-122.8278,synthetic
synthetic,76.5177,-68.6265,synthetic
synthetic,81.9145,-179.6612,synthetic
synthetic,62.2933,145.0588,synthetic
synthetic,153.6885,-49.6206,synthetic
synthetic,136.2127,-158.8659,synthetic
synthetic,-43.8234,-62.4123,synthetic
synthetic,176.5508,166.8898,synthetic
synthetic,-172.8341,179.5557,synthetic
synthetic,-101.7228,-171.1718,synthetic
synthetic,170.1758,172.2651,synthetic
synthetic,-108.9267,32.9222,synthetic
synthetic,-158.6191,-48.9419,synthetic
synthetic,-150.2029,33.6142,synthetic
synthetic,-151.8434,-44.9935,synthetic
synthetic,63.9771,137.5463,synthetic
synthetic,-13.5097,-14.0968,synthetic
synthetic,81.1997,-178.1023,synthetic
synthetic,-29.302,77.7448,synthetic
synthetic,-81.8534,20.8824,synthetic
synthetic,146.3791,110.8288,synthetic
synthetic,-5.5039,-103.3636,synthetic
synthetic,146.4892,165.5735,synthetic
synthetic,170.3068,46.7383,synthetic
synthetic,76.8275,-132.6819,synthetic
synthetic,-120.9136,-29.4185,synthetic
synthetic,-66.1222,149.3023,synthetic
synthetic,-71.178,158.622,synthetic
synthetic,-97.4763,-174.4409,synthetic
synthetic,-11.3723,125.9096,synthetic
synthetic,-179.2091,-30.8122,synthetic
synthetic,-79.0686,-40.5151,synthetic
synthetic,98.6789,17.2727,synthetic
synthetic,-127.2483,-136.0023,synthetic
synthetic,144.1662,-153.1905,synthetic
synthetic,-82.1012,52.4996,synthetic
synthetic,-142.7422,-80.4863,synthetic
synthetic,-69.9194,-42.4019,synthetic
synthetic,-25.6569,117.9328,synthetic
synthetic,-73.6221,7.3995,synthetic
synthetic,-166.1935,-178.8881,synthetic
synthetic,82.3241,-64.5957,synthetic
synthetic,155.5403,14.641,synthetic
synthetic,104.5728,20.3187,synthetic
synthetic,-128.8617,-127.3313,synthetic
synthetic,-12.441,-5.6229,synthetic
synthetic,156.0185,-47.0617,synthetic
synthetic,79.8985,156.2068,synthetic
synthetic,-97.5705,-177.9281,synthetic
synthetic,-119.8654,-14.183,synthetic
synthetic,142.7897,-160.4733,synthetic
synthetic,-59.2226,153.9366,synthetic
synthetic,-167.1074,150.7012,synthetic
synthetic,68.0411,23.7339,synthetic
synthetic,166.7013,-170.2337,synthetic
synthetic,179.9898,-31.8633,synthetic
synthetic,-89.9275,125.526,synthetic
synthetic,-108.4197,153.8059,synthetic
synthetic,-30.5928,139.7346,synthetic
synthetic,87.7925,-155.9819,synthetic
synthetic,-123.0618,48.7132,synthetic
synthetic,177.927,43.3732,synthetic
synthetic,-167.3366,-171.5253,synthetic
synthetic,-30.9002,-173.9184,synthetic
synthetic,104.5878,-10.058,synthetic
synthetic,6.763,-78.7265,synthetic
synthetic,62.567,24.9113,synthetic
synthetic,-29.6172,-176.5746,synthetic
synthetic,86.3217,-176.5686,synthetic
synthetic,80.5548,21.7124,synthetic
synthetic,-116.1531,-167.395,synthetic
synthetic,-98.7033,-166.8289,synthetic
synthetic,-178.6509,91.1734,synthetic
synthetic,-135.5006,127.1687,synthetic
synthetic,56.8084,-140.3668,synthetic
synthetic,-126.4667,-176.1398,synthetic
synthetic,-140.118,137.2937,synthetic
synthetic,77.0707,-71.3639,synthetic
synthetic,-63.2979,33.4287,synthetic
synthetic,141.4461,-158.642,synthetic
synthetic,-78.2432,-5.7042,synthetic
synthetic,106.9545,107.5718,synthetic
synthetic,165.8439,-174.4266,synthetic
synthetic,158.0055,-57.8401,synthetic
synthetic,-22.9604,122.9928,synthetic
synthetic,-77.4172,-47.1332,synthetic
synthetic,-138.1854,21.9597,synthetic
synthetic,78.0457,-65.7986,synthetic
synthetic,-161.6329,-53.8772,synthetic
synthetic,-106.5359,132.1336,synthetic
synthetic,83.0202,-168.3529,synthetic
synthetic,-89.3843,-115.2529,synthetic
synthetic,72.7967,-3.8524,synthetic
synthetic,-165.2862,-175.8278,synthetic
synthetic,109.2228,-9.0451,synthetic
synthetic,122.5727,-50.3429,synthetic
synthetic,111.401,103.2414,synthetic
synthetic,-152.9143,34.8939,synthetic
synthetic,122.2973,-73.9259,synthetic
synthetic,119.9935,8.1732,synthetic
synthetic,69.2583,124.2867,synthetic
synthetic,-176.5762,-34.2829,synthetic
synthetic,82.2939,176.5681,synthetic
synthetic,106.3904,162.9752,synthetic
synthetic,80.5364,177.951,synthetic
synthetic,-112.9649,124.3509,synthetic
synthetic,-177.7733,-40.0396,synthetic
synthetic,99.9314,112.2792,synthetic
synthetic,61.2055,144.3785,synthetic
synthetic,-76.3201,175.5212,synthetic
synthetic,-162.4831,68.7738,synthetic
synthetic,175.9085,88.4231,synthetic
synthetic,176.8778,80.7701,synthetic
synthetic,56.9975,52.6711,synthetic
synthetic,82.4292,-176.8832,synthetic
synthetic,-72.6438,14.5283,synthetic
synthetic,-64.7047,-33.8939,synthetic
synthetic,77.0001,-64.1677,synthetic
synthetic,80.102,16.4866,synthetic
synthetic,150.337,168.4687,synthetic
synthetic,-71.1324,19.8142,synthetic
synthetic,57.4947,58.3032,synthetic
synthetic,-80.7229,-117.1025,synthetic
synthetic,-21.5603,132.5395,synthetic
synthetic,82.7495,-71.7871,synthetic
synthetic,78.4199,-132.7762,synthetic
synthetic,-74.8462,-3.7764,synthetic
synthetic,-23.3355,139.1134,synthetic
synthetic,-117.0406,-173.4629,synthetic
synthetic,75.2368,-130.6753,synthetic
synthetic,-94.245,45.4986,synthetic
synthetic,-95.2153,52.31,synthetic
synthetic,-99.2288,142.9121,synthetic
synthetic,85.2535,160.4347,synthetic
synthetic,78.4431,-129.733,synthetic
synthetic,-110.3382,110.9252,synthetic
synthetic,49.2725,55.1379,synthetic
synthetic,-145.3961,179.7443,synthetic
synthetic,-91.7442,-114.0121,synthetic
synthetic,-90.134,8.608,synthetic
synthetic,171.7376,-179.3258,synthetic
synthetic,-113.8778,-169.0414,synthetic
synthetic,-28.4214,-168.9662,synthetic
synthetic,86.6386,-176.4172,synthetic
synthetic,54.9474,60.9419,synthetic
synthetic,142.7988,-161.9937,synthetic
synthetic,-88.7826,117.0261,synthetic
synthetic,176.5617,87.3676,synthetic
synthetic,-128.7835,113.5136,synthetic
synthetic,-24.9419,140.0284,synthetic
synthetic,-69.7766,-22.1995,synthetic
synthetic,73.2177,164.3123,synthetic
synthetic,162.482,-173.7288,synthetic
synthetic,-103.3309,-167.8482,synthetic
synthetic,-57.0817,33.5984,synthetic
synthetic,153.8499,163.6243,synthetic
synthetic,169.8682,178.6467,synthetic
synthetic,143.6643,-166.4132,synthetic
synthetic,-174.9177,-32.7884,synthetic
synthetic,-43.7065,-172.7819,synthetic
synthetic,-176.2543,163.9688,synthetic
synthetic,-87.5419,-111.9016,synthetic
synthetic,-80.7437,-88.5248,synthetic
synthetic,-138.4875,13.3331,synthetic
synthetic,137.2476,-161.9731,synthetic
synthetic,-163.8561,73.7689,synthetic
synthetic,-64.4139,138.8313,synthetic
synthetic,-99.7431,141.2767,synthetic
synthetic,163.1506,-178.7887,synthetic
synthetic,-34.7479,82.3493,synthetic
synthetic,-76.426,-52.3953,synthetic
synthetic,72.0961,123.9526,synthetic
synthetic,169.7071,40.546,synthetic
synthetic,159.0253,-55.9071,synthetic
synthetic,176.1528,41.2284,synthetic
synthetic,81.298,162.3727,synthetic
synthetic,-166.9785,-171.9293,synthetic
synthetic,-37.8184,-174.9844,synthetic
synthetic,-91.5766,-117.4456,synthetic
synthetic,88.2831,-70.2975,synthetic
synthetic,167.7834,164.3829,synthetic
synthetic,83.7938,154.373,synthetic
synthetic,-99.3685,-164.246,synthetic
synthetic,-95.8926,-127.9679,synthetic
synthetic,65.4141,146.9212,synthetic
synthetic,145.4257,151.9721,synthetic
synthetic,173.9339,177.3441,synthetic
synthetic,3.0541,-81.2926,synthetic
synthetic,-84.7722,69.6399,synthetic
synthetic,-30.2181,-170.4519,synthetic
synthetic,81.8504,-129.8527,synthetic
synthetic,-98.105,-163.534,synthetic
synthetic,-82.4603,25.3146,synthetic
synthetic,73.2337,159.404,synthetic
synthetic,89.815,-166.0044,synthetic
synthetic,122.2586,122.8795,synthetic
synthetic,26.9772,61.0589,synthetic
synthetic,-81.1785,-116.0399,synthetic
synthetic,-46.3914,-178.5368,synthetic
synthetic,81.0744,-158.301,synthetic
synthetic,-165.8158,-172.2858,synthetic
synthetic,126.223,8.5555,synthetic
synthetic,125.9486,-46.2018,synthetic
synthetic,-122.7286,-131.9863,synthetic
synthetic,-35.1604,-64.8464,synthetic
synthetic,175.016,149.5207,synthetic
synthetic,150.8327,-57.2916,synthetic
synthetic,-90.3551,-126.7898,synthetic
synthetic,-90.0699,75.7924,synthetic
synthetic,-5.9897,-102.5726,synthetic
synthetic,-125.2276,163.6304,synthetic
synthetic,-128.5003,-137.9426,synthetic
synthetic,-61.8786,-57.8631,synthetic
synthetic,27.2179,61.5919,synthetic
synthetic,87.6278,-179.0125,synthetic
synthetic,60.3336,146.1438,synthetic
synthetic,161.2787,-55.626,synthetic
synthetic,115.3294,-77.7482,synthetic
synthetic,179.0623,-31.7757,synthetic
synthetic,-138.8339,18.4101,synthetic
synthetic,-177.6363,43.0158,synthetic
synthetic,-169.9153,176.8449,synthetic
synthetic,72.7472,131.4528,synthetic
synthetic,179.9109,48.5147,synthetic
synthetic,169.9017,-169.4262,synthetic
synthetic,-52.8703,-53.8745,synthetic
synthetic,-31.8544,-176.2899,synthetic
synthetic,175.1444,43.1333,synthetic
synthetic,-169.4259,-168.555,synthetic
synthetic,128.4223,-48.1217,synthetic
synthetic,58.8433,-152.1051,synthetic
synthetic,-154.5944,70.1276,synthetic
synthetic,78.6891,-64.507,synthetic
synthetic,-150.1346,145.3173,synthetic
synthetic,112.4908,-73.8286,synthetic
synthetic,111.6601,156.1691,synthetic
synthetic,-54.8435,164.209,synthetic
synthetic,101.375,110.0587,synthetic
synthetic,62.2699,140.5034,synthetic
synthetic,-90.3741,-122.3656,synthetic
synthetic,116.5824,-64.231,synthetic
synthetic,172.8769,38.3166,synthetic
synthetic,-95.6833,-117.1484,synthetic
synthetic,9.0713,-81.7066,synthetic
synthetic,58.9392,63.713,synthetic
synthetic,179.9476,-28.2331,synthetic
synthetic,-46.3192,-173.9111,synthetic
synthetic,-143.4888,155.9118,synthetic
synthetic,-7.3263,-9.9023,synthetic
synthetic,-91.3481,-130.4551,synthetic
synthetic,-163.3621,86.9088,synthetic
synthetic,-98.0735,-171.5575,synthetic
synthetic,-105.9983,-172.5004,synthetic
synthetic,179.7498,38.5784,synthetic
synthetic,142.891,-162.2725,synthetic
synthetic,117.6463,127.996,synthetic
synthetic,-31.3364,76.6229,synthetic
synthetic,150.9204,-162.0912,synthetic
synthetic,-175.5438,-35.6455,synthetic
synthetic,176.6008,169.669,synthetic
synthetic,173.1886,42.4652,synthetic
synthetic,-177.4459,-32.0192,synthetic
synthetic,-131.7146,115.8313,synthetic
synthetic,-112.593,-177.4459,synthetic
synthetic,174.893,45.8703,synthetic
synthetic,-143.2198,171.3762,synthetic
synthetic,-92.6919,-114.0096,synthetic
synthetic,-177.0824,54.5413,synthetic
synthetic,141.3751,114.4321,synthetic
synthetic,-173.7077,40.1766,synthetic
synthetic,-98.9126,178.9382,synthetic
synthetic,175.1378,-33.8622,synthetic
synthetic,-178.5784,171.0636,synthetic
synthetic,-98.6049,-169.5521,synthetic
synthetic,-139.306,169.2347,synthetic
synthetic,123.6159,4.1937,synthetic
synthetic,-123.0887,52.1051,synthetic
synthetic,-32.4202,-124.2849,synthetic
synthetic,142.8075,110.1683,synthetic
synthetic,81.7835,156.8535,synthetic
synthetic,81.3004,154.4922,synthetic
synthetic,-123.7426,163.7629,synthetic
synthetic,64.3838,24.9317,synthetic
synthetic,82.0804,-164.0107,synthetic
synthetic,114.9064,123.1432,synthetic
synthetic,124.5727,-48.8065,synthetic
synthetic,172.3812,155.8535,synthetic
synthetic,-50.2616,-54.8437,synthetic
synthetic,81.8822,174.814,synthetic
synthetic,-167.1693,178.7402,synthetic
synthetic,175.5492,179.2652,synthetic
synthetic,-136.5485,-51.33,synthetic
synthetic,151.3414,167.8922,synthetic
synthetic,126.935,168.0778,synthetic
synthetic,-132.3674,-53.1787,synthetic
synthetic,-44.9596,144.063,synthetic
synthetic,-97.7614,114.3156,synthetic
synthetic,160.9927,-175.0197,synthetic
synthetic,169.3082,174.6152,synthetic
synthetic,-179.1642,93.2586,synthetic
synthetic,-102.9046,106.6219,synthetic
synthetic,177.1445,-36.3582,synthetic
synthetic,62.38,23.2919,synthetic
synthetic,-168.3957,-178.5415,synthetic
synthetic,-108.2856,44.3276,synthetic
synthetic,-122.2956,-172.5614,synthetic
synthetic,-137.4943,-60.2647,synthetic
synthetic,-92.3282,-115.0104,synthetic
synthetic,-141.2406,-80.9188,synthetic
synthetic,84.2758,-178.6156,synthetic
synthetic,-76.57,169.1042,synthetic
synthetic,104.0766,20.4736,synthetic
synthetic,-160.0111,42.2335,synthetic
synthetic,-41.0941,-167.9371,synthetic
synthetic,-159.595,-175.806,synthetic
synthetic,68.5694,123.5018,synthetic
synthetic,-71.6946,178.9956,synthetic
synthetic,174.2858,38.0882,synthetic
synthetic,-87.0399,61.6589,synthetic
synthetic,58.6371,148.0754,synthetic
synthetic,-19.7942,117.1564,synthetic
synthetic,81.5642,-175.4355,synthetic
synthetic,175.0532,-33.0888,synthetic
synthetic,-122.9212,53.2351,synthetic
synthetic,59.2227,28.1759,synthetic
synthetic,-23.7309,140.0346,synthetic
synthetic,-41.1579,-120.5832,synthetic
synthetic,-98.3117,47.1106,synthetic
synthetic,109.276,-15.5726,synthetic
synthetic,-133.1956,-126.5025,synthetic
synthetic,116.6845,-73.3096,synthetic
synthetic,-161.42,167.7114,synthetic
synthetic,69.5788,126.4543,synthetic
synthetic,-175.8681,126.0009,synthetic
synthetic,176.1809,39.9182,synthetic
synthetic,-103.0256,104.5547,synthetic
synthetic,-140.4099,70.8848,synthetic
synthetic,84.129,-66.3866,synthetic
synthetic,80.7764,-174.1937,synthetic
synthetic,-135.3162,-89.31,synthetic
synthetic,171.6129,-175.6508,synthetic
synthetic,-166.6356,75.3092,synthetic
synthetic,-45.9038,-44.8144,synthetic
synthetic,85.9985,-175.5407,synthetic
synthetic,158.3414,-164.6347,synthetic
synthetic,-167.9484,83.8018,synthetic
synthetic,-129.8604,163.2896,synthetic
synthetic,177.5461,48.453,synthetic
synthetic,163.4129,-172.582,synthetic
synthetic,-133.6472,161.7403,synthetic
synthetic,-121.5709,131.4362,synthetic
synthetic,-99.8404,-169.2215,synthetic
synthetic,-97.3633,93.7816,synthetic
synthetic,171.9073,42.9709,synthetic
synthetic,-119.2775,-176.7776,synthetic
synthetic,67.4339,18.1659,synthetic
synthetic,155.0364,5.5898,synthetic
synthetic,-143.8464,179.8633,synthetic
synthetic,-68.7047,-176.7819,synthetic
synthetic,-71.4608,155.8116,synthetic
synthetic,176.2259,34.8469,synthetic
synthetic,-24.3179,114.7681,synthetic
synthetic,-49.8239,-178.6922,synthetic
synthetic,65.6258,137.0553,synthetic
synthetic,81.4626,-66.2999,synthetic
synthetic,153.9605,6.686,synthetic
synthetic,-169.6564,174.0335,synthetic
synthetic,-44.5269,-12.7753,synthetic
synthetic,-29.492,75.1478,synthetic
synthetic,103.1577,-16.0737,synthetic
synthetic,106.8907,111.7375,synthetic
synthetic,-68.9713,154.5199,synthetic
synthetic,-65.3952,97.511,synthetic
synthetic,-143.8575,-175.5423,synthetic
synthetic,-100.8124,-172.4555,synthetic
synthetic,54.8988,-148.2112,synthetic
synthetic,82.4426,-64.505,synthetic
synthetic,60.3325,49.581,synthetic
synthetic,-84.143,80.0482,synthetic
synthetic,-94.7427,134.471,synthetic
synthetic,90.9875,177.2554,synthetic
synthetic,-127.5539,-134.4127,synthetic
synthetic,-121.1463,103.0534,synthetic
synthetic,-85.9719,-123.4235,synthetic
synthetic,-104.0739,-169.4215,synthetic
synthetic,65.7223,124.7333,synthetic
synthetic,-67.9052,-8.5311,synthetic
synthetic,2.0829,-87.5017,synthetic
synthetic,76.1506,-73.7659,synthetic
synthetic,172.074,-179.6367,synthetic
synthetic,63.9985,-148.1083,synthetic
synthetic,-92.7009,-123.1935,synthetic
synthetic,126.2151,-49.963,synthetic
synthetic,127.3433,-45.1078,synthetic
synthetic,-155.4014,-54.1261,synthetic
synthetic,-124.3707,-35.5146,synthetic
synthetic,110.3808,-65.0779,synthetic
synthetic,-162.4982,-172.1604,synthetic
synthetic,76.939,-173.6251,synthetic
synthetic,-82.687,104.4826,synthetic
synthetic,170.972,156.3381,synthetic
synthetic,-57.9313,141.3941,synthetic
synthetic,-162.9197,-54.0014,synthetic
synthetic,79.9116,-66.8929,synthetic
synthetic,-91.5666,-117.6232,synthetic
synthetic,-47.6608,153.1197,synthetic
synthetic,-85.9074,-123.0726,synthetic
synthetic,-165.3912,-174.5888,synthetic
synthetic,-124.479,-125.6437,synthetic
synthetic,68.3917,139.636,synthetic
synthetic,-162.0568,-52.6847,synthetic
synthetic,55.3673,58.0447,synthetic
synthetic,-178.528,161.9722,synthetic
synthetic,-12.1593,-12.6081,synthetic
synthetic,-109.0683,139.4452,synthetic
synthetic,-38.3769,-74.026,synthetic
synthetic,-98.0123,-124.5201,synthetic
synthetic,135.9928,105.5841,synthetic
synthetic,-66.9473,22.6878,synthetic
synthetic,78.3924,4.974,synthetic
synthetic,156.661,-55.5056,synthetic
synthetic,-24.6504,-171.664,synthetic
synthetic,176.2053,-38.5821,synthetic
synthetic,29.8476,52.3021,synthetic
synthetic,81.7955,157.0867,synthetic
synthetic,-179.9534,-32.6931,synthetic
synthetic,176.5505,39.1627,synthetic
synthetic,-82.8656,-118.8002,synthetic
synthetic,-30.9317,-165.5387,synthetic
synthetic,29.3032,62.9382,synthetic
synthetic,-165.7848,157.6957,synthetic
synthetic,87.8654,178.3559,synthetic
synthetic,-108.4517,-177.2869,synthetic
synthetic,66.1654,-149.4072,synthetic
synthetic,62.3603,138.0245,synthetic
synthetic,-178.2065,-36.2604,synthetic
synthetic,78.7009,-67.6275,synthetic
synthetic,-79.4833,55.924,synthetic
synthetic,179.8458,-29.9836,synthetic
synthetic,75.9444,2.1802,synthetic
synthetic,-53.6492,-57.9942,synthetic
synthetic,172.0461,-178.9132,synthetic
synthetic,-80.551,-43.0547,synthetic
synthetic,-81.2455,164.753,synthetic
synthetic,-89.9167,43.0168,synthetic
synthetic,-10.8797,-4.1385,synthetic
synthetic,151.8813,4.1216,synthetic
synthetic,82.9644,-175.9065,synthetic
synthetic,169.67,-169.8099,synthetic
synthetic,59.6663,50.5087,synthetic
synthetic,-5.5667,-95.5643,synthetic
synthetic,170.4657,-175.779,synthetic
synthetic,158.4851,4.6578,synthetic
synthetic,-95.3262,53.7029,synthetic
synthetic,-120.1018,36.9051,synthetic
synthetic,161.4784,-50.5333,synthetic
synthetic,-65.7268,-46.8692,synthetic
synthetic,79.7363,-133.474,synthetic
synthetic,139.5082,116.1858,synthetic
synthetic,106.4598,105.2868,synthetic
synthetic,-34.1653,75.1002,synthetic
synthetic,62.2231,21.1313,synthetic
synthetic,-26.5561,-172.3462,synthetic
synthetic,-34.9678,81.7509,synthetic
synthetic,153.8463,10.5343,synthetic
synthetic,177.1639,179.085,synthetic
synthetic,-65.0841,143.9272,synthetic
synthetic,178.5701,148.6616,synthetic
synthetic,-36.2416,128.3094,synthetic
synthetic,-175.2354,125.748,synthetic
synthetic,-98.8001,-167.3813,synthetic
synthetic,0.4783,-80.5204,synthetic
synthetic,-3.4391,-106.0994,synthetic
synthetic,-158.1531,-51.0738,synthetic
synthetic,-173.635,-33.656,synthetic
synthetic,-87.6575,51.4249,synthetic
synthetic,99.1262,111.6121,synthetic
synthetic,-151.2106,127.241,synthetic
synthetic,-28.0554,-172.3133,synthetic
synthetic,-159.277,-172.6517,synthetic
synthetic,53.6479,55.3688,synthetic
synthetic,-1.8633,-84.9828,synthetic
synthetic,153.7648,-51.8552,synthetic
synthetic,74.2717,160.5766,synthetic
synthetic,-97.2769,20.1493,synthetic
synthetic,-14.6923,-6.0944,synthetic
synthetic,-117.9345,7.2841,synthetic
synthetic,43.2565,60.0694,synthetic
synthetic,164.2879,-58.9197,synthetic
synthetic,-74.5308,136.6339,synthetic
synthetic,97.9457,112.0585,synthetic
synthetic,-87.9186,-123.6089,synthetic
synthetic,119.5615,156.8598,synthetic
synthetic,-177.277,89.9491,synthetic
synthetic,161.8344,-174.1349,synthetic
synthetic,-174.6691,-30.5617,synthetic
synthetic,-67.3674,-44.1905,synthetic
synthetic,-142.2159,28.6884,synthetic
synthetic,-99.0579,4.4326,synthetic
synthetic,149.52,168.7198,synthetic
synthetic,-27.175,-168.7841,synthetic
synthetic,135.8506,113.6688,synthetic
synthetic,169.8212,-176.1356,synthetic
synthetic,175.7117,-173.3502,synthetic
synthetic,174.6938,51.5338,synthetic
synthetic,104.4468,114.3849,synthetic
synthetic,60.4,148.7371,synthetic
synthetic,-179.8245,155.2033,synthetic
synthetic,-146.3639,131.902,synthetic
synthetic,-28.5877,-173.1214,synthetic
synthetic,77.3048,13.8688,synthetic
synthetic,-7.7614,-11.5838,synthetic
synthetic,-12.849,121.0856,synthetic
synthetic,100.0349,112.694,synthetic
synthetic,-31.7437,76.5708,synthetic
synthetic,-158.4204,39.1376,synthetic
synthetic,-144.1832,39.0812,synthetic
synthetic,-54.0655,142.1777,synthetic
synthetic,59.6297,64.2256,synthetic
synthetic,54.3568,19.627,synthetic
synthetic,-35.5161,73.7021,synthetic
synthetic,59.5341,141.8846,synthetic
synthetic,71.0026,3.005,synthetic
synthetic,-176.7651,30.9613,synthetic
synthetic,-45.8208,-169.1315,synthetic
synthetic,65.397,-137.8765,synthetic
synthetic,155.7876,-52.8979,synthetic
synthetic,-70.3917,99.788,synthetic
synthetic,-99.971,-172.6984,synthetic
synthetic,100.8056,15.7272,synthetic
synthetic,-38.5989,-64.0079,synthetic
synthetic,-147.5318,151.9724,synthetic
synthetic,95.568,111.6858,synthetic
synthetic,-95.8426,-174.4332,synthetic
synthetic,176.987,53.6935,synthetic
synthetic,-164.1767,77.4497,synthetic
synthetic,140.032,124.5378,synthetic
synthetic,-178.9395,124.9161,synthetic
synthetic,-26.6612,119.1909,synthetic
synthetic,168.0074,155.8367,synthetic
synthetic,176.4377,176.952,synthetic
synthetic,-43.5473,-169.3378,synthetic
synthetic,-10.4309,-7.3438,synthetic
synthetic,-101.4457,-170.0444,synthetic
synthetic,84.6341,-64.1879,synthetic
synthetic,52.7854,53.3797,synthetic
synthetic,-106.466,-141.7113,synthetic
synthetic,-97.7405,-178.2722,synthetic
synthetic,60.9835,-146.5982,synthetic
synthetic,82.6924,6.1855,synthetic
synthetic,90.0401,179.6243,synthetic
synthetic,-71.0954,134.7125,synthetic
synthetic,-103.7327,-167.9172,synthetic
synthetic,157.622,-56.3328,synthetic
synthetic,-90.5694,-131.5493,synthetic
synthetic,178.8159,-32.1191,synthetic
synthetic,170.0768,43.909,synthetic
synthetic,60.5292,122.3112,synthetic
synthetic,-179.2123,154.9644,synthetic
synthetic,167.7727,47.7852,synthetic
synthetic,76.5783,176.7564,synthetic
synthetic,166.1766,-60.4371,synthetic
synthetic,-179.3051,-38.4468,synthetic
synthetic,44.2464,50.7917,synthetic
synthetic,-44.4993,-166.7313,synthetic
synthetic,-12.3033,122.8747,synthetic
synthetic,171.8369,-33.6575,synthetic
synthetic,170.0316,164.4305,synthetic
synthetic,154.9453,5.9701,synthetic
synthetic,-93.2881,-120.8215,synthetic
synthetic,98.1371,22.6711,synthetic
synthetic,-120.2493,53.1501,synthetic
synthetic,176.6735,-35.3472,synthetic
synthetic,65.8582,-134.7033,synthetic
synthetic,-67.9238,164.9253,synthetic
synthetic,66.3444,125.8909,synthetic
synthetic,85.2095,-63.3879,synthetic
synthetic,-29.3567,79.8842,synthetic
synthetic,-156.4363,35.1807,synthetic
synthetic,-125.6684,-127.8787,synthetic
synthetic,-123.1548,-175.9291,synthetic
synthetic,-96.9838,170.3265,synthetic
synthetic,-101.9678,-174.7294,synthetic
synthetic,-96.0991,-166.2864,synthetic
synthetic,-160.0118,-54.3404,synthetic
synthetic,-40.3126,77.7357,synthetic
synthetic,-89.4825,-118.7147,synthetic
synthetic,-12.2546,125.9697,synthetic
synthetic,176.7114,-30.0194,synthetic
synthetic,-179.6581,32.5905,synthetic
synthetic,-38.9148,-122.0281,synthetic
synthetic,-105.8523,-3.9991,synthetic
synthetic,-23.2314,118.5771,synthetic
synthetic,-89.4667,-122.7526,synthetic
synthetic,178.2389,154.0241,synthetic
synthetic,76.9878,12.2181,synthetic
synthetic,159.7246,-46.0672,synthetic
synthetic,84.9748,-61.9739,synthetic
synthetic,64.3664,141.9675,synthetic
synthetic,-162.0286,179.7299,synthetic
synthetic,103.279,-9.3359,synthetic
synthetic,86.0161,-179.3377,synthetic
synthetic,-177.9017,-37.595,synthetic
synthetic,127.3142,-47.876,synthetic
synthetic,161.1933,-175.7415,synthetic
synthetic,142.0966,-157.8536,synthetic
synthetic,-2.8016,-97.1589,synthetic
synthetic,178.0112,-32.062,synthetic
synthetic,174.8045,39.6063,synthetic
synthetic,28.2367,56.5236,synthetic
synthetic,142.3163,-160.1965,synthetic
synthetic,-131.4893,-56.6434,synthetic
synthetic,-143.8577,169.3701,synthetic
synthetic,-167.9691,175.6296,synthetic
synthetic,-133.9784,-17.2436,synthetic
synthetic,108.9923,-14.014,synthetic
synthetic,160.3321,-55.8471,synthetic
synthetic,-178.451,-39.6326,synthetic
synthetic,114.6211,156.8954,synthetic
synthetic,63.1452,-10.2499,synthetic
synthetic,-153.8303,178.7989,synthetic
synthetic,-102.7476,-170.6824,synthetic
synthetic,-123.6638,-171.6116,synthetic
synthetic,172.24,40.8739,synthetic
synthetic,-87.3533,-124.753,synthetic
synthetic,175.4428,153.4352,synthetic
synthetic,64.1568,24.3168,synthetic
synthetic,34.0658,63.0973,synthetic
synthetic,103.2399,114.9634,synthetic
synthetic,140.2721,104.5137,synthetic
synthetic,-82.3807,74.2921,synthetic
synthetic,-90.2195,-120.707,synthetic
synthetic,86.7845,-72.3808,synthetic
synthetic,-34.3501,-121.6998,synthetic
synthetic,171.1067,-178.1134,synthetic
synthetic,-75.7485,-21.0286,synthetic
synthetic,152.3262,6.9445,synthetic
synthetic,-58.1325,178.8552,synthetic
synthetic,-176.0413,48.6442,synthetic
synthetic,-87.5224,-119.8259,synthetic
synthetic,83.6824,174.3506,synthetic
synthetic,-36.6386,84.092,synthetic
synthetic,-157.3224,75.4279,synthetic
synthetic,-26.3065,-170.1103,synthetic
synthetic,-91.3879,-115.2736,synthetic
synthetic,-157.3654,74.9814,synthetic
synthetic,-128.8036,136.0269,synthetic
synthetic,176.0883,-170.3034,synthetic
synthetic,-167.16,85.6932,synthetic
synthetic,170.1803,46.9442,synthetic
synthetic,-82.7975,0.3516,synthetic
synthetic,-5.3404,-103.6161,synthetic
synthetic,81.4278,7.3999,synthetic
synthetic,-98.9651,156.4458,synthetic
synthetic,-176.7829,85.397,synthetic
synthetic,171.0297,152.9974,synthetic
synthetic,-163.8146,-173.7014,synthetic
synthetic,172.3436,-177.3608,synthetic
synthetic,32.1005,57.0261,synthetic
synthetic,-50.8031,-53.54,synthetic
synthetic,166.6095,-60.2348,synthetic
synthetic,-117.4518,123.195,synthetic
synthetic,179.3018,-37.3509,synthetic
synthetic,57.2739,44.5433,synthetic
synthetic,-115.6164,64.5162,synthetic
synthetic,-58.8874,28.369,synthetic
synthetic,-139.1281,-175.1664,synthetic
synthetic,-26.615,-173.1295,synthetic
synthetic,82.1135,-64.5423,synthetic
synthetic,-53.9852,-59.3355,synthetic
synthetic,168.6108,42.0185,synthetic
synthetic,-45.3906,-64.5891,synthetic
synthetic,-162.9096,155.82,synthetic
synthetic,134.0152,-162.61,synthetic
synthetic,-179.302,167.7206,synthetic
synthetic,179.5631,-33.9827,synthetic
synthetic,-102.1453,120.3801,synthetic
synthetic,125.1781,169.1369,synthetic
synthetic,-15.9977,-1.1701,synthetic
synthetic,-25.9736,114.9053,synthetic
synthetic,69.2505,126.6825,synthetic
synthetic,-104.7704,148.1826,synthetic
synthetic,170.4485,47.1218,synthetic
synthetic,57.1387,-146.4882,synthetic
synthetic,-84.8988,52.6194,synthetic
synthetic,-75.7049,122.9896,synthetic
synthetic,78.5276,-134.4436,synthetic
synthetic,177.4172,174.6587,synthetic
synthetic,83.3872,176.8678,synthetic
synthetic,-15.2631,109.4906,synthetic
synthetic,-77.6982,124.3939,synthetic
synthetic,79.0312,-125.5399,synthetic
synthetic,-56.0877,154.0909,synthetic
synthetic,125.8014,2.4903,synthetic
synthetic,-139.9559,101.193,synthetic
synthetic,-24.8926,121.2059,synthetic
synthetic,-171.5984,77.0574,synthetic
synthetic,-176.3216,85.3689,synthetic
synthetic,-162.9456,-55.9845,synthetic
synthetic,76.323,-128.6315,synthetic
synthetic,-82.5675,15.8874,synthetic
synthetic,79.4021,-65.9112,synthetic
synthetic,81.9743,-173.6649,synthetic
synthetic,-155.915,68.8662,synthetic
synthetic,172.6579,152.7973,synthetic
synthetic,-97.046,154.6542,synthetic
synthetic,-77.3128,130.8976,synthetic
synthetic,104.4831,-13.1328,synthetic
synthetic,-126.4823,-174.9024,synthetic
synthetic,176.8869,-38.0306,synthetic
synthetic,171.5175,174.4985,synthetic
synthetic,-138.2261,15.1771,synthetic
synthetic,-99.1339,2.2184,synthetic
synthetic,-127.0814,-59.1673,synthetic
synthetic,-126.8786,9.4558,synthetic
synthetic,81.8084,-177.416,synthetic
synthetic,141.7896,107.9098,synthetic
synthetic,-31.6849,-171.6635,synthetic
synthetic,-32.6572,-85.2368,synthetic
synthetic,-141.1599,-75.1778,synthetic
synthetic,57.8037,142.1376,synthetic
synthetic,-97.5977,87.1687,synthetic
synthetic,151.3514,-51.9917,synthetic
synthetic,-33.314,-167.2181,synthetic
synthetic,59.4185,140.6445,synthetic
synthetic,-104.4727,105.919,synthetic
synthetic,113.3465,-75.7009,synthetic
synthetic,173.9162,167.7438,synthetic
synthetic,127.7633,5.6653,synthetic
synthetic,-103.9668,158.3032,synthetic
synthetic,-65.7996,176.9163,synthetic
synthetic,176.7804,154.9581,synthetic
synthetic,-59.3806,146.5194,synthetic
synthetic,-10.433,-10.3446,synthetic
synthetic,-178.4706,-32.5242,synthetic
synthetic,-123.5092,-28.6837,synthetic
synthetic,-19.9829,118.2205,synthetic
synthetic,172.3721,-173.0759,synthetic
synthetic,-15.9656,122.1835,synthetic
synthetic,87.2368,-54.2692,synthetic
synthetic,-95.9008,-125.6548,synthetic
synthetic,48.3498,54.3081,synthetic
synthetic,148.0467,-51.9838,synthetic
synthetic,120.262,133.0074,synthetic
synthetic,176.9357,-35.3884,synthetic
synthetic,137.5238,120.4719,synthetic
synthetic,-123.5332,-10.0394,synthetic
synthetic,87.4226,6.8754,synthetic
synthetic,175.2472,41.4377,synthetic
synthetic,-54.6761,153.8058,synthetic
synthetic,-50.9662,165.9936,synthetic
synthetic,-64.6999,-36.8273,synthetic
synthetic,-91.2642,-124.634,synthetic
synthetic,-42.6844,-14.5414,synthetic
synthetic,174.2048,47.4753,synthetic
synthetic,-167.0601,169.0519,synthetic
synthetic,176.8313,42.321,synthetic
synthetic,-115.9592,-14.8649,synthetic
synthetic,174.5498,39.8758,synthetic
synthetic,173.8823,48.5609,synthetic
synthetic,77.4408,-68.9798,synthetic
synthetic,-138.9024,122.9226,synthetic
synthetic,-179.3034,88.4989,synthetic
synthetic,53.8446,51.0157,synthetic
synthetic,127.4822,-44.5043,synthetic
synthetic,127.8792,168.0868,synthetic
synthetic,-32.3523,74.7439,synthetic
synthetic,172.6887,-34.1412,synthetic
synthetic,84.7213,-160.1389,synthetic
synthetic,-56.7676,121.4351,synthetic
synthetic,-112.4156,143.6687,synthetic
synthetic,151.8217,154.5465,synthetic
synthetic,-13.7286,121.078,synthetic
synthetic,29.2508,65.9261,synthetic
synthetic,124.9104,10.7546,synthetic
synthetic,173.972,175.6243,synthetic
synthetic,-164.3602,76.5735,synthetic
synthetic,-14.6313,-10.4083,synthetic
synthetic,139.9971,110.119,synthetic
synthetic,-177.8533,40.9711,synthetic
synthetic,-31.6826,141.365,synthetic
synthetic,-96.8428,52.2882,synthetic
synthetic,146.1273,151.1976,synthetic
synthetic,-106.5714,99.966,synthetic
synthetic,-79.2272,-11.2797,synthetic
synthetic,54.1113,55.2376,synthetic
synthetic,148.7502,-53.2796,synthetic
synthetic,-54.8047,-38.8403,synthetic
synthetic,68.7787,128.2471,synthetic
synthetic,173.2369,40.853,synthetic
synthetic,52.2325,54.721,synthetic
synthetic,-48.6975,-18.9183,synthetic
synthetic,-178.3437,-37.1911,synthetic
synthetic,-103.1487,-4.4949,synthetic
synthetic,162.3725,-174.4733,synthetic
synthetic,-4.8878,-86.198,synthetic
synthetic,79.0894,-71.7301,synthetic
synthetic,-139.9,157.3861,synthetic
synthetic,-156.5523,-174.011,synthetic
synthetic,-55.181,20.0543,synthetic
synthetic,-160.3919,162.0332,synthetic
synthetic,-118.8716,49.7357,synthetic
synthetic,-9.154,118.7439,synthetic
synthetic,124.4896,122.2059,synthetic
synthetic,-178.575,-173.6523,synthetic
synthetic,-116.204,3.3481,synthetic
synthetic,-12.0064,-3.7618,synthetic
synthetic,108.1106,-13.2064,synthetic
synthetic,-45.1931,-14.139,synthetic
synthetic,-98.8271,0.8716,synthetic
synthetic,-121.6189,-7.0619,synthetic
synthetic,-67.9534,177.3868,synthetic
synthetic,-135.0066,19.5565,synthetic
synthetic,-90.3346,132.4786,synthetic
synthetic,86.2141,-155.1775,synthetic
synthetic,-102.9642,100.303,synthetic
synthetic,-177.4044,28.5042,synthetic
synthetic,-125.3324,-174.6275,synthetic
synthetic,80.4573,160.3447,synthetic
synthetic,-61.1872,-46.2371,synthetic
synthetic,-179.1332,147.9475,synthetic
synthetic,138.9499,112.7937,synthetic
synthetic,62.1793,138.5547,synthetic
synthetic,-94.0461,-173.2249,synthetic
synthetic,-102.3547,23.7047,synthetic
synthetic,-55.6133,-61.1695,synthetic
synthetic,-179.4294,42.3361,synthetic
synthetic,72.7922,119.961,synthetic
synthetic,-175.4036,86.6483,synthetic
synthetic,82.705,-65.3371,synthetic
synthetic,-26.8078,-169.5294,synthetic
synthetic,-42.2114,-176.0082,synthetic
synthetic,-131.2762,166.1383,synthetic
synthetic,-27.6003,141.54,synthetic
synthetic,106.9291,101.0922,synthetic
synthetic,-62.2631,177.2584,synthetic
synthetic,-119.1574,148.9957,synthetic
synthetic,100.0769,31.4641,synthetic
synthetic,140.4098,115.4608,synthetic
synthetic,166.5099,168.7535,synthetic
synthetic,80.6446,175.4615,synthetic
synthetic,-164.8187,-175.7017,synthetic
synthetic,-163.8667,179.4483,synthetic
synthetic,-140.6465,164.4289,synthetic
synthetic,28.6214,57.2761,synthetic
synthetic,-6.3252,126.7688,synthetic
synthetic,-10.1177,-4.9596,synthetic
synthetic,-137.1158,-51.8036,synthetic
synthetic,-91.3445,125.7402,synthetic
synthetic,-88.1846,-113.9497,synthetic
synthetic,150.8635,159.2096,synthetic
synthetic,88.7007,-173.8387,synthetic
synthetic,-163.7819,-177.3888,synthetic
synthetic,154.011,-52.0331,synthetic
synthetic,66.7712,134.759,synthetic
synthetic,-159.2862,-55.6242,synthetic
synthetic,-96.2827,-170.8778,synthetic
synthetic,54.9453,140.9703,synthetic
synthetic,-107.8098,159.124,synthetic
synthetic,-101.8534,137.8121,synthetic
synthetic,-166.1925,149.6549,synthetic
synthetic,-34.6171,176.5075,synthetic
synthetic,60.0108,25.5862,synthetic
synthetic,-112.8205,-175.2116,synthetic
synthetic,83.7007,-176.9632,synthetic
synthetic,116.1758,-75.2629,synthetic
synthetic,-96.5184,90.8674,synthetic
synthetic,82.0388,155.9026,synthetic
synthetic,79.9254,160.8207,synthetic
synthetic,-67.63,-179.6489,synthetic
synthetic,-30.0723,80.0753,synthetic
synthetic,-58.5572,21.2045,synthetic
synthetic,-129.2139,128.3245,synthetic
synthetic,168.9883,155.0668,synthetic
synthetic,-93.158,-130.7459,synthetic
synthetic,72.349,136.2373,synthetic
synthetic,67.3692,16.6698,synthetic
synthetic,80.3614,-66.0989,synthetic
synthetic,77.8565,0.5147,synthetic
synthetic,116.3815,-84.3709,synthetic
synthetic,-72.0904,-24.482,synthetic
synthetic,-59.4016,113.9063,synthetic
synthetic,-173.0064,176.1224,synthetic
synthetic,132.5449,-50.325,synthetic
synthetic,118.1835,126.539,synthetic
synthetic,79.2989,-64.5212,synthetic
synthetic,53.914,47.0892,synthetic
synthetic,78.4683,-175.591,synthetic
synthetic,-99.984,-11.4996,synthetic
synthetic,-159.4223,75.8108,synthetic
synthetic,-107.1274,25.2322,synthetic
synthetic,3.3029,-83.7955,synthetic
synthetic,-11.7013,-9.5952,synthetic
synthetic,-103.1431,90.0093,synthetic
synthetic,-91.8619,78.5943,synthetic
synthetic,-179.7332,40.7507,synthetic
synthetic,-144.157,-78.6582,synthetic
synthetic,-61.4814,-31.804,synthetic
synthetic,177.8457,37.1052,synthetic
synthetic,-159.3868,173.2624,synthetic
synthetic,61.997,-150.9825,synthetic
synthetic,-89.8608,-122.8196,synthetic
synthetic,-150.7313,38.0425,synthetic
synthetic,-166.2131,178.922,synthetic
synthetic,104.8106,112.4178,synthetic
synthetic,-160.242,-49.8607,synthetic
synthetic,-28.2676,-50.5253,synthetic
synthetic,106.5062,160.9409,synthetic
synthetic,154.8913,-58.6405,synthetic
synthetic,-179.2718,-30.3861,synthetic
synthetic,83.1342,-68.4397,synthetic
synthetic,-178.8583,44.2131,synthetic
synthetic,-46.4324,-168.1856,synthetic
synthetic,-119.8715,51.6758,synthetic
synthetic,-95.919,-172.0214,synthetic
synthetic,-109.3642,104.9038,synthetic
synthetic,148.9361,-148.9387,synthetic
synthetic,-159.3061,77.1352,synthetic
synthetic,-134.5735,-125.465,synthetic
synthetic,60.0563,145.5563,synthetic
synthetic,-110.0469,123.1579,synthetic
synthetic,155.4721,-50.3562,synthetic
synthetic,-37.0571,75.4515,synthetic
synthetic,166.4167,46.7768,synthetic
synthetic,62.5648,127.9278,synthetic
synthetic,-158.6182,161.5561,synthetic
synthetic,-26.3384,115.4308,synthetic
synthetic,-178.4779,-33.5957,synthetic
synthetic,-177.3021,30.7612,synthetic
synthetic,-179.9393,-36.0021,synthetic
synthetic,164.7557,-174.7358,synthetic
synthetic,-73.9776,-39.7182,synthetic
synthetic,83.3381,-172.2831,synthetic
synthetic,169.384,-176.5125,synthetic
synthetic,165.6353,-168.8336,synthetic
synthetic,-179.5241,-35.0184,synthetic
synthetic,-23.2856,142.8309,synthetic
synthetic,70.875,142.4433,synthetic
synthetic,-107.0591,-175.1526,synthetic
synthetic,-126.5693,-129.1764,synthetic
synthetic,87.1505,-178.8044,synthetic
synthetic,-139.2569,33.8774,synthetic
synthetic,-119.9727,33.3084,synthetic
synthetic,138.5265,-156.5559,synthetic
synthetic,-65.037,-40.1794,synthetic
synthetic,-114.1827,12.5524,synthetic
synthetic,-105.4303,176.8736,synthetic
synthetic,177.0921,39.9748,synthetic
synthetic,-132.0707,152.591,synthetic
synthetic,-80.8376,-87.158,synthetic
synthetic,142.9883,114.6108,synthetic
synthetic,144.2103,-161.0294,synthetic
synthetic,-158.7875,-171.8189,synthetic
synthetic,6.6582,-85.0041,synthetic
synthetic,165.4023,-57.0004,synthetic
synthetic,-82.1021,52.6299,synthetic
synthetic,56.708,47.1613,synthetic
synthetic,-3.1389,-101.2443,synthetic
synthetic,-32.4685,-172.9002,synthetic
synthetic,75.1135,-131.3279,synthetic
synthetic,-169.941,-172.9954,synthetic
synthetic,163.7885,-172.0616,synthetic
synthetic,-85.5621,58.2043,synthetic
synthetic,-176.6626,-34.9953,synthetic
synthetic,59.65,48.441,synthetic
synthetic,151.6348,-53.2573,synthetic
synthetic,-7.7884,-9.4527,synthetic
synthetic,0.1805,-84.7704,synthetic
synthetic,-176.4069,-32.0252,synthetic
synthetic,167.594,178.6021,synthetic
synthetic,-107.4577,130.2914,synthetic
synthetic,-175.9108,-37.6635,synthetic
synthetic,144.1513,113.7917,synthetic
synthetic,-158.2448,41.2831,synthetic
synthetic,126.9274,-41.3441,synthetic
synthetic,51.0064,51.2349,synthetic
synthetic,-174.3732,125.4855,synthetic
synthetic,75.6447,-135.032,synthetic
synthetic,100.2544,112.4176,synthetic
synthetic,-62.6857,-42.552,synthetic
synthetic,179.635,-33.0333,synthetic
synthetic,-162.542,-49.2092,synthetic
synthetic,-116.8468,-17.1516,synthetic
synthetic,-123.3963,-25.7306,synthetic
synthetic,55.7424,46.7314,synthetic
synthetic,-143.0627,170.5345,synthetic
synthetic,-5.792,121.5094,synthetic
synthetic,-114.126,3.984,synthetic
synthetic,-120.7107,-167.4242,synthetic
synthetic,80.8529,153.2794,synthetic
synthetic,3.2765,-85.1637,synthetic
synthetic,-5.9542,-16.403,synthetic
synthetic,-138.9537,147.3995,synthetic
synthetic,-165.111,-167.9858,synthetic
synthetic,-75.9752,35.5893,synthetic
synthetic,67.1589,24.79,synthetic
synthetic,-100.3151,-167.453,synthetic
synthetic,176.6625,47.5695,synthetic
synthetic,96.5921,-10.047,synthetic
synthetic,169.1438,179.3533,synthetic
synthetic,-63.3299,-38.0384,synthetic
synthetic,135.2682,166.684,synthetic
synthetic,60.7293,-151.4415,synthetic
synthetic,158.4115,12.7461,synthetic
synthetic,80.8751,-66.3727,synthetic
synthetic,126.9197,5.9543,synthetic
synthetic,-90.3843,166.4222,synthetic
synthetic,90.3309,-175.2076,synthetic
synthetic,-125.0945,-4.9106,synthetic
synthetic,-70.3908,179.7951,synthetic
synthetic,137.3527,111.7414,synthetic
synthetic,52.7242,61.1212,synthetic
synthetic,-146.1398,175.6122,synthetic
synthetic,-80.0852,-87.6537,synthetic
synthetic,-175.9521,-38.1451,synthetic
synthetic,-123.5726,-9.8973,synthetic
synthetic,123.0027,-42.2283,synthetic
synthetic,-46.4024,-22.263,synthetic
synthetic,-61.6489,-73.1213,synthetic
synthetic,-47.4848,172.3212,synthetic
synthetic,78.9003,-64.9994,synthetic
synthetic,-85.8508,-32.4703,synthetic
synthetic,85.4081,-65.8115,synthetic
synthetic,-63.3292,-53.6741,synthetic
synthetic,79.6652,-131.8522,synthetic
synthetic,86.9979,174.3099,synthetic
synthetic,136.1899,107.6187,synthetic
synthetic,1.8305,-86.9119,synthetic
synthetic,-160.2948,42.7764,synthetic
synthetic,176.631,35.1858,synthetic
synthetic,179.8056,87.8033,synthetic
synthetic,-92.4573,-124.4914,synthetic
synthetic,-11.9832,-6.3523,synthetic
synthetic,-155.4042,78.2771,synthetic
synthetic,-121.4291,116.1151,synthetic
synthetic,170.6657,48.4097,synthetic
synthetic,-178.8978,-33.5631,synthetic
synthetic,-172.0333,79.759,synthetic
synthetic,147.4466,-149.3866,synthetic
synthetic,145.1031,148.0173,synthetic
synthetic,81.8648,-177.3011,synthetic
synthetic,-136.2676,-87.592,synthetic
synthetic,-128.5125,-136.729,synthetic
synthetic,71.376,125.1452,synthetic
synthetic,174.7678,47.5387,synthetic
synthetic,31.0596,59.6591,synthetic
synthetic,76.9174,-130.5879,synthetic
synthetic,63.1216,22.4645,synthetic
synthetic,-85.3863,-3.7494,synthetic
synthetic,67.9565,130.9636,synthetic
synthetic,-134.6362,130.432,synthetic
synthetic,161.0615,-170.2671,synthetic
synthetic,142.8634,107.847,synthetic
synthetic,170.7776,178.781,synthetic
synthetic,175.1585,-37.1524,synthetic
synthetic,127.3757,-47.6516,synthetic
synthetic,59.174,60.8209,synthetic
synthetic,-85.8661,131.0595,synthetic
synthetic,62.0136,28.7539,synthetic
synthetic,-130.1558,-54.3771,synthetic
synthetic,-67.1491,-52.7701,synthetic
synthetic,-17.5861,116.8406,synthetic
synthetic,80.1467,154.0122,synthetic
synthetic,-133.1836,-14.8695,synthetic
synthetic,168.6596,-175.0074,synthetic
synthetic,169.5205,173.7944,synthetic
synthetic,139.1927,107.751,synthetic
synthetic,-12.913,121.7547,synthetic
synthetic,23.8846,59.1234,synthetic
synthetic,-94.3652,-173.8197,synthetic
synthetic,-91.2504,116.1255,synthetic
synthetic,-127.0794,109.2353,synthetic
synthetic,-31.4529,-173.8275,synthetic
synthetic,-7.9096,-105.6573,synthetic
synthetic,122.1004,164.8979,synthetic
synthetic,-176.0796,-37.4363,synthetic
synthetic,98.9467,14.5625,synthetic
synthetic,-111.0857,44.471,synthetic
synthetic,-28.2837,140.2423,synthetic
synthetic,-16.0092,118.9575,synthetic
synthetic,-76.1899,121.3598,synthetic
synthetic,-56.0802,32.7397,synthetic
synthetic,-21.2805,119.365,synthetic
synthetic,-101.0347,-176.287,synthetic
synthetic,102.5291,18.0947,synthetic
synthetic,-125.4834,34.8446,synthetic
synthetic,-143.382,-174.5032,synthetic
synthetic,-29.799,-164.0964,synthetic
synthetic,-20.7152,120.954,synthetic
synthetic,-50.3493,-60.0901,synthetic
synthetic,-101.4244,-1.52,synthetic
synthetic,128.5802,5.3645,synthetic
synthetic,82.0301,158.3615,synthetic
synthetic,87.932,173.9084,synthetic
synthetic,161.5818,-172.9905,synthetic
synthetic,50.3291,49.4635,synthetic
synthetic,-95.7275,-49.2675,synthetic
synthetic,-10.1176,-6.0189,synthetic
synthetic,153.341,-54.1886,synthetic
synthetic,-157.7521,79.006,synthetic
synthetic,153.2478,10.126,synthetic
synthetic,46.7963,68.6601,synthetic
synthetic,-24.8547,139.1421,synthetic
synthetic,-179.6503,-39.4935,synthetic
synthetic,-157.0095,168.8934,synthetic
synthetic,108.0553,153.2201,synthetic
synthetic,-28.5086,80.083,synthetic
synthetic,-136.8124,-61.2032,synthetic
synthetic,125.0544,7.403,synthetic
synthetic,156.0876,8.8214,synthetic
synthetic,-108.9063,105.2192,synthetic
synthetic,-130.269,-5.4526,synthetic
synthetic,-98.2278,71.3984,synthetic
synthetic,4.1888,-85.8733,synthetic
synthetic,167.5466,42.7696,synthetic
synthetic,-88.9717,138.4149,synthetic
synthetic,-13.7583,122.3451,synthetic
synthetic,109.2808,-84.7098,synthetic
synthetic,-31.0588,-176.8571,synthetic
synthetic,-155.7198,170.8306,synthetic
synthetic,-98.2933,24.6322,synthetic
synthetic,-61.3133,162.3994,synthetic
synthetic,136.3195,-166.8417,synthetic
synthetic,-41.2351,-8.7859,synthetic
synthetic,-92.9353,14.7741,synthetic
synthetic,2.6027,-88.5249,synthetic
synthetic,83.7101,-173.1423,synthetic
synthetic,81.0933,179.943,synthetic
synthetic,-61.6057,-55.8192,synthetic
synthetic,-3.4754,-81.0191,synthetic
synthetic,-136.3797,73.7325,synthetic
synthetic,-60.6638,33.0398,synthetic
synthetic,162.5013,9.5481,synthetic
synthetic,108.6691,21.5545,synthetic
synthetic,-102.6698,-177.4988,synthetic
synthetic,-164.0623,84.5454,synthetic
synthetic,-157.2042,170.09,synthetic
synthetic,-33.1024,78.3548,synthetic
synthetic,152.239,8.1766,synthetic
synthetic,112.923,9.6126,synthetic
synthetic,59.307,44.4706,synthetic
synthetic,155.3908,-49.425,synthetic
synthetic,-116.6477,8.5406,synthetic
synthetic,-24.8316,116.6007,synthetic
synthetic,-125.1464,-1.2813,synthetic
synthetic,-97.9986,-173.2763,synthetic
synthetic,-93.6247,-171.0145,synthetic
synthetic,66.1272,135.9653,synthetic
synthetic,66.3925,139.2357,synthetic
synthetic,138.2633,-146.9687,synthetic
synthetic,167.7586,47.6609,synthetic
synthetic,55.6071,-141.7227,synthetic
synthetic,-61.9128,-44.1428,synthetic
synthetic,-50.4726,-60.2502,synthetic
synthetic,175.4232,-175.9788,synthetic
synthetic,116.2881,158.7593,synthetic
synthetic,-36.7073,-50.7981,synthetic
synthetic,-51.6501,-36.1349,synthetic
synthetic,-178.0832,35.183,synthetic
synthetic,54.8838,46.6404,synthetic
synthetic,176.2177,-32.8209,synthetic
synthetic,-111.4533,7.3953,synthetic
synthetic,-150.8881,-47.8416,synthetic
synthetic,140.3304,-155.092,synthetic
synthetic,-138.8167,155.8421,synthetic
synthetic,161.5275,160.2408,synthetic
synthetic,81.5715,-131.7076,synthetic
synthetic,164.2289,-174.5955,synthetic
synthetic,79.1464,-173.2977,synthetic
synthetic,-165.4987,-178.9229,synthetic
synthetic,119.9376,-74.4408,synthetic
synthetic,-137.9107,-90.6142,synthetic
synthetic,129.2664,-46.6724,synthetic
synthetic,-116.6306,118.8762,synthetic
synthetic,166.9253,-177.2533,synthetic
synthetic,-101.0986,70.571,synthetic
synthetic,-58.302,179.6837,synthetic
synthetic,-120.6113,121.1067,synthetic
synthetic,60.648,50.5455,synthetic
synthetic,-38.3195,79.1274,synthetic
synthetic,64.6758,-151.9853,synthetic
synthetic,-14.5703,121.8678,synthetic
synthetic,113.216,-81.9554,synthetic
synthetic,-142.7105,37.5795,synthetic
synthetic,27.242,61.8286,synthetic
synthetic,-83.491,105.6792,synthetic
synthetic,-127.0103,54.7091,synthetic
synthetic,-20.4891,-171.3366,synthetic
synthetic,-57.4538,-54.5687,synthetic
synthetic,-90.6143,151.5141,synthetic
synthetic,-127.8947,-134.6322,synthetic
synthetic,-159.458,-50.6748,synthetic
synthetic,-136.2985,-92.3507,synthetic
synthetic,59.8692,136.2617,synthetic
synthetic,-62.2414,156.678,synthetic
synthetic,-160.6656,-56.6689,synthetic
synthetic,147.623,-149.3556,synthetic
synthetic,-122.6793,50.9958,synthetic
synthetic,87.0047,-70.1293,synthetic
synthetic,173.5115,172.3715,synthetic
synthetic,-145.0844,-82.8425,synthetic
synthetic,177.8887,150.882,synthetic
synthetic,-28.5277,78.6405,synthetic
synthetic,12.8217,-82.6999,synthetic
synthetic,-159.997,-53.8491,synthetic
synthetic,-86.8235,-123.406,synthetic
synthetic,-35.7737,-171.3443,synthetic
synthetic,-157.6639,-174.727,synthetic
synthetic,-163.5383,-169.3943,synthetic
synthetic,74.6217,2.0142,synthetic
synthetic,172.7892,-174.7837,synthetic
synthetic,-176.9199,83.3315,synthetic
synthetic,-20.5086,138.5409,synthetic
synthetic,-165.0772,161.9149,synthetic
synthetic,119.7723,-80.8784,synthetic
synthetic,-94.0721,-116.6577,synthetic
synthetic,-170.5515,-177.2793,synthetic
synthetic,140.8665,108.7597,synthetic
synthetic,108.0231,-7.6444,synthetic
synthetic,78.297,-133.4775,synthetic
synthetic,105.5762,-13.4646,synthetic
synthetic,168.5043,-51.2582,synthetic
synthetic,-104.2606,162.0218,synthetic
synthetic,-100.3097,68.9779,synthetic
synthetic,99.1358,107.2709,synthetic
synthetic,-103.4252,110.3687,synthetic
synthetic,-159.4304,177.477,synthetic
synthetic,160.2689,-49.7928,synthetic
synthetic,90.9894,-174.3811,synthetic
synthetic,-120.0253,162.4343,synthetic
synthetic,87.2374,-154.9181,synthetic
synthetic,-124.2451,-145.8251,synthetic
synthetic,61.2366,-150.4407,synthetic
synthetic,-172.2628,179.0081,synthetic
synthetic,149.024,-54.6036,synthetic
synthetic,139.9452,108.3178,synthetic
synthetic,-57.2813,-42.0165,synthetic
synthetic,-90.3143,-125.4956,synthetic
synthetic,125.6228,11.5656,synthetic
synthetic,69.7023,141.9552,synthetic
synthetic,-139.0599,-90.4181,synthetic
synthetic,-144.2734,-172.0383,synthetic
synthetic,-89.4498,42.2769,synthetic
synthetic,150.6849,107.5916,synthetic
synthetic,-120.6554,118.2014,synthetic
synthetic,170.1734,-178.0336,synthetic
synthetic,80.6154,-136.9657,synthetic
synthetic,-26.2136,-178.7417,synthetic
synthetic,81.2877,163.5602,synthetic
synthetic,8.4596,-77.6097,synthetic
synthetic,58.359,51.05,synthetic
synthetic,-86.3558,-126.9604,synthetic
synthetic,-118.0942,2.7547,synthetic
synthetic,64.3637,-147.9617,synthetic
synthetic,69.6611,127.2445,synthetic
synthetic,-139.7927,151.2707,synthetic
synthetic,-25.6845,-169.2536,synthetic
synthetic,121.9989,-71.6299,synthetic
synthetic,-1.2205,-81.7605,synthetic
synthetic,129.1278,-46.2588,synthetic
synthetic,-157.2308,176.8172,synthetic
synthetic,-65.7562,-40.1027,synthetic
synthetic,-172.7643,79.4459,synthetic
synthetic,80.0067,-71.3811,synthetic
synthetic,-39.698,-177.4213,synthetic
synthetic,175.1146,42.0954,synthetic
synthetic,-122.767,36.6465,synthetic
synthetic,81.5788,16.2348,synthetic
synthetic,-142.6446,164.1493,synthetic
synthetic,111.6171,9.8936,synthetic
synthetic,-34.5565,75.7609,synthetic
synthetic,-162.8774,-170.5511,synthetic
synthetic,-116.3271,-178.211,synthetic
synthetic,-162.0539,-176.2874,synthetic
synthetic,-141.2652,78.02,synthetic
synthetic,146.1134,-152.923,synthetic
synthetic,-121.8177,49.0231,synthetic
synthetic,-158.5102,26.932,synthetic
synthetic,139.244,150.7469,synthetic
synthetic,-59.6513,-97.0161,synthetic
synthetic,-94.9155,-126.1627,synthetic
synthetic,83.505,-69.2228,synthetic
synthetic,76.92,-135.0943,synthetic
synthetic,-44.5406,-164.5471,synthetic
synthetic,-55.1714,-50.4044,synthetic
synthetic,101.4302,23.7764,synthetic
synthetic,62.2191,27.0475,synthetic
synthetic,-148.1456,83.6125,synthetic
synthetic,125.3282,128.8095,synthetic
synthetic,-25.7811,78.1478,synthetic
synthetic,-178.8441,170.531,synthetic
synthetic,-0.3641,-101.4744,synthetic
synthetic,69.1192,130.9844,synthetic
synthetic,113.0876,-76.1541,synthetic
synthetic,169.8311,41.7882,synthetic
synthetic,-37.2212,126.1764,synthetic
synthetic,-36.5196,78.387,synthetic
synthetic,143.8864,-167.3472,synthetic
synthetic,-34.8757,-176.2687,synthetic
synthetic,-132.4164,-127.7442,synthetic
synthetic,-110.1451,113.9803,synthetic
synthetic,164.2925,-169.8636,synthetic
synthetic,55.1576,46.4536,synthetic
synthetic,-177.8238,86.9369,synthetic
synthetic,29.5001,61.7947,synthetic
synthetic,176.9995,79.4008,synthetic
synthetic,-111.6141,113.559,synthetic
synthetic,-91.0498,163.7707,synthetic
synthetic,86.1253,-58.3573,synthetic
synthetic,-82.6998,50.9618,synthetic
synthetic,173.5032,171.8124,synthetic
synthetic,167.2738,-174.1114,synthetic
synthetic,172.1782,-31.4936,synthetic
synthetic,87.5379,-65.1815,synthetic
synthetic,107.9998,15.0667,synthetic
synthetic,-14.657,118.9804,synthetic
synthetic,141.7015,-159.1196,synthetic
synthetic,67.0403,22.3348,synthetic
synthetic,-25.6177,-171.6956,synthetic
synthetic,73.0665,160.2063,synthetic
synthetic,178.525,-40.1027,synthetic
synthetic,-15.5919,-8.8959,synthetic
synthetic,142.4753,-157.5989,synthetic
synthetic,91.8354,-160.5263,synthetic
synthetic,-179.6749,-31.9165,synthetic
synthetic,118.2781,-82.3527,synthetic
synthetic,60.3761,-148.4776,synthetic
synthetic,122.6037,129.176,synthetic
synthetic,-76.0023,161.1724,synthetic
synthetic,-121.3515,-44.0205,synthetic
synthetic,-139.5491,167.9246,synthetic
synthetic,-174.3061,79.0784,synthetic
synthetic,155.4957,-54.8159,synthetic
synthetic,177.3347,-30.5128,synthetic
synthetic,-35.5117,-121.5713,synthetic
synthetic,106.7858,107.1409,synthetic
synthetic,-162.7973,155.2517,synthetic
synthetic,104.7226,20.3435,synthetic
synthetic,-158.2263,-57.1895,synthetic
synthetic,-76.5195,-38.5499,synthetic
synthetic,80.2078,-179.4434,synthetic
synthetic,86.8749,-173.8783,synthetic
synthetic,-94.0502,-118.2342,synthetic
synthetic,97.0526,109.8573,synthetic
synthetic,66.4359,16.916,synthetic
synthetic,-178.2431,-33.9983,synthetic
synthetic,-135.8048,-58.7249,synthetic
synthetic,77.344,-63.8628,synthetic
synthetic,-171.8376,176.075,synthetic
synthetic,-131.3251,-128.9794,synthetic
synthetic,-93.4926,-0.9565,synthetic
synthetic,86.0263,178.2915,synthetic
synthetic,138.3602,-156.3823,synthetic
synthetic,56.7438,42.3977,synthetic
synthetic,-33.3521,-176.322,synthetic
synthetic,170.1532,175.9278,synthetic
synthetic,-163.2108,-173.65,synthetic
synthetic,62.641,-155.763,synthetic
synthetic,-178.4364,-36.5856,synthetic
synthetic,-37.9171,-72.5015,synthetic
synthetic,81.5354,156.5092,synthetic
synthetic,-167.9731,86.9894,synthetic
synthetic,-104.076,161.8881,synthetic
synthetic,174.4912,178.9814,synthetic
synthetic,85.2966,159.0774,synthetic
synthetic,154.9364,-52.0064,synthetic
synthetic,164.3868,-176.2419,synthetic
synthetic,-178.4396,162.8631,synthetic
synthetic,-145.6782,-79.1176,synthetic
synthetic,-159.9438,-67.4958,synthetic
synthetic,146.6885,103.6916,synthetic
synthetic,-128.6213,-46.8705,synthetic
synthetic,-125.2356,-172.6332,synthetic
synthetic,-140.1773,68.4266,synthetic
synthetic,-104.7027,127.8942,synthetic
synthetic,-157.0075,33.222,synthetic
synthetic,-98.3527,4.7047,synthetic
synthetic,173.2323,-170.6364,synthetic
synthetic,178.8545,-31.2199,synthetic
synthetic,-35.7578,-171.3262,synthetic
synthetic,58.2997,64.1674,synthetic
synthetic,60.6498,18.8192,synthetic
synthetic,80.3753,156.9184,synthetic
synthetic,176.8533,177.9319,synthetic
synthetic,-130.3737,37.6779,synthetic
synthetic,-127.8498,-130.8024,synthetic
synthetic,166.8146,150.5348,synthetic
synthetic,-120.9263,0.5937,synthetic
synthetic,85.3333,-66.5691,synthetic
synthetic,-18.9517,-11.2591,synthetic
synthetic,-172.4716,76.413,synthetic
synthetic,-13.9024,-11.05,synthetic
synthetic,165.6244,-176.453,synthetic
synthetic,-101.79,157.5549,synthetic
synthetic,0.4074,-97.6776,synthetic
synthetic,-105.9617,17.8282,synthetic
synthetic,65.9363,124.834,synthetic
synthetic,87.7822,-174.8058,synthetic
synthetic,-179.5636,158.4621,synthetic
synthetic,-156.302,75.553,synthetic
synthetic,-157.3867,72.1215,synthetic
synthetic,82.1606,-157.6557,synthetic
synthetic,76.6807,5.0861,synthetic
synthetic,76.4174,167.6609,synthetic
synthetic,-110.6298,108.9051,synthetic
synthetic,-8.4394,-9.1087,synthetic
synthetic,-141.7389,31.1512,synthetic
synthetic,-162.7358,-173.1828,synthetic
synthetic,-160.2199,-55.7701,synthetic
synthetic,-175.675,161.8975,synthetic
synthetic,-138.3353,-94.6742,synthetic
synthetic,-160.5627,79.364,synthetic
synthetic,127.1367,168.6924,synthetic
synthetic,173.5663,149.8945,synthetic
synthetic,-91.9545,-117.4852,synthetic
synthetic,152.7981,12.0198,synthetic
synthetic,-82.9158,61.0501,synthetic
synthetic,-45.6319,-76.1278,synthetic
synthetic,81.4635,-133.3411,synthetic
synthetic,-32.6024,-172.8047,synthetic
synthetic,-114.6318,104.7274,synthetic
synthetic,85.2034,155.1966,synthetic
synthetic,135.6355,168.9407,synthetic
synthetic,-159.5214,-48.1892,synthetic
synthetic,60.7058,58.6046,synthetic
synthetic,96.8162,20.9863,synthetic
synthetic,-103.4976,-178.3286,synthetic
synthetic,-43.197,-168.7192,synthetic
synthetic,-8.2043,-11.2315,synthetic
synthetic,61.0297,25.2489,synthetic
synthetic,79.22,-66.5806,synthetic
synthetic,-169.0401,175.1869,synthetic
synthetic,-149.3796,-174.7896,synthetic
synthetic,61.754,-150.1959,synthetic
synthetic,-96.4197,-178.035,synthetic
synthetic,-17.5136,-2.3493,synthetic
synthetic,-56.2963,-62.2103,synthetic
synthetic,-172.7257,-171.1741,synthetic
synthetic,151.7029,-53.1349,synthetic
synthetic,87.1749,25.8337,synthetic
synthetic,-156.2378,23.4812,synthetic
synthetic,130.8368,-157.8081,synthetic
synthetic,86.9513,179.4521,synthetic
synthetic,-93.6765,-171.8838,synthetic
synthetic,83.1061,177.1573,synthetic
synthetic,-28.4266,140.5768,synthetic
synthetic,-49.7708,-67.5782,synthetic
synthetic,-138.8687,-87.91,synthetic
synthetic,-51.7294,146.7806,synthetic
synthetic,170.6756,166.8756,synthetic
synthetic,103.949,-11.5829,synthetic
synthetic,-160.8791,-53.0126,synthetic
synthetic,-66.174,-41.4895,synthetic
synthetic,-178.9101,150.6594,synthetic
synthetic,92.7371,-175.5315,synthetic
synthetic,-140.174,32.6177,synthetic
synthetic,94.9278,113.7153,synthetic
synthetic,-164.546,84.1342,synthetic
synthetic,-172.3344,82.1326,synthetic
synthetic,-167.0753,-166.7507,synthetic
synthetic,57.3162,39.167,synthetic
synthetic,-159.8249,173.3198,synthetic
synthetic,74.0759,159.6044,synthetic
synthetic,176.1466,39.9538,synthetic
synthetic,-165.2195,76.4288,synthetic
synthetic,-144.145,178.5305,synthetic
synthetic,140.0727,-159.1448,synthetic
synthetic,157.2705,-52.3582,synthetic
synthetic,-164.6156,147.8523,synthetic
synthetic,73.6251,130.2911,synthetic
synthetic,-35.5492,-118.2839,synthetic
synthetic,-22.8184,140.9282,synthetic
synthetic,157.1079,5.1606,synthetic
synthetic,-168.7122,-175.4316,synthetic
synthetic,78.3356,166.2486,synthetic
synthetic,178.805,-171.0612,synthetic
synthetic,-166.6169,-175.7777,synthetic
synthetic,-61.4286,-44.0772,synthetic
synthetic,80.8723,-64.0152,synthetic
synthetic,173.1458,-179.6923,synthetic
synthetic,-178.8544,-41.6568,synthetic
synthetic,149.5516,166.5645,synthetic
synthetic,-32.9633,-174.9726,synthetic
synthetic,-57.5548,-41.8862,synthetic
synthetic,176.4847,-28.5276,synthetic
synthetic,83.577,-174.2054,synthetic
synthetic,-165.6565,-165.6264,synthetic
synthetic,-95.4845,-118.6836,synthetic
synthetic,-142.4885,-79.3232,synthetic
synthetic,-99.7532,0.805,synthetic
synthetic,125.3394,-46.4262,synthetic
synthetic,156.8461,-52.3169,synthetic
synthetic,82.5746,151.5354,synthetic
synthetic,136.5534,-151.7101,synthetic
synthetic,-66.7445,-37.2515,synthetic
synthetic,-166.0047,179.4207,synthetic
synthetic,77.316,-132.0881,synthetic
synthetic,174.6561,167.7653,synthetic
synthetic,-160.866,-170.8949,synthetic
synthetic,-132.231,-49.8909,synthetic
synthetic,175.2435,-175.5813,synthetic
synthetic,165.3094,-172.5199,synthetic
synthetic,125.4199,131.3607,synthetic
synthetic,-177.7648,33.5866,synthetic
synthetic,-146.776,168.031,synthetic
synthetic,-91.3397,54.7184,synthetic
synthetic,61.2234,-143.7502,synthetic
synthetic,-177.1271,43.3539,synthetic
synthetic,-127.5903,-128.9741,synthetic
synthetic,-95.6973,139.7764,synthetic
synthetic,177.216,-177.7967,synthetic
synthetic,178.5488,-35.8754,synthetic
synthetic,-89.9131,-8.5911,synthetic
synthetic,79.7824,-66.3687,synthetic
synthetic,97.4827,107.6735,synthetic
synthetic,-8.0668,119.355,synthetic
synthetic,-177.7448,45.2687,synthetic
synthetic,172.1102,-48.8706,synthetic
synthetic,-177.9503,92.5355,synthetic
synthetic,84.1887,-178.9033,synthetic
synthetic,4.052,-82.2448,synthetic
synthetic,-95.4805,-57.0039,synthetic
synthetic,-178.1867,-32.7324,synthetic
synthetic,-58.9895,-48.0697,synthetic
synthetic,-177.1129,-37.7527,synthetic
synthetic,176.7502,37.9764,synthetic
synthetic,-51.2145,-49.4866,synthetic
synthetic,-178.853,-35.9635,synthetic
synthetic,-179.1005,38.4143,synthetic
synthetic,-126.8955,-130.0354,synthetic
synthetic,-101.5195,-170.5032,synthetic
synthetic,124.6963,3.2153,synthetic
synthetic,-44.7697,-58.2834,synthetic
synthetic,-179.5565,168.8373,synthetic
synthetic,-41.523,73.2218,synthetic
synthetic,-126.6212,172.2287,synthetic
synthetic,-156.8585,75.5267,synthetic
synthetic,-3.343,-80.0297,synthetic
synthetic,-96.9371,-124.3568,synthetic
synthetic,146.2298,111.3015,synthetic
synthetic,162.3179,-171.923,synthetic
synthetic,-68.3744,-5.4913,synthetic
synthetic,120.2586,-41.1491,synthetic
synthetic,68.9191,38.1968,synthetic
synthetic,176.1583,45.8053,synthetic
synthetic,56.9954,146.9701,synthetic
synthetic,105.2843,105.0104,synthetic
synthetic,-168.7901,72.2293,synthetic
synthetic,-1.3683,-101.6247,synthetic
synthetic,-124.1854,-124.0599,synthetic
synthetic,-79.5562,-53.6584,synthetic
synthetic,99.1124,114.5165,synthetic
synthetic,130.6143,-157.8136,synthetic
synthetic,-157.4343,149.0748,synthetic
synthetic,151.0952,-52.7198,synthetic
synthetic,-168.8133,-179.3207,synthetic
synthetic,-62.325,-41.2134,synthetic
synthetic,152.8049,-44.2639,synthetic
synthetic,-163.4986,-168.4064,synthetic
synthetic,-165.83,79.8871,synthetic
synthetic,119.3288,-82.6252,synthetic
synthetic,83.7634,-177.0192,synthetic
synthetic,-179.0751,42.7733,synthetic
synthetic,68.3765,19.5057,synthetic
synthetic,-165.6206,-174.7719,synthetic
synthetic,177.9055,51.1723,synthetic
synthetic,159.0862,-55.5654,synthetic
synthetic,-43.2871,-165.3914,synthetic
synthetic,-164.9575,-169.6265,synthetic
synthetic,-8.7554,-3.8031,synthetic
synthetic,-84.9156,66.6872,synthetic
synthetic,54.2236,57.0583,synthetic
synthetic,106.5838,-70.0763,synthetic
synthetic,-158.0711,75.0538,synthetic
synthetic,151.2298,5.0507,synthetic
synthetic,79.6741,-72.2612,synthetic
synthetic,139.9841,101.7871,synthetic
synthetic,124.6338,168.3063,synthetic
synthetic,-115.6441,123.5255,synthetic
synthetic,-102.2226,-166.6582,synthetic
synthetic,89.6188,-154.8929,synthetic
synthetic,130.1722,162.7739,synthetic
synthetic,88.6614,179.5644,synthetic
synthetic,-135.7455,-60.0252,synthetic
synthetic,-163.9872,-169.228,synthetic
synthetic,118.7817,-44.6305,synthetic
synthetic,142.7857,-158.4277,synthetic
synthetic,145.8302,-155.2743,synthetic
synthetic,-2.9787,-102.6262,synthetic
synthetic,-160.5598,-49.6393,synthetic
synthetic,-34.3159,122.895,synthetic
synthetic,63.8738,18.68,synthetic
synthetic,-162.8248,-173.9112,synthetic
synthetic,178.0549,48.7162,synthetic
synthetic,101.0036,24.481,synthetic
synthetic,-122.7198,163.5341,synthetic
synthetic,136.8735,123.1687,synthetic
synthetic,116.8044,-73.7171,synthetic
synthetic,-16.0113,129.7407,synthetic
synthetic,-88.9075,-121.2475,synthetic
synthetic,-101.3858,69.0094,synthetic
synthetic,-31.4585,-165.4402,synthetic
synthetic,-136.7552,71.4282,synthetic
synthetic,78.3804,-60.9842,synthetic
synthetic,136.9023,111.7999,synthetic
synthetic,-29.6114,-166.2989,synthetic
synthetic,174.7922,36.664,synthetic
synthetic,-11.6353,-12.1133,synthetic
synthetic,140.2675,114.8827,synthetic
synthetic,-10.1967,-12.8543,synthetic
synthetic,-161.4685,-55.5605,synthetic
synthetic,-68.3593,174.6411,synthetic
synthetic,-11.9967,-7.1142,synthetic
synthetic,-108.8031,2.2431,synthetic
synthetic,113.7989,-70.4304,synthetic
synthetic,79.0812,-177.2181,synthetic
synthetic,0.3548,-91.0327,synthetic
synthetic,156.9785,-58.4507,synthetic
synthetic,169.0005,-175.9843,synthetic
synthetic,-176.3682,164.0127,synthetic
synthetic,-158.5049,23.6075,synthetic
synthetic,-93.5288,-121.9366,synthetic
synthetic,173.528,-170.7659,synthetic
synthetic,176.2841,-34.0305,synthetic
synthetic,-74.8365,-51.7494,synthetic
synthetic,-38.9462,72.9633,synthetic
synthetic,171.4848,45.8571,synthetic
synthetic,130.5934,7.9055,synthetic
synthetic,-71.4,169.6639,synthetic
synthetic,-38.9225,132.9478,synthetic
synthetic,-159.0331,-54.2574,synthetic
synthetic,-96.1909,-123.5328,synthetic
synthetic,-177.8086,-35.9151,synthetic
synthetic,114.4017,159.8992,synthetic
synthetic,-122.2985,31.8577,synthetic
synthetic,83.171,-156.411,synthetic
synthetic,168.6843,-176.6082,synthetic
synthetic,134.7277,9.4995,synthetic
synthetic,-117.2863,-6.7034,synthetic
synthetic,179.8285,41.7863,synthetic
synthetic,-35.2259,-67.3795,synthetic
synthetic,59.2589,46.246,synthetic
synthetic,3.4806,-87.2939,synthetic
synthetic,-96.9203,-26.5897,synthetic
synthetic,75.2297,175.4074,synthetic
synthetic,91.9337,-56.4941,synthetic
synthetic,-89.0801,-121.8356,synthetic
synthetic,-176.3763,36.1944,synthetic
synthetic,-59.1914,-97.3045,synthetic
synthetic,174.8065,171.0814,synthetic
synthetic,175.1562,156.6386,synthetic
synthetic,177.4568,150.714,synthetic
synthetic,-97.9379,8.926,synthetic
synthetic,-110.8776,151.3422,synthetic
synthetic,125.1383,-50.2133,synthetic
synthetic,-116.4916,148.2949,synthetic
synthetic,29.8514,55.5854,synthetic
synthetic,-64.551,-54.0521,synthetic
synthetic,-150.6211,176.6623,synthetic
synthetic,-128.3104,-133.9309,synthetic
synthetic,172.1974,-32.0358,synthetic
synthetic,175.3179,49.2177,synthetic
synthetic,63.2428,142.2622,synthetic
synthetic,147.587,-49.6554,synthetic
synthetic,142.2426,-157.0941,synthetic
synthetic,-103.5434,73.0116,synthetic
synthetic,-166.4318,156.5333,synthetic
synthetic,-172.5038,175.6367,synthetic
synthetic,81.2921,-66.1641,synthetic
synthetic,42.7827,66.113,synthetic
synthetic,52.9631,-147.3695,synthetic
synthetic,-137.5823,-82.9944,synthetic
synthetic,-82.5292,-7.9559,synthetic
synthetic,80.0337,-66.2959,synthetic
synthetic,-89.8896,-115.3056,synthetic
synthetic,-2.5806,-108.2907,synthetic
synthetic,173.343,44.5521,synthetic
synthetic,54.4287,63.2288,synthetic
synthetic,-66.6858,-19.4022,synthetic
synthetic,145.0836,148.0306,synthetic
synthetic,-49.7629,-52.5812,synthetic
synthetic,-31.5998,-122.0173,synthetic
synthetic,179.9647,-32.4832,synthetic
synthetic,-87.0914,49.195,synthetic
synthetic,175.3081,-175.1921,synthetic
synthetic,-157.0932,40.9072,synthetic
synthetic,-167.7702,-54.4812,synthetic
synthetic,-110.6854,123.9335,synthetic
synthetic,66.4774,129.1084,synthetic
synthetic,-107.095,161.1379,synthetic
synthetic,-31.4657,-119.8471,synthetic
synthetic,-30.269,-175.1449,synthetic
synthetic,156.5231,-57.3644,synthetic
synthetic,-164.7167,173.0138,synthetic
synthetic,-98.4186,-56.7539,synthetic
synthetic,-60.8486,157.2082,synthetic
synthetic,-176.7641,125.2659,synthetic
synthetic,-98.8094,112.3898,synthetic
synthetic,118.7155,163.103,synthetic
synthetic,178.7021,170.7713,synthetic
synthetic,-31.0422,81.2974,synthetic
synthetic,-30.3107,78.9118,synthetic
synthetic,-46.7773,-162.551,synthetic
synthetic,-42.9685,-120.1219,synthetic
synthetic,-117.329,13.6078,synthetic
synthetic,119.6452,-76.6945,synthetic
synthetic,-145.699,23.2808,synthetic
synthetic,-61.063,-24.0491,synthetic
synthetic,160.3565,-166.3524,synthetic
synthetic,-94.9633,154.168,synthetic
synthetic,-122.7872,130.7625,synthetic
synthetic,172.1087,166.4994,synthetic
synthetic,-156.5976,-171.5526,synthetic
synthetic,70.2225,120.1417,synthetic
synthetic,119.4755,-72.6523,synthetic
synthetic,143.1954,-160.4421,synthetic
synthetic,28.6031,61.7511,synthetic
synthetic,158.8276,-50.5245,synthetic
synthetic,130.3158,6.1006,synthetic
synthetic,178.9252,84.2069,synthetic
synthetic,-3.5379,-99.9596,synthetic
synthetic,80.3672,-74.2306,synthetic
synthetic,-15.9016,-9.9012,synthetic
synthetic,-37.5748,-115.8794,synthetic
synthetic,-64.3371,-45.0598,synthetic
synthetic,5.0587,-84.9342,synthetic
synthetic,-169.6148,-35.5811,synthetic
synthetic,-4.4613,-80.8574,synthetic
synthetic,-154.4158,25.1296,synthetic
synthetic,-174.4618,-39.1806,synthetic
synthetic,-14.8612,-49.0487,synthetic
synthetic,-90.5931,-121.4638,synthetic
synthetic,-147.5994,169.495,synthetic
synthetic,-178.2771,-177.3771,synthetic
synthetic,-153.491,-50.2542,synthetic
synthetic,139.9461,-159.0725,synthetic
synthetic,75.2178,-130.794,synthetic
synthetic,-126.5135,-137.315,synthetic
synthetic,28.2027,57.5279,synthetic
synthetic,120.7826,130.0332,synthetic
synthetic,-75.6176,132.7809,synthetic
synthetic,82.5861,157.0561,synthetic
synthetic,-13.8412,-10.4861,synthetic
synthetic,-165.8547,-179.4742,synthetic
synthetic,-179.3036,85.4793,synthetic
synthetic,105.7267,16.7347,synthetic
synthetic,-64.8976,149.0847,synthetic
synthetic,-95.1889,45.7767,synthetic
synthetic,-38.9027,-118.5969,synthetic
synthetic,-2.3976,-84.9596,synthetic
synthetic,87.1871,-161.3625,synthetic
synthetic,5.2195,-86.5454,synthetic
synthetic,107.7378,23.4689,synthetic
synthetic,-71.0892,155.59,synthetic
synthetic,178.1562,151.6296,synthetic
synthetic,-28.9095,-169.8126,synthetic
synthetic,-159.8375,-168.8443,synthetic
synthetic,-29.0885,-172.4964,synthetic
synthetic,-173.7265,124.7164,synthetic
synthetic,156.185,9.1754,synthetic
synthetic,-121.7004,175.0821,synthetic
synthetic,-61.0013,-173.7522,synthetic
synthetic,-94.7382,-119.8925,synthetic
synthetic,-67.8166,168.4456,synthetic
synthetic,159.2881,-50.2637,synthetic
synthetic,-121.8387,-131.5933,synthetic
synthetic,-68.1148,-46.6212,synthetic
synthetic,56.5009,45.7143,synthetic
synthetic,129.8262,6.2933,synthetic
synthetic,-147.8237,32.5401,synthetic
synthetic,-143.0465,-80.9911,synthetic
synthetic,-141.8342,24.5579,synthetic
synthetic,126.7402,7.1947,synthetic
synthetic,176.4453,-33.3918,synthetic
synthetic,97.9561,-8.9819,synthetic
synthetic,66.0616,150.12,synthetic
synthetic,-161.933,74.073,synthetic
synthetic,-58.1045,-37.569,synthetic
synthetic,1.7762,-83.7222,synthetic
synthetic,-129.0114,-130.0126,synthetic
synthetic,62.5265,-147.4543,synthetic
synthetic,-178.3063,88.3499,synthetic
synthetic,-86.7758,-4.5214,synthetic
synthetic,160.3756,-55.1373,synthetic
synthetic,127.6866,-76.692,synthetic
synthetic,3.4258,-78.711,synthetic
synthetic,119.95,157.838,synthetic
synthetic,134.6783,-155.2827,synthetic
synthetic,77.7701,-0.7495,synthetic
synthetic,-46.2855,-60.4989,synthetic
synthetic,-28.8009,78.8359,synthetic
synthetic,-169.1435,179.8605,synthetic
synthetic,177.0807,84.5534,synthetic
synthetic,62.8492,-151.3098,synthetic
synthetic,155.5844,9.4575,synthetic
synthetic,-101.9528,-177.0585,synthetic
synthetic,-136.0345,-96.8775,synthetic
synthetic,-93.7744,-122.225,synthetic
synthetic,130.0624,6.6425,synthetic
synthetic,179.2448,179.0233,synthetic
synthetic,151.1809,-155.512,synthetic
synthetic,-175.2093,172.3744,synthetic
synthetic,154.7746,-56.4193,synthetic
synthetic,-55.3833,121.6019,synthetic
synthetic,-156.3331,-48.9893,synthetic
synthetic,154.0135,-53.6684,synthetic
synthetic,-52.7745,-60.3157,synthetic
synthetic,-35.1812,-124.0805,synthetic
synthetic,-119.3875,30.8138,synthetic
synthetic,82.5164,161.5715,synthetic
synthetic,-50.3938,-64.1688,synthetic
synthetic,-128.2716,-138.2115,synthetic
synthetic,-167.2301,81.4087,synthetic
synthetic,-93.1622,-123.8624,synthetic
synthetic,-86.3932,-119.6509,synthetic
synthetic,148.5837,-149.773,synthetic
synthetic,178.1988,-37.128,synthetic
synthetic,66.1155,-9.5135,synthetic
synthetic,84.0313,-62.9952,synthetic
synthetic,-178.7244,-176.5791,synthetic
synthetic,62.2081,35.7536,synthetic
synthetic,-25.8446,-171.6837,synthetic
synthetic,167.2574,179.4759,synthetic
synthetic,-9.195,-4.6388,synthetic
synthetic,76.0408,-63.9389,synthetic
synthetic,119.804,125.3534,synthetic
synthetic,-102.7871,-168.6661,synthetic
synthetic,-130.0139,-124.4743,synthetic
synthetic,159.7135,-50.96,synthetic
synthetic,-31.1473,-169.2509,synthetic
synthetic,-92.3001,-124.7444,synthetic
synthetic,153.7775,-55.0935,synthetic
synthetic,88.8292,175.1841,synthetic
synthetic,70.2264,2.2493,synthetic
synthetic,-125.8874,-134.6342,synthetic
synthetic,-179.0181,-35.099,synthetic
synthetic,-92.0923,52.8369,synthetic
synthetic,44.6398,47.3137,synthetic
synthetic,58.5989,59.3105,synthetic
synthetic,-99.6509,-170.4496,synthetic
synthetic,154.9677,9.7984,synthetic
synthetic,-87.8714,-115.1596,synthetic
synthetic,125.4125,6.9001,synthetic
synthetic,-26.6049,-173.1742,synthetic
synthetic,-25.869,-169.5609,synthetic
synthetic,73.5052,-65.4172,synthetic
synthetic,-30.0675,-170.5372,synthetic
synthetic,154.5902,7.9283,synthetic
synthetic,63.4921,23.3159,synthetic
synthetic,98.5858,107.9737,synthetic
synthetic,-93.2029,-117.6687,synthetic
synthetic,109.4937,16.0824,synthetic
synthetic,-68.8582,122.9136,synthetic
synthetic,-44.4499,-51.6316,synthetic
synthetic,-162.7404,-175.0267,synthetic
synthetic,122.7368,-79.9152,synthetic
synthetic,-11.8919,118.926,synthetic
synthetic,-137.5836,-83.3458,synthetic
synthetic,-48.4779,-169.4868,synthetic
synthetic,176.7838,179.6285,synthetic
synthetic,62.9446,141.7765,synthetic
synthetic,-178.4515,-178.7662,synthetic
synthetic,-153.9549,-57.0324,synthetic
synthetic,-132.0749,163.8188,synthetic
synthetic,55.8862,36.5582,synthetic
synthetic,-54.2606,-52.8069,synthetic
synthetic,126.5082,132.048,synthetic
synthetic,60.1485,150.1906,synthetic
synthetic,174.6456,40.8039,synthetic
synthetic,139.4193,109.5453,synthetic
synthetic,-141.3365,-92.9735,synthetic
synthetic,-21.1591,114.8697,synthetic
synthetic,176.6266,-176.0887,synthetic
synthetic,84.4106,-61.8973,synthetic
synthetic,92.2186,-161.236,synthetic
synthetic,-11.8973,-15.4228,synthetic
synthetic,-159.837,29.8432,synthetic
synthetic,149.7619,115.4606,synthetic
synthetic,-89.6701,-119.2898,synthetic
synthetic,-161.9511,-51.5716,synthetic
synthetic,154.1947,-55.0006,synthetic
synthetic,-77.0722,-38.7074,synthetic
synthetic,-96.6643,-9.4399,synthetic
synthetic,-164.068,-50.2977,synthetic
synthetic,174.243,157.9435,synthetic
synthetic,-79.8462,-117.7803,synthetic
synthetic,-121.3052,124.9964,synthetic
synthetic,80.1372,-68.2168,synthetic
synthetic,168.8817,39.5856,synthetic
synthetic,83.5552,-172.4515,synthetic
synthetic,-142.0648,18.5281,synthetic
synthetic,-115.2997,136.0461,synthetic
synthetic,-39.4476,-119.2355,synthetic
synthetic,-34.7687,-119.197,synthetic
synthetic,-71.4725,-19.2422,synthetic
synthetic,143.8,112.8203,synthetic
synthetic,13.894,-84.9661,synthetic
synthetic,116.3415,-81.3461,synthetic
synthetic,-88.7677,88.6391,synthetic
synthetic,-131.9769,-4.9717,synthetic
synthetic,175.9015,44.3008,synthetic
synthetic,105.8995,-12.9697,synthetic
synthetic,-135.949,-88.2576,synthetic
synthetic,156.0144,-50.2025,synthetic
synthetic,99.2286,109.8501,synthetic
synthetic,139.2599,112.8771,synthetic
synthetic,59.023,-157.7915,synthetic
synthetic,85.5459,-65.7841,synthetic
synthetic,85.4301,-174.4607,synthetic
synthetic,100.2871,18.2292,synthetic
synthetic,91.1412,-164.9675,synthetic
synthetic,-116.4834,140.4871,synthetic
synthetic,-63.456,-35.8027,synthetic
synthetic,56.2719,-143.5893,synthetic
synthetic,142.8381,154.2893,synthetic
synthetic,-85.1518,-116.7678,synthetic
synthetic,159.7117,-167.4779,synthetic
synthetic,-139.0412,-94.0666,synthetic
synthetic,153.2115,-50.7125,synthetic
synthetic,78.8166,162.2629,synthetic
synthetic,-10.3178,-8.0404,synthetic
synthetic,-125.6276,36.4838,synthetic
synthetic,-126.9831,108.1419,synthetic
synthetic,81.6573,5.5282,synthetic
synthetic,-131.9671,-92.6315,synthetic
synthetic,-28.1916,-169.325,synthetic
synthetic,-57.926,-48.4809,synthetic
synthetic,174.6676,147.9645,synthetic
synthetic,-128.4807,-5.7579,synthetic
synthetic,-29.0985,76.8787,synthetic
synthetic,-121.4527,-146.8838,synthetic
synthetic,-29.2639,-170.1662,synthetic
synthetic,132.7776,-158.0168,synthetic
synthetic,104.7711,112.085,synthetic
synthetic,61.2919,-140.8514,synthetic
synthetic,-178.0742,-40.0248,synthetic
synthetic,68.265,136.3421,synthetic
synthetic,129.9958,-45.8353,synthetic
synthetic,45.3226,63.9457,synthetic
synthetic,166.048,-175.9056,synthetic
synthetic,61.3382,28.9267,synthetic
synthetic,-143.0986,-83.9835,synthetic
synthetic,-138.5335,30.7237,synthetic
synthetic,71.3469,1.3929,synthetic
synthetic,-177.964,44.0575,synthetic
synthetic,-13.7001,-43.6244,synthetic
synthetic,131.5721,12.9466,synthetic
synthetic,-60.7477,152.9657,synthetic
synthetic,-179.0081,41.724,synthetic
synthetic,60.9602,22.5902,synthetic
synthetic,86.624,-165.8304,synthetic
synthetic,30.9942,62.9163,synthetic
synthetic,-121.1275,33.8913,synthetic
synthetic,-126.0073,-131.401,synthetic
synthetic,-5.3566,-74.7778,synthetic
synthetic,-175.4654,-38.7587,synthetic
synthetic,-50.522,-23.7067,synthetic
synthetic,-140.0394,-79.0978,synthetic
synthetic,-104.1961,-175.3279,synthetic
synthetic,98.8602,110.5415,synthetic
synthetic,133.2278,163.7077,synthetic
synthetic,138.996,-157.7039,synthetic
synthetic,-30.9462,74.6826,synthetic
synthetic,92.8744,177.8384,synthetic
synthetic,175.3079,-175.5174,synthetic
synthetic,130.6386,10.0072,synthetic
synthetic,-84.8176,140.232,synthetic
synthetic,173.2446,172.8805,synthetic
synthetic,176.8937,-33.0293,synthetic
synthetic,-166.244,-173.1519,synthetic
synthetic,-96.8353,-113.6151,synthetic
synthetic,-101.8449,70.5431,synthetic
synthetic,-11.717,-4.3972,synthetic
synthetic,-167.4234,170.2367,synthetic
synthetic,-76.6843,-74.7949,synthetic
synthetic,-9.0502,123.1782,synthetic
synthetic,91.3196,-163.5365,synthetic
synthetic,125.6357,3.3792,synthetic
synthetic,119.3458,10.6397,synthetic
synthetic,101.6927,35.2521,synthetic
synthetic,-154.4373,-58.5028,synthetic
synthetic,-98.1571,-168.0881,synthetic
synthetic,77.6974,-66.0603,synthetic
synthetic,129.0675,-44.9007,synthetic
synthetic,179.6527,-176.1558,synthetic
synthetic,-119.1977,137.1643,synthetic
synthetic,139.0796,117.1211,synthetic
synthetic,-163.8717,-175.4785,synthetic
synthetic,-89.5469,-119.5555,synthetic
synthetic,4.6891,-83.181,synthetic
synthetic,73.4191,-67.5082,synthetic
synthetic,-17.7164,-2.2856,synthetic
synthetic,-89.8854,-126.069,synthetic
synthetic,129.9975,19.7991,synthetic
synthetic,167.5601,-167.7261,synthetic
synthetic,140.4628,115.2808,synthetic
synthetic,-91.2955,-125.5714,synthetic
synthetic,-177.4402,161.0115,synthetic
synthetic,-114.4007,115.2769,synthetic
synthetic,96.3562,-4.2965,synthetic
synthetic,171.2594,47.774,synthetic
synthetic,172.35,-170.2441,synthetic
synthetic,-163.4726,-174.1167,synthetic
synthetic,-159.0991,-53.9536,synthetic
synthetic,-100.2158,-22.6164,synthetic
synthetic,28.4513,64.397,synthetic
synthetic,-167.2417,81.8824,synthetic
synthetic,-142.9697,76.8871,synthetic
synthetic,-60.1759,18.8817,synthetic
synthetic,178.4139,49.6423,synthetic
synthetic,-135.7678,-53.6864,synthetic
synthetic,125.8901,7.4983,synthetic
synthetic,-82.2195,-126.4174,synthetic
synthetic,-111.6391,-0.9332,synthetic
synthetic,-125.1434,2.3145,synthetic
synthetic,139.9974,107.6614,synthetic
synthetic,-73.8208,-20.0322,synthetic
synthetic,137.9651,113.8921,synthetic
synthetic,-112.7905,28.2223,synthetic
synthetic,-146.4544,179.0076,synthetic
synthetic,-81.651,-119.4497,synthetic
synthetic,140.4674,109.6001,synthetic
synthetic,-29.3333,-170.4011,synthetic
synthetic,-89.7757,-121.8634,synthetic
synthetic,-32.8574,-179.9687,synthetic
synthetic,-58.467,-41.336,synthetic
synthetic,46.8737,56.1247,synthetic
synthetic,-105.8248,126.3199,synthetic
synthetic,-64.7035,-46.8609,synthetic
synthetic,62.7403,-155.11,synthetic
synthetic,-28.2811,-47.6769,synthetic
synthetic,58.5584,-144.4342,synthetic
synthetic,179.7021,-32.2666,synthetic
synthetic,88.7815,-68.8859,synthetic
synthetic,99.4594,35.2103,synthetic
synthetic,-100.5628,-1.8059,synthetic
synthetic,-84.1613,75.5616,synthetic
synthetic,-158.7835,-54.403,synthetic
synthetic,78.6737,154.0724,synthetic
synthetic,-79.2315,41.1086,synthetic
synthetic,-114.9832,0.2933,synthetic
synthetic,157.882,-168.2772,synthetic
synthetic,177.9012,79.0258,synthetic
synthetic,-143.6195,160.4562,synthetic
synthetic,-118.9794,-10.6414,synthetic
synthetic,-143.0897,177.6478,synthetic
synthetic,178.8472,46.3819,synthetic
synthetic,-65.658,-41.0257,synthetic
synthetic,-107.4877,13.0407,synthetic
synthetic,-37.3661,79.2087,synthetic
synthetic,167.4628,40.9042,synthetic
synthetic,-48.3917,-169.6892,synthetic
synthetic,88.036,-177.7164,synthetic
synthetic,156.9376,12.6808,synthetic
synthetic,-173.0472,79.6437,synthetic
synthetic,-127.3244,121.0208,synthetic
synthetic,75.5241,-127.2934,synthetic
synthetic,-45.1169,-170.2466,synthetic
synthetic,-88.0149,138.0978,synthetic
synthetic,-61.0674,29.1601,synthetic
synthetic,171.0711,53.5866,synthetic
synthetic,62.5471,65.231,synthetic
synthetic,-176.0075,89.5361,synthetic
synthetic,129.2676,10.2136,synthetic
synthetic,81.8564,-64.1832,synthetic
synthetic,-107.3044,-144.2721,synthetic
synthetic,-62.3106,136.3674,synthetic
synthetic,-44.1486,-59.6248,synthetic
synthetic,108.9253,5.6287,synthetic
synthetic,106.2604,-7.1,synthetic
synthetic,-96.3164,-120.0188,synthetic
synthetic,50.1098,55.1182,synthetic
synthetic,-2.7149,-99.5932,synthetic
synthetic,-97.3085,47.217,synthetic
synthetic,-115.7685,124.6059,synthetic
synthetic,-35.7113,-119.2737,synthetic
synthetic,79.181,178.8322,synthetic
synthetic,166.0819,-56.478,synthetic
synthetic,179.1639,-34.6846,synthetic
synthetic,-76.1188,129.0966,synthetic
synthetic,131.0412,164.069,synthetic
synthetic,-101.3866,42.522,synthetic
synthetic,158.8212,-50.6918,synthetic
synthetic,46.4981,63.0429,synthetic
synthetic,-87.4288,-3.7248,synthetic
synthetic,-55.4448,150.0273,synthetic
synthetic,-80.2078,53.9972,synthetic
synthetic,-177.6187,-30.5524,synthetic
synthetic,-129.3921,36.9232,synthetic
synthetic,-124.9564,141.5,synthetic
synthetic,151.5112,166.6605,synthetic
synthetic,159.9561,-175.3918,synthetic
synthetic,-6.9715,-82.7203,synthetic
synthetic,-120.5656,-144.3057,synthetic
synthetic,105.8557,-8.5893,synthetic
synthetic,78.6965,-176.4224,synthetic
synthetic,-89.9128,-118.9687,synthetic
synthetic,176.8928,-31.4562,synthetic
synthetic,118.571,-77.6659,synthetic
synthetic,-62.7363,-14.6529,synthetic
synthetic,-56.2285,-31.8842,synthetic
synthetic,-0.6795,-101.1073,synthetic
synthetic,-52.9862,-38.9751,synthetic
synthetic,-177.7575,-39.8364,synthetic
synthetic,-8.018,-96.6303,synthetic
synthetic,59.8951,22.4547,synthetic
synthetic,173.0373,163.4192,synthetic
synthetic,129.9877,163.0942,synthetic
synthetic,-13.3959,-16.8738,synthetic
synthetic,-156.254,39.6213,synthetic
synthetic,133.329,163.886,synthetic
synthetic,145.5914,-162.8677,synthetic
synthetic,-166.2574,177.1966,synthetic
synthetic,79.8139,-128.5006,synthetic
synthetic,100.826,22.513,synthetic
synthetic,173.8256,36.2122,synthetic
synthetic,-31.1612,-169.563,synthetic
synthetic,163.8455,-172.4383,synthetic
synthetic,177.6946,178.7987,synthetic
synthetic,-143.2729,-84.8853,synthetic
synthetic,-166.1982,-171.6741,synthetic
synthetic,84.999,-175.5921,synthetic
synthetic,143.2221,-162.7057,synthetic
synthetic,83.0642,-63.6906,synthetic
synthetic,-174.931,-31.5261,synthetic
synthetic,-101.0276,169.4059,synthetic
synthetic,118.784,-72.6321,synthetic
synthetic,-91.9215,46.9436,synthetic
synthetic,169.7423,45.0111,synthetic
synthetic,-126.1653,-174.369,synthetic
synthetic,-16.0077,-0.2491,synthetic
synthetic,-159.9276,81.8322,synthetic
synthetic,-130.5468,137.5054,synthetic
synthetic,169.9026,48.6152,synthetic
synthetic,164.904,-46.9363,synthetic
synthetic,-9.1358,-6.7751,synthetic
synthetic,-174.2518,168.7244,synthetic
synthetic,-153.3323,171.7707,synthetic
synthetic,98.1067,107.625,synthetic
synthetic,155.1382,-46.0176,synthetic
synthetic,171.7388,-177.0776,synthetic
synthetic,151.8516,-55.8906,synthetic
synthetic,-132.4826,-125.5369,synthetic
synthetic,-155.2078,-47.427,synthetic
synthetic,119.6838,-78.7769,synthetic
synthetic,-165.1087,-177.6438,synthetic
synthetic,157.3774,-56.5967,synthetic
synthetic,-28.9422,79.8623,synthetic
synthetic,-100.5971,101.8339,synthetic
synthetic,85.583,-179.6354,synthetic
synthetic,-82.2605,50.3791,synthetic
synthetic,-161.6075,-176.0655,synthetic
synthetic,-40.5535,69.6895,synthetic
synthetic,-51.5397,-36.5502,synthetic
synthetic,-32.9915,85.884,synthetic
synthetic,-96.6448,8.5547,synthetic
synthetic,-30.5053,-170.8855,synthetic
synthetic,-125.1589,-50.676,synthetic
synthetic,-85.7691,-124.9776,synthetic
synthetic,-31.2476,-176.3512,synthetic
synthetic,-132.2547,-124.4019,synthetic
synthetic,177.3096,-34.0283,synthetic
synthetic,175.1246,-38.5903,synthetic
synthetic,-30.3185,75.4828,synthetic
synthetic,-151.611,32.6506,synthetic
synthetic,-91.0879,-12.066,synthetic
synthetic,-147.9372,32.8735,synthetic
synthetic,179.82,-28.2134,synthetic
synthetic,-44.1389,-178.8955,synthetic
synthetic,172.2477,158.19,synthetic
synthetic,59.7058,27.8562,synthetic
synthetic,-179.9465,-178.8005,synthetic
synthetic,59.4299,-150.4831,synthetic
synthetic,-161.0936,-177.8255,synthetic
synthetic,-79.0756,124.2724,synthetic
synthetic,148.3903,-49.9218,synthetic
synthetic,-85.5065,-123.8933,synthetic
synthetic,-59.5284,21.0108,synthetic
synthetic,-71.8829,155.3698,synthetic
synthetic,-133.0085,-55.9046,synthetic
synthetic,-172.3982,79.8539,synthetic
synthetic,175.0319,-176.228,synthetic
synthetic,123.3049,163.6927,synthetic
synthetic,-99.2637,-165.266,synthetic
synthetic,169.9365,-174.6869,synthetic
synthetic,-179.263,166.6287,synthetic
synthetic,-155.9197,-54.5293,synthetic
synthetic,74.6917,-132.7816,synthetic
synthetic,-27.2816,-169.5469,synthetic
synthetic,-162.1042,-172.1942,synthetic
synthetic,-116.7277,4.3957,synthetic
synthetic,-52.2017,-179.6187,synthetic
synthetic,-179.2276,-30.412,synthetic
synthetic,-178.9211,44.9459,synthetic
synthetic,-100.5802,-21.3971,synthetic
synthetic,-94.4168,-119.3972,synthetic
synthetic,179.4796,163.3527,synthetic
synthetic,-114.4888,-174.7404,synthetic
synthetic,57.0074,44.3901,synthetic
synthetic,178.6677,-32.0918,synthetic
synthetic,173.0394,48.2154,synthetic
synthetic,164.9546,-173.4798,synthetic
synthetic,-136.0936,75.0898,synthetic
synthetic,104.0749,159.4698,synthetic
synthetic,109.2654,113.383,synthetic
synthetic,2.1069,-84.4238,synthetic
synthetic,-94.3934,44.6713,synthetic
synthetic,-5.6354,-99.3724,synthetic
synthetic,-30.016,141.1579,synthetic
synthetic,-45.2703,-170.025,synthetic
synthetic,88.1341,177.3835,synthetic
synthetic,-126.3242,-137.1642,synthetic
synthetic,87.8095,-177.2914,synthetic
synthetic,65.3238,123.8958,synthetic
synthetic,152.7502,-43.3896,synthetic
synthetic,-30.7087,-120.5572,synthetic
synthetic,-89.7885,113.8576,synthetic
synthetic,67.6811,17.5383,synthetic
synthetic,-29.4234,72.3275,synthetic
synthetic,80.4042,15.7434,synthetic
synthetic,-162.2115,-52.0485,synthetic
synthetic,86.8407,-177.412,synthetic
synthetic,-161.3788,-169.2188,synthetic
synthetic,-121.056,-0.5025,synthetic
synthetic,-82.8918,52.0868,synthetic
synthetic,-121.9592,166.0067,synthetic
synthetic,133.7588,-157.3229,synthetic
synthetic,88.058,-64.0184,synthetic
synthetic,-138.2212,12.529,synthetic
synthetic,84.9157,154.8383,synthetic
synthetic,-57.0574,-41.2973,synthetic
synthetic,-160.8645,-168.9755,synthetic
synthetic,-92.9929,-110.5618,synthetic
synthetic,62.2498,-140.7835,synthetic
synthetic,83.5634,-63.6549,synthetic
synthetic,-26.4048,78.1688,synthetic
synthetic,86.537,-169.2766,synthetic
synthetic,50.5456,-146.3551,synthetic
synthetic,77.3348,-133.2674,synthetic
synthetic,62.8801,139.3376,synthetic
synthetic,133.771,-44.5278,synthetic
synthetic,-164.8709,143.9336,synthetic
synthetic,121.8755,126.9179,synthetic
synthetic,66.0801,-6.6228,synthetic
synthetic,141.2823,-158.5258,synthetic
synthetic,-117.5502,123.3811,synthetic
synthetic,-177.579,165.1667,synthetic
synthetic,-136.0134,107.0896,synthetic
synthetic,-35.3869,-168.33,synthetic
synthetic,158.6948,-54.4855,synthetic
synthetic,-90.6783,115.62,synthetic
synthetic,-52.2358,-48.0496,synthetic
synthetic,151.5483,-62.012,synthetic
synthetic,-156.6021,-58.3276,synthetic
synthetic,-97.8505,-173.4714,synthetic
synthetic,175.0469,52.6991,synthetic
synthetic,-120.9863,124.4832,synthetic
synthetic,63.335,150.7578,synthetic
synthetic,144.2261,-160.7583,synthetic
synthetic,-117.9502,-13.8165,synthetic
synthetic,90.5381,11.4688,synthetic
synthetic,-160.7551,-174.3968,synthetic
synthetic,-34.6711,76.3397,synthetic
synthetic,146.5306,102.8765,synthetic
synthetic,-125.8032,-127.6657,synthetic
synthetic,80.2242,162.0539,synthetic
synthetic,-165.1521,176.9471,synthetic
synthetic,-33.958,77.2205,synthetic
synthetic,-102.6585,112.7846,synthetic
synthetic,-70.3211,120.9947,synthetic
synthetic,-178.1161,170.1646,synthetic
synthetic,-58.6516,-62.4963,synthetic
synthetic,-29.5384,-165.6598,synthetic
synthetic,49.3145,52.514,synthetic
synthetic,172.3459,177.305,synthetic
synthetic,116.0106,162.3434,synthetic
synthetic,83.9965,175.3551,synthetic
synthetic,-2.2503,-96.0709,synthetic
synthetic,128.4869,-47.2573,synthetic
synthetic,-40.9682,-176.9732,synthetic
synthetic,59.8926,148.239,synthetic
synthetic,-119.1883,72.3861,synthetic
synthetic,-94.6994,131.4927,synthetic
synthetic,83.9125,22.4641,synthetic
synthetic,-34.0245,-173.3923,synthetic
synthetic,139.5423,113.6653,synthetic
synthetic,177.8689,37.7825,synthetic
synthetic,-173.4946,46.2728,synthetic
synthetic,-91.0993,-119.1935,synthetic
synthetic,55.1326,145.3554,synthetic
synthetic,-22.7584,112.9025,synthetic
synthetic,-63.428,144.5259,synthetic
synthetic,-170.1775,174.9376,synthetic
synthetic,-12.4606,-11.1186,synthetic
synthetic,-166.5831,154.0759,synthetic
synthetic,-83.4498,141.055,synthetic
synthetic,163.5429,-57.614,synthetic
synthetic,178.5502,167.8739,synthetic
synthetic,78.2972,-131.1635,synthetic
synthetic,177.9774,146.6078,synthetic
synthetic,-115.8723,132.0421,synthetic
synthetic,-81.9271,77.0909,synthetic
synthetic,-121.594,-174.5764,synthetic
synthetic,150.6068,2.3545,synthetic
synthetic,-12.5217,-17.904,synthetic
synthetic,-176.4973,126.6926,synthetic
synthetic,176.3912,42.752,synthetic
synthetic,-60.1796,20.7914,synthetic
synthetic,9.9443,-72.9521,synthetic
synthetic,66.4596,142.3953,synthetic
synthetic,114.2409,-68.2082,synthetic
synthetic,-173.0723,-38.0862,synthetic
synthetic,154.2829,-57.1579,synthetic
synthetic,80.8737,-66.9928,synthetic
synthetic,-160.6498,-174.3948,synthetic
synthetic,119.865,-75.1923,synthetic
synthetic,-6.2855,-11.6283,synthetic
synthetic,-90.4989,-116.2759,synthetic
synthetic,120.2444,131.7734,synthetic
synthetic,-157.6901,-52.8724,synthetic
synthetic,-7.1235,-10.2093,synthetic
synthetic,-99.8261,4.1376,synthetic
synthetic,-157.4496,74.201,synthetic
synthetic,-11.5012,119.3728,synthetic
synthetic,-168.9262,-31.7804,synthetic
synthetic,179.804,-40.8946,synthetic
synthetic,142.0777,111.9628,synthetic
synthetic,-103.6474,152.3531,synthetic
synthetic,156.4073,-54.6217,synthetic
synthetic,-51.1448,-32.7255,synthetic
synthetic,-25.4069,-172.3915,synthetic
synthetic,-178.4036,-30.8242,synthetic
synthetic,-123.4175,-148.0623,synthetic
synthetic,-60.6544,178.8986,synthetic
synthetic,-68.5969,176.7112,synthetic
synthetic,138.6929,-155.3911,synthetic
synthetic,170.8328,41.7856,synthetic
synthetic,144.3249,-162.5175,synthetic
synthetic,-133.0271,-51.6725,synthetic
synthetic,-154.8854,78.3609,synthetic
synthetic,128.4712,-50.7428,synthetic
synthetic,85.2673,163.2447,synthetic
synthetic,-12.9488,-7.1203,synthetic
synthetic,-125.7247,-125.3336,synthetic
synthetic,-97.5097,-171.4111,synthetic
synthetic,-169.142,-164.763,synthetic
synthetic,-41.7615,-170.4912,synthetic
synthetic,106.2482,16.9901,synthetic
synthetic,63.2378,146.1605,synthetic
synthetic,88.9421,-177.5387,synthetic
synthetic,87.6309,-70.5538,synthetic
synthetic,-11.1503,123.7237,synthetic
synthetic,-71.3404,132.7224,synthetic
synthetic,154.4301,-42.7865,synthetic
synthetic,108.1128,108.4301,synthetic
synthetic,174.2451,-177.7012,synthetic
synthetic,175.3782,149.5831,synthetic
synthetic,-79.5323,135.7184,synthetic
synthetic,-57.9282,-179.3991,synthetic
synthetic,-64.4527,171.464,synthetic
synthetic,-29.1021,78.7694,synthetic
synthetic,-157.476,-57.0079,synthetic
synthetic,-104.0988,-5.2303,synthetic
synthetic,-165.7864,-171.6698,synthetic
synthetic,-141.5802,-75.5482,synthetic
synthetic,-82.9758,135.9322,synthetic
synthetic,-32.5955,-171.1584,synthetic
synthetic,-13.8934,119.1599,synthetic
synthetic,-58.8287,31.7504,synthetic
synthetic,172.2646,166.0775,synthetic
synthetic,168.5079,156.3576,synthetic
synthetic,-162.3317,-54.9139,synthetic
synthetic,-160.017,71.7734,synthetic
synthetic,172.1678,178.6085,synthetic
synthetic,79.6085,-131.6318,synthetic
synthetic,177.7394,39.3672,synthetic
synthetic,-160.784,83.4169,synthetic
synthetic,-126.6134,-138.1219,synthetic
synthetic,-175.3745,-35.2336,synthetic
synthetic,-52.5995,-43.2337,synthetic
synthetic,176.3313,86.5774,synthetic
synthetic,-122.8628,116.7198,synthetic
synthetic,78.6057,-68.2951,synthetic
synthetic,-93.4096,-46.8606,synthetic
synthetic,-128.7302,167.2321,synthetic
synthetic,82.1702,-66.7958,synthetic
synthetic,-95.1304,-170.8389,synthetic
synthetic,-134.109,-57.5135,synthetic
synthetic,81.2505,-67.2244,synthetic
synthetic,-125.1929,173.7218,synthetic
synthetic,75.3107,-131.0689,synthetic
synthetic,138.5609,-152.8281,synthetic
synthetic,-88.59,-123.0271,synthetic
synthetic,-87.685,-112.6474,synthetic
synthetic,-80.301,21.8188,synthetic
synthetic,-9.294,120.1474,synthetic
synthetic,-74.4538,148.5102,synthetic
synthetic,-28.2775,73.3556,synthetic
synthetic,78.5527,-132.4505,synthetic
synthetic,-34.2319,-172.9062,synthetic
synthetic,-121.87,154.9707,synthetic
synthetic,-32.1793,-51.7732,synthetic
synthetic,61.5658,-147.8247,synthetic
synthetic,-121.4038,128.2451,synthetic
synthetic,170.5864,152.134,synthetic
synthetic,-56.8927,-40.1471,synthetic
synthetic,-20.5005,126.6558,synthetic
synthetic,-102.6584,-3.9073,synthetic
synthetic,88.5401,-161.3752,synthetic
synthetic,-110.3047,-15.7663,synthetic
synthetic,49.4571,56.2199,synthetic
synthetic,-161.8398,-176.4136,synthetic
synthetic,-161.7214,-176.8853,synthetic
synthetic,-169.4221,82.231,synthetic
synthetic,60.9711,28.7459,synthetic
synthetic,-3.7855,-103.0814,synthetic
synthetic,-57.9708,31.6605,synthetic
synthetic,-45.8497,-166.7551,synthetic
synthetic,-68.5819,-177.8842,synthetic
synthetic,-26.2728,-171.6517,synthetic
synthetic,58.6698,-143.7781,synthetic
synthetic,-89.0129,76.5361,synthetic
synthetic,-174.8743,-34.4876,synthetic
synthetic,80.4302,13.9684,synthetic
synthetic,-172.4001,-178.0837,synthetic
synthetic,80.4228,-130.2505,synthetic
synthetic,142.5763,-155.9511,synthetic
synthetic,-6.4878,-82.3497,synthetic
synthetic,127.002,166.9723,synthetic
synthetic,-140.6802,109.1923,synthetic
synthetic,156.0221,-57.3452,synthetic
synthetic,-127.4461,-53.0705,synthetic
synthetic,-55.9042,129.6819,synthetic
synthetic,-114.5867,125.3284,synthetic
synthetic,85.6632,-56.7743,synthetic
synthetic,-57.1635,-43.6927,synthetic
synthetic,51.6513,54.6057,synthetic
synthetic,168.6238,-176.5202,synthetic
synthetic,179.2185,-33.3277,synthetic
synthetic,98.1676,112.0628,synthetic
synthetic,-58.1797,-179.8837,synthetic
synthetic,-162.0774,-168.5662,synthetic
synthetic,58.1441,50.2238,synthetic
synthetic,66.0665,18.5826,synthetic
synthetic,162.6201,-51.7626,synthetic
synthetic,-160.3165,-170.728,synthetic
synthetic,80.6901,-157.3651,synthetic
synthetic,-12.6873,-7.1184,synthetic
synthetic,-131.2774,-56.0713,synthetic
synthetic,-39.932,72.1699,synthetic
synthetic,-13.3099,-9.9603,synthetic
synthetic,-31.2955,75.7499,synthetic
synthetic,-176.1261,92.0576,synthetic
synthetic,-46.9022,-175.0211,synthetic
synthetic,179.8878,40.1792,synthetic
synthetic,100.2882,16.7604,synthetic
synthetic,-179.7137,170.7978,synthetic
synthetic,94.808,-17.7127,synthetic
synthetic,-12.3848,119.2292,synthetic
synthetic,-148.6021,-179.2098,synthetic
synthetic,-163.9644,179.5472,synthetic
synthetic,-31.4198,140.4968,synthetic
synthetic,-35.7662,77.4134,synthetic
synthetic,-101.144,24.0399,synthetic
synthetic,-88.0559,67.0681,synthetic
synthetic,72.2078,141.5279,synthetic
synthetic,59.4945,124.2264,synthetic
synthetic,81.5854,-63.448,synthetic
synthetic,174.3417,91.0035,synthetic
synthetic,-91.31,-118.0519,synthetic
synthetic,-69.7537,-20.3656,synthetic
synthetic,-56.6481,-34.0257,synthetic
synthetic,69.216,142.8098,synthetic
synthetic,175.8068,178.9996,synthetic
synthetic,-21.4365,122.2105,synthetic
synthetic,-135.5778,-89.9277,synthetic
synthetic,-176.5532,96.8831,synthetic
synthetic,80.462,-132.6194,synthetic
synthetic,-87.1502,147.5069,synthetic
synthetic,-40.0943,-62.6148,synthetic
synthetic,-149.4685,84.8207,synthetic
synthetic,-89.5956,141.4144,synthetic
synthetic,139.533,123.9908,synthetic
synthetic,150.6289,-51.9038,synthetic
synthetic,72.4448,-130.1673,synthetic
synthetic,-85.6751,164.9481,synthetic
synthetic,-89.7219,-128.4582,synthetic
synthetic,-34.3012,-120.6833,synthetic
synthetic,136.7815,-161.6442,synthetic
synthetic,-174.4654,-37.4596,synthetic
synthetic,-36.0531,-125.924,synthetic
synthetic,113.5071,-83.5572,synthetic
synthetic,-27.2063,115.8659,synthetic
synthetic,171.8245,41.805,synthetic
synthetic,-97.3707,47.7476,synthetic
synthetic,104.3332,3.9478,synthetic
synthetic,-164.09,-179.9513,synthetic
synthetic,161.7322,179.3806,synthetic
synthetic,-103.7166,-174.7228,synthetic
synthetic,-124.2283,0.6711,synthetic
synthetic,-10.9954,116.534,synthetic
synthetic,-31.2813,-167.9727,synthetic
synthetic,66.2828,-148.5807,synthetic
synthetic,80.0186,6.455,synthetic
synthetic,72.1733,137.5715,synthetic
synthetic,-51.4914,-52.0173,synthetic
synthetic,-94.0904,137.7762,synthetic
synthetic,155.0002,6.3888,synthetic
synthetic,-156.5879,36.0471,synthetic
synthetic,-179.6666,174.8235,synthetic
synthetic,-149.1523,-175.6462,synthetic
synthetic,-177.1982,-38.5519,synthetic
synthetic,83.5881,-67.2693,synthetic
synthetic,-40.5819,-57.1066,synthetic
synthetic,64.0945,149.5634,synthetic
synthetic,-76.1118,-19.1638,synthetic
synthetic,-89.4028,-118.7784,synthetic
synthetic,76.6659,-160.7914,synthetic
synthetic,-67.6828,24.3495,synthetic
synthetic,113.3744,10.8194,synthetic
synthetic,-26.0551,-167.0054,synthetic
synthetic,-82.2303,145.3349,synthetic
synthetic,-80.3881,162.3959,synthetic
synthetic,-78.0597,-6.7841,synthetic
synthetic,83.1091,-178.6615,synthetic
synthetic,-173.9119,166.4294,synthetic
synthetic,-172.8863,53.3904,synthetic
synthetic,-118.3742,51.6651,synthetic
synthetic,-95.1309,50.3403,synthetic
synthetic,-86.4404,66.9327,synthetic
synthetic,74.1567,159.4656,synthetic
synthetic,-72.5959,128.2028,synthetic
synthetic,-155.6799,129.588,synthetic
synthetic,-24.2147,-168.6934,synthetic
synthetic,-17.2514,-48.4909,synthetic
synthetic,127.5433,10.9317,synthetic
synthetic,143.1507,110.3217,synthetic
synthetic,121.4025,-41.4957,synthetic
synthetic,-93.3083,3.5934,synthetic
synthetic,-97.5943,49.2213,synthetic
synthetic,-110.9841,-177.4613,synthetic
synthetic,130.2611,9.2445,synthetic
synthetic,172.3826,-173.6029,synthetic
synthetic,158.8125,-55.0051,synthetic
synthetic,-48.25,-51.5812,synthetic
synthetic,-69.4085,25.9813,synthetic
synthetic,146.703,-149.8727,synthetic
synthetic,-101.6169,121.3282,synthetic
synthetic,-44.0335,-166.8043,synthetic
synthetic,173.2145,-173.5627,synthetic
synthetic,-56.8022,147.0404,synthetic
synthetic,122.2749,129.7053,synthetic
synthetic,8.946,-83.7462,synthetic
synthetic,45.1559,56.3629,synthetic
synthetic,89.0628,-156.2783,synthetic
synthetic,108.6771,9.6242,synthetic
synthetic,-59.7001,173.8177,synthetic
synthetic,171.2962,178.3039,synthetic
synthetic,-6.6719,-6.0798,synthetic
synthetic,-33.722,179.8957,synthetic
synthetic,-166.1327,90.2341,synthetic
synthetic,103.3493,108.9861,synthetic
synthetic,-179.9454,-36.5046,synthetic
synthetic,-159.0145,-54.1759,synthetic
synthetic,-8.1555,-49.0557,synthetic
synthetic,123.018,-44.574,synthetic
synthetic,170.9892,179.4048,synthetic
synthetic,148.5715,-166.4967,synthetic
synthetic,67.4507,135.79,synthetic
synthetic,149.2338,16.2675,synthetic
synthetic,63.8317,141.4273,synthetic
synthetic,179.3451,-30.2519,synthetic
synthetic,-141.8152,167.2765,synthetic
synthetic,-90.4987,4.096,synthetic
synthetic,-10.343,-12.2796,synthetic
synthetic,-44.9725,-176.2507,synthetic
synthetic,169.3609,41.3797,synthetic
synthetic,-159.4406,87.8461,synthetic
synthetic,153.6911,10.3262,synthetic
synthetic,-20.2171,121.0871,synthetic
synthetic,62.0697,140.2484,synthetic
synthetic,-123.8973,-0.1734,synthetic
synthetic,-12.5277,-12.1879,synthetic
synthetic,80.3751,-136.3243,synthetic
synthetic,179.9372,-176.8363,synthetic
synthetic,83.4364,-69.2066,synthetic
synthetic,109.7259,11.7392,synthetic
synthetic,162.0738,-176.0623,synthetic
synthetic,133.6931,165.9515,synthetic
synthetic,-164.1563,-50.4162,synthetic
synthetic,141.1012,-161.7464,synthetic
synthetic,-108.3568,121.3923,synthetic
synthetic,178.6237,169.396,synthetic
synthetic,-157.1628,-174.8738,synthetic
synthetic,-51.4832,-41.0902,synthetic
synthetic,-37.1154,84.2109,synthetic
synthetic,112.7709,154.0733,synthetic
synthetic,171.2878,-176.5221,synthetic
synthetic,-25.856,-171.3431,synthetic
synthetic,169.8345,-34.8688,synthetic
synthetic,-126.0755,-133.024,synthetic
synthetic,-1.5626,-98.4933,synthetic
synthetic,-115.56,111.5524,synthetic
synthetic,-68.8184,177.7668,synthetic
synthetic,-144.816,-81.061,synthetic
synthetic,-165.6374,-179.0103,synthetic
synthetic,-175.4173,175.519,synthetic
synthetic,-90.1638,-116.0027,synthetic
synthetic,-101.0264,-178.5136,synthetic
synthetic,-92.5887,-122.7714,synthetic
synthetic,79.1252,-136.4065,synthetic
synthetic,178.7046,-29.1488,synthetic
synthetic,-30.1618,-176.3117,synthetic
synthetic,-128.7137,113.1725,synthetic
synthetic,60.0545,146.9858,synthetic
synthetic,-60.0773,176.0025,synthetic
synthetic,-162.5787,71.5726,synthetic
synthetic,-58.9806,-52.6893,synthetic
synthetic,-149.1436,127.7841,synthetic
synthetic,-61.9823,-96.2673,synthetic
synthetic,-63.9969,129.5059,synthetic
synthetic,-60.4958,-40.1315,synthetic
synthetic,139.277,-154.635,synthetic
synthetic,1.15,-78.2089,synthetic
synthetic,160.9612,-166.5546,synthetic
synthetic,-160.5098,24.0381,synthetic
synthetic,-34.4625,78.8684,synthetic
synthetic,64.3673,134.9618,synthetic
synthetic,-30.1059,-169.0668,synthetic
synthetic,85.8845,177.5672,synthetic
synthetic,-176.8471,85.6914,synthetic
synthetic,-17.3231,126.4887,synthetic
synthetic,154.0135,4.2588,synthetic
synthetic,126.1933,9.6962,synthetic
synthetic,-41.6661,-166.385,synthetic
synthetic,29.5179,62.9004,synthetic
synthetic,86.8963,175.9968,synthetic
synthetic,-142.0421,30.0898,synthetic
synthetic,-130.9317,40.5634,synthetic
synthetic,174.3157,-30.5946,synthetic
synthetic,-162.0982,178.2848,synthetic
synthetic,0.0949,-81.3709,synthetic
synthetic,104.6433,-68.8136,synthetic
synthetic,115.1924,161.2657,synthetic
synthetic,98.2997,111.5807,synthetic
synthetic,130.7392,-43.5564,synthetic
synthetic,174.214,-176.2798,synthetic
synthetic,-117.4983,-177.1423,synthetic
synthetic,-11.3178,-19.2302,synthetic
synthetic,84.2751,-60.9129,synthetic
synthetic,-33.6433,-165.2496,synthetic
synthetic,-71.2526,117.7577,synthetic
synthetic,-36.737,-48.347,synthetic
synthetic,-175.8358,32.5131,synthetic
synthetic,112.8565,161.5674,synthetic
synthetic,-115.4553,148.6581,synthetic
synthetic,67.3734,143.1067,synthetic
synthetic,-101.5737,-175.142,synthetic
synthetic,-26.2794,-42.364,synthetic
synthetic,175.2554,158.9965,synthetic
synthetic,88.4004,-175.2407,synthetic
synthetic,101.6017,109.1273,synthetic
synthetic,-168.3479,76.1531,synthetic
synthetic,147.7807,-55.1484,synthetic
synthetic,63.7658,-143.7832,synthetic
synthetic,-158.1461,79.412,synthetic
synthetic,-140.7095,25.0933,synthetic
synthetic,86.2332,174.9586,synthetic
synthetic,-164.4474,-53.8052,synthetic
synthetic,-170.7119,-178.5839,synthetic
synthetic,-95.0325,-52.8913,synthetic
synthetic,-79.497,-38.2736,synthetic
synthetic,-30.402,-174.5562,synthetic
synthetic,-163.9962,-169.4486,synthetic
synthetic,-24.1331,131.6332,synthetic
synthetic,-10.9975,-6.4648,synthetic
synthetic,-92.6596,-130.6086,synthetic
synthetic,1.085,-76.6083,synthetic
synthetic,-159.5171,-53.8884,synthetic
synthetic,-10.1713,-12.1443,synthetic
synthetic,165.084,-174.5636,synthetic
synthetic,-168.2229,178.7591,synthetic
synthetic,-129.6023,-131.7694,synthetic
synthetic,-153.4406,75.9288,synthetic
synthetic,-11.2037,120.898,synthetic
synthetic,-164.272,-171.5809,synthetic
synthetic,31.2712,62.0959,synthetic
synthetic,-27.4225,73.086,synthetic
synthetic,-90.8646,-121.6794,synthetic
synthetic,177.2653,-32.3328,synthetic
synthetic,-113.2699,107.0415,synthetic
synthetic,76.7023,-133.5455,synthetic
synthetic,-124.308,55.3638,synthetic
synthetic,-6.5564,-3.7491,synthetic
synthetic,-103.7912,161.5451,synthetic
synthetic,89.8046,-174.9305,synthetic
synthetic,167.0139,178.9763,synthetic
synthetic,-22.5783,125.9481,synthetic
synthetic,-138.5312,67.2508,synthetic
synthetic,-43.5749,-46.7071,synthetic
synthetic,126.2509,173.4377,synthetic
synthetic,55.6802,53.782,synthetic
synthetic,128.6175,-45.2057,synthetic
synthetic,-92.4479,49.1014,synthetic
synthetic,-148.7013,30.4658,synthetic
synthetic,87.8598,-162.3123,synthetic
synthetic,-64.1459,-43.8458,synthetic
synthetic,-33.3281,-173.0713,synthetic
synthetic,-155.0898,37.3402,synthetic
synthetic,-158.9885,-54.3488,synthetic
synthetic,-68.4105,-179.9139,synthetic
synthetic,-67.3577,121.0632,synthetic
synthetic,153.0905,-51.1671,synthetic
synthetic,-167.8852,-173.6933,synthetic
synthetic,-100.0398,165.89,synthetic
synthetic,156.0629,-59.4782,synthetic
synthetic,87.0907,-177.2495,synthetic
synthetic,-79.6848,-7.0311,synthetic
synthetic,177.2195,177.706,synthetic
synthetic,-42.505,-169.6044,synthetic
synthetic,-38.2518,79.0678,synthetic
synthetic,-88.5429,-119.1609,synthetic
synthetic,-50.1238,-68.9144,synthetic
synthetic,-63.0189,151.0645,synthetic
synthetic,78.6028,-72.5248,synthetic
synthetic,131.2847,104.5622,synthetic
synthetic,-11.4143,-9.612,synthetic
synthetic,154.8621,-50.6123,synthetic
synthetic,-142.3264,-81.5653,synthetic
synthetic,-160.2636,-170.4591,synthetic
synthetic,149.8875,9.441,synthetic
synthetic,172.243,-175.612,synthetic
synthetic,-14.0926,118.9174,synthetic
synthetic,-32.6372,174.6176,synthetic
synthetic,139.1101,122.2327,synthetic
synthetic,64.9686,20.938,synthetic
synthetic,-177.9058,35.0978,synthetic
synthetic,160.1228,-170.5293,synthetic
synthetic,173.5938,34.3507,synthetic
synthetic,86.7609,-172.5605,synthetic
synthetic,-138.5194,20.6557,synthetic
synthetic,178.5886,37.325,synthetic
synthetic,-48.7149,-166.2079,synthetic
synthetic,-160.4819,-49.4535,synthetic
synthetic,-142.8359,42.7383,synthetic
synthetic,175.1686,-179.8896,synthetic
synthetic,80.539,-175.024,synthetic
synthetic,179.833,90.1136,synthetic
synthetic,65.6482,-8.1124,synthetic
synthetic,74.9954,-61.8037,synthetic
synthetic,63.8004,147.796,synthetic
synthetic,-83.2519,-118.0748,synthetic
synthetic,-58.6272,147.1954,synthetic
synthetic,129.9906,170.0861,synthetic
synthetic,165.218,-175.28,synthetic
synthetic,-163.352,168.9365,synthetic
synthetic,99.4163,112.9039,synthetic
synthetic,-175.207,29.5403,synthetic
synthetic,-14.5281,121.8409,synthetic
synthetic,-164.2616,-177.1008,synthetic
synthetic,-49.4121,-57.7246,synthetic
synthetic,-109.971,121.0452,synthetic
synthetic,179.8989,154.6934,synthetic
synthetic,-102.4821,-167.673,synthetic
synthetic,-137.5361,73.0612,synthetic
synthetic,148.6153,4.8528,synthetic
synthetic,-16.3322,120.7095,synthetic
synthetic,-59.9465,27.5329,synthetic
synthetic,-31.4795,-178.1259,synthetic
synthetic,-90.0678,-119.3632,synthetic
synthetic,3.9396,-84.0499,synthetic
synthetic,97.9251,112.5194,synthetic
synthetic,-32.9052,74.2509,synthetic
synthetic,1.0746,-80.9513,synthetic
synthetic,58.8896,-143.9455,synthetic
synthetic,174.9644,164.1855,synthetic
synthetic,-88.5849,-9.2627,synthetic
synthetic,177.8366,155.3882,synthetic
synthetic,-179.4132,34.9651,synthetic
synthetic,-15.9979,117.7317,synthetic
synthetic,-129.1578,-135.7552,synthetic
synthetic,-26.8105,-170.9943,synthetic
synthetic,-89.5595,-123.6037,synthetic
synthetic,-28.3476,-165.9254,synthetic
synthetic,101.8816,110.8193,synthetic
synthetic,178.5987,149.8432,synthetic
synthetic,-120.5463,52.5982,synthetic
synthetic,-21.6199,116.2255,synthetic
synthetic,-51.8757,24.2282,synthetic
synthetic,-118.5143,-173.8145,synthetic
synthetic,-148.0819,174.4359,synthetic
synthetic,-94.439,152.6718,synthetic
synthetic,63.3459,28.6255,synthetic
synthetic,-70.5226,8.1158,synthetic
synthetic,130.0795,166.8688,synthetic
synthetic,108.3004,109.446,synthetic
synthetic,-33.1557,75.5271,synthetic
synthetic,153.5998,-54.4594,synthetic
synthetic,-55.3003,21.7008,synthetic
synthetic,84.4633,159.8241,synthetic
synthetic,-112.6142,-172.7423,synthetic
synthetic,-48.1554,-169.5903,synthetic
synthetic,171.7278,40.832,synthetic
synthetic,-45.8869,-176.0808,synthetic
synthetic,79.5497,-62.9622,synthetic
synthetic,176.0479,76.0918,synthetic
synthetic,-22.0779,120.0381,synthetic
synthetic,-129.8473,157.9708,synthetic
synthetic,-22.0978,146.389,synthetic
synthetic,-122.7673,36.81,synthetic
synthetic,106.1169,-8.9887,synthetic
synthetic,72.5997,-5.5165,synthetic
synthetic,-131.6667,-52.1076,synthetic
synthetic,176.0115,-175.165,synthetic
synthetic,-31.9321,-173.4007,synthetic
synthetic,-89.5477,-119.2088,synthetic
synthetic,76.4093,-173.3278,synthetic
synthetic,-163.2822,-168.4767,synthetic
synthetic,-119.051,-144.6656,synthetic
synthetic,-55.0896,-45.3384,synthetic
synthetic,-176.7711,89.5039,synthetic
synthetic,-116.5664,120.488,synthetic
synthetic,-45.241,-23.4358,synthetic
synthetic,-92.3768,-10.6665,synthetic
synthetic,173.5775,175.654,synthetic
synthetic,84.4946,-131.6684,synthetic
synthetic,81.9925,-66.7113,synthetic
synthetic,-96.2925,-8.7294,synthetic
synthetic,-137.5924,33.3416,synthetic
synthetic,-0.9979,-75.1879,synthetic
synthetic,-24.8855,-171.4904,synthetic
synthetic,-101.2007,99.5605,synthetic
synthetic,-164.7129,75.2656,synthetic
synthetic,141.9119,109.2817,synthetic
synthetic,-71.5397,-29.2118,synthetic
synthetic,-163.1098,78.2769,synthetic
synthetic,100.7617,112.3291,synthetic
synthetic,45.1334,55.149,synthetic
synthetic,145.44,-152.5688,synthetic
synthetic,84.2107,-132.5873,synthetic
synthetic,-30.1969,74.074,synthetic
synthetic,-91.1992,131.4837,synthetic
synthetic,-132.7275,-127.2644,synthetic
synthetic,-152.8469,170.4983,synthetic
synthetic,126.9728,125.0359,synthetic
synthetic,59.5649,44.8508,synthetic
synthetic,-97.3661,2.2188,synthetic
synthetic,176.5653,-36.5382,synthetic
synthetic,-88.2365,-127.2565,synthetic
synthetic,107.8256,24.1129,synthetic
synthetic,-64.5811,172.0314,synthetic
synthetic,-94.3312,-129.8185,synthetic
synthetic,-56.6443,33.4971,synthetic
synthetic,-64.8679,-42.5373,synthetic
synthetic,75.853,-70.5217,synthetic
synthetic,-13.3953,121.543,synthetic
synthetic,146.1914,104.9752,synthetic
synthetic,-97.7629,-171.279,synthetic
synthetic,164.7547,-174.2383,synthetic
synthetic,-97.3735,156.603,synthetic
synthetic,-123.3451,53.5419,synthetic
synthetic,84.7396,23.348,synthetic
synthetic,179.2904,89.3849,synthetic
synthetic,81.2441,-68.6967,synthetic
synthetic,-71.4596,8.3455,synthetic
synthetic,102.3355,113.1625,synthetic
synthetic,77.3622,-130.9115,synthetic
synthetic,-27.7687,121.5083,synthetic
synthetic,-172.4161,163.4679,synthetic
synthetic,74.7911,-127.1693,synthetic
synthetic,-29.3084,-175.8032,synthetic
synthetic,-96.543,-11.6426,synthetic
synthetic,-79.2692,55.3757,synthetic
synthetic,138.7701,-164.5122,synthetic
synthetic,-40.3787,-179.4496,synthetic
synthetic,-129.0422,-133.5611,synthetic
synthetic,179.6448,-29.4196,synthetic
synthetic,150.4368,154.1596,synthetic
synthetic,72.8656,-6.3679,synthetic
synthetic,93.1897,-11.0613,synthetic
synthetic,179.6998,90.212,synthetic
synthetic,-159.6773,38.0981,synthetic
synthetic,151.5152,-55.2209,synthetic
synthetic,-13.2893,-7.833,synthetic
synthetic,176.1088,-29.3521,synthetic
synthetic,-25.7458,119.4725,synthetic
synthetic,-149.2291,-62.9293,synthetic
synthetic,-156.9676,168.0565,synthetic
synthetic,-148.8547,78.8177,synthetic
synthetic,168.1695,-173.8675,synthetic
synthetic,-177.6016,33.4082,synthetic
synthetic,163.7315,-54.6902,synthetic
synthetic,-134.8939,130.0779,synthetic
synthetic,-35.536,76.6856,synthetic
synthetic,-142.3295,-174.4656,synthetic
synthetic,172.0716,36.3825,synthetic
synthetic,170.1041,-177.5609,synthetic
synthetic,-10.4198,-7.172,synthetic
synthetic,-61.7369,-45.9794,synthetic
synthetic,-179.946,90.0383,synthetic
synthetic,117.9885,125.3687,synthetic
synthetic,169.9331,-168.8695,synthetic
synthetic,-161.4499,39.2176,synthetic
synthetic,-91.7931,-119.3166,synthetic
synthetic,109.9794,20.512,synthetic
synthetic,-27.0049,81.9152,synthetic
synthetic,-175.3683,165.5521,synthetic
synthetic,-173.7466,-34.5724,synthetic
synthetic,77.1719,-134.1681,synthetic
synthetic,74.6127,-128.5469,synthetic
synthetic,-14.2868,-10.8119,synthetic
synthetic,-87.4124,141.8748,synthetic
synthetic,-2.6616,-103.5275,synthetic
synthetic,-16.1299,-7.8302,synthetic
synthetic,-51.1985,-45.1339,synthetic
synthetic,-76.0548,-21.658,synthetic
synthetic,-176.3579,29.9817,synthetic
synthetic,176.8209,152.5614,synthetic
synthetic,138.1381,-160.3951,synthetic
synthetic,178.0805,144.7671,synthetic
synthetic,-175.7118,41.3805,synthetic
synthetic,60.1237,30.6018,synthetic
synthetic,-45.7061,-45.0043,synthetic
synthetic,-157.6298,42.2159,synthetic
synthetic,-93.9123,-171.2606,synthetic
synthetic,89.2733,-179.3516,synthetic
synthetic,-144.4571,110.1124,synthetic
synthetic,-62.8583,-40.4103,synthetic
synthetic,142.0637,104.8688,synthetic
synthetic,43.4074,42.565,synthetic
synthetic,90.7483,-161.4169,synthetic
synthetic,167.2072,-174.3762,synthetic
synthetic,-155.5116,79.5096,synthetic
synthetic,67.5263,22.3215,synthetic
synthetic,-41.8093,-164.5531,synthetic
synthetic,141.1349,115.9759,synthetic
synthetic,-174.4939,80.1504,synthetic
synthetic,0.505,-103.1592,synthetic
synthetic,83.7147,-174.9621,synthetic
synthetic,-71.8009,155.8593,synthetic
synthetic,-45.0781,-43.6464,synthetic
synthetic,99.0208,26.5049,synthetic
synthetic,-179.2163,93.5358,synthetic
synthetic,177.7672,164.5466,synthetic
synthetic,-160.8778,32.2216,synthetic
synthetic,-41.6226,-178.683,synthetic
synthetic,78.1497,-136.3269,synthetic
synthetic,81.3514,156.5023,synthetic
synthetic,120.9063,-79.3731,synthetic
synthetic,-134.5311,72.7636,synthetic
synthetic,81.8215,177.4589,synthetic
synthetic,-66.1969,-20.0254,synthetic
synthetic,-104.5933,-177.0625,synthetic
synthetic,-165.836,-171.5322,synthetic
synthetic,100.2252,30.5116,synthetic
synthetic,173.3475,-179.1015,synthetic
synthetic,-55.207,-51.8781,synthetic
synthetic,71.7525,9.7709,synthetic
synthetic,-48.7634,170.5024,synthetic
synthetic,56.3683,140.9293,synthetic
synthetic,-57.8131,163.1187,synthetic
synthetic,-102.1053,101.6729,synthetic
synthetic,-41.3483,-175.1875,synthetic
synthetic,-33.1564,-122.1882,synthetic
synthetic,-99.4072,-163.8105,synthetic
synthetic,99.1455,105.8341,synthetic
synthetic,99.9186,112.5153,synthetic
synthetic,59.0043,-147.9787,synthetic
synthetic,133.3829,-159.8153,synthetic
synthetic,-14.7353,0.4911,synthetic
synthetic,171.4071,47.2795,synthetic
synthetic,161.4771,-173.0066,synthetic
synthetic,-97.7317,-171.2949,synthetic
synthetic,70.9351,128.9373,synthetic
synthetic,-35.9446,-125.6054,synthetic
synthetic,175.1673,-177.9229,synthetic
synthetic,-179.4413,83.9617,synthetic
synthetic,-56.6242,143.4856,synthetic
synthetic,-43.4909,-10.1904,synthetic
synthetic,81.4845,-67.703,synthetic
synthetic,-57.6356,27.6467,synthetic
synthetic,-99.1281,-172.8919,synthetic
synthetic,166.0049,-171.6244,synthetic
synthetic,-49.7651,156.8407,synthetic
synthetic,-83.2506,-10.2731,synthetic
synthetic,-131.8331,127.6094,synthetic
synthetic,170.0729,-174.7276,synthetic
synthetic,135.6105,116.8019,synthetic
synthetic,79.434,-65.7496,synthetic
synthetic,-64.984,-52.1902,synthetic
synthetic,-179.9305,-34.2098,synthetic
synthetic,-141.4852,160.6202,synthetic
synthetic,-31.4946,-63.0187,synthetic
synthetic,-34.7336,-57.9689,synthetic
synthetic,149.1704,102.7673,synthetic
synthetic,128.3903,9.9784,synthetic
synthetic,86.1528,-179.1406,synthetic
synthetic,71.3436,140.0877,synthetic
synthetic,81.658,-176.8775,synthetic
synthetic,84.6171,-64.5791,synthetic
synthetic,-30.0035,80.7849,synthetic
synthetic,132.5787,-159.5127,synthetic
synthetic,50.5374,62.002,synthetic
synthetic,120.1598,126.1851,synthetic
synthetic,-83.2663,151.2023,synthetic
synthetic,-96.0442,176.8519,synthetic
synthetic,-23.6187,133.1958,synthetic
synthetic,-152.1185,39.1158,synthetic
synthetic,-45.6518,-177.3358,synthetic
synthetic,-96.2606,-175.1164,synthetic
synthetic,-168.8348,-173.2503,synthetic
synthetic,-61.6901,-47.3873,synthetic
synthetic,119.8893,126.7569,synthetic
synthetic,178.7811,37.5052,synthetic
synthetic,154.1703,-57.0587,synthetic
synthetic,-165.7494,-167.883,synthetic
synthetic,56.4199,-149.1143,synthetic
synthetic,-176.7648,36.5878,synthetic
synthetic,4.299,-78.1381,synthetic
synthetic,-142.916,130.183,synthetic
synthetic,106.7779,157.0001,synthetic
synthetic,-140.6814,23.3475,synthetic
synthetic,-62.9505,-38.1133,synthetic
synthetic,85.8973,-64.4363,synthetic
synthetic,-110.9653,110.0472,synthetic
synthetic,-129.8063,-16.1678,synthetic
synthetic,-90.5231,122.1349,synthetic
synthetic,-34.0863,-170.6041,synthetic
synthetic,-123.6738,-171.603,synthetic
synthetic,124.5124,-46.062,synthetic
synthetic,-159.9576,168.2029,synthetic
synthetic,143.6926,-156.1718,synthetic
synthetic,64.4228,37.0352,synthetic
synthetic,-177.2314,-32.0647,synthetic
synthetic,-127.0674,113.2366,synthetic
synthetic,173.0359,169.2324,synthetic
synthetic,-95.2638,45.7705,synthetic
synthetic,-2.6911,-103.5454,synthetic
synthetic,-96.2359,-169.7135,synthetic
synthetic,-60.7453,-49.3903,synthetic
synthetic,-109.6026,149.6488,synthetic
synthetic,120.0707,-73.6296,synthetic
synthetic,-97.6778,-123.4434,synthetic
synthetic,179.1883,-33.7229,synthetic
synthetic,-167.8941,176.6727,synthetic
synthetic,-126.2184,56.5307,synthetic
synthetic,66.03,-154.6938,synthetic
synthetic,-46.0459,-171.3135,synthetic
synthetic,167.7344,-179.7228,synthetic
synthetic,164.2102,-170.9012,synthetic
synthetic,-176.795,125.2511,synthetic
synthetic,117.2841,-83.3487,synthetic
synthetic,-106.5596,-3.1703,synthetic
synthetic,-28.9758,82.9645,synthetic
synthetic,175.2844,38.8052,synthetic
synthetic,-62.9078,-40.7139,synthetic
synthetic,-60.1498,16.3658,synthetic
synthetic,-13.314,119.1756,synthetic
synthetic,-121.5581,29.119,synthetic
synthetic,73.871,-129.7762,synthetic
synthetic,-12.0426,120.6932,synthetic
synthetic,-179.8486,-32.3312,synthetic
synthetic,-33.3835,-172.4062,synthetic
synthetic,169.5939,163.9721,synthetic
synthetic,126.1522,5.635,synthetic
synthetic,128.8694,168.8452,synthetic
synthetic,-170.44,-176.4137,synthetic
synthetic,-87.6439,-0.0094,synthetic
synthetic,-103.1205,101.568,synthetic
synthetic,178.1578,-33.2352,synthetic
synthetic,169.5115,49.595,synthetic
synthetic,-66.7153,-37.463,synthetic
synthetic,-126.66,-134.9261,synthetic
synthetic,56.8934,-145.9055,synthetic
synthetic,-57.1644,172.8599,synthetic
synthetic,-33.6915,75.4774,synthetic
synthetic,-128.7433,-8.8688,synthetic
synthetic,-157.5801,38.891,synthetic
synthetic,2.6337,-83.3442,synthetic
synthetic,-99.2502,-124.2325,synthetic
synthetic,-2.9908,-79.4067,synthetic
synthetic,174.361,179.0745,synthetic
synthetic,-49.2084,-176.0534,synthetic
synthetic,83.832,-173.9696,synthetic
synthetic,177.754,-31.4669,synthetic
synthetic,-98.8067,24.5907,synthetic
synthetic,54.9656,43.0749,synthetic
synthetic,-98.8482,-169.1129,synthetic
synthetic,-142.082,177.4692,synthetic
synthetic,100.8596,16.3504,synthetic
synthetic,-100.0549,-7.2904,synthetic
synthetic,81.9452,-137.9748,synthetic
synthetic,-94.4325,130.0066,synthetic
synthetic,174.6426,46.7147,synthetic
synthetic,174.0668,-30.8142,synthetic
synthetic,-163.4586,36.7744,synthetic
synthetic,177.789,167.4155,synthetic
synthetic,-54.2714,-23.4963,synthetic
synthetic,-170.4461,174.5753,synthetic
synthetic,-10.5967,123.5651,synthetic
synthetic,106.6201,112.3988,synthetic
synthetic,80.0598,-131.7721,synthetic
synthetic,-4.4638,-76.5631,synthetic
synthetic,-92.5557,-167.9506,synthetic
synthetic,-177.9457,41.6028,synthetic
synthetic,117.4168,126.9031,synthetic
synthetic,-118.7889,178.5064,synthetic
synthetic,-164.5838,-172.7206,synthetic
synthetic,62.0381,-146.4695,synthetic
synthetic,-94.3467,-18.1248,synthetic
synthetic,34.0809,65.6811,synthetic
synthetic,-58.0225,-99.8157,synthetic
synthetic,159.0967,-168.9584,synthetic
synthetic,-125.4125,36.3316,synthetic
synthetic,-90.3994,-174.4367,synthetic
synthetic,55.5612,56.0147,synthetic
synthetic,99.3967,18.5407,synthetic
synthetic,-111.0304,-177.999,synthetic
synthetic,-118.6094,-171.4551,synthetic
synthetic,167.2533,-179.3095,synthetic
synthetic,-90.21,-114.7459,synthetic
synthetic,-11.4024,-8.8661,synthetic
synthetic,-45.6459,129.2548,synthetic
synthetic,-167.5261,-172.7892,synthetic
synthetic,-118.73,178.6304,synthetic
synthetic,67.5814,125.6219,synthetic
synthetic,104.0635,108.4391,synthetic
synthetic,-83.7381,75.602,synthetic
synthetic,-142.1494,-92.6714,synthetic
synthetic,-90.3746,0.2136,synthetic
synthetic,165.6045,-173.4665,synthetic
synthetic,68.3799,22.6063,synthetic
synthetic,106.1106,-10.6132,synthetic
synthetic,-36.2745,-125.422,synthetic
synthetic,142.3621,113.0606,synthetic
synthetic,172.5006,179.1716,synthetic
synthetic,-31.8988,163.3663,synthetic
synthetic,-74.593,164.8453,synthetic
synthetic,-32.0576,-176.452,synthetic
synthetic,-126.6639,-49.5515,synthetic
synthetic,179.6955,51.0447,synthetic
synthetic,-65.4865,-24.0455,synthetic
synthetic,179.7147,169.6288,synthetic
synthetic,-67.4592,137.1545,synthetic
synthetic,-89.6335,-123.0937,synthetic
synthetic,63.9539,47.3289,synthetic
synthetic,177.6133,-178.0461,synthetic
synthetic,-70.5273,147.3564,synthetic
synthetic,-32.8536,-122.8345,synthetic
synthetic,101.9872,107.0065,synthetic
synthetic,80.8034,-177.3931,synthetic
synthetic,74.4214,-0.2734,synthetic
synthetic,80.1627,-128.3131,synthetic
synthetic,174.6739,-34.4365,synthetic
synthetic,-2.556,-79.8956,synthetic
synthetic,-37.3231,-128.5949,synthetic
synthetic,172.8034,-169.145,synthetic
synthetic,174.6184,38.0982,synthetic
synthetic,-175.661,-30.7296,synthetic
synthetic,-126.3641,-132.0354,synthetic
synthetic,-167.1271,161.9487,synthetic
synthetic,-130.1784,-59.4996,synthetic
synthetic,-115.3749,-178.9972,synthetic
synthetic,-41.2837,76.7731,synthetic
synthetic,169.9275,-171.4043,synthetic
synthetic,68.8699,144.2515,synthetic
synthetic,-27.9574,-175.9103,synthetic
synthetic,-165.316,178.521,synthetic
synthetic,72.9938,125.0601,synthetic
synthetic,-34.0113,81.1495,synthetic
synthetic,-158.979,159.0194,synthetic
synthetic,59.9083,44.944,synthetic
synthetic,103.9939,110.5304,synthetic
synthetic,-54.2139,153.6003,synthetic
synthetic,83.5316,-68.6159,synthetic
synthetic,65.2395,140.2717,synthetic
synthetic,-69.6011,-40.697,synthetic
synthetic,-15.3725,118.1928,synthetic
synthetic,60.3169,149.0125,synthetic
synthetic,-177.1007,-34.987,synthetic
synthetic,60.7047,20.7697,synthetic
synthetic,-7.5744,-12.5748,synthetic
synthetic,-22.7344,116.9645,synthetic
synthetic,131.3221,-47.707,synthetic
synthetic,-67.8181,179.8164,synthetic
synthetic,174.8581,164.4801,synthetic
synthetic,151.5686,109.0111,synthetic
synthetic,-119.177,-146.3685,synthetic
synthetic,-156.0956,77.8178,synthetic
synthetic,-91.5714,-122.056,synthetic
synthetic,-31.103,83.0354,synthetic
synthetic,55.0541,55.7529,synthetic
synthetic,-86.869,56.6977,synthetic
synthetic,-44.926,-172.6216,synthetic
synthetic,-99.0135,-169.2579,synthetic
synthetic,-98.5923,149.0941,synthetic
synthetic,62.6586,-145.4813,synthetic
synthetic,-87.1551,-123.1948,synthetic
synthetic,104.7008,155.093,synthetic
synthetic,7.3044,-79.9992,synthetic
synthetic,99.5921,108.8745,synthetic
synthetic,-31.0541,-170.1656,synthetic
synthetic,-97.1525,52.4255,synthetic
synthetic,85.3669,-60.3829,synthetic
synthetic,-178.2439,88.9276,synthetic
synthetic,-100.507,-169.7329,synthetic
synthetic,-163.0492,-173.9181,synthetic
synthetic,-126.9506,-10.1414,synthetic
synthetic,-120.1694,-177.0036,synthetic
synthetic,148.2871,-151.3194,synthetic
synthetic,140.6702,-156.2875,synthetic
synthetic,0.345,-97.8869,synthetic
synthetic,96.7899,22.6913,synthetic
synthetic,85.538,158.9677,synthetic
synthetic,179.7255,52.4819,synthetic
synthetic,131.8033,-42.7798,synthetic
synthetic,-136.0461,141.678,synthetic
synthetic,70.6221,19.8475,synthetic
synthetic,-14.0068,116.3533,synthetic
synthetic,177.4567,-27.7226,synthetic
synthetic,-174.1151,88.7212,synthetic
synthetic,109.6711,106.0877,synthetic
synthetic,-124.3709,-173.7061,synthetic
synthetic,-115.709,-15.7293,synthetic
synthetic,111.9139,-73.964,synthetic
synthetic,56.4011,144.3324,synthetic
synthetic,-121.7113,-45.4281,synthetic
synthetic,-116.3198,114.4638,synthetic
synthetic,-130.653,140.1659,synthetic
synthetic,-85.6451,45.6948,synthetic
synthetic,-68.787,154.2608,synthetic
synthetic,179.2441,36.0513,synthetic
synthetic,28.9923,58.5633,synthetic
synthetic,127.7397,176.2423,synthetic
synthetic,140.4002,107.8987,synthetic
synthetic,84.5511,-132.5975,synthetic
synthetic,86.5625,174.5421,synthetic
synthetic,143.7467,-158.9357,synthetic
synthetic,162.6861,-162.3884,synthetic
synthetic,-127.3112,138.8597,synthetic
synthetic,74.321,-131.5994,synthetic
synthetic,78.102,-66.0966,synthetic
synthetic,150.8657,11.2325,synthetic
synthetic,-150.5907,35.2219,synthetic
synthetic,-127.7427,-128.3825,synthetic
synthetic,140.3741,-162.5573,synthetic
synthetic,-6.9706,121.3984,synthetic
synthetic,-90.1445,-130.7554,synthetic
synthetic,-51.4639,-46.6042,synthetic
synthetic,46.1622,60.3155,synthetic
synthetic,-78.9221,136.2916,synthetic
synthetic,174.422,40.3785,synthetic
synthetic,122.3984,-74.3315,synthetic
synthetic,135.6357,-50.8347,synthetic
synthetic,152.8651,-49.9059,synthetic
synthetic,33.0538,60.685,synthetic
synthetic,83.8069,162.7533,synthetic
synthetic,-13.4768,125.9971,synthetic
synthetic,-83.6278,-9.9146,synthetic
synthetic,-22.0469,-167.5603,synthetic
synthetic,-122.7708,-168.6782,synthetic
synthetic,-80.6747,56.3734,synthetic
synthetic,141.6913,109.9579,synthetic
synthetic,108.7131,-78.2369,synthetic
synthetic,-40.316,-126.8722,synthetic
synthetic,-158.8,-54.5799,synthetic
synthetic,-37.2608,71.3825,synthetic
synthetic,-16.5134,117.5643,synthetic
synthetic,147.0758,-58.0677,synthetic
synthetic,-27.1149,-178.1467,synthetic
synthetic,104.7848,102.407,synthetic
synthetic,-18.1595,124.501,synthetic
synthetic,82.9506,-174.5013,synthetic
synthetic,76.7011,-134.0611,synthetic
synthetic,77.0214,-68.9502,synthetic
synthetic,178.2898,-39.7347,synthetic
synthetic,52.7536,51.7394,synthetic
synthetic,-49.8553,-167.8116,synthetic
synthetic,-43.407,-56.2822,synthetic
synthetic,-136.9733,-93.5938,synthetic
synthetic,-123.9404,152.1205,synthetic
synthetic,168.0741,40.3991,synthetic
synthetic,64.7196,52.312,synthetic
synthetic,64.7507,-134.6865,synthetic
synthetic,165.5733,-55.0626,synthetic
synthetic,-5.7887,-83.4364,synthetic
synthetic,64.2858,141.0951,synthetic
synthetic,167.2606,-175.9489,synthetic
synthetic,138.9634,109.892,synthetic
synthetic,121.7612,-50.8724,synthetic
synthetic,82.9959,-61.1855,synthetic
synthetic,174.6135,155.0796,synthetic
synthetic,78.9755,-66.6563,synthetic
synthetic,-98.32,167.463,synthetic
synthetic,59.7023,58.17,synthetic
synthetic,-3.7698,119.6103,synthetic
synthetic,167.6725,178.6154,synthetic
synthetic,126.3632,14.1198,synthetic
synthetic,177.8828,41.1635,synthetic
synthetic,-179.9461,-175.2327,synthetic
synthetic,-99.692,1.065,synthetic
synthetic,-100.3554,62.0517,synthetic
synthetic,71.2891,-64.5425,synthetic
synthetic,-116.6979,-14.0556,synthetic
synthetic,82.3328,-179.9323,synthetic
synthetic,179.3157,37.1791,synthetic
synthetic,-32.8997,135.7689,synthetic
synthetic,-46.5839,-70.2389,synthetic
synthetic,-69.436,-21.894,synthetic
synthetic,-88.9236,149.6178,synthetic
synthetic,177.781,36.6935,synthetic
synthetic,82.3998,-65.0797,synthetic
synthetic,-178.0117,87.067,synthetic
synthetic,-68.8921,124.9005,synthetic
synthetic,169.9186,179.8232,synthetic
synthetic,-92.3095,-166.4048,synthetic
synthetic,173.3116,-176.795,synthetic
synthetic,-70.9502,26.9238,synthetic
synthetic,-56.938,119.8167,synthetic
synthetic,-43.413,-164.1875,synthetic
synthetic,-38.4234,129.8728,synthetic
synthetic,82.7276,-66.2538,synthetic
synthetic,178.1489,47.2707,synthetic
synthetic,-129.4847,-126.1771,synthetic
synthetic,175.1601,87.9473,synthetic
synthetic,-103.8625,108.4721,synthetic
synthetic,177.8074,148.1939,synthetic
synthetic,0.3943,-98.5754,synthetic
synthetic,173.4506,-32.9461,synthetic
synthetic,-89.431,-0.1222,synthetic
synthetic,128.8753,10.0038,synthetic
synthetic,-18.4958,115.9558,synthetic
synthetic,139.3298,-159.3489,synthetic
synthetic,-148.6887,170.1997,synthetic
synthetic,-64.6736,-48.384,synthetic
synthetic,109.8217,8.1044,synthetic
synthetic,66.7268,139.6395,synthetic
synthetic,-162.3911,-173.6889,synthetic
synthetic,-0.2377,-81.6581,synthetic
synthetic,59.9639,14.7287,synthetic
synthetic,-99.1128,-164.1632,synthetic
synthetic,66.3097,129.3913,synthetic
synthetic,-143.4254,-81.9207,synthetic
synthetic,110.5297,-17.094,synthetic
synthetic,-175.9306,-34.0147,synthetic
synthetic,68.0674,171.4025,synthetic
synthetic,146.1262,-157.9639,synthetic
synthetic,88.1924,179.7523,synthetic
synthetic,63.1006,127.9965,synthetic
synthetic,163.6414,43.2496,synthetic
synthetic,-177.9668,30.7126,synthetic
synthetic,-139.8642,122.8689,synthetic
synthetic,-105.2739,-172.6566,synthetic
synthetic,63.1836,-151.2967,synthetic
synthetic,-117.2111,-11.8943,synthetic
synthetic,-27.1133,-169.6765,synthetic
synthetic,109.4784,-8.6077,synthetic
synthetic,-96.7224,8.4939,synthetic
synthetic,97.0992,113.3117,synthetic
synthetic,-9.3024,-1.5703,synthetic
synthetic,142.3139,111.6516,synthetic
synthetic,127.7394,-45.2182,synthetic
synthetic,-99.4617,49.7436,synthetic
synthetic,-166.5197,-172.0675,synthetic
synthetic,-145.1173,165.6891,synthetic
synthetic,-22.5422,121.8045,synthetic
synthetic,-64.515,-7.7481,synthetic
synthetic,173.9516,92.2681,synthetic
synthetic,-13.1944,-10.3031,synthetic
synthetic,115.4533,123.6529,synthetic
synthetic,99.2196,112.7048,synthetic
synthetic,-178.209,169.5005,synthetic
synthetic,-106.7918,86.1676,synthetic
synthetic,-172.8355,178.1667,synthetic
synthetic,-14.3091,-0.5639,synthetic
synthetic,-158.0607,-53.444,synthetic
synthetic,-141.1242,-81.388,synthetic
synthetic,-144.0119,-85.1636,synthetic
synthetic,-45.0316,74.6666,synthetic
synthetic,175.3856,177.5642,synthetic
synthetic,82.1413,-177.3608,synthetic
synthetic,-100.8237,170.2368,synthetic
synthetic,178.0688,169.5812,synthetic
synthetic,-28.6695,-171.2297,synthetic
synthetic,63.7177,127.0161,synthetic
synthetic,-121.9714,-29.8163,synthetic
synthetic,137.3994,-160.2511,synthetic
synthetic,-94.1882,130.8609,synthetic
synthetic,-56.0256,-42.5669,synthetic
synthetic,172.3367,-177.396,synthetic
synthetic,-84.7877,106.7941,synthetic
synthetic,155.9254,7.4336,synthetic
synthetic,-42.3085,-176.6321,synthetic
synthetic,137.4877,116.4288,synthetic
synthetic,177.043,-35.6976,synthetic
synthetic,-60.3417,18.2998,synthetic
synthetic,125.7407,-48.2211,synthetic
synthetic,173.3612,41.1307,synthetic
synthetic,-101.1531,-168.9395,synthetic
synthetic,157.8415,-56.6735,synthetic
synthetic,128.6147,10.1359,synthetic
synthetic,-29.8386,-175.4373,synthetic
synthetic,82.8369,-63.6017,synthetic
synthetic,-91.6717,-129.2846,synthetic
synthetic,-27.906,74.6,synthetic
synthetic,-69.2522,-16.3899,synthetic
synthetic,161.6206,-173.6228,synthetic
synthetic,-141.5193,-81.6723,synthetic
synthetic,-175.6206,-36.9276,synthetic
synthetic,-139.5407,164.8893,synthetic
synthetic,-140.6144,19.4423,synthetic
synthetic,110.3965,109.9645,synthetic
synthetic,-65.7489,-37.1805,synthetic
synthetic,-168.9278,179.4228,synthetic
synthetic,-157.6918,73.0684,synthetic
synthetic,103.8136,-14.9344,synthetic
synthetic,178.9847,171.5765,synthetic
synthetic,-161.1885,-174.8365,synthetic
synthetic,177.6081,80.6432,synthetic
synthetic,-85.1915,-122.2157,synthetic
synthetic,167.0902,-167.0339,synthetic
synthetic,172.1672,-175.4938,synthetic
synthetic,-174.3586,-33.4805,synthetic
synthetic,-84.8504,-2.2768,synthetic
synthetic,-167.311,-173.007,synthetic
synthetic,-154.754,78.9518,synthetic
synthetic,-100.3149,-173.4769,synthetic
synthetic,112.666,125.3345,synthetic
synthetic,113.2951,21.164,synthetic
synthetic,-161.0587,-53.0368,synthetic
synthetic,-157.6954,-54.3093,synthetic
synthetic,-125.1016,5.1163,synthetic
synthetic,133.3186,10.3575,synthetic
synthetic,-140.8032,-84.5376,synthetic
synthetic,-5.0885,-101.3731,synthetic
synthetic,152.4966,-43.8456,synthetic
synthetic,64.1224,-12.4096,synthetic
synthetic,178.1562,50.0674,synthetic
synthetic,-51.1158,-38.6012,synthetic
synthetic,-173.4389,-37.8482,synthetic
synthetic,176.9044,153.5998,synthetic
synthetic,-87.7047,56.519,synthetic
synthetic,-3.8363,-108.0691,synthetic
synthetic,-178.7812,-41.9771,synthetic
synthetic,-64.5174,151.7417,synthetic
synthetic,-64.4212,-48.6768,synthetic
synthetic,150.7298,-51.9411,synthetic
synthetic,-96.3781,164.4165,synthetic
synthetic,98.9231,110.4198,synthetic
synthetic,151.596,-48.4791,synthetic
synthetic,179.3993,155.2351,synthetic
synthetic,168.8079,178.482,synthetic
synthetic,-177.9587,88.322,synthetic
synthetic,-95.1541,140.9005,synthetic
synthetic,63.6353,26.827,synthetic
synthetic,119.5763,-64.9867,synthetic
synthetic,59.4174,143.3205,synthetic
synthetic,-18.572,-53.2918,synthetic
synthetic,-35.7802,-118.6664,synthetic
synthetic,65.7014,22.3973,synthetic
synthetic,88.5292,-177.0184,synthetic
synthetic,-117.3411,-40.4026,synthetic
synthetic,179.7852,-43.6955,synthetic
synthetic,-179.1804,41.9889,synthetic
synthetic,-8.2376,-100.8724,synthetic
synthetic,-39.5307,-49.9991,synthetic
synthetic,59.3237,145.1895,synthetic
synthetic,57.3746,24.6575,synthetic
synthetic,87.5339,-61.0558,synthetic
synthetic,-72.6744,178.6764,synthetic
synthetic,-137.5603,137.7903,synthetic
synthetic,-32.6224,-167.8898,synthetic
synthetic,176.0468,48.3309,synthetic
synthetic,145.8795,116.2542,synthetic
synthetic,-163.5763,171.3767,synthetic
synthetic,-123.2058,46.5988,synthetic
synthetic,-94.01,-118.7633,synthetic
synthetic,-12.0767,-9.4957,synthetic
synthetic,-155.0337,-52.118,synthetic
synthetic,-165.1126,42.2814,synthetic
synthetic,179.213,155.8893,synthetic
synthetic,162.3331,-60.9244,synthetic
synthetic,178.3394,-31.2153,synthetic
synthetic,73.9754,-77.1027,synthetic
synthetic,55.9492,48.1329,synthetic
synthetic,32.8937,62.771,synthetic
synthetic,-114.1974,122.7239,synthetic
synthetic,-124.0937,-132.0965,synthetic
synthetic,-118.9628,-10.2221,synthetic
synthetic,111.4785,156.3584,synthetic
synthetic,-144.222,-87.9997,synthetic
synthetic,-85.9201,65.6969,synthetic
synthetic,28.0381,61.534,synthetic
synthetic,-129.4461,-127.4663,synthetic
synthetic,80.3418,-158.8447,synthetic
synthetic,-58.5172,33.0639,synthetic
synthetic,-100.9329,160.8513,synthetic
synthetic,98.5788,-10.505,synthetic
synthetic,54.7506,51.2284,synthetic
synthetic,-128.9795,38.5584,synthetic
synthetic,166.8076,176.2236,synthetic
synthetic,-80.9298,150.1111,synthetic
synthetic,-86.2009,77.1041,synthetic
synthetic,-139.617,34.8051,synthetic
synthetic,-77.3734,49.941,synthetic
synthetic,-93.2603,-124.9548,synthetic
synthetic,143.6341,111.065,synthetic
synthetic,-29.3513,79.6255,synthetic
synthetic,-0.8794,-82.5564,synthetic
synthetic,-116.7057,-173.0991,synthetic
synthetic,-149.597,32.6865,synthetic
synthetic,-96.0216,-163.187,synthetic
synthetic,-27.4988,138.4553,synthetic
synthetic,-127.0871,112.7997,synthetic
synthetic,-158.384,-174.8361,synthetic
synthetic,-3.5301,-80.7387,synthetic
synthetic,-28.3797,80.872,synthetic
synthetic,-179.3404,169.7533,synthetic
synthetic,150.1991,-54.8971,synthetic
synthetic,-70.6685,-40.0892,synthetic
synthetic,79.9889,-177.0328,synthetic
synthetic,-96.3395,-120.3119,synthetic
synthetic,-44.7746,-9.9052,synthetic
synthetic,-141.6726,166.5301,synthetic
synthetic,-130.4268,-130.3453,synthetic
synthetic,82.1681,-64.9528,synthetic
synthetic,-64.9449,144.5777,synthetic
synthetic,123.8655,128.9618,synthetic
synthetic,-53.1073,152.692,synthetic
synthetic,-24.794,74.6148,synthetic
synthetic,-53.879,-43.9326,synthetic
synthetic,76.8033,150.9032,synthetic
synthetic,-135.7233,19.8301,synthetic
synthetic,168.2795,172.0341,synthetic
synthetic,-91.4686,160.2863,synthetic
synthetic,97.4625,40.435,synthetic
synthetic,-151.4141,83.3102,synthetic
synthetic,63.6911,21.5342,synthetic
synthetic,-177.4347,-34.1799,synthetic
synthetic,69.8443,123.9066,synthetic
synthetic,118.6002,-47.2921,synthetic
synthetic,-47.7122,-162.3583,synthetic
synthetic,124.4496,-48.4368,synthetic
synthetic,-14.181,-15.3322,synthetic
synthetic,107.5966,108.7671,synthetic
synthetic,-155.2746,38.2539,synthetic
synthetic,-135.1744,-126.0792,synthetic
synthetic,165.9694,175.2004,synthetic
synthetic,-53.3809,131.276,synthetic
synthetic,48.9417,55.1635,synthetic
synthetic,-179.7057,-178.4208,synthetic
synthetic,158.4572,-50.9678,synthetic
synthetic,50.5991,57.2868,synthetic
synthetic,-161.4875,-169.5559,synthetic
synthetic,142.091,108.3107,synthetic
synthetic,-119.2306,97.7148,synthetic
synthetic,-32.3442,-119.4941,synthetic
synthetic,-167.874,178.7384,synthetic
synthetic,62.8308,145.7614,synthetic
synthetic,120.888,123.4112,synthetic
synthetic,104.5849,158.217,synthetic
synthetic,-33.2858,175.7038,synthetic
synthetic,-80.698,73.7624,synthetic
synthetic,-90.807,-11.9801,synthetic
synthetic,-90.8375,-116.6074,synthetic
synthetic,175.6217,44.7206,synthetic
synthetic,-32.5864,70.5536,synthetic
synthetic,106.6072,-6.1524,synthetic
synthetic,-168.4322,178.5364,synthetic
synthetic,-148.9774,146.2623,synthetic
synthetic,169.1688,-175.1003,synthetic
synthetic,-142.4607,77.183,synthetic
synthetic,-79.4072,-118.3548,synthetic
synthetic,61.1679,145.3723,synthetic
synthetic,64.7238,29.1382,synthetic
synthetic,-80.0003,158.583,synthetic
synthetic,-9.1969,-10.3452,synthetic
synthetic,153.038,1.8947,synthetic
synthetic,-126.1355,-126.1743,synthetic
synthetic,168.2848,-169.6582,synthetic
synthetic,-28.7082,79.8935,synthetic
synthetic,121.9409,168.2711,synthetic
synthetic,-75.3188,19.812,synthetic
synthetic,-145.6959,-79.251,synthetic
synthetic,-173.8547,86.0558,synthetic
synthetic,-139.8817,164.4079,synthetic
synthetic,-179.9239,-32.9015,synthetic
synthetic,165.3626,-172.7577,synthetic
synthetic,54.9711,67.3183,synthetic
synthetic,178.3733,-37.1308,synthetic
synthetic,-176.8965,162.2146,synthetic
synthetic,165.0591,-169.2691,synthetic
synthetic,-107.8144,114.9118,synthetic
synthetic,173.7757,-177.1651,synthetic
synthetic,-87.4282,62.446,synthetic
synthetic,74.9366,2.5483,synthetic
synthetic,-103.3507,59.7694,synthetic
synthetic,158.3428,10.5216,synthetic
synthetic,-37.2107,126.5092,synthetic
synthetic,-177.0593,39.5161,synthetic
synthetic,-162.2169,-173.5255,synthetic
synthetic,-20.6494,127.3894,synthetic
synthetic,-162.789,-177.2273,synthetic
synthetic,176.2352,174.3512,synthetic
synthetic,-48.0595,-62.4796,synthetic
synthetic,-117.365,9.4025,synthetic
synthetic,166.0434,-176.9983,synthetic
synthetic,-32.1248,-169.8218,synthetic
synthetic,-45.0934,-52.9443,synthetic
synthetic,163.2722,-174.6026,synthetic
synthetic,131.546,6.1351,synthetic
synthetic,-128.2954,-53.658,synthetic
synthetic,-44.9412,-55.1721,synthetic
synthetic,69.2945,124.6976,synthetic
synthetic,70.6811,-8.7305,synthetic
synthetic,75.0703,-2.7791,synthetic
synthetic,-142.134,-171.1771,synthetic
synthetic,-28.7985,70.8611,synthetic
synthetic,-179.5182,-37.0399,synthetic
synthetic,-33.702,-119.5031,synthetic
synthetic,103.7414,-11.2437,synthetic
synthetic,138.0026,105.1416,synthetic
synthetic,80.1144,-67.2921,synthetic
synthetic,169.4239,-179.5348,synthetic
synthetic,-126.6653,51.0745,synthetic
synthetic,-29.6926,136.2992,synthetic
synthetic,4.6507,-77.4456,synthetic
synthetic,-161.1525,-171.5441,synthetic
synthetic,50.099,59.5452,synthetic
synthetic,108.4891,-14.3909,synthetic
synthetic,-178.5605,44.8429,synthetic
synthetic,74.3373,-128.1173,synthetic
synthetic,-109.7283,101.7497,synthetic
synthetic,174.1088,-175.8976,synthetic
synthetic,130.4813,-45.8659,synthetic
synthetic,169.0295,43.7308,synthetic
synthetic,-160.9881,-168.8485,synthetic
synthetic,59.812,49.0439,synthetic
synthetic,-63.0458,155.9788,synthetic
synthetic,-14.6511,-10.4491,synthetic
synthetic,-100.3756,69.4728,synthetic
synthetic,153.6535,-44.327,synthetic
synthetic,-164.8611,179.8252,synthetic
synthetic,107.9352,158.647,synthetic
synthetic,-144.447,-83.6189,synthetic
synthetic,-62.2955,12.5201,synthetic
synthetic,176.8373,-34.4323,synthetic
synthetic,-157.6726,-53.4169,synthetic
synthetic,81.2179,-61.5838,synthetic
synthetic,-173.9271,-36.8186,synthetic
synthetic,177.4897,166.8696,synthetic
synthetic,178.3674,51.2633,synthetic
synthetic,137.3361,121.0426,synthetic
synthetic,82.4238,176.1493,synthetic
synthetic,-179.3697,-32.9129,synthetic
synthetic,-14.0701,122.8891,synthetic
synthetic,162.0922,-172.0073,synthetic
synthetic,32.1879,57.3167,synthetic
synthetic,90.5272,-159.6311,synthetic
synthetic,-143.219,36.3957,synthetic
synthetic,167.7564,151.4213,synthetic
synthetic,-175.5222,37.6917,synthetic
synthetic,53.4339,52.3265,synthetic
synthetic,-42.6704,-22.9226,synthetic
synthetic,-61.4767,151.6436,synthetic
synthetic,66.9878,121.6328,synthetic
synthetic,-40.6761,-41.6675,synthetic
synthetic,109.2312,161.2221,synthetic
synthetic,-94.5208,-177.999,synthetic
synthetic,-97.2634,-1.9377,synthetic
synthetic,-50.2169,-46.0437,synthetic
synthetic,-166.9887,-171.1359,synthetic
synthetic,79.377,-125.8465,synthetic
synthetic,-120.3755,-27.8814,synthetic
synthetic,-87.5614,66.5575,synthetic
synthetic,-88.5965,-11.2989,synthetic
synthetic,5.071,-74.9192,synthetic
synthetic,177.3789,-34.8266,synthetic
synthetic,-58.5556,33.0491,synthetic
synthetic,-156.2347,-55.3624,synthetic
synthetic,155.1476,-56.7446,synthetic
synthetic,129.7355,9.1206,synthetic
synthetic,56.8111,141.4596,synthetic
synthetic,-58.9031,140.9526,synthetic
synthetic,62.5783,-148.1937,synthetic
synthetic,81.6235,177.6578,synthetic
synthetic,81.6169,-131.875,synthetic
synthetic,158.2885,-52.1846,synthetic
synthetic,-32.8276,76.1504,synthetic
synthetic,-109.9748,98.9382,synthetic
synthetic,-178.18,89.0909,synthetic
synthetic,105.9356,-11.7307,synthetic
synthetic,-7.2511,-17.0187,synthetic
synthetic,-110.981,-171.1639,synthetic
synthetic,-26.9279,117.5819,synthetic
synthetic,60.3428,23.7248,synthetic
synthetic,-156.8533,80.3292,synthetic
synthetic,-99.8421,3.0835,synthetic
synthetic,57.2647,-144.5391,synthetic
synthetic,65.6615,-12.9551,synthetic
synthetic,-23.1859,-177.1953,synthetic
synthetic,152.1055,154.1028,synthetic
synthetic,-11.0002,-8.8787,synthetic
synthetic,108.7204,-13.6334,synthetic
synthetic,-104.3669,162.5432,synthetic
synthetic,-146.3047,-79.2484,synthetic
synthetic,-59.6355,31.5276,synthetic
synthetic,131.7772,-48.1441,synthetic
synthetic,32.1446,57.1202,synthetic
synthetic,170.2476,-179.737,synthetic
synthetic,99.3356,-8.1592,synthetic
synthetic,-163.7924,-47.2664,synthetic
synthetic,90.4386,-173.7368,synthetic
synthetic,89.6933,-60.436,synthetic
synthetic,37.267,58.3078,synthetic
synthetic,77.7509,-134.5761,synthetic
synthetic,-18.2409,120.4911,synthetic
synthetic,-31.737,140.0766,synthetic
synthetic,-36.4435,179.325,synthetic
synthetic,76.9151,-134.4437,synthetic
synthetic,61.2202,46.3288,synthetic
synthetic,-105.5245,-174.8713,synthetic
synthetic,154.7012,-52.6548,synthetic
synthetic,-127.6524,168.9125,synthetic
synthetic,100.6425,109.7635,synthetic
synthetic,55.6679,28.741,synthetic
synthetic,77.8291,-68.0931,synthetic
synthetic,-45.1178,-62.887,synthetic
synthetic,141.224,-145.3581,synthetic
synthetic,77.405,-62.1391,synthetic
synthetic,172.9492,165.9269,synthetic
synthetic,106.1382,160.1776,synthetic
synthetic,-143.35,-82.2617,synthetic
synthetic,-163.5842,85.9532,synthetic
synthetic,-90.3831,-6.6849,synthetic
synthetic,154.084,169.7068,synthetic
synthetic,-140.0445,135.7725,synthetic
synthetic,-99.6255,147.238,synthetic
synthetic,118.6633,127.3681,synthetic
synthetic,-99.9993,20.076,synthetic
synthetic,-152.9296,175.0821,synthetic
synthetic,41.6502,51.4131,synthetic
synthetic,51.9693,55.0958,synthetic
synthetic,-102.8084,113.5016,synthetic
synthetic,-178.5012,-36.9107,synthetic
synthetic,-97.671,-52.7999,synthetic
synthetic,132.8967,161.8168,synthetic
synthetic,139.2275,-158.4222,synthetic
synthetic,-74.1632,-16.9014,synthetic
synthetic,7.2188,-79.9208,synthetic
synthetic,-145.8312,-78.3018,synthetic
synthetic,-122.4939,-31.1013,synthetic
synthetic,-66.4524,-42.3736,synthetic
synthetic,-164.1272,-176.2876,synthetic
synthetic,167.2328,-170.0813,synthetic
synthetic,-49.9584,173.2136,synthetic
synthetic,-135.7327,-127.9435,synthetic
synthetic,-61.8845,-39.5595,synthetic
synthetic,155.2641,-57.5105,synthetic
synthetic,69.5579,125.1164,synthetic
synthetic,174.1032,84.9691,synthetic
synthetic,-122.5689,149.5855,synthetic
synthetic,67.9256,-155.9031,synthetic
synthetic,-62.7135,-38.2099,synthetic
synthetic,-41.3342,-46.9836,synthetic
synthetic,-93.7038,48.1803,synthetic
synthetic,85.5942,-178.3038,synthetic
synthetic,-100.0831,-170.1186,synthetic
synthetic,77.6943,154.5625,synthetic
synthetic,139.8589,106.0133,synthetic
synthetic,-103.6076,69.7202,synthetic
synthetic,170.3786,46.6544,synthetic
synthetic,-94.5392,-4.7262,synthetic
synthetic,-123.1624,-130.4595,synthetic
synthetic,-94.383,119.82,synthetic
synthetic,83.6235,153.5352,synthetic
synthetic,-131.0658,129.0563,synthetic
synthetic,104.4256,106.4535,synthetic
synthetic,62.2064,-140.9391,synthetic
synthetic,179.3034,43.5367,synthetic
synthetic,-86.63,-1.9959,synthetic
synthetic,-57.8075,113.0733,synthetic
synthetic,-97.4812,151.4514,synthetic
synthetic,-35.4783,-171.0672,synthetic
synthetic,167.057,-174.969,synthetic
synthetic,179.2931,40.4806,synthetic
synthetic,105.6661,108.7878,synthetic
synthetic,176.8447,-30.28,synthetic
synthetic,-164.0273,-178.2249,synthetic
synthetic,64.2285,146.9713,synthetic
synthetic,-113.4655,-173.1592,synthetic
synthetic,-58.2855,-41.9814,synthetic
synthetic,147.7331,-54.1078,synthetic
synthetic,175.8403,-38.7138,synthetic
synthetic,-137.1116,-51.4613,synthetic
synthetic,-166.6437,151.7943,synthetic
synthetic,-130.418,-5.952,synthetic
synthetic,-29.7838,76.1642,synthetic
synthetic,-160.643,-170.686,synthetic
synthetic,-174.6493,80.2088,synthetic
synthetic,-100.272,-166.1727,synthetic
synthetic,-41.2991,131.0443,synthetic
synthetic,86.6418,174.7307,synthetic
synthetic,74.6582,-7.3763,synthetic
synthetic,-161.7705,-175.8354,synthetic
synthetic,-12.4452,-12.0009,synthetic
synthetic,124.5836,-49.7337,synthetic
synthetic,-35.2397,127.7114,synthetic
synthetic,152.4181,-55.1113,synthetic
synthetic,152.6764,-48.4361,synthetic
synthetic,61.3868,-148.2152,synthetic
synthetic,-98.3213,66.3201,synthetic
synthetic,-151.9129,-46.0643,synthetic
synthetic,73.147,177.4269,synthetic
synthetic,-173.7014,179.3075,synthetic
synthetic,72.2882,-9.0838,synthetic
synthetic,0.291,-83.392,synthetic
synthetic,-88.6132,-130.4818,synthetic
synthetic,-120.9609,-140.915,synthetic
synthetic,64.0139,130.1264,synthetic
synthetic,-54.0641,144.3073,synthetic
synthetic,-38.5469,-122.8148,synthetic
synthetic,-86.0464,-127.4132,synthetic
synthetic,-62.8627,26.9105,synthetic
synthetic,60.0328,-143.2034,synthetic
synthetic,107.7158,109.8298,synthetic
synthetic,135.6242,9.6243,synthetic
synthetic,172.1622,46.851,synthetic
synthetic,-87.3369,153.1078,synthetic
synthetic,-146.823,33.0303,synthetic
synthetic,-97.146,139.8979,synthetic
synthetic,56.7431,145.8491,synthetic
synthetic,-134.6388,143.2297,synthetic
synthetic,-94.4417,113.622,synthetic
synthetic,-32.3031,-168.4852,synthetic
synthetic,-112.4624,121.3842,synthetic
synthetic,59.2576,-146.6345,synthetic
synthetic,-7.2973,-101.429,synthetic
synthetic,62.0899,137.0837,synthetic
synthetic,-173.0386,36.7344,synthetic
synthetic,99.6535,22.0933,synthetic
synthetic,-62.4507,-179.8121,synthetic
synthetic,-81.3433,-40.0905,synthetic
synthetic,76.0896,-66.1541,synthetic
synthetic,64.8095,-154.9499,synthetic
synthetic,149.7377,166.2829,synthetic
synthetic,-161.8605,-177.4264,synthetic
synthetic,175.6459,174.8896,synthetic
synthetic,176.5408,160.0752,synthetic
synthetic,-9.3004,-6.5228,synthetic
synthetic,-81.0825,122.9813,synthetic
synthetic,-162.301,78.522,synthetic
synthetic,-85.3255,78.7816,synthetic
synthetic,178.2829,167.3094,synthetic
synthetic,134.5869,123.9722,synthetic
synthetic,26.9075,59.6181,synthetic
synthetic,-157.3466,-175.9724,synthetic
synthetic,-97.9141,-173.9587,synthetic
synthetic,175.1685,89.8754,synthetic
synthetic,-96.1239,90.0738,synthetic
synthetic,-53.2906,-44.7845,synthetic
synthetic,174.7578,45.5733,synthetic
synthetic,1.657,-84.0872,synthetic
synthetic,82.4154,159.8512,synthetic
synthetic,-134.294,-16.141,synthetic
synthetic,170.3105,36.5173,synthetic
synthetic,-8.5818,120.2192,synthetic
synthetic,-160.9098,-49.9513,synthetic
synthetic,-163.2271,-170.9377,synthetic
synthetic,-133.8917,-56.1921,synthetic
synthetic,144.1828,111.0035,synthetic
synthetic,-124.0964,-6.4787,synthetic
synthetic,-164.5377,-171.7964,synthetic
synthetic,177.2714,45.978,synthetic
synthetic,110.7491,107.0627,synthetic
synthetic,-117.6449,117.1557,synthetic
synthetic,-14.1295,-50.6031,synthetic
synthetic,153.6485,-58.7383,synthetic
synthetic,-167.1645,89.6157,synthetic
synthetic,-179.9699,162.5763,synthetic
synthetic,-146.6135,75.714,synthetic
synthetic,105.8675,154.9944,synthetic
synthetic,-83.7914,-123.8836,synthetic
synthetic,73.9459,-129.4604,synthetic
synthetic,59.5432,50.6944,synthetic
synthetic,-28.5486,76.8272,synthetic
synthetic,-103.2255,112.4827,synthetic
synthetic,-143.6282,34.6938,synthetic
synthetic,-32.4215,-170.2541,synthetic
synthetic,-139.4422,-73.6584,synthetic
synthetic,107.7684,-73.7708,synthetic
synthetic,179.7734,33.1585,synthetic
synthetic,78.672,153.9106,synthetic
synthetic,131.0861,123.0259,synthetic
synthetic,-30.5827,76.996,synthetic
synthetic,-7.4708,-47.6609,synthetic
synthetic,167.1535,149.4053,synthetic
synthetic,-159.6246,74.329,synthetic
synthetic,111.184,103.7184,synthetic
synthetic,-100.5816,-171.1689,synthetic
synthetic,-162.2586,-56.3946,synthetic
synthetic,50.7838,63.3693,synthetic
synthetic,134.796,170.5729,synthetic
synthetic,80.9796,33.9461,synthetic
synthetic,-150.6918,31.3893,synthetic
synthetic,76.0703,-132.0599,synthetic
synthetic,54.5332,47.29,synthetic
synthetic,175.106,-179.51,synthetic
synthetic,76.47,5.0648,synthetic
synthetic,-62.1707,146.687,synthetic
synthetic,-6.9371,-17.6764,synthetic
synthetic,171.6377,42.8929,synthetic
synthetic,-120.3667,33.5151,synthetic
synthetic,30.8004,58.6188,synthetic
synthetic,-154.7785,75.6096,synthetic
synthetic,-36.4234,-118.6175,synthetic
synthetic,60.7661,50.0122,synthetic
synthetic,-136.0234,136.0591,synthetic
synthetic,-52.7197,-67.5847,synthetic
synthetic,-164.8676,178.5059,synthetic
synthetic,-46.2483,-11.8212,synthetic
synthetic,83.4847,179.8172,synthetic
synthetic,92.8279,-179.1568,synthetic
synthetic,80.7917,-159.3635,synthetic
synthetic,-69.5353,134.83,synthetic
synthetic,-176.6543,154.5292,synthetic
synthetic,54.3915,49.0665,synthetic
synthetic,-80.4948,53.506,synthetic
synthetic,-171.3148,78.3045,synthetic
synthetic,-163.5157,-48.3423,synthetic
synthetic,-166.5665,72.6247,synthetic
synthetic,75.3553,139.6353,synthetic
synthetic,117.2231,-83.1498,synthetic
synthetic,-96.7339,-174.621,synthetic
synthetic,-36.0688,130.4971,synthetic
synthetic,177.8726,-35.5583,synthetic
synthetic,-36.5885,124.8546,synthetic
synthetic,-31.7881,-119.6539,synthetic
synthetic,-161.5546,-172.5031,synthetic
synthetic,-98.3599,-173.7809,synthetic
synthetic,-158.3539,40.743,synthetic
synthetic,-116.3144,179.2597,synthetic
synthetic,79.3923,161.9564,synthetic
synthetic,146.5055,108.7244,synthetic
synthetic,70.7538,1.31,synthetic
synthetic,0.6558,-82.2907,synthetic
synthetic,65.1364,22.8887,synthetic
synthetic,172.8758,160.4498,synthetic
synthetic,62.4676,22.0119,synthetic
synthetic,-79.9958,129.7646,synthetic
synthetic,76.7901,-66.4576,synthetic
synthetic,79.4237,-68.8198,synthetic
synthetic,76.252,131.029,synthetic
synthetic,126.8791,-49.0507,synthetic
synthetic,-10.3415,-18.8393,synthetic
synthetic,80.8043,-59.4637,synthetic
synthetic,72.5099,-9.5642,synthetic
synthetic,-91.573,117.5007,synthetic
synthetic,-78.7007,-32.4932,synthetic
synthetic,79.775,-125.9534,synthetic
synthetic,-55.2626,-94.7578,synthetic
synthetic,-34.679,77.641,synthetic
synthetic,-157.8198,155.9462,synthetic
synthetic,147.5386,113.4804,synthetic
synthetic,-123.7183,129.9309,synthetic
synthetic,61.8193,-147.0399,synthetic
synthetic,-142.8121,-81.1164,synthetic
synthetic,137.655,104.8298,synthetic
synthetic,101.0513,109.0168,synthetic
synthetic,-120.8105,-27.9157,synthetic
synthetic,-31.0185,71.3624,synthetic
synthetic,124.4508,7.7275,synthetic
synthetic,148.7728,-152.895,synthetic
synthetic,119.2863,-79.8555,synthetic
synthetic,158.7633,-53.5418,synthetic
synthetic,-161.8546,-174.8828,synthetic
synthetic,177.5993,46.366,synthetic
synthetic,-89.0688,164.9633,synthetic
synthetic,-165.002,170.8536,synthetic
synthetic,61.7818,33.3819,synthetic
synthetic,71.2415,156.9229,synthetic
synthetic,123.6373,166.1315,synthetic
synthetic,-179.2244,149.2152,synthetic
synthetic,123.0294,131.4199,synthetic
synthetic,11.1721,-74.9702,synthetic
synthetic,-69.8879,-28.9529,synthetic
synthetic,101.2285,21.8682,synthetic
synthetic,-89.2353,-119.434,synthetic
synthetic,80.6356,-162.1504,synthetic
synthetic,127.8896,-44.9847,synthetic
synthetic,-26.3627,-173.4391,synthetic
synthetic,-144.1005,-179.8111,synthetic
synthetic,-59.0687,17.4042,synthetic
synthetic,-66.5228,-47.1624,synthetic
synthetic,-91.0551,65.1989,synthetic
synthetic,93.8365,-153.6888,synthetic
synthetic,3.762,-84.3753,synthetic
synthetic,-88.176,142.2814,synthetic
synthetic,-174.0312,-39.1578,synthetic
synthetic,98.8452,111.4128,synthetic
synthetic,-170.1027,-175.1046,synthetic
synthetic,84.9774,-179.2047,synthetic
synthetic,152.0655,-57.4385,synthetic
synthetic,-170.4215,177.0176,synthetic
synthetic,-46.5193,-9.8815,synthetic
synthetic,-45.6876,-176.1819,synthetic
synthetic,-68.9528,143.6471,synthetic
synthetic,-122.4132,-130.9586,synthetic
synthetic,-176.7542,-31.9182,synthetic
synthetic,171.4816,152.1074,synthetic
synthetic,118.1721,120.6519,synthetic
synthetic,139.4797,115.1957,synthetic
synthetic,165.0324,-173.5116,synthetic
synthetic,-31.8018,-173.2734,synthetic
synthetic,-123.5749,-129.0233,synthetic
synthetic,58.1085,132.5062,synthetic
synthetic,-163.8777,-48.3579,synthetic
synthetic,-161.2937,-52.6014,synthetic
synthetic,73.2939,3.1486,synthetic
synthetic,-156.7136,154.5119,synthetic
synthetic,-87.1853,-124.5642,synthetic
synthetic,171.3815,36.2906,synthetic
synthetic,-53.6982,168.0564,synthetic
synthetic,142.3469,-147.3029,synthetic
synthetic,-36.2436,-120.6196,synthetic
synthetic,-53.6319,141.2063,synthetic
synthetic,-10.8064,119.3746,synthetic
synthetic,96.5756,104.6053,synthetic
synthetic,-172.9847,169.0332,synthetic
synthetic,-18.3952,114.0382,synthetic
synthetic,73.8961,137.6684,synthetic
synthetic,-53.148,-58.2751,synthetic
synthetic,-118.6417,111.1115,synthetic
synthetic,-37.6221,-177.1391,synthetic
synthetic,74.0846,-8.8434,synthetic
synthetic,102.7884,107.6583,synthetic
synthetic,-159.7907,-51.467,synthetic
synthetic,-94.9199,16.027,synthetic
synthetic,56.9221,42.0871,synthetic
synthetic,77.6492,173.9499,synthetic
synthetic,59.4899,60.9878,synthetic
synthetic,-12.567,-13.5933,synthetic
synthetic,64.5184,25.492,synthetic
synthetic,-175.6032,175.3325,synthetic
synthetic,142.931,-160.862,synthetic
synthetic,78.456,-67.2317,synthetic
synthetic,170.3126,-31.1835,synthetic
synthetic,-171.5205,78.5402,synthetic
synthetic,-158.9003,-175.1958,synthetic
synthetic,-120.8975,-140.1657,synthetic
synthetic,-176.0971,-38.2292,synthetic
synthetic,-102.2694,120.8915,synthetic
synthetic,80.6907,-174.0404,synthetic
synthetic,-108.4954,146.0168,synthetic
synthetic,119.4035,-48.5452,synthetic
synthetic,45.5898,69.7089,synthetic
synthetic,-49.3993,-43.5876,synthetic
synthetic,-101.1003,42.2297,synthetic
synthetic,79.9894,-135.0128,synthetic
synthetic,104.5447,-9.1143,synthetic
synthetic,-159.4652,-174.5795,synthetic
synthetic,49.857,67.0745,synthetic
synthetic,171.1206,40.5634,synthetic
synthetic,120.5706,-71.5056,synthetic
synthetic,116.6638,-73.5332,synthetic
synthetic,103.073,110.5746,synthetic
synthetic,-20.347,119.1011,synthetic
synthetic,-91.9065,-114.5932,synthetic
synthetic,-120.1828,113.6499,synthetic
synthetic,148.5848,114.63,synthetic
synthetic,-113.8667,111.0713,synthetic
synthetic,-38.0053,-119.4238,synthetic
synthetic,169.5189,-177.2894,synthetic
synthetic,158.9229,-47.6031,synthetic
synthetic,81.7176,173.171,synthetic
synthetic,-60.6211,120.1434,synthetic
synthetic,140.7908,-157.5183,synthetic
synthetic,133.2186,-48.3232,synthetic
synthetic,71.8373,160.3041,synthetic
synthetic,135.7181,123.4094,synthetic
synthetic,179.8503,166.547,synthetic
synthetic,-60.0956,28.3297,synthetic
synthetic,-68.7493,-48.8405,synthetic
synthetic,-117.979,-14.4829,synthetic
synthetic,50.9561,55.7275,synthetic
synthetic,73.2782,-79.3805,synthetic
synthetic,60.9576,-150.2107,synthetic
synthetic,-88.7861,-124.656,synthetic
synthetic,178.7198,-37.828,synthetic
synthetic,-86.6187,0.3599,synthetic
synthetic,81.8203,179.3644,synthetic
synthetic,-18.8737,124.0736,synthetic
synthetic,-177.2269,-32.6416,synthetic
synthetic,168.964,-164.5708,synthetic
synthetic,59.3125,-146.7783,synthetic
synthetic,86.1942,-66.3933,synthetic
synthetic,148.2516,2.7708,synthetic
synthetic,-100.5421,-169.0074,synthetic
synthetic,-128.6868,163.5079,synthetic
synthetic,-135.6752,21.0937,synthetic
synthetic,-115.0795,-168.834,synthetic
synthetic,-23.3164,147.1252,synthetic
synthetic,-84.9683,142.0553,synthetic
synthetic,175.2644,-33.4071,synthetic
synthetic,122.1694,125.5778,synthetic
synthetic,-26.7382,116.5725,synthetic
synthetic,-129.6161,-47.2213,synthetic
synthetic,74.755,14.7335,synthetic
synthetic,129.0285,171.4768,synthetic
synthetic,60.1696,-148.0403,synthetic
synthetic,82.7475,6.8602,synthetic
synthetic,152.8949,-54.7149,synthetic
synthetic,151.0183,12.8913,synthetic
synthetic,-176.155,-27.7142,synthetic
synthetic,-13.6998,-3.4991,synthetic
synthetic,-154.9489,174.5038,synthetic
synthetic,-160.7711,-174.7924,synthetic
synthetic,117.2352,126.9912,synthetic
synthetic,-86.7806,-112.3605,synthetic
synthetic,-157.2347,38.4788,synthetic
synthetic,-39.1473,72.5533,synthetic
synthetic,-141.1055,-77.8752,synthetic
synthetic,5.6536,-79.4479,synthetic
synthetic,-85.9745,-122.2364,synthetic
synthetic,79.893,-7.2243,synthetic
synthetic,-177.3275,87.8475,synthetic
synthetic,154.9716,1.2918,synthetic
synthetic,177.9793,51.9192,synthetic
synthetic,-70.1728,-38.4194,synthetic
synthetic,-6.3448,-70.0787,synthetic
synthetic,-145.8773,-177.3695,synthetic
synthetic,-33.8136,-124.9869,synthetic
synthetic,-86.1746,-2.4441,synthetic
synthetic,-171.8062,176.7966,synthetic
synthetic,-104.5398,-172.0347,synthetic
synthetic,-120.7269,149.3426,synthetic
synthetic,-84.2337,-126.2352,synthetic
synthetic,-88.4085,-126.8354,synthetic
synthetic,58.0643,-148.1046,synthetic
synthetic,166.7422,-175.6334,synthetic
synthetic,101.8769,113.8171,synthetic
synthetic,2.8998,-89.8811,synthetic
synthetic,-144.5267,-88.1388,synthetic
synthetic,-117.3426,-9.9525,synthetic
synthetic,-49.5834,-44.8364,synthetic
synthetic,-96.3892,-172.2847,synthetic
synthetic,-63.0334,-173.2864,synthetic
synthetic,-4.0708,-81.8206,synthetic
synthetic,-48.7101,154.5807,synthetic
synthetic,172.6821,179.7374,synthetic
synthetic,-123.3053,52.3449,synthetic
synthetic,-86.5632,-11.7738,synthetic
synthetic,-165.0173,-166.4732,synthetic
synthetic,-103.6276,-179.3632,synthetic
synthetic,-70.1516,-13.1064,synthetic
synthetic,171.2173,44.3377,synthetic
synthetic,-89.9317,-119.8946,synthetic
synthetic,-47.2506,-171.1418,synthetic
synthetic,-100.3201,-166.6413,synthetic
synthetic,-83.2993,72.8223,synthetic
synthetic,-47.0672,-166.9519,synthetic
synthetic,113.1886,12.2054,synthetic
synthetic,85.738,-179.2582,synthetic
synthetic,-144.9693,38.2489,synthetic
synthetic,-32.6195,117.0226,synthetic
synthetic,-109.9625,122.2891,synthetic
synthetic,83.4599,-158.9759,synthetic
synthetic,121.488,4.6634,synthetic
synthetic,168.2922,166.7634,synthetic
synthetic,-95.9409,158.988,synthetic
synthetic,-115.8648,-19.7035,synthetic
synthetic,-133.6895,72.5116,synthetic
synthetic,178.6352,41.9255,synthetic
synthetic,144.3431,111.2445,synthetic
synthetic,-64.3785,-62.3162,synthetic
synthetic,173.0404,-176.9225,synthetic
synthetic,83.2729,179.9466,synthetic
synthetic,-7.4591,-12.9724,synthetic
synthetic,-63.9949,-42.827,synthetic
synthetic,-145.1565,85.3525,synthetic
synthetic,61.0219,149.0213,synthetic
synthetic,-174.7047,-35.0353,synthetic
synthetic,-144.1032,-170.2069,synthetic
synthetic,-84.4886,133.0125,synthetic
synthetic,142.2559,114.7171,synthetic
synthetic,84.2315,154.176,synthetic
synthetic,-33.0336,-174.5201,synthetic
synthetic,169.8169,-178.8591,synthetic
synthetic,-79.9458,155.6832,synthetic
synthetic,-58.7801,32.5648,synthetic
synthetic,-65.5965,-176.985,synthetic
synthetic,-22.4702,124.3365,synthetic
synthetic,-23.585,142.4774,synthetic
synthetic,-67.1031,152.9397,synthetic
synthetic,171.1804,-173.2909,synthetic
synthetic,-41.5408,74.0126,synthetic
synthetic,66.2576,-15.1276,synthetic
synthetic,122.1474,8.0913,synthetic
synthetic,145.6208,-158.5746,synthetic
synthetic,-145.7412,130.0799,synthetic
synthetic,138.9913,114.2995,synthetic
synthetic,164.4757,-59.38,synthetic
synthetic,179.7865,178.9558,synthetic
synthetic,-30.3867,79.8098,synthetic
synthetic,-39.4156,-55.4362,synthetic
synthetic,120.4654,120.503,synthetic
synthetic,-141.236,-83.7584,synthetic
synthetic,-165.5452,85.3509,synthetic
synthetic,-94.9674,-167.6821,synthetic
synthetic,-9.2367,-99.3333,synthetic
synthetic,-126.753,-126.7423,synthetic
synthetic,-105.1196,22.3482,synthetic
synthetic,74.04,5.138,synthetic
synthetic,84.1376,-66.3881,synthetic
synthetic,-52.605,-55.1828,synthetic
synthetic,-168.2128,-172.8083,synthetic
synthetic,128.2296,-51.36,synthetic
synthetic,-155.7706,38.8212,synthetic
synthetic,140.4625,112.6377,synthetic
synthetic,107.5255,12.7096,synthetic
synthetic,-105.3812,177.9607,synthetic
synthetic,-92.9425,-120.1115,synthetic
synthetic,176.7248,177.1227,synthetic
synthetic,-6.1502,117.8944,synthetic
synthetic,163.9181,-47.7306,synthetic
synthetic,-99.7917,-168.9421,synthetic
synthetic,-130.3489,-129.8877,synthetic
synthetic,171.8551,47.5129,synthetic
synthetic,124.194,-53.6705,synthetic
synthetic,-104.9655,-170.0755,synthetic
synthetic,-125.7231,-127.8259,synthetic
synthetic,-63.6725,-41.6385,synthetic
synthetic,70.9985,23.9819,synthetic
synthetic,153.5908,11.3539,synthetic
synthetic,-56.7941,-30.7715,synthetic
synthetic,176.6999,52.5764,synthetic
synthetic,-176.9753,171.5944,synthetic
synthetic,-13.0469,-4.3725,synthetic
synthetic,78.7197,160.7213,synthetic
synthetic,-66.3767,-32.8039,synthetic
synthetic,-137.3912,-62.2101,synthetic
synthetic,-167.5039,-178.611,synthetic
synthetic,-179.3274,41.9293,synthetic
synthetic,-60.9897,178.5908,synthetic
synthetic,167.7014,162.6385,synthetic
synthetic,59.2067,65.4803,synthetic
synthetic,-45.8291,-170.2814,synthetic
synthetic,174.2819,179.7883,synthetic
synthetic,-60.4434,179.0588,synthetic
synthetic,-169.1964,85.5917,synthetic
synthetic,-71.4318,9.952,synthetic
synthetic,137.4868,-156.7497,synthetic
synthetic,-177.7923,86.0672,synthetic
synthetic,164.9304,47.175,synthetic
synthetic,89.7973,172.5516,synthetic
synthetic,-115.5233,72.6112,synthetic
synthetic,178.6323,150.5829,synthetic
synthetic,-70.5896,-43.0093,synthetic
synthetic,-29.7418,-178.0682,synthetic
synthetic,83.9528,-177.9101,synthetic
synthetic,-42.0966,145.7067,synthetic
synthetic,-178.4688,-31.6155,synthetic
synthetic,-60.9094,-53.0515,synthetic
synthetic,-8.7615,-93.6677,synthetic
synthetic,-157.0357,74.0823,synthetic
synthetic,-32.3463,-176.914,synthetic
synthetic,-154.3896,-55.6046,synthetic
synthetic,-63.5623,33.0456,synthetic
synthetic,124.3118,165.1582,synthetic
synthetic,-160.9456,-48.745,synthetic
synthetic,110.6397,155.8818,synthetic
synthetic,-92.8293,-2.4912,synthetic
synthetic,156.6342,10.9106,synthetic
synthetic,67.344,20.9649,synthetic
synthetic,77.7456,-127.2407,synthetic
synthetic,-114.3319,123.4992,synthetic
synthetic,-143.0249,-90.2932,synthetic
synthetic,74.1469,152.4936,synthetic
synthetic,179.5796,-178.6179,synthetic
synthetic,-154.8652,-52.4024,synthetic
synthetic,-169.427,-173.5154,synthetic
synthetic,-89.7286,-112.865,synthetic
synthetic,173.2898,-171.6732,synthetic
synthetic,-131.8506,-61.2486,synthetic
synthetic,-37.0574,-167.8543,synthetic
synthetic,-164.9228,-166.5682,synthetic
synthetic,-83.3146,59.8139,synthetic
synthetic,-163.118,-170.0742,synthetic
synthetic,-58.9231,-14.0968,synthetic
synthetic,-127.4456,163.6746,synthetic
synthetic,-57.345,-74.6648,synthetic
synthetic,47.824,19.4624,synthetic
synthetic,-119.3627,51.4252,synthetic
synthetic,60.335,64.6013,synthetic
synthetic,172.7671,45.4215,synthetic
synthetic,-118.7669,126.4322,synthetic
synthetic,85.1587,-162.5178,synthetic
synthetic,169.7039,-33.9804,synthetic
synthetic,178.057,-177.0133,synthetic
synthetic,82.3578,4.6596,synthetic
synthetic,-172.305,-36.3896,synthetic
synthetic,80.5345,-129.3518,synthetic
synthetic,53.6197,42.0281,synthetic
synthetic,-61.6509,19.0195,synthetic
synthetic,-112.6884,131.9515,synthetic
synthetic,-81.968,133.9467,synthetic
synthetic,-105.8642,157.2579,synthetic
synthetic,103.5285,157.8634,synthetic
synthetic,-110.2044,-177.319,synthetic
synthetic,127.874,163.6932,synthetic
synthetic,117.2451,119.9827,synthetic
synthetic,-98.9141,-166.495,synthetic
synthetic,-32.4318,136.3958,synthetic
synthetic,-155.0212,76.653,synthetic
synthetic,-9.1555,-6.2704,synthetic
synthetic,-119.2258,-173.8601,synthetic
synthetic,155.2699,5.1595,synthetic
synthetic,-1.6301,-101.6406,synthetic
synthetic,-9.1251,123.6524,synthetic
synthetic,-84.7897,130.54,synthetic
synthetic,-11.9806,-7.3254,synthetic
synthetic,-177.7765,-34.0381,synthetic
synthetic,-142.6528,-81.8593,synthetic
synthetic,-11.6826,128.351,synthetic
synthetic,-173.5059,38.5645,synthetic
synthetic,-154.7632,84.1059,synthetic
synthetic,-133.6722,20.6745,synthetic
synthetic,125.9524,13.7613,synthetic
synthetic,-59.5081,29.9216,synthetic
synthetic,56.4252,-146.9258,synthetic
synthetic,-44.5526,-162.5448,synthetic
synthetic,-97.0621,127.6421,synthetic
synthetic,-67.861,175.1517,synthetic
synthetic,3.7237,-91.4044,synthetic
synthetic,64.7266,52.7211,synthetic
synthetic,96.227,-175.8819,synthetic
synthetic,-93.713,-125.5589,synthetic
synthetic,52.0674,56.1643,synthetic
synthetic,177.2784,151.6689,synthetic
synthetic,-66.0431,156.7109,synthetic
synthetic,136.6559,-161.7963,synthetic
synthetic,101.5898,-13.433,synthetic
synthetic,178.2366,153.4638,synthetic
synthetic,-168.6748,-178.8153,synthetic
synthetic,-131.5849,-55.667,synthetic
synthetic,-48.8012,-47.8229,synthetic
synthetic,-173.18,40.4933,synthetic
synthetic,-161.5572,-172.498,synthetic
synthetic,90.851,178.0971,synthetic
synthetic,177.3686,38.9673,synthetic
synthetic,179.723,82.4925,synthetic
synthetic,-31.9378,-117.6155,synthetic
synthetic,95.2238,114.1501,synthetic
synthetic,170.6391,178.1718,synthetic
synthetic,-29.219,115.082,synthetic
synthetic,52.3177,-145.5687,synthetic
synthetic,-165.9101,-174.7818,synthetic
synthetic,-116.8571,125.0973,synthetic
synthetic,85.4136,-57.892,synthetic
synthetic,174.3272,-28.7074,synthetic
synthetic,179.9401,37.2237,synthetic
synthetic,-56.301,33.2779,synthetic
synthetic,-124.634,159.3589,synthetic
synthetic,169.5056,178.7682,synthetic
synthetic,-29.0789,-169.8942,synthetic
synthetic,-61.448,30.5724,synthetic
synthetic,-131.5801,126.541,synthetic
synthetic,-29.1252,78.5006,synthetic
synthetic,75.8126,3.8539,synthetic
synthetic,-34.7888,-170.166,synthetic
synthetic,-44.5883,-173.6799,synthetic
synthetic,-174.5533,78.8185,synthetic
synthetic,99.7035,-8.6208,synthetic
synthetic,-127.2237,-23.7878,synthetic
synthetic,61.4539,144.5873,synthetic
synthetic,-29.6256,138.2951,synthetic
synthetic,-31.673,73.1608,synthetic
synthetic,-106.3952,1.2346,synthetic
synthetic,178.9873,93.8837,synthetic
synthetic,76.4171,-62.6029,synthetic
synthetic,-38.3954,-69.0462,synthetic
synthetic,123.3298,126.2984,synthetic
synthetic,82.1361,-175.1432,synthetic
synthetic,-141.0432,-83.9339,synthetic
synthetic,-51.1106,-45.7225,synthetic
synthetic,172.8724,90.7806,synthetic
synthetic,-167.5883,-170.0033,synthetic
synthetic,85.3183,-175.6365,synthetic
synthetic,-172.8932,80.5663,synthetic
synthetic,56.6173,-150.7555,synthetic
synthetic,107.8019,-15.1425,synthetic
synthetic,-51.0455,-177.6354,synthetic
synthetic,60.7573,138.4214,synthetic
synthetic,-97.9901,-1.5846,synthetic
synthetic,-31.0854,67.8858,synthetic
synthetic,-45.3699,-74.295,synthetic
synthetic,82.3811,-58.5673,synthetic
synthetic,-25.5265,136.5354,synthetic
synthetic,159.2799,-165.704,synthetic
synthetic,-176.2891,-31.7147,synthetic
synthetic,10.6728,-84.1155,synthetic
synthetic,-72.9997,14.912,synthetic
synthetic,138.0452,-154.2569,synthetic
synthetic,155.4673,-51.9749,synthetic
synthetic,-41.0596,-121.928,synthetic
synthetic,-155.4418,24.1074,synthetic
synthetic,82.869,-161.1669,synthetic
synthetic,95.6767,-159.2122,synthetic
synthetic,3.0975,-80.2729,synthetic
synthetic,-2.1656,-84.6267,synthetic
synthetic,169.8809,-177.382,synthetic
synthetic,122.9453,-78.0214,synthetic
synthetic,-6.8228,-17.3375,synthetic
synthetic,-99.0024,-168.0266,synthetic
synthetic,118.988,-82.4067,synthetic
synthetic,176.662,39.7058,synthetic
synthetic,-94.5595,-122.5192,synthetic
synthetic,83.0925,-174.9891,synthetic
synthetic,-37.6431,-125.6387,synthetic
synthetic,125.7057,17.0371,synthetic
synthetic,33.3506,62.1592,synthetic
synthetic,136.5196,-154.3597,synthetic
synthetic,-127.4002,113.9563,synthetic
synthetic,59.7321,145.8067,synthetic
synthetic,130.6713,10.8066,synthetic
synthetic,-130.2138,-45.4459,synthetic
synthetic,-94.6962,-175.8995,synthetic
synthetic,-23.6484,-170.2647,synthetic
synthetic,-138.6763,154.7866,synthetic
synthetic,-6.3305,-4.2107,synthetic
synthetic,145.5005,103.1446,synthetic
synthetic,69.0597,125.3729,synthetic
synthetic,-26.4892,-55.4757,synthetic
synthetic,156.0468,11.0513,synthetic
synthetic,-163.9864,78.0119,synthetic
synthetic,112.9079,110.5396,synthetic
synthetic,175.0728,88.4196,synthetic
synthetic,174.0865,37.5245,synthetic
synthetic,128.4647,167.5482,synthetic
synthetic,-176.7796,41.7534,synthetic
synthetic,80.3097,-64.9821,synthetic
synthetic,64.565,20.5978,synthetic
synthetic,-95.8234,-126.5726,synthetic
synthetic,79.787,-69.3657,synthetic
synthetic,-39.144,132.4477,synthetic
synthetic,173.1888,-178.505,synthetic
synthetic,87.2185,176.6657,synthetic
synthetic,60.2371,143.2899,synthetic
synthetic,174.5243,-177.477,synthetic
synthetic,-27.0079,77.3267,synthetic
synthetic,154.6207,14.1622,synthetic
synthetic,146.7403,8.7223,synthetic
synthetic,-92.1826,-178.1536,synthetic
synthetic,-38.8924,78.4113,synthetic
synthetic,-66.2143,175.0187,synthetic
synthetic,135.8753,-49.5828,synthetic
synthetic,178.8768,149.1508,synthetic
synthetic,171.8969,-179.4956,synthetic
synthetic,-171.1987,-175.0732,synthetic
synthetic,121.1839,-73.6043,synthetic
synthetic,-99.806,-166.5694,synthetic
synthetic,-134.0034,-92.2621,synthetic
synthetic,-162.0696,78.0361,synthetic
synthetic,-65.0092,-179.8923,synthetic
synthetic,130.1517,10.7483,synthetic
synthetic,-95.6138,-168.439,synthetic
synthetic,-103.6293,137.5453,synthetic
synthetic,62.4535,138.9511,synthetic
synthetic,-3.7278,-71.7941,synthetic
synthetic,116.0495,158.4524,synthetic
synthetic,-132.2649,43.9942,synthetic
synthetic,-123.1463,146.2999,synthetic
synthetic,-122.5575,-136.0256,synthetic
synthetic,76.3797,165.4655,synthetic
synthetic,-37.5977,-120.4967,synthetic
synthetic,3.0836,-85.9339,synthetic
synthetic,69.3456,-135.7821,synthetic
synthetic,-18.883,-6.4945,synthetic
synthetic,179.9059,-32.8941,synthetic
synthetic,-125.9257,-133.5016,synthetic
synthetic,-95.8219,-117.5649,synthetic
synthetic,-122.5338,-129.7478,synthetic
synthetic,74.9586,127.7207,synthetic
synthetic,-46.0055,-178.8524,synthetic
synthetic,-12.6234,114.5691,synthetic
synthetic,-171.3114,97.0511,synthetic
synthetic,81.4367,-134.912,synthetic
synthetic,-139.4075,-84.2695,synthetic
synthetic,-179.7194,-31.1445,synthetic
synthetic,-163.3943,77.3473,synthetic
synthetic,61.1082,-153.4573,synthetic
synthetic,-138.244,19.9393,synthetic
synthetic,171.7155,152.2396,synthetic
synthetic,-22.7074,122.827,synthetic
synthetic,-62.0503,-43.4895,synthetic
synthetic,82.2023,-72.9681,synthetic
synthetic,174.6161,179.4273,synthetic
synthetic,-178.1233,49.1608,synthetic
synthetic,-110.8318,157.3361,synthetic
synthetic,-12.6589,-7.8095,synthetic
synthetic,-32.4985,75.8725,synthetic
synthetic,172.349,179.0732,synthetic
synthetic,164.143,-172.88,synthetic
synthetic,-178.7826,40.2668,synthetic
synthetic,-85.7393,-43.7906,synthetic
synthetic,160.3525,-57.2011,synthetic
synthetic,-42.0904,-63.667,synthetic
synthetic,-149.6428,33.7074,synthetic
synthetic,-57.0253,139.1097,synthetic
synthetic,-142.3605,177.8611,synthetic
synthetic,-97.8864,22.9233,synthetic
synthetic,76.677,-5.4937,synthetic
synthetic,-108.4114,31.7929,synthetic
synthetic,79.5006,-137.8958,synthetic
synthetic,-126.2733,129.1221,synthetic
synthetic,126.0537,166.9253,synthetic
synthetic,-98.4204,-171.2793,synthetic
synthetic,-50.567,-171.0534,synthetic
synthetic,54.6086,-141.1121,synthetic
synthetic,-127.7354,-129.1773,synthetic
synthetic,-167.2248,-177.5595,synthetic
synthetic,-137.6593,19.7243,synthetic
synthetic,-161.4099,-170.5077,synthetic
synthetic,-69.4926,-46.861,synthetic
synthetic,173.1264,42.1574,synthetic
synthetic,-156.315,-55.8823,synthetic
synthetic,-178.5715,167.7801,synthetic
synthetic,-133.3539,-128.9276,synthetic
synthetic,124.6577,-44.5216,synthetic
synthetic,31.504,54.9204,synthetic
synthetic,71.2341,126.1756,synthetic
synthetic,170.6362,-175.2507,synthetic
synthetic,-178.1318,40.8201,synthetic
synthetic,147.6307,109.2887,synthetic
synthetic,-118.8664,-177.6868,synthetic
synthetic,-89.2663,108.4245,synthetic
synthetic,-7.7968,-11.5409,synthetic
synthetic,-25.6427,81.5658,synthetic
synthetic,-121.6203,164.8023,synthetic
synthetic,-168.4342,-177.9905,synthetic
synthetic,-125.8489,172.0564,synthetic
synthetic,-7.0661,-11.405,synthetic
synthetic,162.4697,-172.0165,synthetic
synthetic,151.1579,-56.5847,synthetic
synthetic,-2.0788,-77.9905,synthetic
synthetic,-176.5575,176.4976,synthetic
synthetic,155.374,10.3587,synthetic
synthetic,-0.8707,-75.5734,synthetic
synthetic,-55.435,-44.3853,synthetic
synthetic,8.9117,-77.8327,synthetic
synthetic,67.166,28.2423,synthetic
synthetic,55.008,58.247,synthetic
synthetic,168.629,164.175,synthetic
synthetic,-66.7078,175.0763,synthetic
synthetic,-178.024,95.8015,synthetic
synthetic,-45.6745,76.6232,synthetic
synthetic,141.1571,111.6788,synthetic
synthetic,74.7617,153.4646,synthetic
synthetic,-111.8415,101.2548,synthetic
synthetic,-178.3118,84.6777,synthetic
synthetic,-84.9003,55.3971,synthetic
synthetic,70.1563,143.7505,synthetic
synthetic,2.0532,-89.2055,synthetic
synthetic,179.6425,153.6349,synthetic
synthetic,-69.4465,155.8817,synthetic
synthetic,175.8668,-179.305,synthetic
synthetic,174.3745,165.1431,synthetic
synthetic,126.7079,166.6381,synthetic
synthetic,-144.7774,-81.0887,synthetic
synthetic,-166.6412,179.5875,synthetic
synthetic,63.5232,124.9609,synthetic
synthetic,-41.5037,69.8209,synthetic
synthetic,-32.1133,-118.634,synthetic
synthetic,-26.8026,75.468,synthetic
synthetic,-84.7336,77.8374,synthetic
synthetic,-169.8101,-178.0492,synthetic
synthetic,-89.0987,-120.5412,synthetic
synthetic,-49.169,-23.1191,synthetic
synthetic,-165.3681,77.3602,synthetic
synthetic,-155.3005,78.7607,synthetic
synthetic,-55.1279,31.4374,synthetic
synthetic,-137.428,19.5798,synthetic
synthetic,-60.0343,-49.0138,synthetic
synthetic,-100.0893,62.385,synthetic
synthetic,-79.8179,-9.3558,synthetic
synthetic,116.6238,-83.5146,synthetic
synthetic,-156.4574,179.9655,synthetic
synthetic,-167.3999,-178.1154,synthetic
synthetic,-44.2595,-177.6095,synthetic
synthetic,-63.3651,21.5333,synthetic
synthetic,-2.3942,-100.1914,synthetic
synthetic,-11.9832,-20.8024,synthetic
synthetic,-101.9038,69.6187,synthetic
synthetic,-96.3729,118.8206,synthetic
synthetic,-159.3969,-56.645,synthetic
synthetic,-69.2526,166.4687,synthetic
synthetic,79.6904,155.5881,synthetic
synthetic,-145.2178,-73.9131,synthetic
synthetic,-34.0762,-172.2457,synthetic
synthetic,-28.8142,72.4754,synthetic
synthetic,-104.4209,110.2801,synthetic
synthetic,54.9019,44.5934,synthetic
synthetic,62.6763,-158.1601,synthetic
synthetic,-17.1767,120.7966,synthetic
synthetic,78.5965,160.3759,synthetic
synthetic,-101.1455,-173.8384,synthetic
synthetic,-177.2075,52.0457,synthetic
synthetic,-160.0167,-178.7665,synthetic
synthetic,6.102,-72.7685,synthetic
synthetic,-176.6533,37.9318,synthetic
synthetic,-97.8231,-2.1152,synthetic
synthetic,78.7197,162.5957,synthetic
synthetic,-1.3383,-100.1149,synthetic
synthetic,-142.384,37.4191,synthetic
synthetic,-50.5816,-54.7059,synthetic
synthetic,-24.6241,-173.7054,synthetic
synthetic,-93.9037,-125.2438,synthetic
synthetic,-5.4199,-95.2254,synthetic
synthetic,-159.3268,18.4725,synthetic
synthetic,-62.1123,-42.6008,synthetic
synthetic,-47.6365,-175.025,synthetic
synthetic,-67.8081,179.3905,synthetic
synthetic,133.6101,-157.0243,synthetic
synthetic,179.8597,-31.2338,synthetic
synthetic,-21.987,142.2206,synthetic
synthetic,-7.4956,-79.2484,synthetic
synthetic,128.5368,-51.7771,synthetic
synthetic,-150.6645,81.8688,synthetic
synthetic,61.4411,-142.8708,synthetic
synthetic,163.4398,-173.9921,synthetic
synthetic,165.3804,177.5529,synthetic
synthetic,-131.8338,117.5921,synthetic
synthetic,104.8706,-6.2757,synthetic
synthetic,173.1598,38.207,synthetic
synthetic,-112.6985,135.1698,synthetic
synthetic,178.7314,41.3471,synthetic
synthetic,-40.0834,-123.9254,synthetic
synthetic,-69.4058,-178.8178,synthetic
synthetic,-38.4568,-116.8751,synthetic
synthetic,-131.7623,-130.0887,synthetic
synthetic,169.9705,45.0732,synthetic
synthetic,178.8604,-32.0115,synthetic
synthetic,-29.3552,80.7405,synthetic
synthetic,-155.9971,-57.3822,synthetic
synthetic,126.2575,-49.6449,synthetic
synthetic,-125.6073,-136.9441,synthetic
synthetic,-14.4452,120.4247,synthetic
synthetic,-89.7564,-121.0633,synthetic
synthetic,-164.5164,-171.2876,synthetic
synthetic,-178.4675,-173.5302,synthetic
synthetic,167.5755,-175.9848,synthetic
synthetic,-32.9245,-166.8047,synthetic
synthetic,150.0232,107.3696,synthetic
synthetic,-140.5923,-81.8185,synthetic
synthetic,174.7636,165.0,synthetic
synthetic,-159.2341,-66.0383,synthetic
synthetic,-97.4868,-59.919,synthetic
synthetic,-55.872,35.5465,synthetic
synthetic,173.9095,46.4768,synthetic
synthetic,62.5529,17.3408,synthetic
synthetic,99.8054,111.617,synthetic
synthetic,128.5196,-41.6378,synthetic
synthetic,-77.8189,50.6028,synthetic
synthetic,66.0731,23.5548,synthetic
synthetic,176.5318,-36.0963,synthetic
synthetic,83.9879,-64.08,synthetic
synthetic,-80.5901,174.4969,synthetic
synthetic,-31.3736,139.0775,synthetic
synthetic,-109.2239,119.6722,synthetic
synthetic,-83.3203,50.8536,synthetic
synthetic,-47.5024,146.5052,synthetic
synthetic,-167.3468,78.7117,synthetic
synthetic,-18.8548,121.9234,synthetic
synthetic,-93.7376,69.368,synthetic
synthetic,-93.2949,-176.6211,synthetic
synthetic,153.683,-52.6957,synthetic
synthetic,-145.2728,-82.7668,synthetic
synthetic,-139.4184,-80.021,synthetic
synthetic,-162.8793,78.3827,synthetic
synthetic,86.346,-177.2842,synthetic
synthetic,-178.7078,95.2061,synthetic
synthetic,-163.6335,178.3411,synthetic
synthetic,-117.8023,-170.7682,synthetic
synthetic,-70.2594,177.7333,synthetic
synthetic,79.4855,-139.9041,synthetic
synthetic,-92.6875,-31.6697,synthetic
synthetic,-31.7505,-172.7279,synthetic
synthetic,177.6417,38.3523,synthetic
synthetic,-176.2851,-36.3967,synthetic
synthetic,151.7136,4.2827,synthetic
synthetic,154.9129,1.7923,synthetic
synthetic,92.7278,-13.3873,synthetic
synthetic,179.4385,51.2703,synthetic
synthetic,-28.059,-175.4861,synthetic
synthetic,96.7018,-17.2442,synthetic
synthetic,-139.7709,-89.2781,synthetic
synthetic,80.0315,-134.9364,synthetic
synthetic,-73.3634,173.2342,synthetic
synthetic,-146.3017,178.9786,synthetic
synthetic,-162.0603,-169.8108,synthetic
synthetic,-16.8475,121.5852,synthetic
synthetic,-81.1572,-119.9812,synthetic
synthetic,-66.2701,-19.1143,synthetic
synthetic,-67.6886,-178.2978,synthetic
synthetic,-62.2616,179.2086,synthetic
synthetic,138.2452,-152.4782,synthetic
synthetic,167.4167,-173.3505,synthetic
synthetic,-179.0162,42.2309,synthetic
synthetic,-142.1503,174.3777,synthetic
synthetic,-125.3136,173.8913,synthetic
synthetic,-174.5787,126.7827,synthetic
synthetic,-106.6709,-177.3215,synthetic
synthetic,149.904,155.3366,synthetic
synthetic,-179.4638,40.3517,synthetic
synthetic,97.4097,110.7478,synthetic
synthetic,113.1539,-71.8471,synthetic
synthetic,-22.7658,-168.6298,synthetic
synthetic,-125.3014,-137.975,synthetic
synthetic,87.6795,-62.1155,synthetic
synthetic,-28.7287,-171.3223,synthetic
synthetic,-31.3232,76.3757,synthetic
synthetic,-179.6927,51.3013,synthetic
synthetic,179.4319,-179.7274,synthetic
synthetic,-5.5531,-104.4684,synthetic
synthetic,-129.2324,-138.9063,synthetic
synthetic,-44.96,-14.6701,synthetic
synthetic,111.6692,-74.7189,synthetic
synthetic,107.0144,155.9455,synthetic
synthetic,126.3646,102.0785,synthetic
synthetic,-88.441,-108.7973,synthetic
synthetic,-95.169,125.0976,synthetic
synthetic,-175.9627,-33.9227,synthetic
synthetic,118.3631,166.8663,synthetic
synthetic,-92.1732,-116.2685,synthetic
synthetic,-101.2072,162.7302,synthetic
synthetic,-102.5158,155.874,synthetic
synthetic,-26.2436,76.3736,synthetic
synthetic,171.5056,-34.0004,synthetic
synthetic,76.2162,-131.4564,synthetic
synthetic,-35.5375,124.1872,synthetic
synthetic,144.1412,110.5346,synthetic
synthetic,-36.8545,73.8795,synthetic
synthetic,71.4772,128.2334,synthetic
synthetic,150.5877,158.085,synthetic
synthetic,-53.4745,-62.076,synthetic
synthetic,-7.0643,-9.3225,synthetic
synthetic,128.8642,7.7005,synthetic
synthetic,-146.1238,24.8842,synthetic
synthetic,-145.1821,-80.8679,synthetic
synthetic,-102.0807,-169.9588,synthetic
synthetic,146.1566,-164.4153,synthetic
synthetic,-137.5579,21.9651,synthetic
synthetic,179.2433,-32.1132,synthetic
synthetic,-75.2783,145.9734,synthetic
synthetic,-162.1065,175.8763,synthetic
synthetic,166.5411,-171.3645,synthetic
synthetic,84.0184,151.6993,synthetic
synthetic,-106.2399,124.5627,synthetic
synthetic,-98.1972,41.973,synthetic
synthetic,141.7196,-160.6638,synthetic
synthetic,-34.2296,-53.2661,synthetic
synthetic,71.6103,132.2991,synthetic
synthetic,-91.6281,145.6589,synthetic
synthetic,1.3415,-80.0144,synthetic
synthetic,-81.8758,75.3506,synthetic
synthetic,178.5958,54.676,synthetic
synthetic,-22.2567,122.5102,synthetic
synthetic,-167.9955,175.7405,synthetic
synthetic,175.4954,167.3423,synthetic
synthetic,163.7411,-173.8688,synthetic
synthetic,-52.0859,167.1284,synthetic
synthetic,165.7214,-179.5788,synthetic
synthetic,-30.4721,-171.6576,synthetic
synthetic,-114.8179,109.0485,synthetic
synthetic,-173.2096,48.0023,synthetic
synthetic,53.5365,51.1291,synthetic
synthetic,56.2434,47.2102,synthetic
synthetic,129.1611,15.4886,synthetic
synthetic,57.4223,-147.4272,synthetic
synthetic,-34.3232,72.6095,synthetic
synthetic,139.4876,-162.4154,synthetic
synthetic,-10.3429,121.8597,synthetic
synthetic,125.4812,9.5531,synthetic
synthetic,79.3626,131.3764,synthetic
synthetic,107.0726,108.2491,synthetic
synthetic,83.9333,-159.637,synthetic
synthetic,140.3836,120.8489,synthetic
synthetic,143.1985,111.7587,synthetic
synthetic,-81.4523,147.643,synthetic
synthetic,77.0427,1.658,synthetic
synthetic,106.6915,-3.516,synthetic
synthetic,-12.1552,121.9064,synthetic
synthetic,177.792,37.9293,synthetic
synthetic,-56.9671,118.4837,synthetic
synthetic,-113.6408,145.2978,synthetic
synthetic,-155.5664,24.1177,synthetic
synthetic,-61.7691,-38.4427,synthetic
synthetic,23.4035,59.3455,synthetic
synthetic,121.304,130.4357,synthetic
synthetic,-31.5969,-117.1668,synthetic
synthetic,88.1497,-169.848,synthetic
synthetic,-124.4835,158.4132,synthetic
synthetic,-10.1103,-95.2247,synthetic
synthetic,177.6729,38.7999,synthetic
synthetic,93.9364,11.3266,synthetic
synthetic,-31.8046,-179.5071,synthetic
synthetic,134.2972,-48.4795,synthetic
synthetic,85.7898,179.2233,synthetic
synthetic,-119.3656,-44.0321,synthetic
synthetic,-63.8926,-28.4726,synthetic
synthetic,-119.4027,132.7512,synthetic
synthetic,-103.9172,-1.6751,synthetic
synthetic,29.8529,53.4211,synthetic
synthetic,-83.7349,144.0233,synthetic
synthetic,60.3936,-142.3623,synthetic
synthetic,171.3105,41.4802,synthetic
synthetic,-171.6251,-38.0196,synthetic
synthetic,-71.1958,-176.8269,synthetic
synthetic,-167.2978,-179.5604,synthetic
synthetic,-159.4805,175.3598,synthetic
synthetic,-135.4904,163.4458,synthetic
synthetic,-71.5078,179.7231,synthetic
synthetic,100.3067,106.6822,synthetic
synthetic,134.5143,172.6903,synthetic
synthetic,-46.3194,-50.3444,synthetic
synthetic,82.7592,-172.1058,synthetic
synthetic,169.5236,-32.9767,synthetic
synthetic,-97.7185,-171.2041,synthetic
synthetic,-44.7979,141.0134,synthetic
synthetic,-167.8167,-178.5786,synthetic
synthetic,136.2092,-156.3558,synthetic
synthetic,-97.0206,158.0821,synthetic
synthetic,-145.144,-171.8956,synthetic
synthetic,174.9455,151.6501,synthetic
synthetic,-69.0013,-176.9805,synthetic
synthetic,-62.3494,-43.6167,synthetic
synthetic,-56.1968,-54.302,synthetic
synthetic,-166.3371,-173.8387,synthetic
synthetic,-125.1952,110.7906,synthetic
synthetic,-32.1142,75.1582,synthetic
synthetic,-49.6964,-162.0312,synthetic
synthetic,156.0122,-46.6376,synthetic
synthetic,83.3725,179.0837,synthetic
synthetic,-88.559,-127.402,synthetic
synthetic,-166.3035,-179.3179,synthetic
synthetic,169.9591,168.6105,synthetic
synthetic,179.8018,-33.2482,synthetic
synthetic,177.1109,54.0016,synthetic
synthetic,-179.7028,-31.5939,synthetic
synthetic,-4.2421,-107.5803,synthetic
synthetic,-28.7091,72.2842,synthetic
synthetic,179.0561,-34.6155,synthetic
synthetic,-29.3568,79.4345,synthetic
synthetic,-142.9552,-78.4904,synthetic
synthetic,-46.4775,155.3762,synthetic
synthetic,79.5251,-132.2814,synthetic
synthetic,-24.9323,141.7445,synthetic
synthetic,-177.3763,158.6812,synthetic
synthetic,-160.6697,-53.3554,synthetic
synthetic,-165.6993,178.5043,synthetic
synthetic,-97.8273,-5.2485,synthetic
synthetic,-164.6434,-179.2891,synthetic
synthetic,-0.4212,-101.6627,synthetic
synthetic,-171.72,36.9253,synthetic
synthetic,-170.5256,-173.849,synthetic
synthetic,-50.2631,-168.5872,synthetic
synthetic,-144.271,25.2984,synthetic
synthetic,-84.4803,139.8345,synthetic
synthetic,-20.4945,140.5345,synthetic
synthetic,-98.1639,-175.1818,synthetic
synthetic,-120.7435,-46.4186,synthetic
synthetic,-157.4791,80.8036,synthetic
synthetic,-172.8635,-32.5646,synthetic
synthetic,-172.7239,-31.0734,synthetic
synthetic,179.1259,40.6779,synthetic
synthetic,-39.8947,-64.1802,synthetic
synthetic,-120.0137,34.5991,synthetic
synthetic,118.3666,-67.5673,synthetic
synthetic,-8.8752,-10.8092,synthetic
synthetic,-143.5704,-175.0742,synthetic
synthetic,-28.6847,-177.5645,synthetic
synthetic,-161.1509,-173.9716,synthetic
synthetic,80.1545,-74.5391,synthetic
synthetic,175.4124,74.5107,synthetic
synthetic,-163.9212,36.8619,synthetic
synthetic,-23.3568,73.3723,synthetic
synthetic,-146.8607,174.1559,synthetic
synthetic,-163.9635,-171.8653,synthetic
synthetic,84.1954,-72.697,synthetic
synthetic,176.5531,92.1533,synthetic
synthetic,64.2403,136.5831,synthetic
synthetic,174.8009,-33.4569,synthetic
synthetic,-178.6278,47.3998,synthetic
synthetic,-124.5776,-52.5833,synthetic
synthetic,128.1517,-46.2651,synthetic
synthetic,56.6744,-147.0974,synthetic
synthetic,-33.6262,118.6865,synthetic
synthetic,152.8266,-54.6406,synthetic
synthetic,142.8615,-160.288,synthetic
synthetic,-115.0329,11.2692,synthetic
synthetic,-15.4613,-5.7509,synthetic
synthetic,54.9598,44.618,synthetic
synthetic,-58.7991,-94.658,synthetic
synthetic,156.441,10.8953,synthetic
synthetic,102.4271,-15.2221,synthetic
synthetic,-45.4285,-165.9008,synthetic
synthetic,-81.2346,-115.4993,synthetic
synthetic,175.892,-177.4567,synthetic
synthetic,53.3629,52.9963,synthetic
synthetic,-89.1483,-126.8718,synthetic
synthetic,171.077,155.1184,synthetic
synthetic,162.2345,-169.1831,synthetic
synthetic,89.1462,-158.1365,synthetic
synthetic,-5.8561,-97.3646,synthetic
synthetic,-56.7163,27.9908,synthetic
synthetic,178.8077,50.6748,synthetic
synthetic,-94.2762,-43.7278,synthetic
synthetic,-11.8743,-10.0205,synthetic
synthetic,-165.0332,85.8302,synthetic
synthetic,-116.773,-6.8538,synthetic
synthetic,-70.2321,-36.6503,synthetic
synthetic,-12.2305,124.3644,synthetic
synthetic,-55.553,-36.5788,synthetic
synthetic,-138.8485,-91.4075,synthetic
synthetic,-155.641,38.2518,synthetic
synthetic,171.0271,164.0046,synthetic
synthetic,-176.8288,43.0888,synthetic
synthetic,-175.0092,30.8787,synthetic
synthetic,-54.8342,-34.0866,synthetic
synthetic,97.1188,111.3639,synthetic
synthetic,-57.2045,-51.3372,synthetic
synthetic,-70.9884,176.9104,synthetic
synthetic,140.3802,-155.6621,synthetic
synthetic,-177.7472,96.0439,synthetic
synthetic,78.2362,141.1996,synthetic
synthetic,158.6847,10.2174,synthetic
synthetic,2.6355,-87.4574,synthetic
synthetic,-166.0569,-167.67,synthetic
synthetic,0.4608,-76.6532,synthetic
synthetic,97.3273,110.1062,synthetic
synthetic,76.6308,-142.2807,synthetic
synthetic,166.731,42.1061,synthetic
synthetic,-156.2951,40.4393,synthetic
synthetic,-102.6318,-173.8036,synthetic
synthetic,-115.4192,71.1965,synthetic
synthetic,-105.5725,129.6264,synthetic
synthetic,171.4586,159.4529,synthetic
synthetic,-155.5454,-52.815,synthetic
synthetic,-15.5033,-69.8096,synthetic
synthetic,-142.857,168.1062,synthetic
synthetic,-125.1786,119.9397,synthetic
synthetic,157.4112,-175.314,synthetic
synthetic,-93.2012,125.3613,synthetic
synthetic,-120.8688,30.1334,synthetic
synthetic,-13.2347,-5.8333,synthetic
synthetic,141.1827,-159.0048,synthetic
synthetic,-145.7517,28.6203,synthetic
synthetic,-12.9205,-15.7835,synthetic
synthetic,-141.91,109.9365,synthetic
synthetic,-179.7893,-38.0167,synthetic
synthetic,120.7793,128.4413,synthetic
synthetic,-61.2685,177.4379,synthetic
synthetic,94.7161,-178.7811,synthetic
synthetic,-97.7926,-175.1504,synthetic
synthetic,-132.125,-130.1363,synthetic
synthetic,112.5422,102.0341,synthetic
synthetic,109.8572,-15.2396,synthetic
synthetic,178.9321,35.2961,synthetic
synthetic,-137.2879,-90.128,synthetic
synthetic,60.4919,134.1125,synthetic
synthetic,84.5938,-59.9361,synthetic
synthetic,78.3436,-69.8568,synthetic
synthetic,27.4341,64.5729,synthetic
synthetic,77.7466,-178.4845,synthetic
synthetic,-159.5748,-56.0534,synthetic
synthetic,-27.9102,80.0773,synthetic
synthetic,179.2048,-179.0509,synthetic
synthetic,87.0222,23.0533,synthetic
synthetic,133.8531,-48.9664,synthetic
synthetic,173.0403,40.7928,synthetic
synthetic,83.7101,-179.8961,synthetic
synthetic,-162.0228,163.0631,synthetic
synthetic,-143.3951,-83.5627,synthetic
synthetic,124.7683,126.519,synthetic
synthetic,-165.5524,158.417,synthetic
synthetic,78.5604,0.5949,synthetic
synthetic,-93.7229,-129.4151,synthetic
synthetic,80.8241,161.3323,synthetic
synthetic,80.5942,16.7781,synthetic
synthetic,-100.801,-175.2149,synthetic
synthetic,88.6601,-73.3887,synthetic
synthetic,29.5693,60.7484,synthetic
synthetic,-86.9518,57.769,synthetic
synthetic,177.4581,167.9935,synthetic
synthetic,-98.6346,-172.5947,synthetic
synthetic,-10.2659,-7.112,synthetic
synthetic,-12.3808,121.7711,synthetic
synthetic,-65.0554,-41.6824,synthetic
synthetic,-99.0804,161.2712,synthetic
synthetic,-5.1225,-11.5106,synthetic
synthetic,-24.5382,-169.7607,synthetic
synthetic,84.7099,-66.5389,synthetic
synthetic,62.0274,148.1833,synthetic
synthetic,128.7271,10.6541,synthetic
synthetic,-91.4665,109.1998,synthetic
synthetic,-131.4016,163.1501,synthetic
synthetic,-170.0744,176.7983,synthetic
synthetic,51.7375,41.2877,synthetic
synthetic,100.1157,-8.606,synthetic
synthetic,-25.7833,-41.5452,synthetic
synthetic,-168.5853,84.2541,synthetic
synthetic,-96.3653,51.7284,synthetic
synthetic,-163.293,74.0976,synthetic
synthetic,-30.1506,153.8948,synthetic
synthetic,171.2316,164.4261,synthetic
synthetic,179.3295,151.241,synthetic
synthetic,-139.8555,-50.5362,synthetic
synthetic,-2.8273,-76.1549,synthetic
synthetic,0.0056,-83.0852,synthetic
synthetic,-93.1037,165.0041,synthetic
synthetic,172.8127,-174.7132,synthetic
synthetic,-28.9309,-172.3113,synthetic
synthetic,-89.1377,56.7185,synthetic
synthetic,-48.7208,-175.7952,synthetic
synthetic,-82.6655,-5.8102,synthetic
synthetic,142.8882,7.569,synthetic
synthetic,-30.4121,133.3509,synthetic
synthetic,-123.4976,164.5661,synthetic
synthetic,81.0105,149.7263,synthetic
synthetic,111.505,159.8926,synthetic
synthetic,82.5201,163.8485,synthetic
synthetic,-175.7869,-32.1436,synthetic
synthetic,-42.0475,130.5056,synthetic
synthetic,-26.5691,73.9942,synthetic
synthetic,150.2543,166.4028,synthetic
synthetic,-94.3618,45.2405,synthetic
synthetic,-65.3105,-179.6852,synthetic
synthetic,-160.5831,36.7102,synthetic
synthetic,29.5196,60.369,synthetic
synthetic,-87.9479,-20.7896,synthetic
synthetic,167.7551,-170.6738,synthetic
synthetic,-51.8067,-33.8806,synthetic
synthetic,167.2758,-172.7601,synthetic
synthetic,81.5123,-69.8784,synthetic
synthetic,81.0316,-69.5263,synthetic
synthetic,70.6686,18.1523,synthetic
synthetic,78.3039,-130.9866,synthetic
synthetic,64.699,-148.9924,synthetic
synthetic,80.7696,159.6363,synthetic
synthetic,130.8828,6.1413,synthetic
synthetic,60.963,146.2056,synthetic
synthetic,-179.4658,84.8576,synthetic
synthetic,114.248,-75.8238,synthetic
synthetic,144.8401,108.8743,synthetic
synthetic,-127.6611,-132.1182,synthetic
synthetic,-28.2249,140.4219,synthetic
synthetic,-39.36,-167.8871,synthetic
synthetic,58.4526,59.4175,synthetic
synthetic,-98.8003,-126.5213,synthetic
synthetic,81.4071,-65.9968,synthetic
synthetic,45.9616,57.5225,synthetic
synthetic,-102.4591,-171.6563,synthetic
synthetic,86.9297,-65.0692,synthetic
synthetic,-117.2867,12.436,synthetic
synthetic,176.8905,178.3416,synthetic
synthetic,55.4838,53.6472,synthetic
synthetic,-165.6778,84.4306,synthetic
synthetic,173.2875,175.1879,synthetic
synthetic,-138.3065,-57.5807,synthetic
synthetic,-103.8258,-167.149,synthetic
synthetic,58.2723,146.3524,synthetic
synthetic,-0.5743,-86.9721,synthetic
synthetic,-35.3359,-58.8084,synthetic
synthetic,-170.5389,-178.1779,synthetic
synthetic,-160.1389,-175.7466,synthetic
synthetic,69.2417,139.317,synthetic
synthetic,157.1042,-49.8438,synthetic
synthetic,178.8422,84.1411,synthetic
synthetic,-85.816,88.8079,synthetic
synthetic,143.1835,152.1896,synthetic
synthetic,80.0497,163.4891,synthetic
synthetic,-84.3567,80.0346,synthetic
synthetic,75.6193,-159.9977,synthetic
synthetic,176.7104,42.8593,synthetic
synthetic,77.9914,-135.1928,synthetic
synthetic,154.0601,9.056,synthetic
synthetic,-31.7972,73.7666,synthetic
synthetic,178.5013,-33.6586,synthetic
synthetic,60.9888,23.5683,synthetic
synthetic,104.0821,112.7459,synthetic
synthetic,-179.5031,-27.435,synthetic
synthetic,116.2123,-85.1035,synthetic
synthetic,-5.7928,-3.4167,synthetic
synthetic,-158.9247,-57.7528,synthetic
synthetic,141.8665,-152.1406,synthetic
synthetic,-55.2598,-59.5809,synthetic
synthetic,7.466,-86.2965,synthetic
synthetic,57.3693,51.511,synthetic
synthetic,170.8888,44.0673,synthetic
synthetic,-47.8802,-168.634,synthetic
synthetic,-163.5122,82.2632,synthetic
synthetic,-170.7926,-34.0586,synthetic
synthetic,-133.195,71.8652,synthetic
synthetic,-179.8272,163.0904,synthetic
synthetic,-126.2219,38.9061,synthetic
synthetic,110.7962,-14.527,synthetic
synthetic,151.9009,-56.7985,synthetic
synthetic,155.6032,0.2417,synthetic
synthetic,-1.9024,-88.3729,synthetic
synthetic,82.7072,160.8216,synthetic
synthetic,-9.0547,-2.754,synthetic
synthetic,120.2628,-40.3701,synthetic
synthetic,-31.2709,138.1742,synthetic
synthetic,176.1999,-33.5289,synthetic
synthetic,-124.9905,-132.4548,synthetic
synthetic,125.749,12.4471,synthetic
synthetic,-148.0068,81.8037,synthetic
synthetic,141.0477,108.1003,synthetic
synthetic,-46.391,-176.5811,synthetic
synthetic,-69.8989,-29.434,synthetic
synthetic,-56.6469,-39.8278,synthetic
synthetic,-11.046,0.4197,synthetic
synthetic,-30.3987,165.5715,synthetic
synthetic,-67.4406,143.7159,synthetic
synthetic,-14.2385,0.3002,synthetic
synthetic,178.9296,166.0162,synthetic
synthetic,150.7839,163.2451,synthetic
synthetic,1.6365,-85.7575,synthetic
synthetic,-7.5578,-15.0344,synthetic
synthetic,0.9884,-84.0254,synthetic
synthetic,55.8121,61.1307,synthetic
synthetic,1.0981,-109.1174,synthetic
synthetic,-128.6335,-58.0737,synthetic
synthetic,-170.6724,-173.4738,synthetic
synthetic,81.6912,-136.3176,synthetic
synthetic,155.594,6.5187,synthetic
synthetic,35.5546,54.0697,synthetic
synthetic,141.2507,-159.4315,synthetic
synthetic,-31.5627,-177.3607,synthetic
synthetic,104.135,107.0379,synthetic
synthetic,-171.098,-38.7455,synthetic
synthetic,-177.3359,-179.3012,synthetic
synthetic,174.5809,41.7401,synthetic
synthetic,176.7847,41.7427,synthetic
synthetic,-9.3997,119.3483,synthetic
synthetic,-164.141,71.8724,synthetic
synthetic,-174.6958,176.3967,synthetic
synthetic,-85.4237,158.7189,synthetic
synthetic,-120.7623,-6.7679,synthetic
synthetic,-136.167,76.1179,synthetic
synthetic,145.0527,110.1484,synthetic
synthetic,-27.9857,-118.8017,synthetic
synthetic,-133.4847,22.039,synthetic
synthetic,33.0365,59.0802,synthetic
synthetic,-133.6629,77.8281,synthetic
synthetic,-65.4245,-45.7881,synthetic
synthetic,-122.994,159.0246,synthetic
synthetic,74.8825,-131.8667,synthetic
synthetic,-1.3396,-105.7192,synthetic
synthetic,-64.8688,-174.0475,synthetic
synthetic,173.059,-177.2503,synthetic
synthetic,-165.4763,-176.0941,synthetic
synthetic,153.523,-53.1529,synthetic
synthetic,-22.4487,-168.2534,synthetic
synthetic,85.3834,6.8249,synthetic
synthetic,-154.4179,36.3746,synthetic
synthetic,-58.4295,25.8234,synthetic
synthetic,-162.2163,-170.9034,synthetic
synthetic,82.0128,-177.0977,synthetic
synthetic,77.357,-132.0456,synthetic
synthetic,171.6903,151.1877,synthetic
synthetic,-103.7484,-172.0147,synthetic
synthetic,-93.5685,-121.8379,synthetic
synthetic,-107.7413,148.736,synthetic
synthetic,-58.6445,-39.6799,synthetic
synthetic,-119.767,177.7675,synthetic
synthetic,-99.1898,-168.6058,synthetic
synthetic,-59.0672,109.8588,synthetic
synthetic,103.5081,-12.6732,synthetic
synthetic,-27.1762,-167.7693,synthetic
synthetic,-31.5283,-165.9663,synthetic
synthetic,65.4071,144.9336,synthetic
synthetic,-107.426,104.8655,synthetic
synthetic,-179.4975,31.8428,synthetic
synthetic,108.3032,98.5022,synthetic
synthetic,-126.7517,175.5206,synthetic
synthetic,86.3197,178.2635,synthetic
synthetic,-120.3068,135.5978,synthetic
synthetic,-5.6362,-83.0695,synthetic
synthetic,-98.255,20.0883,synthetic
synthetic,-69.8339,-5.8065,synthetic
synthetic,179.8573,-33.3067,synthetic
synthetic,-48.8359,-175.566,synthetic
synthetic,-100.6575,128.8374,synthetic
synthetic,-146.8436,-175.062,synthetic
synthetic,-118.9939,125.8558,synthetic
synthetic,-163.7759,171.7393,synthetic
synthetic,54.6369,-143.6302,synthetic
synthetic,168.9084,-172.7987,synthetic
synthetic,76.722,-66.2167,synthetic
synthetic,-175.6291,84.2564,synthetic
synthetic,-174.0462,-37.8721,synthetic
synthetic,-96.2836,2.9157,synthetic
synthetic,-122.4144,141.4884,synthetic
synthetic,130.2704,165.8703,synthetic
synthetic,86.6386,119.6446,synthetic
synthetic,68.8369,-64.9241,synthetic
synthetic,-65.791,-36.678,synthetic
synthetic,-96.4873,178.8517,synthetic
synthetic,-64.9126,-176.7616,synthetic
synthetic,164.5843,-54.0962,synthetic
synthetic,-13.0321,122.7497,synthetic
synthetic,-177.1477,-38.887,synthetic
synthetic,-4.6364,-8.5045,synthetic
synthetic,-62.6666,-46.2881,synthetic
synthetic,-171.193,55.5358,synthetic
synthetic,-162.4384,24.0807,synthetic
synthetic,-81.3527,-9.2415,synthetic
synthetic,136.0671,-161.3919,synthetic
synthetic,-37.6272,-82.8131,synthetic
synthetic,176.5776,89.3415,synthetic
synthetic,-53.4647,31.285,synthetic
synthetic,-146.9271,130.1048,synthetic
synthetic,171.4824,46.9922,synthetic
synthetic,-37.303,73.5267,synthetic
synthetic,156.3429,-54.8253,synthetic
synthetic,-125.8815,-135.5203,synthetic
synthetic,-72.5924,-40.1147,synthetic
synthetic,-143.6197,-84.1187,synthetic
synthetic,178.8644,166.2805,synthetic
synthetic,-135.6062,152.7762,synthetic
synthetic,-103.3667,-172.6969,synthetic
synthetic,85.9662,-66.9761,synthetic
synthetic,139.3779,112.8778,synthetic
synthetic,165.3947,-174.1751,synthetic
synthetic,65.8962,139.2019,synthetic
synthetic,-88.5557,-129.3519,synthetic
synthetic,-158.9747,76.6684,synthetic
synthetic,-84.404,-122.102,synthetic
synthetic,-137.8444,164.5553,synthetic
synthetic,179.8838,40.7316,synthetic
synthetic,-118.0307,-14.4652,synthetic
synthetic,-7.192,-7.0739,synthetic
synthetic,-179.5865,91.6747,synthetic
synthetic,74.1338,6.3705,synthetic
synthetic,-178.7119,79.5453,synthetic
synthetic,60.3042,149.6247,synthetic
synthetic,176.8069,-32.0155,synthetic
synthetic,140.2173,108.0367,synthetic
synthetic,68.0944,-134.0958,synthetic
synthetic,-5.7055,-74.3535,synthetic
synthetic,125.4689,166.3717,synthetic
synthetic,-43.953,-170.5403,synthetic
synthetic,-35.1423,-171.841,synthetic
synthetic,-143.852,-171.7535,synthetic
synthetic,136.4712,162.4152,synthetic
synthetic,84.1881,174.1905,synthetic
synthetic,-139.9568,102.8503,synthetic
synthetic,-162.0503,-171.0116,synthetic
synthetic,-8.5558,-10.6574,synthetic
synthetic,-104.477,-23.1428,synthetic
synthetic,-136.6968,-49.2418,synthetic
synthetic,-121.4857,-25.9529,synthetic
synthetic,-140.4792,178.9915,synthetic
synthetic,-77.4827,-38.1276,synthetic
synthetic,-63.4924,137.5184,synthetic
synthetic,-98.7065,40.7808,synthetic
synthetic,-87.8999,124.0641,synthetic
synthetic,-8.4501,-11.9296,synthetic
synthetic,-40.2632,76.8594,synthetic
synthetic,-85.8522,-123.6633,synthetic
synthetic,85.968,-61.7456,synthetic
synthetic,-135.7175,72.0695,synthetic
synthetic,45.3492,44.9102,synthetic
synthetic,176.1999,42.0232,synthetic
synthetic,108.9982,5.4538,synthetic
synthetic,113.368,-18.8956,synthetic
synthetic,89.5173,-162.2037,synthetic
synthetic,-92.1543,-173.8714,synthetic
synthetic,-29.6001,154.4749,synthetic
synthetic,75.1636,171.1148,synthetic
synthetic,-75.8275,6.8376,synthetic
synthetic,-43.0157,-171.1011,synthetic
synthetic,152.3202,116.1602,synthetic
synthetic,75.0267,-135.352,synthetic
synthetic,173.3502,-176.204,synthetic
synthetic,-57.1391,34.2083,synthetic
synthetic,-57.5529,31.7076,synthetic
synthetic,176.2582,-178.4515,synthetic
synthetic,58.4509,61.8498,synthetic
synthetic,-35.3584,-123.2484,synthetic
synthetic,-94.6615,38.3224,synthetic
synthetic,-88.6643,-117.7824,synthetic
synthetic,-39.9998,-167.0715,synthetic
synthetic,-86.9648,100.8123,synthetic
synthetic,-14.2937,-12.5524,synthetic
synthetic,-17.208,-18.8197,synthetic
synthetic,109.1022,-13.6842,synthetic
synthetic,-177.2192,-35.1295,synthetic
synthetic,-123.1783,148.4802,synthetic
synthetic,121.3753,8.7267,synthetic
synthetic,4.1373,-89.4513,synthetic
synthetic,-170.8175,-174.9261,synthetic
synthetic,-116.6811,-176.6281,synthetic
synthetic,175.7543,-33.65,synthetic
synthetic,-74.9349,-45.7268,synthetic
synthetic,173.9714,33.4517,synthetic
synthetic,155.5741,-52.7051,synthetic
synthetic,66.1028,26.3069,synthetic
synthetic,-69.6275,134.2563,synthetic
synthetic,138.8346,107.8802,synthetic
synthetic,-59.3236,179.2091,synthetic
synthetic,110.3939,-65.3979,synthetic
synthetic,102.5329,18.0413,synthetic
synthetic,179.7702,-35.5384,synthetic
synthetic,151.4486,3.8989,synthetic
synthetic,105.3281,-12.8538,synthetic
synthetic,2.2327,-77.6593,synthetic
synthetic,175.9232,179.0684,synthetic
synthetic,110.5385,-17.1068,synthetic
synthetic,-89.8533,-112.0759,synthetic
synthetic,100.2597,109.9682,synthetic
synthetic,83.6378,-130.1213,synthetic
synthetic,-155.0065,-47.8113,synthetic
synthetic,141.3553,112.9369,synthetic
synthetic,-53.1626,31.0083,synthetic
synthetic,-77.1168,-3.8143,synthetic
synthetic,-43.2263,-50.191,synthetic
synthetic,58.1957,-146.0368,synthetic
synthetic,-11.9711,122.4181,synthetic
synthetic,176.6153,152.9624,synthetic
synthetic,-149.3144,33.886,synthetic
synthetic,-126.878,-134.2269,synthetic
synthetic,60.9524,143.9824,synthetic
synthetic,-161.3656,-177.149,synthetic
synthetic,-120.9058,-11.2934,synthetic
synthetic,177.3171,-32.4109,synthetic
synthetic,125.1586,3.0509,synthetic
synthetic,90.0589,-153.5099,synthetic
synthetic,-144.4592,42.2329,synthetic
synthetic,-126.5453,-124.0538,synthetic
synthetic,35.9061,54.8375,synthetic
synthetic,-96.2214,-177.3373,synthetic
synthetic,-33.69,74.0196,synthetic
synthetic,123.9302,-43.423,synthetic
synthetic,176.0232,168.9201,synthetic
synthetic,138.8738,114.8657,synthetic
synthetic,-36.8158,74.5328,synthetic
synthetic,-179.0339,52.2182,synthetic
synthetic,105.3046,6.4532,synthetic
synthetic,-81.4524,141.538,synthetic
synthetic,88.2743,-57.7699,synthetic
synthetic,-106.1247,133.3185,synthetic
synthetic,-15.1725,116.5987,synthetic
synthetic,179.2064,154.0638,synthetic
synthetic,106.1744,108.2078,synthetic
synthetic,82.3333,-130.1482,synthetic
synthetic,-177.7746,-40.8736,synthetic
synthetic,58.5502,-145.2011,synthetic
synthetic,-175.4419,-37.4801,synthetic
synthetic,-169.4599,-30.7321,synthetic
synthetic,-57.8771,-14.5881,synthetic
synthetic,-131.3332,-47.4039,synthetic
synthetic,79.1209,151.9116,synthetic
synthetic,179.5272,-30.2666,synthetic
synthetic,-125.3836,-52.6893,synthetic
synthetic,-54.9456,-53.5872,synthetic
synthetic,102.7527,101.3146,synthetic
synthetic,168.2929,-34.9112,synthetic
synthetic,96.5905,-12.9943,synthetic
synthetic,178.1573,154.2862,synthetic
synthetic,159.4923,8.9272,synthetic
synthetic,57.4307,42.733,synthetic
synthetic,-56.1888,35.6552,synthetic
synthetic,-176.6587,89.6262,synthetic
synthetic,106.0294,-9.8461,synthetic
synthetic,-45.7339,76.8166,synthetic
synthetic,-31.7338,-176.5414,synthetic
synthetic,-149.3522,33.328,synthetic
synthetic,-179.8446,-171.1596,synthetic
synthetic,-176.8801,154.003,synthetic
synthetic,-1.6919,-85.6155,synthetic
synthetic,-100.3149,72.2852,synthetic
synthetic,4.4203,-84.0515,synthetic
synthetic,81.8727,-153.4563,synthetic
synthetic,-104.6299,122.6594,synthetic
synthetic,-162.2344,-164.2135,synthetic
synthetic,-136.4186,-93.2797,synthetic
synthetic,-50.0657,-51.6103,synthetic
synthetic,-164.2699,-57.7261,synthetic
synthetic,-116.2617,176.4369,synthetic
synthetic,-156.8411,74.9903,synthetic
synthetic,-109.434,103.6047,synthetic
synthetic,-101.6961,159.5486,synthetic
synthetic,-157.5858,154.4261,synthetic
synthetic,174.8134,45.6667,synthetic
synthetic,-99.8779,97.0012,synthetic
synthetic,138.2492,-157.7494,synthetic
synthetic,-35.1238,128.2429,synthetic
synthetic,158.111,6.9284,synthetic
synthetic,-62.969,153.9359,synthetic
synthetic,-127.3111,-22.644,synthetic
synthetic,-137.9829,-93.3267,synthetic
synthetic,-86.9574,12.4312,synthetic
synthetic,-52.2515,131.984,synthetic
synthetic,-136.6707,16.941,synthetic
synthetic,-122.6363,138.3409,synthetic
synthetic,-13.6108,-8.0488,synthetic
synthetic,85.7568,-178.2239,synthetic
synthetic,29.341,66.8602,synthetic
synthetic,-146.4538,129.7716,synthetic
synthetic,-15.1137,-8.5431,synthetic
synthetic,168.1007,-177.2719,synthetic
synthetic,110.9057,-9.4859,synthetic
synthetic,-63.4386,-46.3652,synthetic
synthetic,70.7068,138.2737,synthetic
synthetic,178.5596,-35.0845,synthetic
synthetic,-145.9129,-73.6779,synthetic
synthetic,80.2822,-64.3469,synthetic
synthetic,61.5812,50.2406,synthetic
synthetic,-156.7583,-52.2258,synthetic
synthetic,59.9368,144.1051,synthetic
synthetic,-179.279,-32.4539,synthetic
synthetic,81.0167,-66.8958,synthetic
synthetic,175.9849,153.7331,synthetic
synthetic,-60.1231,110.7485,synthetic
synthetic,173.9057,165.8435,synthetic
synthetic,-12.0595,-1.2718,synthetic
synthetic,-70.5517,-48.1974,synthetic
synthetic,-90.5464,110.2465,synthetic
synthetic,-176.5787,-35.6518,synthetic
synthetic,-164.121,-175.2244,synthetic
synthetic,-165.8995,86.3067,synthetic
synthetic,-178.9157,-33.6645,synthetic
synthetic,43.9234,66.1718,synthetic
synthetic,-46.778,172.4329,synthetic
synthetic,-83.9312,67.6638,synthetic
synthetic,116.8285,-48.8675,synthetic
synthetic,84.3097,179.2483,synthetic
synthetic,-140.3889,-175.3369,synthetic
synthetic,86.7334,174.9641,synthetic
synthetic,81.1385,-176.388,synthetic
synthetic,-127.2194,165.48,synthetic
synthetic,-86.2627,4.0677,synthetic
synthetic,-177.8102,86.8903,synthetic
synthetic,-99.4133,66.0732,synthetic
synthetic,169.0194,-176.5201,synthetic
synthetic,-28.3672,178.8472,synthetic
synthetic,-89.0973,42.0717,synthetic
synthetic,-122.0576,-126.5961,synthetic
synthetic,-46.1805,-53.8654,synthetic
synthetic,-87.3077,117.5877,synthetic
synthetic,-145.9494,173.7259,synthetic
synthetic,147.4139,153.7848,synthetic
synthetic,108.6103,99.4785,synthetic
synthetic,104.764,-14.2413,synthetic
synthetic,-69.4361,-179.5264,synthetic
synthetic,-137.5246,36.3464,synthetic
synthetic,-120.0232,-52.7904,synthetic
synthetic,78.944,174.3246,synthetic
synthetic,162.9579,-172.0685,synthetic
synthetic,-83.9986,50.8966,synthetic
synthetic,8.6147,-87.5515,synthetic
synthetic,179.8596,83.96,synthetic
synthetic,86.9189,-63.5559,synthetic
synthetic,87.3359,149.2074,synthetic
synthetic,-84.7257,-128.9238,synthetic
synthetic,-22.6527,114.8768,synthetic
synthetic,-132.8988,74.2484,synthetic
synthetic,-44.2989,-175.0978,synthetic
synthetic,87.9701,-172.7432,synthetic
synthetic,86.4954,-67.2617,synthetic
synthetic,-89.6987,-175.6582,synthetic
synthetic,-90.3872,39.9508,synthetic
synthetic,-94.038,49.767,synthetic
synthetic,103.3496,111.2155,synthetic
synthetic,-146.3428,-81.6594,synthetic
synthetic,114.1888,-72.0127,synthetic
synthetic,113.0389,-73.8763,synthetic
synthetic,-56.9742,137.5978,synthetic
synthetic,-10.4876,125.0486,synthetic
synthetic,170.6904,-36.2585,synthetic
synthetic,-12.7529,122.1811,synthetic
synthetic,79.6683,-70.9866,synthetic
synthetic,154.4637,-55.745,synthetic
synthetic,-146.9533,173.8024,synthetic
synthetic,-36.7863,-170.6194,synthetic
synthetic,122.2901,168.6178,synthetic
synthetic,-127.8451,-126.2105,synthetic
synthetic,-21.464,149.2767,synthetic
synthetic,82.4846,-69.4846,synthetic
synthetic,84.8724,-170.0796,synthetic
synthetic,59.7466,45.2795,synthetic
synthetic,62.7457,146.0847,synthetic
synthetic,-134.7124,173.3431,synthetic
synthetic,-150.8812,-167.7771,synthetic
synthetic,-105.4062,-173.1393,synthetic
synthetic,179.9569,-36.0821,synthetic
synthetic,123.6489,-46.3805,synthetic
synthetic,176.6811,82.9599,synthetic
synthetic,-95.4012,-56.3681,synthetic
synthetic,-58.1544,-39.5329,synthetic
synthetic,-57.7239,32.9412,synthetic
synthetic,171.6087,39.6835,synthetic
synthetic,-57.431,-46.8264,synthetic
synthetic,67.0369,-150.5287,synthetic
synthetic,63.3783,50.3279,synthetic
synthetic,43.3327,64.8489,synthetic
synthetic,-171.0787,128.7926,synthetic
synthetic,101.0818,112.3936,synthetic
synthetic,156.8791,-168.7385,synthetic
synthetic,-98.0712,-174.2076,synthetic
synthetic,-30.9189,71.7236,synthetic
synthetic,86.3433,-173.0684,synthetic
synthetic,-51.2789,-60.5157,synthetic
synthetic,82.8193,-64.67,synthetic
synthetic,152.4919,-52.954,synthetic
synthetic,-132.2291,-5.1439,synthetic
synthetic,81.0409,-70.3383,synthetic
synthetic,51.2879,61.0261,synthetic
synthetic,-168.656,176.5868,synthetic
synthetic,-102.553,-168.3685,synthetic
synthetic,64.1519,144.4355,synthetic
synthetic,0.5058,-78.7167,synthetic
synthetic,-88.1662,139.6379,synthetic
synthetic,130.9299,7.5719,synthetic
synthetic,138.5854,-154.6007,synthetic
synthetic,54.9244,46.9759,synthetic
synthetic,-117.9736,150.8887,synthetic
synthetic,-75.9821,131.6572,synthetic
synthetic,-139.2382,-80.4404,synthetic
synthetic,-135.226,20.3783,synthetic
synthetic,-146.2694,24.8449,synthetic
synthetic,-38.8548,70.0301,synthetic
synthetic,55.415,51.6784,synthetic
synthetic,128.0849,-44.3966,synthetic
synthetic,172.0752,91.504,synthetic
synthetic,-166.4762,-177.4621,synthetic
synthetic,-0.4249,-98.6311,synthetic
synthetic,-27.962,-43.5585,synthetic
synthetic,-85.2985,122.4155,synthetic
synthetic,-14.2275,-11.7545,synthetic
synthetic,-92.1537,-119.6691,synthetic
synthetic,70.6362,23.4643,synthetic
synthetic,-167.2378,-179.1122,synthetic
synthetic,-52.5278,-47.0297,synthetic
synthetic,-105.3213,14.4021,synthetic
synthetic,88.5052,-176.1954,synthetic
synthetic,-85.2298,0.0478,synthetic
synthetic,170.5849,164.1254,synthetic
synthetic,-95.2949,41.0226,synthetic
synthetic,-26.6204,-170.0386,synthetic
synthetic,-136.738,-61.3753,synthetic
synthetic,-179.3827,-178.0667,synthetic
synthetic,-5.4992,-9.8591,synthetic
synthetic,-161.2341,-176.8609,synthetic
synthetic,117.7379,124.6495,synthetic
synthetic,-29.7438,81.0296,synthetic
synthetic,-164.8961,-172.8593,synthetic
synthetic,-165.1854,-173.3595,synthetic
synthetic,73.3676,-6.8609,synthetic
synthetic,175.4607,40.9008,synthetic
synthetic,125.7169,165.4451,synthetic
synthetic,-67.1247,149.0449,synthetic
synthetic,138.1909,111.3863,synthetic
synthetic,-58.3001,19.0122,synthetic
synthetic,-36.1723,75.9996,synthetic
synthetic,28.7308,56.2736,synthetic
synthetic,-161.543,-56.0219,synthetic
synthetic,147.2178,121.2157,synthetic
synthetic,-48.2403,144.8704,synthetic
synthetic,-68.992,138.3128,synthetic
synthetic,120.0103,157.8042,synthetic
synthetic,-50.1006,-49.414,synthetic
synthetic,-134.3151,35.8317,synthetic
synthetic,4.12,-87.6772,synthetic
synthetic,178.2642,-32.3976,synthetic
synthetic,175.5724,-32.51,synthetic
synthetic,-158.1125,-62.7142,synthetic
synthetic,-166.5478,84.0702,synthetic
synthetic,177.63,40.6263,synthetic
synthetic,-59.6298,-36.3814,synthetic
synthetic,-41.8109,-77.877,synthetic
synthetic,-92.5641,128.9631,synthetic
synthetic,-21.3348,117.9986,synthetic
synthetic,177.8727,43.8257,synthetic
synthetic,-177.0982,49.7408,synthetic
synthetic,-34.1217,-62.9715,synthetic
synthetic,179.0876,-171.9254,synthetic
synthetic,76.5049,-67.0829,synthetic
synthetic,-55.2507,112.5422,synthetic
synthetic,-164.1059,170.1926,synthetic
synthetic,-3.7107,-99.8801,synthetic
synthetic,26.1133,56.2221,synthetic
synthetic,113.9529,-72.9432,synthetic
synthetic,-34.7837,-174.8343,synthetic
synthetic,80.5119,155.8879,synthetic
synthetic,-54.2292,-42.7414,synthetic
synthetic,178.7357,-35.2848,synthetic
synthetic,-8.5736,-10.1448,synthetic
synthetic,-63.014,-38.1552,synthetic
synthetic,175.1302,-169.3699,synthetic
synthetic,-64.4857,-38.0921,synthetic
synthetic,-123.6994,-51.591,synthetic
synthetic,150.9319,5.429,synthetic
synthetic,-61.7253,-28.3939,synthetic
synthetic,132.6266,11.7476,synthetic
synthetic,71.007,159.5624,synthetic
synthetic,66.3609,124.7705,synthetic
synthetic,-80.4622,78.0039,synthetic
synthetic,68.6087,123.5052,synthetic
synthetic,-147.3118,-67.1575,synthetic
synthetic,-177.7795,88.257,synthetic
synthetic,71.262,155.3303,synthetic
synthetic,-140.0761,166.5128,synthetic
synthetic,176.3445,-34.8321,synthetic
synthetic,113.0903,117.7335,synthetic
synthetic,138.6884,108.1862,synthetic
synthetic,-12.8645,-9.4145,synthetic
synthetic,64.2661,147.6329,synthetic
synthetic,-31.4241,-177.822,synthetic
synthetic,119.8982,157.729,synthetic
synthetic,80.6396,-65.1228,synthetic
synthetic,87.7223,177.9858,synthetic
synthetic,75.9751,4.4991,synthetic
synthetic,-59.9745,28.3925,synthetic
synthetic,-57.4898,152.5748,synthetic
synthetic,-173.7104,37.3439,synthetic
synthetic,-168.1483,-176.7428,synthetic
synthetic,147.1455,121.1324,synthetic
synthetic,-66.3049,97.9651,synthetic
synthetic,-84.0914,-122.5332,synthetic
synthetic,-149.0661,31.7262,synthetic
synthetic,123.5583,-76.334,synthetic
synthetic,-121.5474,172.4876,synthetic
synthetic,-78.1601,-11.8535,synthetic
synthetic,176.6575,-175.1502,synthetic
synthetic,-177.7918,163.4451,synthetic
synthetic,-128.2035,-129.7962,synthetic
synthetic,78.0766,-68.6732,synthetic
synthetic,152.7357,-53.6987,synthetic
synthetic,153.0006,-53.7333,synthetic
synthetic,130.6945,170.8816,synthetic
synthetic,76.7826,-76.7691,synthetic
synthetic,2.7685,-87.0785,synthetic
synthetic,-160.0322,33.9621,synthetic
synthetic,3.7518,-83.3289,synthetic
synthetic,-39.8501,-12.7611,synthetic
synthetic,119.6485,-82.6784,synthetic
synthetic,91.5335,179.5842,synthetic
synthetic,-52.0442,-46.8912,synthetic
synthetic,-129.4132,140.8515,synthetic
synthetic,0.2698,-85.8097,synthetic
synthetic,65.0723,-149.0851,synthetic
synthetic,-100.6081,106.6203,synthetic
synthetic,-76.3275,-11.9017,synthetic
synthetic,-56.627,-179.3896,synthetic
synthetic,175.2415,-32.2306,synthetic
synthetic,81.6637,-74.4821,synthetic
synthetic,-46.7973,-169.1872,synthetic
synthetic,125.8463,9.5218,synthetic
synthetic,-69.7844,178.6737,synthetic
synthetic,-120.6786,138.1625,synthetic
synthetic,74.2597,138.9629,synthetic
synthetic,112.9333,-8.2062,synthetic
synthetic,174.6057,91.0386,synthetic
synthetic,-93.8387,-119.7221,synthetic
synthetic,84.7056,157.4754,synthetic
synthetic,-138.1311,-86.1163,synthetic
synthetic,-139.2796,166.713,synthetic
synthetic,-177.9424,-28.2645,synthetic
synthetic,-90.1476,47.3888,synthetic
synthetic,-36.5267,85.916,synthetic
synthetic,-126.8439,163.6565,synthetic
synthetic,-61.3676,176.0624,synthetic
synthetic,179.0203,92.685,synthetic
synthetic,-69.9159,-176.7259,synthetic
synthetic,-105.363,-0.5026,synthetic
synthetic,-85.2068,-3.0094,synthetic
synthetic,-90.0215,109.6927,synthetic
synthetic,120.0562,132.7585,synthetic
synthetic,-35.4212,-122.9729,synthetic
synthetic,-126.1256,53.1491,synthetic
synthetic,78.3631,177.947,synthetic
synthetic,-103.8161,109.1232,synthetic
synthetic,124.5369,168.8663,synthetic
synthetic,-29.4793,74.0503,synthetic
synthetic,127.2149,-51.7129,synthetic
synthetic,175.1787,172.3228,synthetic
synthetic,-166.4818,-171.5707,synthetic
synthetic,-114.3921,64.4109,synthetic
synthetic,-176.1074,-31.7156,synthetic
synthetic,-64.9007,-11.5955,synthetic
synthetic,-76.3636,122.3927,synthetic
synthetic,-142.1286,-79.5902,synthetic
synthetic,69.2578,122.1476,synthetic
synthetic,179.7028,-44.4339,synthetic
synthetic,26.4596,53.5378,synthetic
synthetic,47.3859,47.189,synthetic
synthetic,-120.4902,-171.1335,synthetic
synthetic,-51.1116,-168.3904,synthetic
synthetic,-91.4417,-116.6026,synthetic
synthetic,-84.0377,24.0392,synthetic
synthetic,-178.0851,88.5506,synthetic
synthetic,176.3953,89.2114,synthetic
synthetic,101.096,18.3987,synthetic
synthetic,-119.2447,-12.4285,synthetic
synthetic,-163.8115,-173.398,synthetic
synthetic,-65.7123,156.6234,synthetic
synthetic,-94.191,-171.8237,synthetic
synthetic,-99.4975,164.1379,synthetic
synthetic,109.6199,109.4619,synthetic
synthetic,173.2513,166.984,synthetic
synthetic,1.6096,-83.0834,synthetic
synthetic,-38.0422,178.5261,synthetic
synthetic,-129.2957,159.496,synthetic
synthetic,175.0855,49.5323,synthetic
synthetic,-77.2273,144.2857,synthetic
synthetic,123.6331,165.209,synthetic
synthetic,43.8291,62.0685,synthetic
synthetic,174.2679,153.0708,synthetic
synthetic,94.8658,-174.1361,synthetic
synthetic,63.7268,125.1411,synthetic
synthetic,142.3567,120.4361,synthetic
synthetic,177.5489,51.1945,synthetic
synthetic,-178.9858,42.2017,synthetic
synthetic,-144.0825,20.2983,synthetic
synthetic,73.0654,-124.4535,synthetic
synthetic,-98.7784,54.537,synthetic
synthetic,-172.1802,-174.5638,synthetic
synthetic,79.5137,-130.5906,synthetic
synthetic,87.6089,-166.6201,synthetic
synthetic,-146.0541,125.0858,synthetic
synthetic,88.8749,-170.801,synthetic
synthetic,84.8043,175.1797,synthetic
synthetic,65.4015,-12.733,synthetic
synthetic,157.7944,-51.609,synthetic
synthetic,-166.8176,87.5181,synthetic
synthetic,89.2916,-174.7422,synthetic
synthetic,88.4962,176.5046,synthetic
synthetic,-75.0038,-4.2778,synthetic
synthetic,82.109,-64.2188,synthetic
synthetic,-178.2439,123.9907,synthetic
synthetic,-142.3417,-82.416,synthetic
synthetic,-160.8505,-171.8935,synthetic
synthetic,-178.9293,-31.6094,synthetic
synthetic,-101.1786,-176.8073,synthetic
synthetic,83.2725,-173.0386,synthetic
synthetic,-11.3759,121.6255,synthetic
synthetic,80.0685,19.9781,synthetic
synthetic,-107.4832,-171.7651,synthetic
synthetic,-44.2165,-174.0526,synthetic
synthetic,-91.4186,-114.8726,synthetic
synthetic,0.721,-74.6555,synthetic
synthetic,-179.6913,-34.3844,synthetic
synthetic,44.5577,51.5173,synthetic
synthetic,-42.6251,126.8732,synthetic
synthetic,-61.1708,-44.3799,synthetic
synthetic,130.479,-46.4115,synthetic
synthetic,173.9678,36.974,synthetic
synthetic,74.8218,-68.9087,synthetic
synthetic,59.9846,-144.8855,synthetic
synthetic,-27.4488,178.6669,synthetic
synthetic,-26.8034,119.7895,synthetic
synthetic,176.7786,147.6813,synthetic
synthetic,81.9939,172.6213,synthetic
synthetic,-45.022,-118.6536,synthetic
synthetic,-73.2578,-68.6401,synthetic
synthetic,62.6281,22.0664,synthetic
synthetic,61.5179,27.7094,synthetic
synthetic,-35.8957,-123.1504,synthetic
synthetic,58.9452,-138.831,synthetic
synthetic,-1.1122,-101.5429,synthetic
synthetic,-5.2052,119.6613,synthetic
synthetic,-34.6211,141.8366,synthetic
synthetic,-110.5884,119.7219,synthetic
synthetic,-125.1523,-128.7426,synthetic
synthetic,71.5892,125.419,synthetic
synthetic,179.0452,168.1493,synthetic
synthetic,109.7636,-63.0692,synthetic
synthetic,-164.0245,-172.655,synthetic
synthetic,119.2986,128.6178,synthetic
synthetic,59.1469,144.6144,synthetic
synthetic,106.098,110.9599,synthetic
synthetic,-72.8913,-33.4084,synthetic
synthetic,-178.543,167.8345,synthetic
synthetic,-126.774,137.3919,synthetic
synthetic,173.5449,41.3093,synthetic
synthetic,-25.5524,-170.7636,synthetic
synthetic,82.3247,158.9487,synthetic
synthetic,46.1999,58.2193,synthetic
synthetic,-27.8832,79.7299,synthetic
synthetic,-11.2677,-11.2764,synthetic
synthetic,-39.8961,-120.1601,synthetic
synthetic,-92.7614,48.3036,synthetic
synthetic,161.6097,-49.9304,synthetic
synthetic,-164.1537,179.1483,synthetic
synthetic,-102.196,-175.3863,synthetic
synthetic,125.2262,-71.2069,synthetic
synthetic,130.0256,11.0731,synthetic
synthetic,-35.0035,-57.6511,synthetic
synthetic,-47.2266,-58.1465,synthetic
synthetic,111.1509,-70.5458,synthetic
synthetic,150.242,-54.3663,synthetic
synthetic,-4.7856,-84.847,synthetic
synthetic,-17.4662,-6.7937,synthetic
synthetic,118.5949,159.2621,synthetic
synthetic,63.5372,27.7432,synthetic
synthetic,-25.186,-173.1254,synthetic
synthetic,44.8541,59.7913,synthetic
synthetic,-29.9217,-116.0154,synthetic
synthetic,-137.0379,-123.3598,synthetic
synthetic,-84.3626,73.5399,synthetic
synthetic,-155.6037,-179.2614,synthetic
synthetic,-53.6472,125.2055,synthetic
synthetic,-22.4555,139.2694,synthetic
synthetic,-33.8273,-123.6187,synthetic
synthetic,-11.6901,0.7651,synthetic
synthetic,63.0329,22.0445,synthetic
synthetic,164.841,-51.7132,synthetic
synthetic,100.9792,25.7203,synthetic
synthetic,-161.6885,-173.0171,synthetic
synthetic,73.7091,-138.0716,synthetic
synthetic,144.3056,-155.7216,synthetic
synthetic,-8.1132,-2.5188,synthetic
synthetic,-177.6288,125.8746,synthetic
synthetic,154.5886,2.8078,synthetic
synthetic,110.7851,23.5265,synthetic
synthetic,-79.6783,-50.1018,synthetic
synthetic,-179.5287,42.4389,synthetic
synthetic,174.1484,-174.9089,synthetic
synthetic,58.7803,17.9756,synthetic
synthetic,-56.5925,-93.9954,synthetic
synthetic,104.8822,108.9152,synthetic
synthetic,-49.604,-53.7362,synthetic
synthetic,90.1379,179.2992,synthetic
synthetic,-119.5525,-135.1034,synthetic
synthetic,59.2801,21.3001,synthetic
synthetic,-30.4043,-176.4639,synthetic
synthetic,67.3867,137.734,synthetic
synthetic,144.8029,117.1807,synthetic
synthetic,-165.6942,-173.3767,synthetic
synthetic,-56.9284,-92.4126,synthetic
synthetic,-31.6754,-120.8411,synthetic
synthetic,-179.4596,38.4311,synthetic
synthetic,-174.488,81.4615,synthetic
synthetic,142.243,113.0396,synthetic
synthetic,-163.5848,176.6649,synthetic
synthetic,-120.4206,-171.1414,synthetic
synthetic,-87.9989,-116.0759,synthetic
synthetic,122.6182,163.0455,synthetic
synthetic,138.9339,-163.4075,synthetic
synthetic,59.0067,142.7482,synthetic
synthetic,80.9832,-176.5338,synthetic
synthetic,-152.0825,35.6565,synthetic
synthetic,-51.9545,-50.5799,synthetic
synthetic,-42.3409,75.1138,synthetic
synthetic,138.1431,-160.2105,synthetic
synthetic,61.9876,62.5272,synthetic
synthetic,172.9231,-175.4078,synthetic
synthetic,-90.5757,54.2712,synthetic
synthetic,172.0894,-175.5885,synthetic
synthetic,-169.001,179.9048,synthetic
synthetic,5.9171,-86.7475,synthetic
synthetic,77.8628,-142.4097,synthetic
synthetic,-86.7206,-127.6252,synthetic
synthetic,-91.163,45.8867,synthetic
synthetic,27.925,55.6612,synthetic
synthetic,129.174,-42.3751,synthetic
synthetic,144.216,108.3123,synthetic
synthetic,-154.8535,36.5786,synthetic
synthetic,1.5497,-81.3175,synthetic
synthetic,-32.3591,-171.6484,synthetic
synthetic,83.5486,-156.8739,synthetic
synthetic,150.4728,-54.9882,synthetic
synthetic,76.6872,179.0904,synthetic
synthetic,117.8109,122.3275,synthetic
synthetic,-151.3887,78.9963,synthetic
synthetic,-77.8206,14.1618,synthetic
synthetic,-140.4603,143.6526,synthetic
synthetic,-78.3961,-5.6811,synthetic
synthetic,-31.6597,118.5119,synthetic
synthetic,91.2577,-158.7,synthetic
synthetic,149.6382,108.4934,synthetic
synthetic,4.7595,-77.6762,synthetic
synthetic,179.055,88.1577,synthetic
synthetic,174.6924,-176.3362,synthetic
synthetic,-167.6669,-175.5747,synthetic
synthetic,107.7868,102.7374,synthetic
synthetic,-68.0001,133.1389,synthetic
synthetic,114.8669,-86.6806,synthetic
synthetic,60.8487,124.8413,synthetic
synthetic,66.5151,23.0187,synthetic
synthetic,119.2765,-78.9951,synthetic
synthetic,162.2673,-166.693,synthetic
synthetic,176.4487,87.852,synthetic
synthetic,138.5013,-157.0744,synthetic
synthetic,63.7934,137.4353,synthetic
synthetic,59.5285,-157.9015,synthetic
synthetic,-38.0717,73.632,synthetic
synthetic,-173.7387,86.7012,synthetic
synthetic,168.1501,-179.7893,synthetic
synthetic,137.8404,116.4356,synthetic
synthetic,132.6668,108.0874,synthetic
synthetic,112.6563,8.1411,synthetic
synthetic,76.628,-128.1992,synthetic
synthetic,-118.0249,-44.1838,synthetic
synthetic,-86.213,148.3781,synthetic
synthetic,154.2076,-54.1167,synthetic
synthetic,74.0699,2.1191,synthetic
synthetic,-52.0143,-176.832,synthetic
synthetic,77.1248,-3.6341,synthetic
synthetic,0.3425,-82.3623,synthetic
synthetic,152.7952,108.9034,synthetic
synthetic,-173.0866,79.3202,synthetic
synthetic,-119.0845,140.7299,synthetic
synthetic,-90.3613,54.2098,synthetic
synthetic,59.7828,148.7085,synthetic
synthetic,-134.4141,134.3051,synthetic
synthetic,-72.6999,168.5546,synthetic
synthetic,-30.2526,-169.6795,synthetic
synthetic,72.4958,177.5724,synthetic
synthetic,-29.8171,80.9607,synthetic
synthetic,-140.9828,-84.1556,synthetic
synthetic,-139.5142,179.4938,synthetic
synthetic,-144.787,131.0053,synthetic
synthetic,-133.6375,153.4599,synthetic
synthetic,139.9239,109.3091,synthetic
synthetic,-134.9662,162.2505,synthetic
synthetic,-14.9411,-8.1359,synthetic
synthetic,-59.6873,-98.6922,synthetic
synthetic,-147.2096,79.4335,synthetic
synthetic,-24.6796,-174.5521,synthetic
synthetic,-26.7406,77.6625,synthetic
synthetic,-116.5234,120.3516,synthetic
synthetic,150.036,109.9719,synthetic
synthetic,173.6628,87.0208,synthetic
synthetic,-82.5743,-122.5573,synthetic
synthetic,-91.5168,-122.3636,synthetic
synthetic,-9.5856,-6.7415,synthetic
synthetic,78.5854,-133.9755,synthetic
synthetic,-94.0334,-120.0539,synthetic
synthetic,-179.8011,-36.1858,synthetic
synthetic,-10.314,-2.3016,synthetic
synthetic,107.9375,24.0335,synthetic
synthetic,71.8788,-5.4156,synthetic
synthetic,115.6398,-77.7477,synthetic
synthetic,74.8907,-130.1203,synthetic
synthetic,137.6948,110.4008,synthetic
synthetic,-163.3978,178.3141,synthetic
synthetic,97.3303,33.8158,synthetic
synthetic,-23.5416,-173.123,synthetic
synthetic,-31.74,83.1208,synthetic
synthetic,131.6743,-160.3048,synthetic
synthetic,78.5462,153.1591,synthetic
synthetic,27.0877,58.8641,synthetic
synthetic,144.8006,106.6361,synthetic
synthetic,62.1049,23.4944,synthetic
synthetic,179.7432,170.7767,synthetic
synthetic,142.6334,-160.5254,synthetic
synthetic,-99.1539,64.5554,synthetic
synthetic,-72.2614,-41.9376,synthetic
synthetic,-81.5213,128.5867,synthetic
synthetic,-15.0003,-9.8224,synthetic
synthetic,-94.8657,-173.9104,synthetic
synthetic,-67.8543,-50.506,synthetic
synthetic,-122.8766,149.144,synthetic
synthetic,-94.8607,52.9724,synthetic
synthetic,-13.0981,120.6784,synthetic
synthetic,-63.163,-37.7947,synthetic
synthetic,-49.551,-32.9556,synthetic
synthetic,-154.5827,-54.8075,synthetic
synthetic,-162.6234,88.8842,synthetic
synthetic,-95.7899,21.533,synthetic
synthetic,-152.5182,-68.0474,synthetic
synthetic,-179.4785,-30.8623,synthetic
synthetic,-156.4203,-57.633,synthetic
synthetic,143.1602,111.1871,synthetic
synthetic,-86.7614,102.7031,synthetic
synthetic,179.1393,48.433,synthetic
synthetic,70.0412,124.5268,synthetic
synthetic,56.2968,49.13,synthetic
synthetic,-114.2289,101.4618,synthetic
synthetic,107.5912,156.6638,synthetic
synthetic,-34.4268,74.0435,synthetic
synthetic,85.4349,-61.7703,synthetic
synthetic,-1.8715,-80.1975,synthetic
synthetic,121.922,126.8586,synthetic
synthetic,-39.9583,-119.827,synthetic
synthetic,-55.2738,34.6216,synthetic
synthetic,-81.5885,48.0958,synthetic
synthetic,-49.1254,-163.3684,synthetic
synthetic,79.9812,-175.5299,synthetic
synthetic,-8.1816,-5.5308,synthetic
synthetic,178.6394,-36.0884,synthetic
synthetic,-30.6617,113.8222,synthetic
synthetic,84.5464,-67.5779,synthetic
synthetic,-95.0846,-179.5636,synthetic
synthetic,-99.929,-172.5631,synthetic
synthetic,137.2079,-155.614,synthetic
synthetic,79.6124,1.9218,synthetic
synthetic,118.7673,-64.6073,synthetic
synthetic,-49.3945,-172.9651,synthetic
synthetic,75.6899,-127.1915,synthetic
synthetic,-0.515,-84.2956,synthetic
synthetic,-97.7161,-124.6927,synthetic
synthetic,106.0912,-11.8308,synthetic
synthetic,171.0301,37.3475,synthetic
synthetic,-143.9402,-74.4702,synthetic
synthetic,-36.1124,77.6193,synthetic
synthetic,74.3415,7.1573,synthetic
synthetic,98.1701,106.9274,synthetic
synthetic,-35.3588,-58.7403,synthetic
synthetic,59.6922,51.187,synthetic
synthetic,151.113,5.7243,synthetic
synthetic,29.2692,62.6974,synthetic
synthetic,44.2737,43.2959,synthetic
synthetic,-10.9558,-9.4887,synthetic
synthetic,179.063,-30.9515,synthetic
synthetic,112.7602,-76.9947,synthetic
synthetic,-66.9913,-178.0466,synthetic
synthetic,-61.5355,21.0001,synthetic
synthetic,137.7032,-159.2665,synthetic
synthetic,-26.1072,77.6999,synthetic
synthetic,-3.2458,-71.8874,synthetic
synthetic,-72.7993,154.1878,synthetic
synthetic,-128.0414,-129.2345,synthetic
synthetic,75.0322,-65.2295,synthetic
synthetic,-127.7402,-129.0995,synthetic
synthetic,179.5282,87.3316,synthetic
synthetic,-10.7964,-12.3551,synthetic
synthetic,177.9077,40.7232,synthetic
synthetic,-41.682,-6.864,synthetic
synthetic,152.0757,-58.3453,synthetic
synthetic,58.3708,42.6191,synthetic
synthetic,81.8833,-59.3728,synthetic
synthetic,167.5747,-176.353,synthetic
synthetic,-88.9455,-117.5367,synthetic
synthetic,-84.6488,103.1841,synthetic
synthetic,-87.8478,159.4926,synthetic
synthetic,125.3864,128.77,synthetic
synthetic,-87.2121,-116.1833,synthetic
synthetic,47.2087,53.0295,synthetic
synthetic,-179.9321,172.966,synthetic
synthetic,123.369,131.5775,synthetic
synthetic,-101.9381,141.7919,synthetic
synthetic,-177.4475,91.1269,synthetic
synthetic,73.0554,2.0897,synthetic
synthetic,-167.3728,77.5889,synthetic
synthetic,-178.0976,-179.5907,synthetic
synthetic,179.389,90.3458,synthetic
synthetic,134.2221,112.4341,synthetic
synthetic,-40.7271,-171.4398,synthetic
synthetic,-96.4725,-116.4762,synthetic
synthetic,-45.8004,-160.9413,synthetic
synthetic,-158.4647,-175.1664,synthetic
synthetic,-98.4853,44.9894,synthetic
synthetic,-31.4401,133.2979,synthetic
synthetic,170.7817,44.0717,synthetic
synthetic,-2.3297,-85.5096,synthetic
synthetic,120.5218,165.5802,synthetic
synthetic,77.6878,-133.5065,synthetic
synthetic,177.1357,-33.9486,synthetic
synthetic,-41.7677,-124.0002,synthetic
synthetic,121.6787,-73.8223,synthetic
synthetic,146.3798,113.2141,synthetic
synthetic,66.7923,130.2499,synthetic
synthetic,52.1079,-144.1601,synthetic
synthetic,-88.2633,-123.5119,synthetic
synthetic,-88.6855,76.9486,synthetic
synthetic,166.5781,-167.7003,synthetic
synthetic,174.951,166.6823,synthetic
synthetic,120.1406,126.4769,synthetic
synthetic,44.2749,60.3657,synthetic
synthetic,83.159,-178.596,synthetic
synthetic,84.9172,-170.3248,synthetic
synthetic,-92.9614,-165.3421,synthetic
synthetic,65.9155,123.7949,synthetic
synthetic,-126.0215,159.5937,synthetic
synthetic,137.8017,118.9275,synthetic
synthetic,-56.371,31.0818,synthetic
synthetic,99.1437,112.3857,synthetic
synthetic,-85.6407,89.2387,synthetic
synthetic,-177.1082,-39.182,synthetic
synthetic,-9.292,-0.5771,synthetic
synthetic,84.1053,-59.5911,synthetic
synthetic,-45.0445,-20.9557,synthetic
synthetic,-160.514,-50.679,synthetic
synthetic,33.1404,67.6399,synthetic
synthetic,-26.6618,-177.6916,synthetic
synthetic,-7.5542,-11.6972,synthetic
synthetic,176.6563,-35.3449,synthetic
synthetic,77.0452,-128.3987,synthetic
synthetic,-10.743,-10.4466,synthetic
synthetic,96.7087,113.6152,synthetic
synthetic,-37.5272,121.475,synthetic
synthetic,-119.4149,-174.1162,synthetic
synthetic,-31.6364,74.3224,synthetic
synthetic,155.467,-174.395,synthetic
synthetic,-113.1019,1.4589,synthetic
synthetic,169.9218,45.9667,synthetic
synthetic,-111.993,70.3868,synthetic
synthetic,-84.8749,-111.6636,synthetic
synthetic,74.4576,158.4393,synthetic
synthetic,173.0587,43.4569,synthetic
synthetic,-37.7382,84.0865,synthetic
synthetic,-95.3536,-113.9282,synthetic
synthetic,-33.7063,-171.3747,synthetic
synthetic,79.7567,-177.2307,synthetic
synthetic,-90.3811,113.1881,synthetic
synthetic,77.4524,13.8933,synthetic
synthetic,82.1907,-1.3065,synthetic
synthetic,-152.0643,37.0568,synthetic
synthetic,97.8588,-166.4131,synthetic
synthetic,106.0918,-13.1193,synthetic
synthetic,-12.3119,-6.2151,synthetic
synthetic,171.0873,-177.4304,synthetic
synthetic,173.5955,-178.5915,synthetic
synthetic,-117.3579,122.5872,synthetic
synthetic,-136.4874,-56.1163,synthetic
synthetic,-140.6553,-80.5905,synthetic
synthetic,68.9363,36.2888,synthetic
synthetic,-11.1662,-20.2286,synthetic
synthetic,-75.6192,170.7713,synthetic
synthetic,178.9019,-36.2813,synthetic
synthetic,-38.8903,-117.8,synthetic
synthetic,-105.2142,65.2304,synthetic
synthetic,-57.0968,27.7911,synthetic
synthetic,140.5672,109.8355,synthetic
synthetic,-171.807,-177.6846,synthetic
synthetic,81.5401,-132.3234,synthetic
synthetic,-60.4035,34.2851,synthetic
synthetic,-29.5045,-178.2634,synthetic
synthetic,150.6728,-58.0356,synthetic
synthetic,-174.1736,37.7122,synthetic
synthetic,177.0967,-174.4562,synthetic
synthetic,175.2068,53.8853,synthetic
synthetic,88.5639,-178.5169,synthetic
synthetic,86.0138,179.8304,synthetic
synthetic,6.0923,-84.7901,synthetic
synthetic,87.1854,-172.3184,synthetic
synthetic,-65.3705,132.6829,synthetic
synthetic,-15.2,-17.1623,synthetic
synthetic,146.1787,112.8495,synthetic
synthetic,-119.6915,-13.6656,synthetic
synthetic,105.3158,156.1787,synthetic
synthetic,-5.483,-100.1632,synthetic
synthetic,-47.883,-56.3229,synthetic
synthetic,61.8877,-147.0259,synthetic
synthetic,81.9707,-60.6213,synthetic
synthetic,-50.5925,166.9807,synthetic
synthetic,83.1248,-173.9807,synthetic
synthetic,173.454,35.9766,synthetic
synthetic,121.9922,9.4104,synthetic
synthetic,70.8904,-131.761,synthetic
synthetic,-157.4727,72.0861,synthetic
synthetic,-51.2219,-74.0887,synthetic
synthetic,171.0946,165.4008,synthetic
synthetic,-148.9902,-46.4023,synthetic
synthetic,128.6787,3.3783,synthetic
synthetic,86.0772,-73.3575,synthetic
synthetic,-42.0616,-12.27,synthetic
synthetic,-145.2273,178.2784,synthetic
synthetic,-154.5178,76.115,synthetic
synthetic,136.3127,110.1618,synthetic
synthetic,-1.1332,-79.2868,synthetic
synthetic,-156.7725,86.4848,synthetic
synthetic,174.703,-36.3373,synthetic
synthetic,100.897,22.4778,synthetic
synthetic,-9.2543,120.2927,synthetic
synthetic,-96.475,-176.0259,synthetic
synthetic,83.364,-159.8601,synthetic
synthetic,-5.9085,-91.646,synthetic
synthetic,177.8928,81.6047,synthetic
synthetic,59.5152,-147.2551,synthetic
synthetic,174.5494,39.4042,synthetic
synthetic,-56.2513,34.1802,synthetic
synthetic,-157.081,-52.5491,synthetic
synthetic,171.5705,41.1866,synthetic
synthetic,-178.2003,80.9653,synthetic
synthetic,-170.0169,177.4062,synthetic
synthetic,-151.0178,155.8326,synthetic
synthetic,175.3695,-30.3204,synthetic
synthetic,-118.2399,127.8556,synthetic
synthetic,-11.5268,-12.9157,synthetic
synthetic,64.0417,-151.5385,synthetic
synthetic,-167.6601,-171.3805,synthetic
synthetic,104.9104,103.8426,synthetic
synthetic,-33.3807,135.4943,synthetic
synthetic,-123.329,-6.2585,synthetic
synthetic,104.3047,110.0173,synthetic
synthetic,-103.285,-15.5185,synthetic
synthetic,139.2922,111.6582,synthetic
synthetic,9.1265,-76.5692,synthetic
synthetic,168.9834,47.7187,synthetic
synthetic,-176.2433,-42.6186,synthetic
synthetic,172.8474,49.1838,synthetic
synthetic,90.1376,-61.6166,synthetic
synthetic,-138.4317,23.28,synthetic
synthetic,101.2911,-13.1227,synthetic
synthetic,-51.0414,143.6415,synthetic
synthetic,-56.726,30.4512,synthetic
synthetic,-155.114,172.7308,synthetic
synthetic,-54.4989,-59.3845,synthetic
synthetic,137.1681,112.6841,synthetic
synthetic,82.6761,1.6429,synthetic
synthetic,-44.5391,-50.1356,synthetic
synthetic,85.9346,158.7226,synthetic
synthetic,142.7693,-158.8819,synthetic
synthetic,-7.6829,123.9429,synthetic
synthetic,141.166,107.3247,synthetic
synthetic,-140.2367,30.0173,synthetic
synthetic,131.6566,8.9313,synthetic
synthetic,148.0524,-49.3185,synthetic
synthetic,-64.5536,-179.7662,synthetic
synthetic,-11.2747,-13.6863,synthetic
synthetic,-45.6097,-168.9603,synthetic
synthetic,-170.1746,-174.7512,synthetic
synthetic,153.2997,116.7604,synthetic
synthetic,-34.6479,-119.8108,synthetic
synthetic,-53.6164,35.1957,synthetic
synthetic,-107.0835,130.4013,synthetic
synthetic,-12.7691,-7.6422,synthetic
synthetic,-95.6034,-6.4241,synthetic
synthetic,176.5629,38.3123,synthetic
synthetic,160.6924,-52.1802,synthetic
synthetic,139.363,110.8423,synthetic
synthetic,-165.602,-166.1196,synthetic
synthetic,142.0779,106.4384,synthetic
synthetic,-99.8335,52.8272,synthetic
synthetic,-61.9916,-42.6064,synthetic
synthetic,-152.8557,29.1906,synthetic
synthetic,-26.9219,-168.8606,synthetic
synthetic,-54.9812,115.2396,synthetic
synthetic,-110.7416,-177.8441,synthetic
synthetic,135.8184,-161.3411,synthetic
synthetic,-53.1772,-50.3607,synthetic
synthetic,-30.7258,143.1253,synthetic
synthetic,126.0324,167.0321,synthetic
synthetic,73.5449,13.4309,synthetic
synthetic,-96.7596,49.4661,synthetic
synthetic,-163.7666,-52.9947,synthetic
synthetic,-132.9356,124.0211,synthetic
synthetic,-85.9164,-121.9493,synthetic
synthetic,59.6298,-149.4584,synthetic
synthetic,-179.9774,-31.2669,synthetic
synthetic,-122.8922,-23.4018,synthetic
synthetic,-47.3867,179.4735,synthetic
synthetic,129.5904,-42.1538,synthetic
synthetic,173.9748,-38.02,synthetic
synthetic,-57.4882,20.1086,synthetic
synthetic,97.8071,108.6397,synthetic
synthetic,-70.5918,154.1864,synthetic
synthetic,-61.7458,175.3953,synthetic
synthetic,73.1111,162.7751,synthetic
synthetic,-7.1756,118.5545,synthetic
synthetic,-31.3449,-179.4941,synthetic
synthetic,-63.0257,-69.7267,synthetic
synthetic,60.4707,137.0906,synthetic
synthetic,59.6417,142.4728,synthetic
synthetic,56.245,38.545,synthetic
synthetic,-82.1308,168.7128,synthetic
synthetic,170.6087,-179.0737,synthetic
synthetic,-115.407,-7.2479,synthetic
synthetic,82.3848,16.7315,synthetic
synthetic,152.6017,152.491,synthetic
synthetic,-133.4109,151.7284,synthetic
synthetic,-131.1662,-44.871,synthetic
synthetic,-137.7614,18.8894,synthetic
synthetic,-96.1982,-119.6235,synthetic
synthetic,-93.8485,-128.2132,synthetic
synthetic,173.1898,43.5554,synthetic
synthetic,-59.8639,176.0821,synthetic
synthetic,-66.2794,-43.0024,synthetic
synthetic,138.2044,115.086,synthetic
synthetic,167.7173,178.1712,synthetic
synthetic,-155.1571,77.5267,synthetic
synthetic,-140.5578,-176.033,synthetic
synthetic,-14.2346,-6.4658,synthetic
synthetic,-12.8867,120.3174,synthetic
synthetic,-79.9334,-11.3354,synthetic
synthetic,-34.545,-172.5195,synthetic
synthetic,-8.7453,-9.7642,synthetic
synthetic,-90.3786,-32.4856,synthetic
synthetic,60.3758,23.3259,synthetic
synthetic,-62.6517,-51.7612,synthetic
synthetic,-118.0512,-21.1702,synthetic
synthetic,129.8001,-45.7483,synthetic
synthetic,-141.865,-91.7877,synthetic
synthetic,-108.5953,-177.4089,synthetic
synthetic,76.9127,-62.5033,synthetic
synthetic,175.1789,173.5401,synthetic
synthetic,-115.7444,-158.5569,synthetic
synthetic,56.6255,43.6639,synthetic
synthetic,-137.4459,-173.1857,synthetic
synthetic,-90.653,7.6641,synthetic
synthetic,-4.1326,-12.1051,synthetic
synthetic,-100.1673,-8.1232,synthetic
synthetic,-40.0348,73.8347,synthetic
synthetic,-96.34,6.8093,synthetic
synthetic,25.1142,55.8852,synthetic
synthetic,-60.5118,-25.2984,synthetic
synthetic,125.6626,163.8954,synthetic
synthetic,73.2349,128.4569,synthetic
synthetic,-51.2939,-57.61,synthetic
synthetic,-34.2227,76.181,synthetic
synthetic,75.6359,-132.2917,synthetic
synthetic,-145.597,173.6906,synthetic
synthetic,104.2169,-19.5844,synthetic
synthetic,-62.8337,138.9434,synthetic
synthetic,-96.9424,-173.6802,synthetic
synthetic,59.5757,143.4315,synthetic
synthetic,63.03,19.0068,synthetic
synthetic,29.3076,62.3933,synthetic
synthetic,171.7629,175.676,synthetic
synthetic,-88.622,-113.3964,synthetic
synthetic,-35.5543,-174.1992,synthetic
synthetic,-91.5249,-122.1725,synthetic
synthetic,81.6897,-161.4473,synthetic
synthetic,171.8507,42.6877,synthetic
synthetic,-136.908,-85.1429,synthetic
synthetic,-89.0619,46.579,synthetic
synthetic,-121.1201,3.3691,synthetic
synthetic,-156.5919,-54.739,synthetic
synthetic,-171.4514,85.313,synthetic
synthetic,-59.1595,176.5491,synthetic
synthetic,-26.5544,-172.3571,synthetic
synthetic,60.8179,-159.1793,synthetic
synthetic,52.9977,53.4133,synthetic
synthetic,-51.093,-43.7806,synthetic
synthetic,176.0449,150.0896,synthetic
synthetic,142.0795,112.9564,synthetic
synthetic,177.6326,167.7373,synthetic
synthetic,119.4345,167.2085,synthetic
synthetic,75.0857,-135.9659,synthetic
synthetic,98.9727,35.2557,synthetic
synthetic,4.0321,-89.9192,synthetic
synthetic,-116.6492,-156.733,synthetic
synthetic,-71.6138,132.6355,synthetic
synthetic,-155.9141,155.0364,synthetic
synthetic,155.6743,-51.6489,synthetic
synthetic,107.7803,107.8102,synthetic
synthetic,179.4258,-29.4683,synthetic
synthetic,-159.5936,74.8899,synthetic
synthetic,-28.4499,75.2656,synthetic
synthetic,-57.1129,-94.8926,synthetic
synthetic,-122.7365,49.6397,synthetic
synthetic,-178.7189,169.99,synthetic
synthetic,-127.3367,52.7246,synthetic
synthetic,-106.3635,-7.4193,synthetic
synthetic,176.7805,83.6472,synthetic
synthetic,-124.7176,-172.6722,synthetic
synthetic,153.8656,8.2038,synthetic
synthetic,-31.1828,-173.2506,synthetic
synthetic,168.7959,-177.8975,synthetic
synthetic,84.7723,-65.6734,synthetic
synthetic,179.9891,170.5672,synthetic
synthetic,172.2564,164.988,synthetic
synthetic,-122.5387,-173.4321,synthetic
synthetic,172.5629,-178.1247,synthetic
synthetic,-69.9627,5.8478,synthetic
synthetic,97.0046,114.2729,synthetic
synthetic,143.3543,-158.4258,synthetic
synthetic,-174.513,-35.7208,synthetic
synthetic,-95.2196,179.189,synthetic
synthetic,171.0162,-33.2425,synthetic
synthetic,80.5607,-75.9803,synthetic
synthetic,-19.8665,137.9053,synthetic
synthetic,-126.1373,8.5281,synthetic
synthetic,-124.8488,106.0682,synthetic
synthetic,66.5371,-10.815,synthetic
synthetic,101.4184,-15.3776,synthetic
synthetic,88.1198,-67.9505,synthetic
synthetic,-153.8308,32.9066,synthetic
synthetic,111.1982,14.6438,synthetic
synthetic,-176.2921,87.9099,synthetic
synthetic,-132.5184,67.3199,synthetic
synthetic,-83.8756,67.6076,synthetic
synthetic,-40.4484,129.5479,synthetic
synthetic,176.697,154.7402,synthetic
synthetic,5.5095,-87.2929,synthetic
synthetic,-88.626,-120.6861,synthetic
synthetic,-178.8664,34.4995,synthetic
synthetic,139.2659,-154.4832,synthetic
synthetic,26.0967,64.5614,synthetic
synthetic,-158.388,-50.5921,synthetic
synthetic,168.7932,-174.3882,synthetic
synthetic,153.7254,-44.3003,synthetic
synthetic,-101.2665,-167.3318,synthetic
synthetic,168.6347,161.3525,synthetic
synthetic,89.2516,-177.5592,synthetic
synthetic,-177.8557,-176.0812,synthetic
synthetic,158.5246,-171.6487,synthetic
synthetic,-25.5802,117.6154,synthetic
synthetic,-147.3259,165.221,synthetic
synthetic,-163.0921,-50.1296,synthetic
synthetic,-83.5832,-123.7868,synthetic
synthetic,156.8308,5.8762,synthetic
synthetic,179.9767,-32.0523,synthetic
synthetic,-30.9101,142.0205,synthetic
synthetic,124.0285,128.7448,synthetic
synthetic,-0.4417,-102.6756,synthetic
synthetic,156.9604,-56.9739,synthetic
synthetic,150.9379,110.5368,synthetic
synthetic,-84.4871,1.2157,synthetic
synthetic,106.3331,-13.0645,synthetic
synthetic,96.175,113.1769,synthetic
synthetic,85.7094,-173.5287,synthetic
synthetic,-2.4455,-107.4517,synthetic
synthetic,-38.3364,125.1434,synthetic
synthetic,-1.8006,123.0992,synthetic
synthetic,-143.8745,-76.4639,synthetic
synthetic,-160.1624,78.396,synthetic
synthetic,83.7049,-64.336,synthetic
synthetic,-144.9043,-70.8162,synthetic
synthetic,84.1561,-69.143,synthetic
synthetic,-30.3672,-169.9756,synthetic
synthetic,-123.3484,122.956,synthetic
synthetic,-152.4358,80.3939,synthetic
synthetic,153.5958,-50.3759,synthetic
synthetic,177.3193,166.0748,synthetic
synthetic,-5.7808,-100.2944,synthetic
synthetic,112.2733,151.786,synthetic
synthetic,-173.7993,-173.7129,synthetic
synthetic,-159.6602,-54.3113,synthetic
synthetic,-48.9134,-44.1576,synthetic
synthetic,-112.1469,107.8792,synthetic
synthetic,-26.7047,76.8753,synthetic
synthetic,87.4539,24.1294,synthetic
synthetic,177.8883,-32.8666,synthetic
synthetic,105.683,-76.3431,synthetic
synthetic,-16.9154,-10.5042,synthetic
synthetic,-97.8186,129.7296,synthetic
synthetic,-125.297,-171.8086,synthetic
synthetic,81.344,28.1276,synthetic
synthetic,76.4677,131.8914,synthetic
synthetic,75.2508,-3.4764,synthetic
synthetic,-98.0204,-172.6058,synthetic
synthetic,-60.043,171.6418,synthetic
synthetic,-158.883,-168.3629,synthetic
synthetic,-2.049,-18.7222,synthetic
synthetic,98.5189,110.799,synthetic
synthetic,75.0142,13.1683,synthetic
synthetic,177.3032,-39.5691,synthetic
synthetic,-82.673,57.2644,synthetic
synthetic,-163.5464,152.4855,synthetic
synthetic,-84.1375,76.823,synthetic
synthetic,-84.525,-121.4811,synthetic
synthetic,-174.9271,170.1524,synthetic
synthetic,174.8787,43.7197,synthetic
synthetic,-155.2718,25.1485,synthetic
synthetic,58.5898,25.114,synthetic
synthetic,175.7778,-32.5577,synthetic
synthetic,-28.3703,-60.3277,synthetic
synthetic,-37.522,-116.4813,synthetic
synthetic,90.7106,-179.8891,synthetic
synthetic,175.4532,-176.2403,synthetic
synthetic,-161.0229,79.4582,synthetic
synthetic,104.0811,-7.484,synthetic
synthetic,-123.3679,-53.7725,synthetic
synthetic,-178.3871,38.7033,synthetic
synthetic,102.6056,103.0809,synthetic
synthetic,-69.0811,-37.129,synthetic
synthetic,-121.3015,-174.1115,synthetic
synthetic,129.6533,-53.216,synthetic
synthetic,-45.7211,-173.9543,synthetic
synthetic,-155.3148,171.2206,synthetic
synthetic,-1.493,-106.0876,synthetic
synthetic,-145.7178,-80.4424,synthetic
synthetic,177.9744,34.2759,synthetic
synthetic,-159.4537,30.6069,synthetic
synthetic,-151.3036,31.8399,synthetic
synthetic,-158.2784,77.2192,synthetic
synthetic,130.745,-49.8592,synthetic
synthetic,-9.592,-13.0156,synthetic
synthetic,141.9305,106.7875,synthetic
synthetic,-138.8368,162.7429,synthetic
synthetic,173.304,90.855,synthetic
synthetic,-122.8975,130.3559,synthetic
synthetic,-53.6474,-50.3819,synthetic
synthetic,-46.198,-62.0006,synthetic
synthetic,81.8612,-173.1323,synthetic
synthetic,-171.3933,-174.4042,synthetic
synthetic,102.7264,102.5552,synthetic
synthetic,-78.1589,-21.5441,synthetic
synthetic,-115.8572,117.5731,synthetic
synthetic,178.7997,-35.6609,synthetic
synthetic,-102.2979,-163.9467,synthetic
synthetic,178.32,50.3241,synthetic
synthetic,161.6593,-49.4234,synthetic
synthetic,105.2799,-81.9296,synthetic
synthetic,161.5937,-55.3173,synthetic
synthetic,-164.3433,-171.874,synthetic
synthetic,151.153,-59.1675,synthetic
synthetic,-179.3346,158.9894,synthetic
synthetic,-153.4018,-65.321,synthetic
synthetic,69.5007,126.5699,synthetic
synthetic,-24.2443,80.8523,synthetic
synthetic,79.2326,18.3402,synthetic
synthetic,121.3445,128.2088,synthetic
synthetic,-174.6722,-29.0571,synthetic
synthetic,149.8773,151.3831,synthetic
synthetic,171.2926,157.3795,synthetic
synthetic,-64.5992,148.571,synthetic
synthetic,-9.8127,-8.3709,synthetic
synthetic,71.6317,-7.2589,synthetic
synthetic,-95.6901,-118.0876,synthetic
synthetic,-151.8235,76.2795,synthetic
synthetic,-137.323,31.1466,synthetic
synthetic,77.0996,26.7258,synthetic
synthetic,-175.434,174.4936,synthetic
synthetic,109.3152,110.0573,synthetic
synthetic,-35.4975,-173.1488,synthetic
synthetic,152.3506,10.5601,synthetic
synthetic,-155.761,69.5774,synthetic
synthetic,-124.7075,-0.8591,synthetic
synthetic,-43.246,-9.389,synthetic
synthetic,-177.9833,85.6059,synthetic
synthetic,177.6908,-28.9504,synthetic
synthetic,-123.5472,-131.4271,synthetic
synthetic,-177.6164,90.0638,synthetic
synthetic,-135.6029,151.2971,synthetic
synthetic,45.716,64.0672,synthetic
synthetic,-28.755,70.4184,synthetic
synthetic,78.4655,-134.6834,synthetic
synthetic,-65.9841,-37.7831,synthetic
synthetic,-170.8086,-179.7919,synthetic
synthetic,117.6741,-75.3607,synthetic
synthetic,-175.0766,84.1935,synthetic
synthetic,61.7201,35.8445,synthetic
synthetic,84.4421,-177.1104,synthetic
synthetic,161.8255,-171.625,synthetic
synthetic,-168.773,-175.0681,synthetic
synthetic,1.6064,-74.8612,synthetic
synthetic,170.4382,175.7836,synthetic
synthetic,-89.1791,-114.9266,synthetic
synthetic,-142.265,38.866,synthetic
synthetic,-53.2033,-57.9536,synthetic
synthetic,-91.6203,-121.3967,synthetic
synthetic,174.1087,91.2801,synthetic
synthetic,-2.9848,-102.7229,synthetic
synthetic,-137.6959,73.28,synthetic
synthetic,150.9818,7.9562,synthetic
synthetic,-93.9539,-119.1748,synthetic
synthetic,111.3732,102.3256,synthetic
synthetic,-162.1256,75.2043,synthetic
synthetic,82.0898,-177.6512,synthetic
synthetic,-46.0543,-52.5417,synthetic
synthetic,86.2878,-166.2881,synthetic
synthetic,-169.3795,172.1593,synthetic
synthetic,110.5128,101.0189,synthetic
synthetic,173.9964,39.3675,synthetic
synthetic,59.1932,-145.8468,synthetic
synthetic,-137.3476,33.2236,synthetic
synthetic,-106.4391,160.7251,synthetic
synthetic,-141.6588,179.8882,synthetic
synthetic,166.9652,175.4413,synthetic
synthetic,81.6703,-134.2531,synthetic
synthetic,-12.7707,-9.7481,synthetic
synthetic,-59.9433,-178.1963,synthetic
synthetic,-72.4062,-18.8655,synthetic
synthetic,-89.128,-124.8374,synthetic
synthetic,33.9823,54.1817,synthetic
synthetic,179.5939,169.9574,synthetic
synthetic,168.4041,178.9204,synthetic
synthetic,142.3346,-160.2512,synthetic
synthetic,179.1936,43.2414,synthetic
synthetic,61.8599,127.2152,synthetic
synthetic,86.7469,-163.7233,synthetic
synthetic,133.894,164.0991,synthetic
synthetic,70.0649,123.2198,synthetic
synthetic,149.2646,9.6146,synthetic
synthetic,-101.9199,-169.0563,synthetic
synthetic,104.8367,157.7715,synthetic
synthetic,173.1539,34.4155,synthetic
synthetic,-87.3557,-113.4808,synthetic
synthetic,-174.6012,-41.935,synthetic
synthetic,-92.3641,-115.5393,synthetic
synthetic,130.5771,11.8324,synthetic
synthetic,-167.8582,176.3561,synthetic
synthetic,63.725,149.7411,synthetic
synthetic,-52.1672,-31.0888,synthetic
synthetic,174.8042,-177.2351,synthetic
synthetic,70.4091,4.8451,synthetic
synthetic,141.5018,-156.7913,synthetic
synthetic,117.2262,-76.045,synthetic
synthetic,62.0637,-149.617,synthetic
synthetic,-9.3174,-8.2738,synthetic
synthetic,94.3963,-167.5033,synthetic
synthetic,-143.9344,-80.674,synthetic
synthetic,-156.8618,33.2251,synthetic
synthetic,-103.7766,-170.9322,synthetic
synthetic,-97.8017,-120.872,synthetic
synthetic,101.8356,34.4645,synthetic
synthetic,-126.8412,-130.7909,synthetic
synthetic,171.3005,-33.9363,synthetic
synthetic,64.4038,-145.9106,synthetic
synthetic,175.8911,-178.19,synthetic
synthetic,82.6929,162.2817,synthetic
synthetic,-5.8418,-13.7914,synthetic
synthetic,-171.7771,-176.0188,synthetic
synthetic,64.0629,20.6111,synthetic
synthetic,-100.7792,-160.4335,synthetic
synthetic,-166.7582,-179.795,synthetic
synthetic,85.1463,177.5376,synthetic
synthetic,-129.8618,-145.1558,synthetic
synthetic,-128.5584,118.0449,synthetic
synthetic,-36.1868,-164.5287,synthetic
synthetic,173.3942,163.1548,synthetic
synthetic,-22.6318,-174.53,synthetic
synthetic,3.7358,-87.0135,synthetic
synthetic,90.3598,-154.3303,synthetic
synthetic,140.9816,112.6118,synthetic
synthetic,119.2104,122.2074,synthetic
synthetic,173.3686,94.2022,synthetic
synthetic,156.2666,10.6286,synthetic
synthetic,131.573,109.5997,synthetic
synthetic,-97.6188,-170.0019,synthetic
synthetic,-118.9717,-172.3131,synthetic
synthetic,179.3766,83.0539,synthetic
synthetic,112.4841,124.5879,synthetic
synthetic,171.7346,-176.7578,synthetic
synthetic,-70.0367,-44.9811,synthetic
synthetic,-112.7781,23.428,synthetic
synthetic,92.6604,-54.4438,synthetic
synthetic,48.0261,61.0047,synthetic
synthetic,176.6885,169.3569,synthetic
synthetic,158.7366,5.6246,synthetic
synthetic,-176.0378,178.501,synthetic
synthetic,166.0296,-174.4603,synthetic
synthetic,-128.545,-126.0281,synthetic
synthetic,-161.4727,40.5319,synthetic
synthetic,55.7497,145.8336,synthetic
synthetic,-104.4702,73.7773,synthetic
synthetic,-88.2901,80.4756,synthetic
synthetic,118.5266,128.859,synthetic
synthetic,168.8035,-179.7304,synthetic
synthetic,-107.0015,-179.9779,synthetic
synthetic,-102.3581,22.8431,synthetic
synthetic,175.3761,36.5983,synthetic
synthetic,-39.2575,-126.1403,synthetic
synthetic,127.6913,163.3298,synthetic
synthetic,-163.3747,-172.7079,synthetic
synthetic,143.8915,-160.7945,synthetic
synthetic,-62.2961,-32.3033,synthetic
synthetic,126.3698,13.1055,synthetic
synthetic,-135.2584,-94.4732,synthetic
synthetic,-95.6489,47.9009,synthetic
synthetic,-40.8893,-122.4856,synthetic
synthetic,-60.5992,142.7334,synthetic
synthetic,-170.8449,-33.9106,synthetic
synthetic,-168.608,-169.0594,synthetic
synthetic,-18.306,-8.9947,synthetic
synthetic,-20.7465,-171.0732,synthetic
synthetic,72.2733,-3.6412,synthetic
synthetic,-27.964,74.6558,synthetic
synthetic,133.438,-48.8789,synthetic
synthetic,-163.1266,75.3991,synthetic
synthetic,87.6151,177.2267,synthetic
synthetic,178.0758,164.8899,synthetic
synthetic,145.7926,153.0251,synthetic
synthetic,-24.9841,-161.7464,synthetic
synthetic,-5.6444,-16.9721,synthetic
synthetic,-124.284,-134.7769,synthetic
synthetic,76.5308,-131.8043,synthetic
synthetic,-176.3881,26.4076,synthetic
synthetic,-79.2271,-38.3836,synthetic
synthetic,-8.8607,-14.2867,synthetic
synthetic,150.4244,-161.9564,synthetic
synthetic,176.892,39.7758,synthetic
synthetic,11.3631,-81.4344,synthetic
synthetic,145.16,103.9663,synthetic
synthetic,179.0607,84.1731,synthetic
synthetic,-32.3619,-170.4339,synthetic
synthetic,139.4785,-158.9085,synthetic
synthetic,177.0684,-178.7333,synthetic
synthetic,179.0034,35.0099,synthetic
synthetic,-67.6393,-179.1459,synthetic
synthetic,80.739,-159.9909,synthetic
synthetic,-178.9263,-175.1657,synthetic
synthetic,-118.4217,-13.454,synthetic
synthetic,-144.7161,176.66,synthetic
synthetic,-135.0797,-128.6192,synthetic
synthetic,-34.7809,-122.0177,synthetic
synthetic,69.2581,120.4712,synthetic
synthetic,160.1592,-172.9265,synthetic
synthetic,-127.3562,-9.0197,synthetic
synthetic,61.1477,-152.9788,synthetic
synthetic,-14.8027,-10.3534,synthetic
synthetic,-171.7297,81.4403,synthetic
synthetic,-38.5183,-122.783,synthetic
synthetic,-146.0412,176.2877,synthetic
synthetic,142.2897,108.897,synthetic
synthetic,173.4644,53.992,synthetic
synthetic,-71.0604,136.9634,synthetic
synthetic,-159.8961,-173.6816,synthetic
synthetic,125.2236,12.0814,synthetic
synthetic,-176.6866,32.6249,synthetic
synthetic,-32.9359,-178.0414,synthetic
synthetic,-89.2655,-117.4314,synthetic
synthetic,119.6188,128.8687,synthetic
synthetic,-111.5859,-169.5339,synthetic
synthetic,-83.3399,-122.9852,synthetic
synthetic,168.0671,-173.5531,synthetic
synthetic,-10.6825,-11.9502,synthetic
synthetic,-79.4159,128.5133,synthetic
synthetic,116.3783,-89.8912,synthetic
synthetic,-53.1426,28.5344,synthetic
synthetic,-0.0551,-103.4788,synthetic
synthetic,-94.5466,-173.5232,synthetic
synthetic,-75.8843,-45.2399,synthetic
synthetic,136.2751,103.448,synthetic
synthetic,155.4637,8.1572,synthetic
synthetic,-32.9277,-175.6243,synthetic
synthetic,126.9277,9.0507,synthetic
synthetic,124.8905,-49.617,synthetic
synthetic,-119.2614,125.8002,synthetic
synthetic,85.303,-67.2932,synthetic
synthetic,174.3815,168.2973,synthetic
synthetic,79.2161,-151.7302,synthetic
synthetic,171.3791,-173.6758,synthetic
synthetic,97.7178,104.1658,synthetic
synthetic,-134.3553,-55.0128,synthetic
synthetic,-125.7445,41.4925,synthetic
synthetic,-71.1579,-175.3194,synthetic
synthetic,-12.1404,-4.4307,synthetic
synthetic,-177.8445,47.4814,synthetic
synthetic,150.1045,-57.8503,synthetic
synthetic,-172.7277,85.9472,synthetic
synthetic,137.1526,113.1729,synthetic
synthetic,56.3492,-152.4254,synthetic
synthetic,-10.7385,121.7747,synthetic
synthetic,-160.0765,78.5716,synthetic
synthetic,-51.8854,140.272,synthetic
synthetic,-0.178,-99.8725,synthetic
synthetic,-160.1312,73.0623,synthetic
synthetic,-10.7394,-10.7689,synthetic
synthetic,-98.0164,53.8651,synthetic
synthetic,77.2858,-64.3852,synthetic
synthetic,174.9868,169.346,synthetic
synthetic,-136.0392,104.1405,synthetic
synthetic,-164.3987,84.5381,synthetic
synthetic,167.7916,175.9521,synthetic
synthetic,168.7139,-31.9413,synthetic
synthetic,-48.3786,-39.9428,synthetic
synthetic,-39.8838,179.6779,synthetic
synthetic,-144.5839,-175.6667,synthetic
synthetic,-98.6623,157.1808,synthetic
synthetic,174.3347,-169.0284,synthetic
synthetic,-71.2547,10.9291,synthetic
synthetic,-151.3113,-55.2084,synthetic
synthetic,-177.9386,154.747,synthetic
synthetic,174.3972,50.8342,synthetic
synthetic,-67.6656,-69.2149,synthetic
synthetic,-162.2128,-171.9659,synthetic
synthetic,67.8346,37.8302,synthetic
synthetic,54.281,41.2099,synthetic
synthetic,-71.4655,179.4515,synthetic
synthetic,119.8625,-82.6384,synthetic
synthetic,78.0001,153.9406,synthetic
synthetic,172.4314,-174.9311,synthetic
synthetic,109.8066,-11.0429,synthetic
synthetic,-59.9519,29.6761,synthetic
synthetic,165.0509,-54.8047,synthetic
synthetic,52.0224,51.0353,synthetic
synthetic,-159.4319,-174.8421,synthetic
synthetic,-79.6185,168.7509,synthetic
synthetic,-26.685,118.0391,synthetic
synthetic,-143.3972,169.9783,synthetic
synthetic,-61.082,-7.6826,synthetic
synthetic,-101.1303,-2.7031,synthetic
synthetic,-12.1246,-11.6138,synthetic
synthetic,171.7829,178.4135,synthetic
synthetic,-153.3232,75.8592,synthetic
synthetic,-158.4621,80.8826,synthetic
synthetic,135.2855,165.9873,synthetic
synthetic,-179.4987,39.5933,synthetic
synthetic,-129.715,-54.9874,synthetic
synthetic,58.0278,-144.2559,synthetic
synthetic,-163.0005,-175.0061,synthetic
synthetic,-170.4734,-177.4091,synthetic
synthetic,157.4232,8.7108,synthetic
synthetic,-92.9168,-167.7503,synthetic
synthetic,146.4945,-148.5745,synthetic
synthetic,154.0616,-51.4348,synthetic
synthetic,-117.4121,14.9506,synthetic
synthetic,-131.7063,-135.8415,synthetic
synthetic,-78.604,73.865,synthetic
synthetic,-162.808,156.9196,synthetic
synthetic,-105.7426,173.3672,synthetic
synthetic,67.1712,143.6869,synthetic
synthetic,53.502,57.0221,synthetic
synthetic,105.2023,157.349,synthetic
synthetic,142.4136,109.6054,synthetic
synthetic,125.1113,14.3713,synthetic
synthetic,-1.6818,-83.4763,synthetic
synthetic,179.4151,-38.2779,synthetic
synthetic,-171.0583,-35.7861,synthetic
synthetic,56.5796,50.6833,synthetic
synthetic,79.5996,171.5474,synthetic
synthetic,2.2312,-83.5219,synthetic
synthetic,-156.8885,74.1809,synthetic
synthetic,-125.8039,-5.3155,synthetic
synthetic,162.6334,-175.0842,synthetic
synthetic,-174.3921,168.552,synthetic
synthetic,79.5671,19.2726,synthetic
synthetic,-144.3833,160.0817,synthetic
synthetic,167.2415,-179.1715,synthetic
synthetic,-86.8416,55.8924,synthetic
synthetic,76.734,-133.5536,synthetic
synthetic,56.9584,-145.7489,synthetic
synthetic,58.5083,43.0954,synthetic
synthetic,-172.6276,-172.2749,synthetic
synthetic,-83.5642,75.1511,synthetic
synthetic,174.9598,167.1569,synthetic
synthetic,-43.1987,-167.4155,synthetic
synthetic,-44.4676,-70.4962,synthetic
synthetic,-71.0215,-17.0208,synthetic
synthetic,173.9023,49.7526,synthetic
synthetic,-7.4784,-0.8815,synthetic
synthetic,174.4217,-34.8446,synthetic
synthetic,174.4133,162.0884,synthetic
synthetic,-141.6859,32.9401,synthetic
synthetic,76.0504,-3.1236,synthetic
synthetic,-68.2484,179.2396,synthetic
synthetic,-164.9917,157.3051,synthetic
synthetic,80.6371,-64.1324,synthetic
synthetic,-126.9894,-174.1677,synthetic
synthetic,-91.7644,-118.3388,synthetic
synthetic,-95.1045,-178.7431,synthetic
synthetic,171.9905,47.8418,synthetic
synthetic,159.0175,11.444,synthetic
synthetic,-39.3589,128.1022,synthetic
synthetic,173.9156,-29.7294,synthetic
synthetic,-134.4739,72.2367,synthetic
synthetic,-63.7047,-52.2409,synthetic
synthetic,-107.5228,108.7904,synthetic
synthetic,-13.4385,-7.1511,synthetic
synthetic,143.1285,111.2156,synthetic
synthetic,1.2699,-93.8093,synthetic
synthetic,-153.3199,36.3195,synthetic
synthetic,-176.5938,-31.9934,synthetic
synthetic,-86.1702,-11.2436,synthetic
synthetic,2.9809,-84.5352,synthetic
synthetic,-127.5421,105.762,synthetic
synthetic,173.7087,-178.7306,synthetic
synthetic,153.3449,-53.8921,synthetic
synthetic,-92.4451,-133.2254,synthetic
synthetic,-154.8945,34.4393,synthetic
synthetic,79.8718,-130.4785,synthetic
synthetic,87.6423,174.4803,synthetic
synthetic,56.8433,54.0585,synthetic
synthetic,-79.8227,19.725,synthetic
synthetic,-40.4638,-52.6039,synthetic
synthetic,-30.4253,-168.5394,synthetic
synthetic,-179.6124,146.1686,synthetic
synthetic,-179.4383,-40.8482,synthetic
synthetic,-163.6122,-177.2783,synthetic
synthetic,-84.0597,61.8206,synthetic
synthetic,-119.7729,4.4753,synthetic
synthetic,-179.4638,88.8463,synthetic
synthetic,-172.1941,168.0617,synthetic
synthetic,-38.3158,-4.3744,synthetic
synthetic,66.1393,136.9737,synthetic
synthetic,61.5437,34.9302,synthetic
synthetic,90.6557,-153.1629,synthetic
synthetic,-112.9762,119.4432,synthetic
synthetic,171.0722,153.2157,synthetic
synthetic,0.2244,-84.9825,synthetic
synthetic,126.7299,-46.5785,synthetic
synthetic,168.7733,-175.1077,synthetic
synthetic,-33.6864,74.8971,synthetic
synthetic,-80.8369,49.9983,synthetic
synthetic,-177.43,86.1934,synthetic
synthetic,74.3195,-127.0368,synthetic
synthetic,87.0534,-176.9512,synthetic
synthetic,173.6334,178.2854,synthetic
synthetic,179.3758,79.8058,synthetic
synthetic,170.3892,-174.7171,synthetic
synthetic,131.6494,9.8908,synthetic
synthetic,179.8029,38.7333,synthetic
synthetic,-9.6584,121.2031,synthetic
synthetic,-176.1463,-32.8884,synthetic
synthetic,57.6144,-143.395,synthetic
synthetic,-155.3166,-55.1236,synthetic
synthetic,141.416,118.1234,synthetic
synthetic,-78.3317,131.7815,synthetic
synthetic,-87.4472,-118.8923,synthetic
synthetic,-165.0137,86.2834,synthetic
synthetic,-9.856,-11.4237,synthetic
synthetic,-15.8937,-9.2176,synthetic
synthetic,87.1663,-172.4722,synthetic
synthetic,62.9496,149.7484,synthetic
synthetic,-18.6298,-3.9703,synthetic
synthetic,173.2379,-33.7638,synthetic
synthetic,80.0988,-129.7646,synthetic
synthetic,111.6991,161.3747,synthetic
synthetic,-89.8496,-119.1831,synthetic
synthetic,121.7332,125.6563,synthetic
synthetic,162.3875,-174.931,synthetic
synthetic,-100.4591,46.4314,synthetic
synthetic,84.2716,-68.0456,synthetic
synthetic,-10.0019,122.7178,synthetic
synthetic,176.38,52.0216,synthetic
synthetic,-146.1824,168.4179,synthetic
synthetic,-85.2027,-124.1353,synthetic
synthetic,-133.6801,21.4333,synthetic
synthetic,77.7549,-65.2905,synthetic
synthetic,-68.7711,19.3117,synthetic
synthetic,-54.5933,31.3744,synthetic
synthetic,-179.7571,83.2339,synthetic
synthetic,-97.5678,53.1995,synthetic
synthetic,68.1466,124.6611,synthetic
synthetic,-158.193,29.0006,synthetic
synthetic,-115.4373,115.179,synthetic
synthetic,-113.3023,123.924,synthetic
synthetic,-144.1373,-92.4842,synthetic
synthetic,136.7422,-151.2374,synthetic
synthetic,-125.8713,-133.4408,synthetic
synthetic,11.5755,-87.9858,synthetic
synthetic,156.573,-51.0262,synthetic
synthetic,75.946,167.905,synthetic
synthetic,-114.1973,-17.6371,synthetic
synthetic,-22.0408,-165.2195,synthetic
synthetic,-109.1583,163.0822,synthetic
synthetic,59.3599,61.4323,synthetic
synthetic,-79.001,77.6097,synthetic
synthetic,176.9302,42.8255,synthetic
synthetic,84.2063,-156.705,synthetic
synthetic,-88.8237,-121.7265,synthetic
synthetic,108.9735,103.5109,synthetic
synthetic,111.6175,-6.8881,synthetic
synthetic,-41.7808,126.0656,synthetic
synthetic,-163.28,-56.2077,synthetic
synthetic,-138.0724,-95.1891,synthetic
synthetic,-48.187,-177.0341,synthetic
synthetic,85.9837,152.8377,synthetic
synthetic,135.6483,-47.0185,synthetic
synthetic,-162.3872,-175.6407,synthetic
synthetic,175.9134,50.9039,synthetic
synthetic,-163.4106,78.2642,synthetic
synthetic,164.5602,-178.2008,synthetic
synthetic,172.9571,41.6607,synthetic
synthetic,87.9394,174.8438,synthetic
synthetic,-174.4015,-32.9969,synthetic
synthetic,167.8789,43.5433,synthetic
synthetic,167.8182,-59.451,synthetic
synthetic,169.508,-179.7817,synthetic
synthetic,-131.2912,-54.5175,synthetic
synthetic,167.7391,51.4369,synthetic
synthetic,-177.7516,98.0639,synthetic
synthetic,76.096,177.3687,synthetic
synthetic,178.3265,167.4083,synthetic
synthetic,-22.315,119.152,synthetic
synthetic,-9.7551,-11.1828,synthetic
synthetic,-161.3745,174.8676,synthetic
synthetic,-5.3199,126.0139,synthetic
synthetic,58.0283,19.284,synthetic
synthetic,-60.379,36.688,synthetic
synthetic,-71.9412,123.6518,synthetic
synthetic,-35.1259,-121.9719,synthetic
synthetic,-171.4007,-171.3688,synthetic
synthetic,-91.6422,-112.1369,synthetic
synthetic,109.7999,102.633,synthetic
synthetic,-162.3056,-50.317,synthetic
synthetic,-147.6555,179.9089,synthetic
synthetic,172.1115,-52.159,synthetic
synthetic,-15.1671,121.5222,synthetic
synthetic,-15.5542,-5.2797,synthetic
synthetic,1.9625,-83.8426,synthetic
synthetic,-155.1432,27.4734,synthetic
synthetic,-65.1272,99.3784,synthetic
synthetic,130.924,-53.256,synthetic
synthetic,58.1157,-142.0105,synthetic
synthetic,150.2226,107.1631,synthetic
synthetic,-21.0975,118.2385,synthetic
synthetic,155.1376,-162.7178,synthetic
synthetic,-52.8687,169.6046,synthetic
synthetic,79.3163,-175.7821,synthetic
synthetic,-126.3083,-9.1955,synthetic
synthetic,-120.723,49.2666,synthetic
synthetic,-38.346,-173.2382,synthetic
synthetic,115.6846,-72.938,synthetic
synthetic,53.1374,24.3851,synthetic
synthetic,-57.9054,36.5073,synthetic
synthetic,-162.2574,174.3518,synthetic
synthetic,166.4325,-59.5018,synthetic
synthetic,58.6626,144.7008,synthetic
synthetic,-31.7764,74.5845,synthetic
synthetic,-104.3042,35.3772,synthetic
synthetic,-164.2376,-169.7697,synthetic
synthetic,85.2942,174.5773,synthetic
synthetic,69.099,126.8392,synthetic
synthetic,62.5521,26.5707,synthetic
synthetic,173.6253,36.7884,synthetic
synthetic,-5.0428,-11.6008,synthetic
synthetic,-156.5595,23.095,synthetic
synthetic,-13.3642,122.0836,synthetic
synthetic,154.3441,10.6615,synthetic
synthetic,-176.179,85.6711,synthetic
synthetic,85.9884,152.7096,synthetic
synthetic,174.3832,-40.4047,synthetic
synthetic,-96.5171,2.5101,synthetic
synthetic,-158.4601,-53.1403,synthetic
synthetic,-9.0175,-73.3461,synthetic
synthetic,-176.3756,166.4261,synthetic
synthetic,-47.1635,-45.4991,synthetic
synthetic,-162.1628,79.4954,synthetic
synthetic,-96.7197,21.6756,synthetic
synthetic,167.9395,178.458,synthetic
synthetic,-89.3764,-124.8899,synthetic
synthetic,176.8395,-27.7039,synthetic
synthetic,173.2951,-173.0188,synthetic
synthetic,-129.3048,161.8808,synthetic
synthetic,111.8939,-9.8641,synthetic
synthetic,72.5933,176.2356,synthetic
synthetic,-38.215,-65.156,synthetic
synthetic,-13.2185,-10.0411,synthetic
synthetic,101.233,-9.5203,synthetic
synthetic,-165.167,-170.9774,synthetic
synthetic,52.1798,53.3899,synthetic
synthetic,-175.0908,-39.1679,synthetic
synthetic,123.7501,128.1171,synthetic
synthetic,-91.7295,-115.9102,synthetic
synthetic,-173.5657,166.0918,synthetic
synthetic,144.1178,113.3652,synthetic
synthetic,59.7129,64.8574,synthetic
synthetic,-138.6803,150.1776,synthetic
synthetic,3.1167,-83.6678,synthetic
synthetic,85.8973,-175.1863,synthetic
synthetic,-179.9101,151.8551,synthetic
synthetic,126.9018,170.4961,synthetic
synthetic,-95.6695,-167.5087,synthetic
synthetic,-178.8319,170.5188,synthetic
synthetic,177.4541,175.6133,synthetic
synthetic,75.1102,-130.3296,synthetic
synthetic,-55.4406,-54.4401,synthetic
synthetic,102.7969,108.6835,synthetic
synthetic,-122.4732,140.1468,synthetic
synthetic,-159.6558,80.4024,synthetic
synthetic,-12.6362,113.5581,synthetic
synthetic,-137.8376,-48.7473,synthetic
synthetic,153.2799,-154.2029,synthetic
synthetic,170.3392,171.9179,synthetic
synthetic,-144.3762,-93.4445,synthetic
synthetic,-125.3115,123.8643,synthetic
synthetic,-26.9024,73.7274,synthetic
synthetic,107.2166,-10.1405,synthetic
synthetic,-45.2859,74.1748,synthetic
synthetic,175.8271,55.1327,synthetic
synthetic,-38.522,-128.5783,synthetic
synthetic,178.5333,-175.5336,synthetic
synthetic,179.809,53.3432,synthetic
synthetic,-115.6365,149.2579,synthetic
synthetic,-87.8776,-119.5201,synthetic
synthetic,-39.1224,139.5155,synthetic
synthetic,86.7512,179.1501,synthetic
synthetic,176.8518,167.5243,synthetic
synthetic,-2.0012,-99.5505,synthetic
synthetic,-63.1054,172.4033,synthetic
synthetic,-133.7461,-56.9134,synthetic
synthetic,-36.5781,-117.8738,synthetic
synthetic,-70.0817,-65.4762,synthetic
synthetic,-115.1541,-12.603,synthetic
synthetic,171.9619,91.8047,synthetic
synthetic,-179.3055,-174.4661,synthetic
synthetic,174.2103,175.885,synthetic
synthetic,-164.2568,-51.5289,synthetic
synthetic,91.6223,-156.3855,synthetic
synthetic,31.1561,60.0109,synthetic
synthetic,152.9916,-56.8831,synthetic
synthetic,-164.4351,172.6759,synthetic
synthetic,-107.6136,88.8864,synthetic
synthetic,86.5733,-68.6785,synthetic
synthetic,-116.0454,7.766,synthetic
synthetic,86.7301,-62.529,synthetic
synthetic,157.933,-51.7641,synthetic
synthetic,-169.2913,-35.9093,synthetic
synthetic,174.0747,42.0804,synthetic
synthetic,-96.9929,73.6326,synthetic
synthetic,72.7575,141.7414,synthetic
synthetic,84.7377,177.7618,synthetic
synthetic,55.334,58.7048,synthetic
synthetic,-91.5526,110.0695,synthetic
synthetic,-161.5384,-170.4141,synthetic
synthetic,-87.2443,-119.4276,synthetic
synthetic,-36.9228,127.702,synthetic
synthetic,86.0459,-65.2359,synthetic
synthetic,97.078,112.4121,synthetic
synthetic,28.6461,57.7688,synthetic
synthetic,59.148,59.0774,synthetic
synthetic,-113.7035,146.6053,synthetic
synthetic,-162.1756,76.2627,synthetic
synthetic,-175.8567,147.2514,synthetic
synthetic,-143.0322,-85.4876,synthetic
synthetic,127.7469,9.4294,synthetic
synthetic,-176.557,-35.5142,synthetic
synthetic,-20.9928,116.4272,synthetic
synthetic,80.5201,15.6241,synthetic
synthetic,166.491,178.1192,synthetic
synthetic,-122.9416,-131.4856,synthetic
synthetic,142.3851,-144.9513,synthetic
synthetic,121.5576,127.9278,synthetic
synthetic,-101.3978,158.859,synthetic
synthetic,-73.3387,-12.9279,synthetic
synthetic,143.379,-162.1467,synthetic
synthetic,-151.8061,78.1844,synthetic
synthetic,-28.4349,76.722,synthetic
synthetic,-145.3142,-80.5587,synthetic
synthetic,-179.0483,38.9474,synthetic
synthetic,168.0085,165.9481,synthetic
synthetic,-72.6259,-37.1091,synthetic
synthetic,174.5043,37.2823,synthetic
synthetic,62.5572,20.8821,synthetic
synthetic,-24.8175,-171.2958,synthetic
synthetic,61.5667,-145.7881,synthetic
synthetic,-32.8706,80.5179,synthetic
synthetic,64.9488,120.8966,synthetic
synthetic,-99.0726,109.5904,synthetic
synthetic,110.1817,159.1397,synthetic
synthetic,-134.9474,170.7531,synthetic
synthetic,106.1568,4.9707,synthetic
synthetic,-61.5411,-42.9128,synthetic
synthetic,-65.5789,170.6278,synthetic
synthetic,-157.6711,35.9564,synthetic
synthetic,174.1391,-179.9777,synthetic
synthetic,64.3699,124.3101,synthetic
synthetic,105.1731,-19.3421,synthetic
synthetic,-179.5301,34.0174,synthetic
synthetic,71.5199,-80.1989,synthetic
synthetic,174.5198,150.475,synthetic
synthetic,-39.7311,145.0461,synthetic
synthetic,121.8708,7.053,synthetic
synthetic,-84.1132,117.7111,synthetic
synthetic,63.4045,-147.8366,synthetic
synthetic,-60.4831,24.0515,synthetic
synthetic,170.3815,-176.0883,synthetic
synthetic,-57.1121,179.1178,synthetic
synthetic,160.9784,-48.4905,synthetic
synthetic,-138.9418,30.8455,synthetic
synthetic,-11.7617,-9.4759,synthetic
synthetic,176.1301,-31.9639,synthetic
synthetic,-156.9356,-173.9524,synthetic
synthetic,-122.1087,122.5392,synthetic
synthetic,125.9452,-48.6087,synthetic
synthetic,-177.8311,-37.0693,synthetic
synthetic,-141.4241,-82.77,synthetic
synthetic,-60.2177,-45.9475,synthetic
synthetic,175.8597,148.6669,synthetic
synthetic,-175.5765,-32.0911,synthetic
synthetic,-176.1492,-31.4722,synthetic
synthetic,-133.6685,-18.8412,synthetic
synthetic,-104.7391,-177.6077,synthetic
synthetic,-44.3848,120.3693,synthetic
synthetic,-73.9666,35.9983,synthetic
synthetic,-92.9105,-120.7023,synthetic
synthetic,-170.0008,42.737,synthetic
synthetic,66.0349,-154.6328,synthetic
synthetic,-140.1455,-80.6918,synthetic
synthetic,-124.8212,-134.9791,synthetic
synthetic,66.2135,-151.3155,synthetic
synthetic,-123.7704,-120.2772,synthetic
synthetic,-158.1602,78.5085,synthetic
synthetic,-50.9044,-176.5587,synthetic
synthetic,-6.4263,-85.7788,synthetic
synthetic,-141.1054,31.5237,synthetic
synthetic,-12.1173,-10.571,synthetic
synthetic,31.6476,59.5501,synthetic
synthetic,-118.3094,-172.692,synthetic
synthetic,153.9084,167.5635,synthetic
synthetic,-11.4192,-8.2658,synthetic
synthetic,78.0772,-69.7286,synthetic
synthetic,-73.5831,9.7355,synthetic
synthetic,122.9582,-44.4533,synthetic
synthetic,-122.8471,-48.5916,synthetic
synthetic,-133.2464,-51.3923,synthetic
synthetic,-157.9446,35.3587,synthetic
synthetic,-168.8102,-33.9453,synthetic
synthetic,122.6393,-43.739,synthetic
synthetic,-109.0527,100.0244,synthetic
synthetic,-9.6956,-3.8558,synthetic
synthetic,77.6367,-67.1605,synthetic
synthetic,143.8521,-157.8548,synthetic
synthetic,128.0115,-46.5782,synthetic
synthetic,126.4429,128.1166,synthetic
synthetic,-65.4035,-57.7555,synthetic
synthetic,-80.6162,-4.4061,synthetic
synthetic,-27.8078,133.6581,synthetic
synthetic,-135.5392,69.2621,synthetic
synthetic,-45.1761,124.1487,synthetic
synthetic,-124.0633,-4.0552,synthetic
synthetic,107.7018,160.7677,synthetic
synthetic,-10.9839,121.6753,synthetic
synthetic,-162.3403,-174.7292,synthetic
synthetic,82.4249,-65.6731,synthetic
synthetic,179.2066,45.8806,synthetic
synthetic,-5.0874,-11.0197,synthetic
synthetic,94.3346,-68.0552,synthetic
synthetic,134.6271,167.9551,synthetic
synthetic,-32.9244,-169.165,synthetic
synthetic,45.4705,64.4323,synthetic
synthetic,110.289,-12.5612,synthetic
synthetic,141.9116,107.8478,synthetic
synthetic,-10.8129,-4.1687,synthetic
synthetic,72.1443,-4.0408,synthetic
synthetic,-167.4638,-175.1313,synthetic
synthetic,124.4911,128.9952,synthetic
synthetic,87.0859,178.5469,synthetic
synthetic,143.1177,111.918,synthetic
synthetic,-113.2382,2.7349,synthetic
synthetic,-126.2767,8.3997,synthetic
synthetic,148.3104,151.2682,synthetic
synthetic,-98.5598,14.6023,synthetic
synthetic,-57.4995,29.8804,synthetic
synthetic,-86.2333,13.7487,synthetic
synthetic,-48.2484,-9.6138,synthetic
synthetic,-30.477,-118.1418,synthetic
synthetic,-84.2197,69.1283,synthetic
synthetic,-171.1542,-178.7182,synthetic
synthetic,43.2079,44.1247,synthetic
synthetic,66.4694,139.4273,synthetic
synthetic,172.1337,171.1421,synthetic
synthetic,-67.5363,-179.3747,synthetic
synthetic,-25.258,119.5836,synthetic
synthetic,57.2854,48.6417,synthetic
synthetic,154.4639,12.7649,synthetic
synthetic,-37.7811,-116.249,synthetic
synthetic,-86.8774,104.3317,synthetic
synthetic,175.7995,-177.2458,synthetic
synthetic,-167.3394,-177.301,synthetic
synthetic,-149.1733,76.9256,synthetic
synthetic,-96.8463,-121.3426,synthetic
synthetic,74.7568,-74.2801,synthetic
synthetic,119.4928,-82.4221,synthetic
synthetic,-81.2624,73.147,synthetic
synthetic,110.5563,-16.1506,synthetic
synthetic,-178.8514,32.7242,synthetic
synthetic,-125.3035,53.327,synthetic
synthetic,176.7714,-33.8237,synthetic
synthetic,137.9843,120.7815,synthetic
synthetic,-84.2884,61.861,synthetic
synthetic,127.5767,166.8787,synthetic
synthetic,-52.7893,-47.313,synthetic
synthetic,-118.9469,-172.1911,synthetic
synthetic,179.7301,54.1391,synthetic
synthetic,-40.2074,69.4884,synthetic
synthetic,83.0815,34.7221,synthetic
synthetic,-67.7184,-174.9073,synthetic
synthetic,73.8897,-0.883,synthetic
synthetic,114.053,157.1389,synthetic
synthetic,-68.396,-12.8782,synthetic
synthetic,-96.696,-168.7772,synthetic
synthetic,57.7502,55.6901,synthetic
synthetic,-41.4245,-170.59,synthetic
synthetic,-59.2223,-37.0316,synthetic
synthetic,87.8666,-172.6048,synthetic
synthetic,-81.9015,-121.9753,synthetic
synthetic,94.5656,109.2162,synthetic
synthetic,-7.7695,-2.2878,synthetic
synthetic,-20.8841,150.1076,synthetic
synthetic,78.9595,-59.5069,synthetic
synthetic,-58.6339,-47.3225,synthetic
synthetic,-11.7284,-11.1827,synthetic
synthetic,-10.3001,-9.408,synthetic
synthetic,60.6495,152.603,synthetic
synthetic,62.1415,-146.5925,synthetic
synthetic,-176.3921,87.8707,synthetic
synthetic,121.2123,-77.982,synthetic
synthetic,-50.5876,-35.3145,synthetic
synthetic,-91.988,64.4692,synthetic
synthetic,-178.7456,50.4858,synthetic
synthetic,9.3527,-76.6167,synthetic
synthetic,-98.087,-173.4242,synthetic
synthetic,179.694,-27.7695,synthetic
synthetic,-102.0108,111.3918,synthetic
synthetic,-110.9291,88.3877,synthetic
synthetic,-140.2444,-82.5215,synthetic
synthetic,-179.476,-31.1527,synthetic
synthetic,-92.9241,-126.8498,synthetic
synthetic,29.8839,65.7316,synthetic
synthetic,-50.9636,-43.1696,synthetic
synthetic,-169.6822,71.5514,synthetic
synthetic,-4.5823,127.9991,synthetic
synthetic,179.9233,-33.9771,synthetic
synthetic,84.312,-179.2449,synthetic
synthetic,-172.7747,-33.2472,synthetic
synthetic,-155.4544,149.3984,synthetic
synthetic,176.0199,-175.9726,synthetic
synthetic,28.571,65.3359,synthetic
synthetic,-157.7892,38.8273,synthetic
synthetic,136.8869,114.14,synthetic
synthetic,-152.2613,78.445,synthetic
synthetic,-138.788,-61.572,synthetic
synthetic,-102.5935,12.4684,synthetic
synthetic,102.749,156.8067,synthetic
synthetic,176.3545,-38.5897,synthetic
synthetic,-98.2198,45.1156,synthetic
synthetic,-63.1174,19.2603,synthetic
synthetic,137.2279,110.204,synthetic
synthetic,-103.2169,45.0565,synthetic
synthetic,-160.7529,-51.3796,synthetic
synthetic,130.8908,8.8984,synthetic
synthetic,-36.4173,-45.3294,synthetic
synthetic,-25.1973,133.5793,synthetic
synthetic,100.97,113.1018,synthetic
synthetic,-57.7162,141.666,synthetic
synthetic,149.1149,-47.9989,synthetic
synthetic,54.1325,135.3248,synthetic
synthetic,-179.6884,85.4001,synthetic
synthetic,-179.4734,-37.9635,synthetic
synthetic,-44.7669,-58.0911,synthetic
synthetic,-133.7513,154.4423,synthetic
synthetic,-163.6093,-174.9981,synthetic
synthetic,-75.4732,-38.0692,synthetic
synthetic,81.6404,155.3022,synthetic
synthetic,-87.8473,31.1244,synthetic
synthetic,-50.999,-176.6146,synthetic
synthetic,-153.3962,168.993,synthetic
synthetic,3.4659,-81.16,synthetic
synthetic,153.2143,-41.6536,synthetic
synthetic,75.3554,165.8543,synthetic
synthetic,87.384,-178.6458,synthetic
synthetic,105.5518,152.3792,synthetic
synthetic,-177.8651,-39.776,synthetic
synthetic,-167.8493,-179.0265,synthetic
synthetic,-90.1863,-173.4217,synthetic
synthetic,-23.3373,-172.3959,synthetic
synthetic,-126.2894,-143.8588,synthetic
synthetic,77.12,157.764,synthetic
synthetic,-95.2668,152.7219,synthetic
synthetic,-88.2255,145.0602,synthetic
synthetic,-100.4095,-168.0949,synthetic
synthetic,25.425,62.4655,synthetic
synthetic,101.4093,17.551,synthetic
synthetic,-128.4781,-132.828,synthetic
synthetic,-20.9703,117.9801,synthetic
synthetic,173.9015,35.585,synthetic
synthetic,-131.3449,72.8098,synthetic
synthetic,152.9336,-51.3491,synthetic
synthetic,-167.1671,72.8073,synthetic
synthetic,176.0301,174.7409,synthetic
synthetic,-92.5304,-172.2473,synthetic
synthetic,107.3201,11.9173,synthetic
synthetic,-90.4914,-113.9104,synthetic
synthetic,-171.0486,-169.2225,synthetic
synthetic,-33.5123,176.1217,synthetic
synthetic,-89.3224,-122.4167,synthetic
synthetic,-68.8889,157.3498,synthetic
synthetic,164.8951,44.4934,synthetic
synthetic,174.5537,179.9307,synthetic
synthetic,175.9619,147.5666,synthetic
synthetic,129.6041,165.7473,synthetic
synthetic,159.0297,-50.9801,synthetic
synthetic,105.3938,-11.2598,synthetic
synthetic,-114.9841,117.2016,synthetic
synthetic,-109.7734,121.7312,synthetic
synthetic,120.574,-76.8086,synthetic
synthetic,135.1543,171.6892,synthetic
synthetic,-109.0878,-179.3869,synthetic
synthetic,168.0084,-168.7783,synthetic
synthetic,-100.6986,-172.1065,synthetic
synthetic,-30.9006,-123.9643,synthetic
synthetic,-3.0256,-104.2793,synthetic
synthetic,-164.4246,-171.9611,synthetic
synthetic,-175.9345,78.5848,synthetic
synthetic,-153.3696,36.5307,synthetic
synthetic,-26.9476,-174.2411,synthetic
synthetic,4.7726,-102.8108,synthetic
synthetic,-107.1064,26.5189,synthetic
synthetic,-8.3989,-11.0975,synthetic
synthetic,-178.4587,159.1586,synthetic
synthetic,120.6178,-80.3218,synthetic
synthetic,-158.5598,-53.6813,synthetic
synthetic,-108.3111,104.6804,synthetic
synthetic,150.5153,159.7968,synthetic
synthetic,-141.7117,-87.123,synthetic
synthetic,-119.4424,50.0523,synthetic
synthetic,-0.547,-102.9885,synthetic
synthetic,-41.5142,130.2109,synthetic
synthetic,-176.1516,29.6307,synthetic
synthetic,-163.3078,-51.3943,synthetic
synthetic,103.5194,13.2127,synthetic
synthetic,175.1986,-34.7772,synthetic
synthetic,154.5599,3.5309,synthetic
synthetic,-84.5671,53.3885,synthetic
synthetic,64.153,124.856,synthetic
synthetic,-128.039,139.6736,synthetic
synthetic,49.1206,46.2252,synthetic
synthetic,107.5081,158.5254,synthetic
synthetic,-115.1872,-171.9581,synthetic
synthetic,131.317,165.6061,synthetic
synthetic,-98.7838,-167.1378,synthetic
synthetic,-49.0982,-55.8168,synthetic
synthetic,174.7193,40.9704,synthetic
synthetic,178.7112,82.2094,synthetic
synthetic,48.7604,52.2623,synthetic
synthetic,152.7058,11.4355,synthetic
synthetic,-5.5026,-103.3204,synthetic
synthetic,67.0502,17.8275,synthetic
synthetic,99.3547,13.5842,synthetic
synthetic,-178.602,165.0193,synthetic
synthetic,70.8156,2.6625,synthetic
synthetic,169.6913,-170.0124,synthetic
synthetic,139.258,-157.654,synthetic
synthetic,-67.2946,136.4761,synthetic
synthetic,103.1225,111.8652,synthetic
synthetic,-33.7955,74.0724,synthetic
synthetic,-179.3659,39.2,synthetic
synthetic,72.0379,11.6032,synthetic
synthetic,117.7246,119.0416,synthetic
synthetic,-80.3644,55.2907,synthetic
synthetic,-137.9384,-82.8802,synthetic
synthetic,143.3141,-49.3854,synthetic
synthetic,-160.215,-176.8985,synthetic
synthetic,-150.7797,33.7457,synthetic
synthetic,-95.9147,46.577,synthetic
synthetic,-94.4748,-115.9782,synthetic
synthetic,-69.3114,-12.5478,synthetic
synthetic,-30.2255,82.1864,synthetic
synthetic,-125.2763,-132.0545,synthetic
synthetic,79.5046,179.7485,synthetic
synthetic,-103.2581,156.9536,synthetic
synthetic,-124.3372,142.5308,synthetic
synthetic,-53.2208,-54.2183,synthetic
synthetic,122.2306,167.9275,synthetic
synthetic,-7.3252,-15.4555,synthetic
synthetic,127.3859,-48.3761,synthetic
synthetic,-16.8667,-18.3205,synthetic
synthetic,-93.8676,-118.457,synthetic
synthetic,-55.037,28.7207,synthetic
synthetic,148.6808,-56.3665,synthetic
synthetic,-178.1352,-36.2027,synthetic
synthetic,0.2634,-83.4008,synthetic
synthetic,-23.4159,142.3474,synthetic
synthetic,76.9468,1.2228,synthetic
synthetic,-140.3446,-88.5639,synthetic
synthetic,-157.5592,-174.9709,synthetic
synthetic,-54.8982,-60.3504,synthetic
synthetic,-112.7649,-172.1468,synthetic
synthetic,67.6406,144.4453,synthetic
synthetic,57.6312,42.0635,synthetic
synthetic,-11.9874,122.2791,synthetic
synthetic,-118.0852,30.5373,synthetic
synthetic,110.3104,12.5194,synthetic
synthetic,31.4601,64.6723,synthetic
synthetic,118.31,-84.587,synthetic
synthetic,-16.2153,119.0431,synthetic
synthetic,-159.3911,-171.3802,synthetic
synthetic,-58.4976,-60.1847,synthetic
synthetic,50.5608,-144.1927,synthetic
synthetic,124.4166,161.0886,synthetic
synthetic,86.006,-61.5689,synthetic
synthetic,123.8444,-46.2187,synthetic
synthetic,94.8976,-13.8305,synthetic
synthetic,110.7642,159.5582,synthetic
synthetic,-8.411,-10.0688,synthetic
synthetic,176.8958,-31.6608,synthetic
synthetic,-163.4046,81.064,synthetic
synthetic,75.2766,-6.6478,synthetic
synthetic,-129.8642,-53.8905,synthetic
synthetic,171.5541,175.4782,synthetic
synthetic,-30.6998,-172.5347,synthetic
synthetic,-137.467,-79.673,synthetic
synthetic,82.0626,-64.5484,synthetic
synthetic,83.1369,178.2215,synthetic
synthetic,0.8494,-84.7027,synthetic
synthetic,171.1177,43.2956,synthetic
synthetic,157.6852,6.7954,synthetic
synthetic,125.1484,-48.3979,synthetic
synthetic,-141.2977,25.6882,synthetic
synthetic,-91.7817,-5.6425,synthetic
synthetic,137.2988,-161.1466,synthetic
synthetic,-162.8504,76.7612,synthetic
synthetic,67.6848,-153.9654,synthetic
synthetic,141.1715,-155.3,synthetic
synthetic,-161.6008,75.9724,synthetic
synthetic,67.6707,-146.7546,synthetic
synthetic,-97.0308,-175.0189,synthetic
synthetic,62.5647,-155.0826,synthetic
synthetic,-84.8048,77.6912,synthetic
synthetic,-122.6435,-136.9777,synthetic
synthetic,-23.708,121.1851,synthetic
synthetic,108.6547,7.0415,synthetic
synthetic,137.9677,-149.4028,synthetic
synthetic,-152.3394,34.5546,synthetic
synthetic,-46.7002,-72.9681,synthetic
synthetic,-172.8175,-43.2761,synthetic
synthetic,-42.288,-53.3327,synthetic
synthetic,173.6135,-173.6919,synthetic
synthetic,-37.9357,-5.1187,synthetic
synthetic,156.3606,6.5462,synthetic
synthetic,-162.7375,168.3609,synthetic
synthetic,-158.6937,25.6347,synthetic
synthetic,140.9197,115.8881,synthetic
synthetic,-83.7743,55.052,synthetic
synthetic,80.4975,-64.7908,synthetic
synthetic,90.2001,32.6479,synthetic
synthetic,78.3038,0.1337,synthetic
synthetic,79.1715,-74.2809,synthetic
synthetic,-156.7877,-48.5191,synthetic
synthetic,-157.145,-53.0278,synthetic
synthetic,155.1936,168.4885,synthetic
synthetic,-177.1091,88.5332,synthetic
synthetic,162.6701,-175.5131,synthetic
synthetic,-122.9955,-2.9044,synthetic
synthetic,50.6024,58.728,synthetic
synthetic,-10.104,-47.7861,synthetic
synthetic,-0.3407,-99.5903,synthetic
synthetic,-30.0218,-173.0974,synthetic
synthetic,-96.0985,-173.2434,synthetic
synthetic,-151.9593,-54.8044,synthetic
synthetic,82.6951,-65.4998,synthetic
synthetic,127.418,-48.4357,synthetic
synthetic,-172.3205,-175.7739,synthetic
synthetic,174.8107,172.2211,synthetic
synthetic,145.3749,108.7236,synthetic
synthetic,-99.5035,-172.274,synthetic
synthetic,-71.0812,177.5006,synthetic
synthetic,-55.3034,-177.6548,synthetic
synthetic,-37.6747,-71.2248,synthetic
synthetic,176.9124,147.9161,synthetic
synthetic,-79.4623,126.7095,synthetic
synthetic,139.9318,109.6954,synthetic
synthetic,53.5774,48.5916,synthetic
synthetic,106.318,102.8672,synthetic
synthetic,173.2362,-30.1901,synthetic
synthetic,-179.7816,179.9889,synthetic
synthetic,-39.7012,74.4321,synthetic
synthetic,-123.6968,103.1766,synthetic
synthetic,62.8665,16.0252,synthetic
synthetic,-160.7858,79.1278,synthetic
synthetic,79.5964,-66.7814,synthetic
synthetic,-166.992,-177.16,synthetic
synthetic,143.0467,-152.2004,synthetic
synthetic,-24.8718,-174.0144,synthetic
synthetic,-30.8219,-177.7036,synthetic
synthetic,169.5269,-172.316,synthetic
synthetic,-120.734,55.2826,synthetic
synthetic,-47.7232,166.4151,synthetic
synthetic,88.054,175.9621,synthetic
synthetic,113.4315,-11.8132,synthetic
synthetic,170.4759,42.4951,synthetic
synthetic,-128.7933,-44.7897,synthetic
synthetic,138.8823,113.335,synthetic
synthetic,-151.3949,24.4031,synthetic
synthetic,-157.4365,24.3217,synthetic
synthetic,177.9848,-32.8871,synthetic
synthetic,107.2197,4.7146,synthetic
synthetic,-126.6757,37.7156,synthetic
synthetic,-161.7667,-53.0283,synthetic
synthetic,-160.5586,-179.3712,synthetic
synthetic,121.9602,128.8985,synthetic
synthetic,-61.0418,154.6184,synthetic
synthetic,-97.0071,-166.9814,synthetic
synthetic,-49.8997,-34.2529,synthetic
synthetic,102.8399,-11.423,synthetic
synthetic,-33.1562,-58.4926,synthetic
synthetic,-124.3983,140.7443,synthetic
synthetic,-10.2517,-11.01,synthetic
synthetic,65.5098,22.5213,synthetic
synthetic,54.1053,53.7586,synthetic
synthetic,102.6352,-14.1881,synthetic
synthetic,-126.5729,-131.0454,synthetic
synthetic,159.6869,-174.9657,synthetic
synthetic,-10.3877,123.5059,synthetic
synthetic,-62.2062,-52.028,synthetic
synthetic,-30.9222,81.133,synthetic
synthetic,0.9742,-87.396,synthetic
synthetic,-82.4523,3.3893,synthetic
synthetic,-63.7822,179.014,synthetic
synthetic,166.7809,-173.9252,synthetic
synthetic,-4.0187,-104.8422,synthetic
synthetic,-135.4474,20.8206,synthetic
synthetic,167.1522,41.8001,synthetic
synthetic,-123.3059,-8.6999,synthetic
synthetic,55.0644,-147.097,synthetic
synthetic,-177.3566,42.8762,synthetic
synthetic,96.5929,-7.5441,synthetic
synthetic,174.6775,179.5236,synthetic
synthetic,-174.0942,-42.6222,synthetic
synthetic,-113.3396,115.5784,synthetic
synthetic,-173.8011,123.3502,synthetic
synthetic,142.6885,116.3063,synthetic
synthetic,160.091,-171.8313,synthetic
synthetic,-143.4739,69.8743,synthetic
synthetic,100.2533,106.5429,synthetic
synthetic,-143.4869,28.9024,synthetic
synthetic,-96.0759,54.8074,synthetic
synthetic,-166.4694,153.5041,synthetic
synthetic,-39.0764,-47.9222,synthetic
synthetic,87.7096,-132.3603,synthetic
synthetic,-30.8975,-167.4587,synthetic
synthetic,76.9168,-133.6628,synthetic
synthetic,-88.38,-122.1974,synthetic
synthetic,178.7277,147.2571,synthetic
synthetic,60.979,-143.0676,synthetic
synthetic,-92.641,164.9317,synthetic
synthetic,-136.2984,34.6931,synthetic
synthetic,-149.2386,-66.6999,synthetic
synthetic,84.1583,21.7842,synthetic
synthetic,-151.6723,75.8394,synthetic
synthetic,-126.1411,-130.9619,synthetic
synthetic,145.203,-156.5608,synthetic
synthetic,157.0384,-50.861,synthetic
synthetic,-40.3678,70.464,synthetic
synthetic,-17.4513,120.1993,synthetic
synthetic,-164.6835,39.7219,synthetic
synthetic,-168.647,-179.0386,synthetic
synthetic,-178.0141,42.4279,synthetic
synthetic,-26.9838,81.177,synthetic
synthetic,0.6314,-111.4534,synthetic
synthetic,-74.3319,36.8116,synthetic
synthetic,120.4502,162.0463,synthetic
synthetic,-54.2019,24.5683,synthetic
synthetic,57.1378,-142.7306,synthetic
synthetic,-33.1649,-126.9503,synthetic
synthetic,-1.4355,-82.152,synthetic
synthetic,-32.6568,-172.1615,synthetic
synthetic,0.7478,-83.7156,synthetic
synthetic,-103.985,167.2388,synthetic
synthetic,-145.2639,-80.7924,synthetic
synthetic,-44.1876,-177.1582,synthetic
synthetic,-92.2196,123.6118,synthetic
synthetic,-30.2008,-174.6938,synthetic
synthetic,-112.2303,144.574,synthetic
synthetic,-143.0781,169.6297,synthetic
synthetic,35.726,65.8465,synthetic
synthetic,175.77,46.938,synthetic
synthetic,87.4012,179.7687,synthetic
synthetic,35.0763,66.0847,synthetic
synthetic,2.7428,-81.5923,synthetic
synthetic,130.5496,-47.7829,synthetic
synthetic,117.2173,123.5134,synthetic
synthetic,87.6356,-175.6374,synthetic
synthetic,74.8615,6.8848,synthetic
synthetic,-101.283,-22.9569,synthetic
synthetic,-29.3336,-169.4312,synthetic
synthetic,-33.6545,75.7126,synthetic
synthetic,169.2727,-56.0783,synthetic
synthetic,141.0214,112.0049,synthetic
synthetic,176.2636,-28.9248,synthetic
synthetic,-93.3741,-124.7507,synthetic
synthetic,-152.3122,-53.9349,synthetic
synthetic,-177.8542,-35.0712,synthetic
synthetic,-31.6404,76.2019,synthetic
synthetic,-24.4239,-177.3528,synthetic
synthetic,-144.4641,-179.8402,synthetic
synthetic,121.0746,-52.1229,synthetic
synthetic,-140.5852,-87.9907,synthetic
synthetic,-128.504,-125.3189,synthetic
synthetic,107.4573,-9.2255,synthetic
synthetic,-21.9314,-171.5865,synthetic
synthetic,173.7762,160.9696,synthetic
synthetic,48.8175,56.1872,synthetic
synthetic,-57.101,-38.6765,synthetic
synthetic,115.5704,8.4155,synthetic
synthetic,-85.0471,-117.301,synthetic
synthetic,-33.4095,77.0298,synthetic
synthetic,-60.2868,-53.9716,synthetic
synthetic,92.427,178.9449,synthetic
synthetic,-104.5743,164.9431,synthetic
synthetic,86.4978,-64.8278,synthetic
synthetic,159.7174,-168.8673,synthetic
synthetic,-159.1816,30.5962,synthetic
synthetic,-138.3799,-88.2414,synthetic
synthetic,151.7938,-48.8066,synthetic
synthetic,156.2937,-55.587,synthetic
synthetic,80.3864,-60.939,synthetic
synthetic,-89.6156,122.1371,synthetic
synthetic,-106.4477,-5.5809,synthetic
synthetic,161.0631,-171.0225,synthetic
synthetic,78.7857,-67.7057,synthetic
synthetic,-42.6357,-120.9425,synthetic
synthetic,178.926,86.4788,synthetic
synthetic,-8.915,-9.7571,synthetic
synthetic,100.5406,111.288,synthetic
synthetic,126.5676,164.8408,synthetic
synthetic,66.495,18.4336,synthetic
synthetic,-27.6641,-178.6646,synthetic
synthetic,26.2826,60.3839,synthetic
synthetic,139.1124,-165.9134,synthetic
synthetic,-2.2734,-75.4173,synthetic
synthetic,89.771,-178.0817,synthetic
synthetic,-131.1162,-55.5298,synthetic
synthetic,-14.4907,120.0099,synthetic
synthetic,-68.5547,-179.6868,synthetic
synthetic,49.8866,60.026,synthetic
synthetic,88.237,-54.8653,synthetic
synthetic,115.5719,-46.3794,synthetic
synthetic,173.6879,43.8521,synthetic
synthetic,177.4337,44.4459,synthetic
synthetic,-102.3789,110.9716,synthetic
synthetic,128.6005,12.889,synthetic
synthetic,-45.2409,-49.7794,synthetic
synthetic,61.4843,29.2635,synthetic
synthetic,58.4661,63.324,synthetic
synthetic,76.7535,178.2102,synthetic
synthetic,71.2233,-15.7695,synthetic
synthetic,131.1153,-47.7748,synthetic
synthetic,-91.9947,-119.8681,synthetic
synthetic,162.8754,-174.4767,synthetic
synthetic,-53.9752,172.9299,synthetic
synthetic,-8.7572,-1.4602,synthetic
synthetic,-5.2882,-3.2472,synthetic
synthetic,-176.722,-34.7611,synthetic
synthetic,-141.4166,-83.2733,synthetic
synthetic,-43.0617,-179.8142,synthetic
synthetic,-138.7861,-81.4973,synthetic
synthetic,179.0647,-32.145,synthetic
synthetic,76.5283,-130.8098,synthetic
synthetic,-179.5514,92.5747,synthetic
synthetic,63.8538,37.2853,synthetic
synthetic,-178.5739,29.7248,synthetic
synthetic,121.7381,-73.9982,synthetic
synthetic,152.8208,13.0403,synthetic
synthetic,-33.4969,-122.2264,synthetic
synthetic,149.841,114.9647,synthetic
synthetic,153.5739,3.4594,synthetic
synthetic,77.9954,153.4115,synthetic
synthetic,149.8379,109.4589,synthetic
synthetic,104.7875,-18.1049,synthetic
synthetic,-30.1759,-174.7541,synthetic
synthetic,-175.7523,-31.9549,synthetic
synthetic,174.9551,154.1098,synthetic
synthetic,149.1414,-53.6232,synthetic
synthetic,-59.1014,35.9628,synthetic
synthetic,58.3684,148.7605,synthetic
synthetic,-143.8015,172.3279,synthetic
synthetic,-87.3923,-114.2978,synthetic
synthetic,178.0912,169.2718,synthetic
synthetic,178.0022,-176.3039,synthetic
synthetic,-92.9944,113.5768,synthetic
synthetic,-41.1679,119.8734,synthetic
synthetic,-134.159,71.5473,synthetic
synthetic,-164.857,74.7627,synthetic
synthetic,-21.0969,122.3903,synthetic
synthetic,96.7317,114.8397,synthetic
synthetic,66.1292,-16.6197,synthetic
synthetic,-175.279,-39.26,synthetic
synthetic,123.5206,126.0181,synthetic
synthetic,48.1457,64.1173,synthetic
synthetic,-9.9494,123.3517,synthetic
synthetic,161.4042,-58.4777,synthetic
synthetic,-46.8587,-170.5119,synthetic
synthetic,-31.5938,-168.8497,synthetic
synthetic,-97.4193,95.9295,synthetic
synthetic,-82.4379,-116.3416,synthetic
synthetic,-154.1857,23.2587,synthetic
synthetic,74.4984,-142.4077,synthetic
synthetic,-49.0417,-44.109,synthetic
synthetic,-140.021,139.4359,synthetic
synthetic,-76.6417,-6.8019,synthetic
synthetic,168.8173,38.8559,synthetic
synthetic,-123.3146,-48.7422,synthetic
synthetic,-121.7603,147.9183,synthetic
synthetic,-91.5243,6.2638,synthetic
synthetic,72.3283,22.9845,synthetic
synthetic,85.656,-66.5819,synthetic
synthetic,-32.1565,136.1995,synthetic
synthetic,168.6283,-177.213,synthetic
synthetic,159.0353,8.8617,synthetic
synthetic,-29.7449,75.1203,synthetic
synthetic,-100.7287,105.6852,synthetic
synthetic,-96.6399,-177.3044,synthetic
synthetic,-130.3296,162.9275,synthetic
synthetic,102.8327,115.2001,synthetic
synthetic,-14.578,117.2234,synthetic
synthetic,-146.1007,175.643,synthetic
synthetic,-146.5203,-43.9668,synthetic
synthetic,-24.3151,113.5055,synthetic
synthetic,119.1747,123.6147,synthetic
synthetic,-116.272,114.8364,synthetic
synthetic,102.4776,9.5991,synthetic
synthetic,175.3762,-33.3198,synthetic
synthetic,63.3556,143.4715,synthetic
synthetic,63.8918,-147.9483,synthetic
synthetic,-54.0495,179.6943,synthetic
synthetic,78.2647,-133.2835,synthetic
synthetic,-97.9377,-172.9764,synthetic
synthetic,-145.5554,169.426,synthetic
synthetic,-138.322,77.2097,synthetic
synthetic,-128.7385,109.12,synthetic
synthetic,-38.457,-70.0283,synthetic
synthetic,113.8198,-80.3267,synthetic
synthetic,-43.8062,129.2539,synthetic
synthetic,-135.6595,-94.9404,synthetic
synthetic,61.626,60.309,synthetic
synthetic,-85.4709,76.5449,synthetic
synthetic,66.0629,-151.8068,synthetic
synthetic,-12.8051,-7.3402,synthetic
synthetic,-0.2888,-100.7037,synthetic
synthetic,50.037,63.0535,synthetic
synthetic,-23.4589,122.4072,synthetic
synthetic,-154.9253,82.0948,synthetic
synthetic,-34.8941,73.3348,synthetic
synthetic,2.5494,-112.2466,synthetic
synthetic,150.3274,-56.0664,synthetic
synthetic,-103.7609,131.6443,synthetic
synthetic,83.3766,16.2082,synthetic
synthetic,-139.1055,177.7366,synthetic
synthetic,55.8374,42.5227,synthetic
synthetic,-60.8462,32.5053,synthetic
synthetic,-140.1414,-178.5375,synthetic
synthetic,-96.3596,-55.4677,synthetic
synthetic,158.6847,-170.9697,synthetic
synthetic,65.5922,-154.2396,synthetic
synthetic,-179.508,41.1694,synthetic
synthetic,-92.6696,46.644,synthetic
synthetic,-59.8758,31.9572,synthetic
synthetic,-143.1313,-79.7228,synthetic
synthetic,-32.0738,75.8487,synthetic
synthetic,-163.3282,38.4207,synthetic
synthetic,86.5737,-173.005,synthetic
synthetic,-11.7086,-96.3712,synthetic
synthetic,70.9999,136.4122,synthetic
synthetic,130.407,7.4863,synthetic
synthetic,122.7695,6.6886,synthetic
synthetic,-82.8484,64.3319,synthetic
synthetic,-58.1853,109.2182,synthetic
synthetic,-12.2284,129.0512,synthetic
synthetic,-67.2843,-179.3202,synthetic
synthetic,69.9784,-5.2677,synthetic
synthetic,-168.6735,174.9205,synthetic
synthetic,-68.6396,-6.1676,synthetic
synthetic,-168.3806,-178.711,synthetic
synthetic,-104.0073,102.9009,synthetic
synthetic,-36.7977,178.959,synthetic
synthetic,-139.1505,39.5208,synthetic
synthetic,-176.9235,49.6948,synthetic
synthetic,-15.243,-7.0173,synthetic
synthetic,127.2984,8.7702,synthetic
synthetic,-88.3577,-112.5861,synthetic
synthetic,-56.2303,29.5813,synthetic
synthetic,120.6488,-79.2524,synthetic
synthetic,-165.0556,166.3553,synthetic
synthetic,151.7509,12.1792,synthetic
synthetic,-116.9342,54.378,synthetic
synthetic,81.7267,-62.5656,synthetic
synthetic,-128.3126,-142.1526,synthetic
synthetic,122.8734,126.0467,synthetic
synthetic,80.0213,-164.4174,synthetic
synthetic,-32.7201,-122.9655,synthetic
synthetic,86.9953,176.6833,synthetic
synthetic,-165.4606,81.2285,synthetic
synthetic,140.2922,115.4027,synthetic
synthetic,-72.4111,134.8908,synthetic
synthetic,-163.4514,-54.0153,synthetic
synthetic,56.0912,47.1581,synthetic
synthetic,-126.4715,-3.3023,synthetic
synthetic,174.8351,35.188,synthetic
synthetic,-53.4379,-23.2634,synthetic
synthetic,177.2748,80.5819,synthetic
synthetic,87.3238,179.9488,synthetic
synthetic,-177.9945,151.4404,synthetic
synthetic,-99.7185,-173.0984,synthetic
synthetic,-14.5529,1.126,synthetic
synthetic,-159.9653,-175.1731,synthetic
synthetic,168.9654,-172.6367,synthetic
synthetic,-165.2249,85.3859,synthetic
synthetic,-79.2595,167.4831,synthetic
synthetic,-94.3632,0.7008,synthetic
synthetic,-114.0501,-179.181,synthetic
synthetic,129.1966,-46.7522,synthetic
synthetic,-164.6528,-178.9055,synthetic
synthetic,-35.8036,-177.803,synthetic
synthetic,-24.1813,75.7814,synthetic
synthetic,-44.3518,-170.9264,synthetic
synthetic,-64.1375,100.3723,synthetic
synthetic,-24.8063,118.2195,synthetic
synthetic,80.7503,179.1216,synthetic
synthetic,78.1904,162.8913,synthetic
synthetic,-23.8135,-177.768,synthetic
synthetic,-126.7059,-135.6455,synthetic
synthetic,102.5331,12.8267,synthetic
synthetic,96.3184,111.5375,synthetic
synthetic,-149.9261,175.2846,synthetic
synthetic,20.3165,59.2188,synthetic
synthetic,81.9555,-132.2498,synthetic
synthetic,-43.7504,-166.7265,synthetic
synthetic,-85.5485,17.8328,synthetic
synthetic,-159.8606,-173.8203,synthetic
synthetic,152.7842,-46.0883,synthetic
synthetic,-178.0121,36.4228,synthetic
synthetic,168.9933,179.8317,synthetic
synthetic,-161.2995,-175.4175,synthetic
synthetic,-155.8571,38.3142,synthetic
synthetic,-68.129,175.3416,synthetic
synthetic,-77.4343,172.5948,synthetic
synthetic,-39.672,75.2522,synthetic
synthetic,-85.8918,-115.4124,synthetic
synthetic,122.17,160.7908,synthetic
synthetic,-140.5095,169.556,synthetic
synthetic,166.9641,37.7932,synthetic
synthetic,81.9591,-178.2642,synthetic
synthetic,-37.2073,-58.5528,synthetic
synthetic,-176.8572,168.9389,synthetic
synthetic,-80.7343,24.513,synthetic
synthetic,-86.1335,130.7302,synthetic
synthetic,-125.9369,-128.1114,synthetic
synthetic,63.1952,66.6239,synthetic
synthetic,172.9078,43.1005,synthetic
synthetic,164.5991,-173.1974,synthetic
synthetic,-68.0106,-38.2183,synthetic
synthetic,-64.1942,-48.132,synthetic
synthetic,74.2727,168.3388,synthetic
synthetic,-79.5073,-12.6324,synthetic
synthetic,-175.9833,37.1907,synthetic
synthetic,73.8933,-126.9818,synthetic
synthetic,-22.7764,145.0135,synthetic
synthetic,-94.6447,49.7771,synthetic
synthetic,-47.7973,-14.7334,synthetic
synthetic,-26.9728,-167.5221,synthetic
synthetic,-40.1179,-167.7553,synthetic
synthetic,-93.3137,44.9433,synthetic
synthetic,-25.7524,-172.3055,synthetic
synthetic,-62.6197,-41.6371,synthetic
synthetic,113.6506,-65.8101,synthetic
synthetic,-92.0115,-172.8614,synthetic
synthetic,-145.9834,21.1453,synthetic
synthetic,64.7044,-149.5075,synthetic
synthetic,179.217,170.2189,synthetic
synthetic,-131.0632,-124.7356,synthetic
synthetic,-171.519,-39.0387,synthetic
synthetic,-60.0469,-37.68,synthetic
synthetic,-87.8175,-122.058,synthetic
synthetic,73.9054,155.4117,synthetic
synthetic,26.304,64.7047,synthetic
synthetic,-3.2069,-79.4093,synthetic
synthetic,-140.9923,-81.7752,synthetic
synthetic,61.8426,145.335,synthetic
synthetic,10.0977,-84.2502,synthetic
synthetic,161.4915,-173.6096,synthetic
synthetic,53.1123,55.8273,synthetic
synthetic,101.9816,-10.3687,synthetic
synthetic,-91.2181,-122.445,synthetic
synthetic,-64.5871,136.7319,synthetic
synthetic,178.1066,51.5312,synthetic
synthetic,178.3546,79.2639,synthetic
synthetic,81.2107,-67.7935,synthetic
synthetic,66.9545,122.2583,synthetic
synthetic,-84.1857,-1.4647,synthetic
synthetic,125.4246,166.1303,synthetic
synthetic,42.4601,52.0113,synthetic
synthetic,-26.2673,135.3851,synthetic
synthetic,97.9844,114.0168,synthetic
synthetic,-34.8549,-119.4764,synthetic
synthetic,175.7519,-37.9406,synthetic
synthetic,-128.6468,-128.8935,synthetic
synthetic,-136.9849,-56.3643,synthetic
synthetic,-75.9438,126.2661,synthetic
synthetic,88.9829,175.4773,synthetic
synthetic,-4.6849,123.6248,synthetic
synthetic,-24.9736,78.717,synthetic
synthetic,-30.8408,158.7819,synthetic
synthetic,-0.1016,-85.9648,synthetic
synthetic,53.9929,65.8407,synthetic
synthetic,-164.4161,176.548,synthetic
synthetic,83.3238,-67.6985,synthetic
synthetic,-28.3897,75.9358,synthetic
synthetic,175.9511,95.5791,synthetic
synthetic,1.7363,-91.7959,synthetic
synthetic,-69.604,175.3068,synthetic
synthetic,178.647,93.303,synthetic
synthetic,-72.8509,135.5137,synthetic
synthetic,-143.0728,-82.0743,synthetic
synthetic,-37.3146,73.8695,synthetic
synthetic,-157.839,-174.921,synthetic
synthetic,-164.5782,-169.9928,synthetic
synthetic,136.8264,-157.3372,synthetic
synthetic,102.1182,101.0292,synthetic
synthetic,-29.648,118.3022,synthetic
synthetic,167.5825,-171.4664,synthetic
synthetic,-178.549,89.9194,synthetic
synthetic,65.4659,47.0415,synthetic
synthetic,-177.0128,84.5929,synthetic
synthetic,1.1436,-95.9103,synthetic
synthetic,-163.6899,-50.4939,synthetic
synthetic,-21.0406,-170.5893,synthetic
synthetic,152.8941,-57.5186,synthetic
synthetic,-178.1328,39.0925,synthetic
synthetic,-100.522,-179.9347,synthetic
synthetic,178.38,41.1759,synthetic
synthetic,-51.6726,-65.5098,synthetic
synthetic,-77.5404,60.4274,synthetic
synthetic,173.2693,39.411,synthetic
synthetic,136.9706,115.6624,synthetic
synthetic,-80.0076,25.3099,synthetic
synthetic,-179.909,-30.312,synthetic
synthetic,-22.1754,136.0408,synthetic
synthetic,176.6634,163.8845,synthetic
synthetic,-160.3179,-51.2023,synthetic
synthetic,58.1285,23.995,synthetic
synthetic,-55.9884,36.1131,synthetic
synthetic,137.4151,120.2191,synthetic
synthetic,-54.639,-18.8324,synthetic
synthetic,-97.5585,-124.4745,synthetic
synthetic,95.1718,113.6328,synthetic
synthetic,-136.7241,74.3778,synthetic
synthetic,-133.0256,-54.2148,synthetic
synthetic,-136.8032,145.6207,synthetic
synthetic,77.9787,152.1636,synthetic
synthetic,59.9659,-148.7251,synthetic
synthetic,-26.1183,171.8931,synthetic
synthetic,63.7822,124.0969,synthetic
synthetic,-131.0663,-137.0732,synthetic
synthetic,102.9813,108.6934,synthetic
synthetic,-137.9569,155.3663,synthetic
synthetic,-145.8675,177.8594,synthetic
synthetic,25.6048,59.801,synthetic
synthetic,-65.8452,-43.9925,synthetic
synthetic,-86.3947,-108.4271,synthetic
synthetic,76.8617,-73.6626,synthetic
synthetic,177.1304,-31.1503,synthetic
synthetic,-119.0933,34.1456,synthetic
synthetic,1.7532,-86.5735,synthetic
synthetic,85.0383,-70.4806,synthetic
synthetic,-65.5782,122.6495,synthetic
synthetic,-178.9227,36.2393,synthetic
synthetic,167.6396,-179.7438,synthetic
synthetic,97.4113,109.4699,synthetic
synthetic,-36.8932,-172.6902,synthetic
synthetic,-14.1185,-4.2831,synthetic
synthetic,170.6184,165.3662,synthetic
synthetic,138.4678,-156.9395,synthetic
synthetic,3.6754,-80.8077,synthetic
synthetic,76.6872,-3.1067,synthetic
synthetic,-2.6158,-99.7073,synthetic
synthetic,-100.0517,66.2391,synthetic
synthetic,-80.4425,134.5713,synthetic
synthetic,-147.1935,32.3462,synthetic
synthetic,-58.937,145.0799,synthetic
synthetic,-43.142,-119.3745,synthetic
synthetic,-90.6491,50.776,synthetic
synthetic,-90.9047,-128.5754,synthetic
synthetic,-2.802,-109.0509,synthetic
synthetic,84.9338,-65.343,synthetic
synthetic,-149.9855,33.1572,synthetic
synthetic,159.2852,-174.9958,synthetic
synthetic,-166.2827,179.6051,synthetic
synthetic,-167.7198,-169.5561,synthetic
synthetic,0.6475,-84.7251,synthetic
synthetic,-99.0646,-1.442,synthetic
synthetic,-31.2953,144.4569,synthetic
synthetic,-103.4858,-175.9552,synthetic
synthetic,-3.5984,-82.9063,synthetic
synthetic,-144.1355,-87.754,synthetic
synthetic,-142.3571,133.9414,synthetic
synthetic,171.3168,-178.3929,synthetic
synthetic,-0.6551,-81.5638,synthetic
synthetic,70.7963,15.436,synthetic
synthetic,-27.6151,-175.3108,synthetic
synthetic,176.7077,-178.4262,synthetic
synthetic,2.0611,-84.4369,synthetic
synthetic,-97.0965,49.0162,synthetic
synthetic,-27.4283,-172.7844,synthetic
synthetic,27.1455,56.8104,synthetic
synthetic,-155.9625,146.4013,synthetic
synthetic,-53.2533,35.4975,synthetic
synthetic,81.0042,-174.5391,synthetic
synthetic,176.7412,53.3405,synthetic
synthetic,55.3481,-155.9773,synthetic
synthetic,139.1449,110.4347,synthetic
synthetic,175.8708,152.0561,synthetic
synthetic,-83.0452,52.136,synthetic
synthetic,-56.0064,30.7017,synthetic
synthetic,86.8663,-59.2389,synthetic
synthetic,-179.0699,-32.9925,synthetic
synthetic,-100.2398,5.7683,synthetic
synthetic,-45.3268,-22.3506,synthetic
synthetic,-150.8192,175.6965,synthetic
synthetic,165.1675,44.7562,synthetic
synthetic,62.0942,-147.7374,synthetic
synthetic,175.7617,167.2589,synthetic
synthetic,-57.9028,176.3321,synthetic
synthetic,-51.8126,31.9359,synthetic
synthetic,-34.7829,-174.2937,synthetic
synthetic,111.9531,-13.7039,synthetic
synthetic,29.6948,57.9233,synthetic
synthetic,171.2105,-166.8365,synthetic
synthetic,81.7562,164.3279,synthetic
synthetic,79.3977,-176.5669,synthetic
synthetic,85.9225,154.5296,synthetic
synthetic,-79.2768,54.5644,synthetic
synthetic,103.5788,104.0695,synthetic
synthetic,-178.2875,153.2008,synthetic
synthetic,-179.1998,-34.3505,synthetic
synthetic,62.8043,145.2482,synthetic
synthetic,83.9893,-178.8779,synthetic
synthetic,-15.078,-3.5167,synthetic
synthetic,-78.2042,-5.2103,synthetic
synthetic,-56.0039,-41.2589,synthetic
synthetic,-107.6773,29.7022,synthetic
synthetic,-42.2553,-168.6357,synthetic
synthetic,-98.7555,-0.3808,synthetic
synthetic,176.3946,-30.8807,synthetic
synthetic,-137.4105,-91.1369,synthetic
synthetic,-103.3652,100.7899,synthetic
synthetic,-33.9696,69.9761,synthetic
synthetic,-161.8291,-45.9918,synthetic
synthetic,-64.0036,178.1758,synthetic
synthetic,-12.0481,125.6561,synthetic
synthetic,177.876,149.6763,synthetic
synthetic,-123.2047,-174.4145,synthetic
synthetic,-58.1426,29.45,synthetic
synthetic,-16.067,126.9183,synthetic
synthetic,-89.291,-128.2443,synthetic
synthetic,-163.5321,-43.4759,synthetic
synthetic,-177.9254,-33.6409,synthetic
synthetic,-138.9666,-84.6038,synthetic
synthetic,-100.2729,-177.0759,synthetic
synthetic,-37.1052,-75.9107,synthetic
synthetic,178.9245,-28.3894,synthetic
synthetic,-144.3064,-172.1404,synthetic
synthetic,85.3378,157.8748,synthetic
synthetic,-178.1053,-32.8797,synthetic
synthetic,-8.4574,122.0061,synthetic
synthetic,-55.0007,29.9158,synthetic
synthetic,-56.7401,-30.213,synthetic
synthetic,47.4029,58.3651,synthetic
synthetic,-89.0364,-115.5956,synthetic
synthetic,163.6454,-55.8843,synthetic
synthetic,-137.335,28.934,synthetic
synthetic,49.0612,51.6701,synthetic
synthetic,138.2352,-154.5457,synthetic
synthetic,57.7075,59.8641,synthetic
synthetic,-43.5888,-58.0186,synthetic
synthetic,-157.2559,-53.3733,synthetic
synthetic,177.4761,-179.9145,synthetic
synthetic,28.3074,58.4223,synthetic
synthetic,70.2488,142.7931,synthetic
synthetic,-156.163,-175.7079,synthetic
synthetic,53.2444,-144.617,synthetic
synthetic,151.7726,-56.8905,synthetic
synthetic,-130.4853,-127.2344,synthetic
synthetic,-178.8509,82.857,synthetic
synthetic,144.7662,110.6861,synthetic
synthetic,-34.2923,-121.1232,synthetic
synthetic,65.2786,137.5608,synthetic
synthetic,-22.6664,-172.7641,synthetic
synthetic,78.3859,-132.7178,synthetic
synthetic,-53.0187,118.1239,synthetic
synthetic,179.234,179.8949,synthetic
synthetic,154.1622,8.7601,synthetic
synthetic,172.9011,-177.6461,synthetic
synthetic,178.2663,90.6106,synthetic
synthetic,73.5753,169.4379,synthetic
synthetic,63.256,-12.2612,synthetic
synthetic,-137.3005,-94.789,synthetic
synthetic,-13.2057,-10.3159,synthetic
synthetic,168.0067,-177.5134,synthetic
synthetic,-80.8838,-88.4399,synthetic
synthetic,7.2991,-77.5633,synthetic
synthetic,107.4815,24.3144,synthetic
synthetic,80.5474,156.6026,synthetic
synthetic,109.7543,18.8883,synthetic
synthetic,-108.6815,140.2599,synthetic
synthetic,-165.963,82.5223,synthetic
synthetic,-122.1032,-54.0641,synthetic
synthetic,162.5885,-171.924,synthetic
synthetic,-15.8884,-13.8514,synthetic
synthetic,-95.8954,157.6966,synthetic
synthetic,173.1319,80.9864,synthetic
synthetic,82.0823,153.3359,synthetic
synthetic,-159.7653,69.5461,synthetic
synthetic,-160.4922,-171.4684,synthetic
synthetic,178.982,-32.6136,synthetic
synthetic,-103.6757,166.3631,synthetic
synthetic,126.2654,-49.1187,synthetic
synthetic,-36.1054,-124.6294,synthetic
synthetic,-99.7187,61.8001,synthetic
synthetic,-29.9019,77.0931,synthetic
synthetic,63.9422,142.2193,synthetic
synthetic,-10.7932,-1.6897,synthetic
synthetic,64.6222,-15.918,synthetic
synthetic,61.8717,25.756,synthetic
synthetic,179.6465,35.4848,synthetic
synthetic,104.5905,-12.1842,synthetic
synthetic,-126.7872,-137.8245,synthetic
synthetic,179.072,-36.2732,synthetic
synthetic,102.2118,-14.3258,synthetic
synthetic,-164.5656,163.1994,synthetic
synthetic,-121.818,-28.5655,synthetic
synthetic,54.7965,-144.955,synthetic
synthetic,-115.9396,156.9147,synthetic
synthetic,-93.0335,-176.399,synthetic
synthetic,-168.0575,75.5466,synthetic
synthetic,-34.1807,-126.2516,synthetic
synthetic,98.8639,110.304,synthetic
synthetic,-160.4798,-57.232,synthetic
synthetic,75.8796,5.4779,synthetic
synthetic,126.6051,-43.9181,synthetic
synthetic,134.7697,124.537,synthetic
synthetic,171.7085,178.8757,synthetic
synthetic,-34.9153,77.6834,synthetic
synthetic,115.0423,20.5608,synthetic
synthetic,67.0493,17.921,synthetic
synthetic,172.9499,40.689,synthetic
synthetic,168.6364,48.1775,synthetic
synthetic,104.9142,-10.5659,synthetic
synthetic,-113.3875,109.3343,synthetic
synthetic,-94.7442,69.8972,synthetic
synthetic,60.6912,141.063,synthetic
synthetic,-31.8736,82.7432,synthetic
synthetic,-165.0033,160.4178,synthetic
synthetic,179.6685,156.8449,synthetic
synthetic,174.3969,90.3272,synthetic
synthetic,155.1885,-46.1367,synthetic
synthetic,106.0713,19.8271,synthetic
synthetic,160.3299,6.2206,synthetic
synthetic,65.6679,124.9227,synthetic
synthetic,-167.2547,-176.8716,synthetic
synthetic,-77.3561,165.5946,synthetic
synthetic,-3.7095,-103.0973,synthetic
synthetic,-4.3307,-99.5523,synthetic
synthetic,-118.3171,15.6313,synthetic
synthetic,123.1436,-76.48,synthetic
synthetic,24.8458,67.2619,synthetic
synthetic,1.8795,-84.6586,synthetic
synthetic,-77.8847,129.7367,synthetic
synthetic,80.2726,-173.322,synthetic
synthetic,-94.537,-173.9011,synthetic
synthetic,-103.4082,-1.6972,synthetic
synthetic,170.7844,46.3308,synthetic
synthetic,71.2034,137.8572,synthetic
synthetic,-95.8289,-164.0449,synthetic
synthetic,64.1511,123.8826,synthetic
synthetic,-83.7709,-110.6455,synthetic
synthetic,66.9265,-150.4466,synthetic
synthetic,85.1517,-175.1921,synthetic
synthetic,-145.9719,-176.1711,synthetic
synthetic,95.4597,99.4703,synthetic
synthetic,-63.4552,172.4087,synthetic
synthetic,135.2881,9.8141,synthetic
synthetic,56.0321,59.8831,synthetic
synthetic,166.0847,-162.0639,synthetic
synthetic,-164.2792,-175.6334,synthetic
synthetic,67.8121,122.4398,synthetic
synthetic,-89.9243,56.6386,synthetic
synthetic,46.4703,18.2937,synthetic
synthetic,-124.9026,-44.6888,synthetic
synthetic,-74.3006,-44.5852,synthetic
synthetic,-167.8507,-168.1574,synthetic
synthetic,-31.9809,79.9941,synthetic
synthetic,-152.0902,-48.5485,synthetic
synthetic,-64.6637,-22.7525,synthetic
synthetic,86.8099,-68.7126,synthetic
synthetic,59.2903,-144.9036,synthetic
synthetic,-163.7452,71.7436,synthetic
synthetic,157.8919,4.0989,synthetic
synthetic,-114.3482,124.5553,synthetic
synthetic,-170.1788,-178.7536,synthetic
synthetic,-163.7669,86.9796,synthetic
synthetic,77.9933,179.3711,synthetic
synthetic,-3.6256,-71.3231,synthetic
synthetic,-146.662,107.3727,synthetic
synthetic,-137.6484,32.7924,synthetic
synthetic,-92.1389,78.9558,synthetic
synthetic,-108.4597,100.5325,synthetic
synthetic,143.4543,114.6979,synthetic
synthetic,3.0776,-83.6103,synthetic
synthetic,-98.7203,-165.8228,synthetic
synthetic,-163.032,76.8793,synthetic
synthetic,112.0,97.5666,synthetic
synthetic,-98.0672,50.0572,synthetic
synthetic,-74.2073,22.3144,synthetic
synthetic,-93.8945,10.1353,synthetic
synthetic,-118.9539,-177.4242,synthetic
synthetic,-137.2592,104.7089,synthetic
synthetic,164.7967,-54.8123,synthetic
synthetic,-68.2279,19.1275,synthetic
synthetic,-139.1348,108.3985,synthetic
synthetic,105.8959,109.2447,synthetic
synthetic,66.2264,-142.6692,synthetic
synthetic,58.5078,49.1451,synthetic
synthetic,62.5853,-154.8694,synthetic
synthetic,-56.6016,-38.5025,synthetic
synthetic,57.2576,-143.9386,synthetic
synthetic,-57.8402,-55.3287,synthetic
synthetic,30.2567,58.0126,synthetic
synthetic,-155.3546,33.127,synthetic
synthetic,-176.8872,26.831,synthetic
synthetic,147.0819,113.7453,synthetic
synthetic,-13.2948,119.7443,synthetic
synthetic,-23.5952,141.4595,synthetic
synthetic,126.5526,-49.8914,synthetic
synthetic,121.4482,-44.9945,synthetic
synthetic,-158.4433,-51.695,synthetic
synthetic,133.8168,-49.2022,synthetic
synthetic,80.6271,160.3251,synthetic
synthetic,-119.1945,128.9893,synthetic
synthetic,124.7206,-42.9311,synthetic
synthetic,84.1771,-163.6618,synthetic
synthetic,-64.4251,-34.5504,synthetic
synthetic,71.353,127.3956,synthetic
synthetic,-152.1387,-68.1494,synthetic
synthetic,53.2696,56.3859,synthetic
synthetic,-26.0083,-171.5337,synthetic
synthetic,-175.5987,123.1523,synthetic
synthetic,150.3994,166.4361,synthetic
synthetic,98.1004,-163.6505,synthetic
synthetic,78.911,-155.0202,synthetic
synthetic,-98.8738,1.669,synthetic
synthetic,-177.3419,38.0941,synthetic
synthetic,-42.6333,75.6059,synthetic
synthetic,149.9847,5.6364,synthetic
synthetic,80.0342,-127.4213,synthetic
synthetic,-174.5506,124.2143,synthetic
synthetic,137.1945,102.436,synthetic
synthetic,-162.0942,148.6324,synthetic
synthetic,-37.1344,74.6042,synthetic
synthetic,-0.8157,-96.2155,synthetic
synthetic,-28.9214,-164.848,synthetic
synthetic,-88.7853,-126.7029,synthetic
synthetic,83.9899,166.1914,synthetic
synthetic,-125.0565,-126.9189,synthetic
synthetic,-57.9186,-48.7214,synthetic
synthetic,-179.7138,-33.9232,synthetic
synthetic,-142.8464,-77.5083,synthetic
synthetic,133.5897,165.7835,synthetic
synthetic,-14.1991,-12.9795,synthetic
synthetic,53.4017,-148.3807,synthetic
synthetic,-2.5845,-86.9702,synthetic
synthetic,-92.6554,46.7024,synthetic
synthetic,-38.1805,-48.4552,synthetic
synthetic,-57.8356,110.1396,synthetic
synthetic,-92.8237,47.5822,synthetic
synthetic,27.9962,55.2709,synthetic
synthetic,25.6826,65.1347,synthetic
synthetic,-90.2594,-126.7046,synthetic
synthetic,45.765,50.407,synthetic
synthetic,-4.7933,-71.9278,synthetic
synthetic,114.7719,-77.3871,synthetic
synthetic,-174.263,37.4965,synthetic
synthetic,96.6313,101.8518,synthetic
synthetic,-35.6079,127.8995,synthetic
synthetic,-60.9721,-44.5204,synthetic
synthetic,78.2057,2.1144,synthetic
synthetic,86.0231,174.161,synthetic
synthetic,-126.5198,-57.8543,synthetic
synthetic,-161.4829,-59.01,synthetic
synthetic,-37.6252,-6.9371,synthetic
synthetic,-179.506,166.0872,synthetic
synthetic,-133.9227,-14.397,synthetic
synthetic,-163.1036,73.5976,synthetic
synthetic,172.5222,-34.9329,synthetic
synthetic,-94.2076,39.1562,synthetic
synthetic,-105.598,133.8203,synthetic
synthetic,150.3219,-59.5385,synthetic
synthetic,-116.3617,-174.8925,synthetic
synthetic,85.4672,-63.2412,synthetic
synthetic,-12.5311,124.0275,synthetic
synthetic,78.0499,-133.7833,synthetic
synthetic,-36.9116,-73.9173,synthetic
synthetic,106.7141,-13.1363,synthetic
synthetic,63.6173,148.5494,synthetic
synthetic,-125.546,129.7229,synthetic
synthetic,29.1847,66.1856,synthetic
synthetic,117.6941,122.9071,synthetic
synthetic,-39.2277,-81.3264,synthetic
synthetic,-47.2173,-172.0614,synthetic
synthetic,-11.3639,-14.045,synthetic
synthetic,139.5126,-160.945,synthetic
synthetic,145.2811,-151.8868,synthetic
synthetic,-79.3108,-40.0315,synthetic
synthetic,128.2171,-50.5356,synthetic
synthetic,-1.9,-73.5568,synthetic
synthetic,-176.7291,-30.75,synthetic
synthetic,61.1611,-147.6771,synthetic
synthetic,-82.9704,111.2709,synthetic
synthetic,-13.703,119.7362,synthetic
synthetic,-12.0341,123.5581,synthetic
synthetic,-28.4158,138.9216,synthetic
synthetic,91.9568,-171.0571,synthetic
synthetic,-120.4339,47.1802,synthetic
synthetic,-124.4649,-134.4631,synthetic
synthetic,65.9953,-155.1713,synthetic
synthetic,-173.8771,-35.4408,synthetic
synthetic,-24.6909,-172.1735,synthetic
synthetic,26.9363,50.7028,synthetic
synthetic,-154.7188,168.1877,synthetic
synthetic,159.1174,-168.1143,synthetic
synthetic,-179.6584,-30.0748,synthetic
synthetic,121.4564,160.5117,synthetic
synthetic,2.6133,-87.2165,synthetic
synthetic,-22.0547,-169.493,synthetic
synthetic,175.4187,-34.2733,synthetic
synthetic,126.8325,8.5398,synthetic
synthetic,139.6142,110.6201,synthetic
synthetic,-156.5233,-51.9994,synthetic
synthetic,-20.0686,123.3978,synthetic
synthetic,-42.7723,-175.0595,synthetic
synthetic,-138.7421,137.4741,synthetic
synthetic,176.7214,-35.8112,synthetic
synthetic,-122.2488,129.2546,synthetic
synthetic,105.7988,114.9296,synthetic
synthetic,76.0308,176.1275,synthetic
synthetic,137.3014,120.0829,synthetic
synthetic,176.7561,-36.3165,synthetic
synthetic,-29.7707,-174.1733,synthetic
synthetic,84.5298,156.8062,synthetic
synthetic,-91.287,42.5013,synthetic
synthetic,97.4897,107.8424,synthetic
synthetic,178.6339,34.8854,synthetic
synthetic,-78.5934,55.5587,synthetic
synthetic,-36.8472,-119.2303,synthetic
synthetic,-61.1174,157.5194,synthetic
synthetic,59.4138,-141.4544,synthetic
synthetic,79.8181,177.7643,synthetic
synthetic,178.1772,169.7646,synthetic
synthetic,128.7642,161.1497,synthetic
synthetic,-155.1321,-61.5969,synthetic
synthetic,-11.9302,117.3953,synthetic
synthetic,-88.3954,55.389,synthetic
synthetic,126.8755,11.6187,synthetic
synthetic,172.0404,48.8174,synthetic
synthetic,78.5534,-130.9269,synthetic
synthetic,86.4156,-179.6138,synthetic
synthetic,-42.6242,177.2365,synthetic
synthetic,-29.9797,78.2715,synthetic
synthetic,-179.7223,153.3973,synthetic
synthetic,-157.7336,168.5867,synthetic
synthetic,170.0696,41.6733,synthetic
synthetic,162.7666,-173.6612,synthetic
synthetic,175.2305,-27.8473,synthetic
synthetic,103.4766,-11.6576,synthetic
synthetic,90.2388,-176.5941,synthetic
synthetic,173.5246,38.9111,synthetic
synthetic,168.1018,-179.2301,synthetic
synthetic,-69.3901,155.4461,synthetic
synthetic,122.3851,127.8514,synthetic
synthetic,1.8448,-83.8607,synthetic
synthetic,150.6942,104.9892,synthetic
synthetic,-94.2641,-121.2719,synthetic
synthetic,104.0099,103.8535,synthetic
synthetic,177.3433,33.4597,synthetic
synthetic,121.7446,8.4706,synthetic
synthetic,-106.1984,147.2138,synthetic
synthetic,-112.8842,44.5977,synthetic
synthetic,-119.753,129.7266,synthetic
synthetic,47.6313,56.9847,synthetic
synthetic,-161.0401,-54.3251,synthetic
synthetic,-155.7694,-54.5323,synthetic
synthetic,171.5673,-178.1935,synthetic
synthetic,-160.7912,-52.8546,synthetic
synthetic,133.1572,165.7936,synthetic
synthetic,76.0285,-71.6786,synthetic
synthetic,-96.4043,-6.3002,synthetic
synthetic,175.4698,45.3527,synthetic
synthetic,110.9447,24.7167,synthetic
synthetic,-154.6849,-52.2906,synthetic
synthetic,-47.5064,-176.0014,synthetic
synthetic,-12.6881,-8.8497,synthetic
synthetic,-33.7785,84.2059,synthetic
synthetic,-171.0009,176.0374,synthetic
synthetic,87.5325,179.333,synthetic
synthetic,-34.5019,74.8839,synthetic
synthetic,163.1358,-176.9112,synthetic
synthetic,-162.3187,-171.3748,synthetic
synthetic,80.8666,-66.8512,synthetic
synthetic,-144.0788,-79.95,synthetic
synthetic,105.7657,-14.9857,synthetic
synthetic,-136.5075,19.0015,synthetic
synthetic,173.7869,43.4076,synthetic
synthetic,52.4896,48.4376,synthetic
synthetic,-166.4199,150.8277,synthetic
synthetic,-9.1063,121.9637,synthetic
synthetic,-95.6714,-124.2653,synthetic
synthetic,6.8922,-82.3614,synthetic
synthetic,-46.6586,-61.2227,synthetic
synthetic,46.7226,24.0631,synthetic
synthetic,-2.6536,-109.4476,synthetic
synthetic,111.3562,-12.2072,synthetic
synthetic,-15.0706,-21.4246,synthetic
synthetic,-16.7373,-11.6173,synthetic
synthetic,-48.9738,-171.1404,synthetic
synthetic,-124.95,-131.0446,synthetic
synthetic,-142.8847,-80.6771,synthetic
synthetic,-165.0965,-177.3399,synthetic
synthetic,174.4598,40.2749,synthetic
synthetic,63.0762,-145.8644,synthetic
synthetic,-6.7751,-19.6108,synthetic
synthetic,69.0393,124.3043,synthetic
synthetic,-70.5941,-51.4948,synthetic
synthetic,-99.2934,46.6274,synthetic
synthetic,63.3953,46.9131,synthetic
synthetic,-168.0178,-178.3575,synthetic
synthetic,65.7225,-14.2475,synthetic
synthetic,105.4912,157.6472,synthetic
synthetic,-90.8215,-116.1163,synthetic
synthetic,78.249,-172.8981,synthetic
synthetic,105.8724,110.8862,synthetic
synthetic,-133.6932,19.7486,synthetic
synthetic,-97.145,53.1318,synthetic
synthetic,-100.3481,5.6117,synthetic
synthetic,96.7328,111.9432,synthetic
synthetic,-162.7492,-177.5107,synthetic
synthetic,150.5997,-159.4647,synthetic
synthetic,148.4689,156.6192,synthetic
synthetic,-13.5729,127.8962,synthetic
synthetic,-148.5019,-53.6851,synthetic
synthetic,173.2615,155.4224,synthetic
synthetic,-164.832,71.7655,synthetic
synthetic,-104.4335,28.4149,synthetic
synthetic,-4.3483,119.8888,synthetic
synthetic,-53.929,179.7276,synthetic
synthetic,-87.1807,-115.3164,synthetic
synthetic,-15.2774,120.1916,synthetic
synthetic,138.5117,112.6841,synthetic
synthetic,-168.4684,82.3102,synthetic
synthetic,-111.8713,152.6508,synthetic
synthetic,108.3401,-9.0123,synthetic
synthetic,82.5301,-69.4763,synthetic
synthetic,175.0545,-35.5661,synthetic
synthetic,-62.6121,37.3406,synthetic
synthetic,-139.8608,-82.6508,synthetic
synthetic,-29.7838,-179.4313,synthetic
synthetic,-91.1485,170.2931,synthetic
synthetic,-54.1473,33.0503,synthetic
synthetic,-88.7185,58.9832,synthetic
synthetic,79.2851,175.8722,synthetic
synthetic,-125.0305,0.7554,synthetic
synthetic,174.0603,34.9336,synthetic
synthetic,-173.5656,-37.5054,synthetic
synthetic,-58.1738,28.6962,synthetic
synthetic,170.835,174.1374,synthetic
synthetic,2.7729,-84.2771,synthetic
synthetic,-96.7378,-176.7224,synthetic
synthetic,85.6554,159.2715,synthetic
synthetic,-91.6372,-173.7338,synthetic
synthetic,-95.4086,5.8708,synthetic
synthetic,-172.3432,-173.631,synthetic
synthetic,82.8637,21.6435,synthetic
synthetic,77.2836,-64.372,synthetic
synthetic,179.9241,169.4625,synthetic
synthetic,118.6132,159.654,synthetic
synthetic,-158.8008,77.0137,synthetic
synthetic,-56.7752,178.6055,synthetic
synthetic,-120.951,-169.2157,synthetic
synthetic,-159.492,-173.3961,synthetic
synthetic,-86.6919,-121.9739,synthetic
synthetic,-27.8381,-165.7264,synthetic
synthetic,168.2695,42.9985,synthetic
synthetic,88.3534,-158.0405,synthetic
synthetic,-136.6142,-77.938,synthetic
synthetic,-141.6227,-75.7446,synthetic
synthetic,-62.172,177.2424,synthetic
synthetic,-24.904,170.7252,synthetic
synthetic,-59.7827,30.7961,synthetic
synthetic,27.7604,60.4005,synthetic
synthetic,122.3805,-75.2879,synthetic
synthetic,-97.5992,71.3288,synthetic
synthetic,150.1918,108.4286,synthetic
synthetic,-129.2917,78.5386,synthetic
synthetic,177.72,49.2649,synthetic
synthetic,149.7409,2.2818,synthetic
synthetic,176.7878,-179.361,synthetic
synthetic,-0.2661,-88.4636,synthetic
synthetic,-168.1615,152.9592,synthetic
synthetic,-124.4028,-136.2228,synthetic
synthetic,62.8779,147.7504,synthetic
synthetic,31.8739,59.3459,synthetic
synthetic,178.8305,-29.3888,synthetic
synthetic,102.2903,-10.9283,synthetic
synthetic,-165.8569,-174.6752,synthetic
synthetic,119.0094,134.6971,synthetic
synthetic,-171.7318,-172.3171,synthetic
synthetic,150.8262,156.2249,synthetic
synthetic,174.723,165.7696,synthetic
synthetic,-62.0785,-48.3901,synthetic
synthetic,176.6716,169.5648,synthetic
synthetic,60.2273,41.7949,synthetic
synthetic,173.2189,94.327,synthetic
synthetic,-176.4151,-36.4701,synthetic
synthetic,-57.811,-38.4365,synthetic
synthetic,173.0044,178.6472,synthetic
synthetic,-140.6117,-86.921,synthetic
synthetic,176.0647,94.4743,synthetic
synthetic,-112.0905,-170.5586,synthetic
synthetic,-43.5056,-165.0309,synthetic
synthetic,-58.9254,39.4502,synthetic
synthetic,-125.6641,172.752,synthetic
synthetic,112.5859,118.5245,synthetic
synthetic,-101.9257,-169.8179,synthetic
synthetic,-179.2011,-33.3199,synthetic
synthetic,-56.7294,139.4001,synthetic
synthetic,80.0257,-68.4844,synthetic
synthetic,-140.1741,24.0488,synthetic
synthetic,57.3943,58.5755,synthetic
synthetic,176.0045,160.1435,synthetic
synthetic,-77.8231,26.9161,synthetic
synthetic,85.1762,-175.1161,synthetic
synthetic,-116.1472,49.4106,synthetic
synthetic,-27.6636,73.1239,synthetic
synthetic,-171.467,-175.865,synthetic
synthetic,-159.8841,-179.2036,synthetic
synthetic,-85.8712,76.7934,synthetic
synthetic,-87.6696,111.3663,synthetic
synthetic,-37.1485,136.4069,synthetic
synthetic,139.2614,111.655,synthetic
synthetic,59.8457,41.6709,synthetic
synthetic,-93.5843,-119.3109,synthetic
synthetic,155.6153,-57.0424,synthetic
synthetic,56.4057,50.7589,synthetic
synthetic,-34.7437,175.8914,synthetic
synthetic,141.8465,115.9428,synthetic
synthetic,73.3559,-5.6327,synthetic
synthetic,-170.6848,173.3365,synthetic
synthetic,80.447,-177.4382,synthetic
synthetic,-38.78,-117.7976,synthetic
synthetic,-124.8005,160.3484,synthetic
synthetic,-166.1114,-170.6768,synthetic
synthetic,116.2918,-81.4433,synthetic
synthetic,-9.4896,-5.2476,synthetic
synthetic,60.1604,144.242,synthetic
synthetic,-100.6061,-169.9545,synthetic
synthetic,-174.9489,126.2212,synthetic
synthetic,-174.978,124.1429,synthetic
synthetic,153.1531,9.7754,synthetic
synthetic,157.986,7.3435,synthetic
synthetic,125.7274,122.2206,synthetic
synthetic,179.0989,-32.1803,synthetic
synthetic,74.8248,3.4152,synthetic
synthetic,-61.0847,-72.1583,synthetic
synthetic,-25.7816,-170.3761,synthetic
synthetic,-17.7713,0.7993,synthetic
synthetic,-121.7753,-177.5387,synthetic
synthetic,173.5547,-35.3812,synthetic
synthetic,-15.4394,-7.1092,synthetic
synthetic,-164.9047,73.1948,synthetic
synthetic,84.4423,-69.5279,synthetic
synthetic,-97.4962,-50.7139,synthetic
synthetic,59.58,143.6748,synthetic
synthetic,-38.2242,-121.4403,synthetic
synthetic,125.9608,12.611,synthetic
synthetic,87.9345,179.3841,synthetic
synthetic,-105.9213,120.368,synthetic
synthetic,-119.3179,-11.7883,synthetic
synthetic,-1.1053,-86.1835,synthetic
synthetic,-72.4542,145.6854,synthetic
synthetic,-165.2578,162.647,synthetic
synthetic,109.5699,10.1324,synthetic
synthetic,120.148,124.7046,synthetic
synthetic,150.2863,-49.1518,synthetic
synthetic,104.9587,-8.7539,synthetic
synthetic,174.1374,36.0574,synthetic
synthetic,101.9286,-15.6478,synthetic
synthetic,106.8697,111.0896,synthetic
synthetic,-28.0128,73.2954,synthetic
synthetic,-165.9939,177.4519,synthetic
synthetic,-28.0916,78.4681,synthetic
synthetic,-161.9537,-167.6312,synthetic
synthetic,-76.1548,155.6134,synthetic
synthetic,-123.5791,-175.396,synthetic
synthetic,-32.4481,178.6727,synthetic
synthetic,-86.9478,-5.3861,synthetic
synthetic,-71.1002,-38.0466,synthetic
synthetic,87.7419,-68.0842,synthetic
synthetic,47.1751,62.0532,synthetic
synthetic,-78.7259,-10.2435,synthetic
synthetic,-178.7434,-177.8731,synthetic
synthetic,-37.6159,-54.2925,synthetic
synthetic,117.8354,-70.804,synthetic
synthetic,140.4213,102.8384,synthetic
synthetic,165.4684,-171.6696,synthetic
synthetic,-102.8538,111.9111,synthetic
synthetic,174.0616,39.7699,synthetic
synthetic,-23.989,73.2027,synthetic
synthetic,-140.1604,-174.2714,synthetic
synthetic,86.8624,-178.4976,synthetic
synthetic,174.8945,93.9816,synthetic
synthetic,157.7588,-173.8144,synthetic
synthetic,155.4803,2.4483,synthetic
synthetic,-179.2558,154.1712,synthetic
synthetic,-136.1613,-58.9465,synthetic
synthetic,-145.6719,-88.9987,synthetic
synthetic,138.9357,110.296,synthetic
synthetic,173.4517,-175.8337,synthetic
synthetic,-44.1374,-172.2803,synthetic
synthetic,-46.9956,-173.9254,synthetic
synthetic,-91.5205,-119.4993,synthetic
synthetic,-11.2227,-5.3915,synthetic
synthetic,172.0537,73.7399,synthetic
synthetic,-147.2701,163.652,synthetic
synthetic,-92.196,-58.3678,synthetic
synthetic,71.4344,-16.6892,synthetic
synthetic,84.662,-169.577,synthetic
synthetic,-140.6893,152.9563,synthetic
synthetic,-53.6875,160.6318,synthetic
synthetic,65.4347,22.0666,synthetic
synthetic,-92.2835,-125.8012,synthetic
synthetic,177.9074,-31.0116,synthetic
synthetic,-158.8232,-171.1458,synthetic
synthetic,-141.8181,-87.0372,synthetic
synthetic,61.3713,146.2015,synthetic
synthetic,96.7869,33.7585,synthetic
synthetic,86.0315,-173.6728,synthetic
synthetic,-33.3897,178.0547,synthetic
synthetic,-116.5833,111.8032,synthetic
synthetic,-179.5109,54.5267,synthetic
synthetic,178.5246,38.7842,synthetic
synthetic,62.282,-150.8217,synthetic
synthetic,-45.8793,-50.0751,synthetic
synthetic,-0.7755,-98.8337,synthetic
synthetic,155.1672,9.9098,synthetic
synthetic,85.07,151.5666,synthetic
synthetic,5.3602,-84.5401,synthetic
synthetic,-109.7409,157.8974,synthetic
synthetic,-29.7702,-54.0754,synthetic
synthetic,-18.2711,-5.4852,synthetic
synthetic,63.6201,17.8417,synthetic
synthetic,-84.6087,63.4292,synthetic
synthetic,-170.4764,-167.4708,synthetic
synthetic,89.06,177.0343,synthetic
synthetic,-164.3176,-51.8927,synthetic
synthetic,154.4887,11.7316,synthetic
synthetic,176.9045,82.4385,synthetic
synthetic,69.8161,-11.5732,synthetic
synthetic,-12.6444,-9.118,synthetic
synthetic,165.344,179.3323,synthetic
synthetic,-10.2192,-12.4257,synthetic
synthetic,63.7869,-144.4356,synthetic
synthetic,-14.1497,122.8678,synthetic
synthetic,72.4231,-133.2416,synthetic
synthetic,78.0497,-138.1355,synthetic
synthetic,-49.0344,-10.7861,synthetic
synthetic,113.2889,24.8936,synthetic
synthetic,-9.6796,-21.4714,synthetic
synthetic,105.6857,-66.5131,synthetic
synthetic,-107.518,3.0351,synthetic
synthetic,-82.0052,18.4949,synthetic
synthetic,169.7702,-179.3196,synthetic
synthetic,115.6365,164.5074,synthetic
synthetic,-120.4618,39.5318,synthetic
synthetic,-172.8295,28.3597,synthetic
synthetic,-133.3903,-62.368,synthetic
synthetic,68.6271,27.8121,synthetic
synthetic,-73.873,130.8025,synthetic
synthetic,141.4447,118.6675,synthetic
synthetic,173.8319,177.8534,synthetic
synthetic,166.7695,50.3736,synthetic
synthetic,84.2871,-176.6867,synthetic
synthetic,-164.1669,90.5583,synthetic
synthetic,-65.5765,-38.2651,synthetic
synthetic,-15.5996,124.377,synthetic
synthetic,178.9098,-32.9513,synthetic
synthetic,-90.6111,-124.5864,synthetic
synthetic,-172.7315,41.9665,synthetic
synthetic,143.5085,-153.5273,synthetic
synthetic,129.6631,163.8636,synthetic
synthetic,-119.7205,-33.19,synthetic
synthetic,84.8384,-65.2794,synthetic
synthetic,147.2034,-146.0557,synthetic
synthetic,4.0295,-86.0692,synthetic
synthetic,57.0639,-147.4244,synthetic
synthetic,112.4591,100.214,synthetic
synthetic,-123.5406,120.4964,synthetic
synthetic,-77.6672,135.0743,synthetic
synthetic,122.0138,164.7978,synthetic
synthetic,-154.9171,25.8422,synthetic
synthetic,-157.9315,-52.4609,synthetic
synthetic,-48.4719,-58.2745,synthetic
synthetic,-96.7574,-166.1351,synthetic
synthetic,86.9853,-62.9385,synthetic
synthetic,-166.0861,177.2131,synthetic
synthetic,126.6652,133.4878,synthetic
synthetic,80.8232,-176.8114,synthetic
synthetic,-177.6052,167.4197,synthetic
synthetic,63.1139,127.5038,synthetic
synthetic,-157.6564,73.3437,synthetic
synthetic,-12.6738,-10.4912,synthetic
synthetic,160.4122,-54.0825,synthetic
synthetic,-9.367,1.3431,synthetic
synthetic,174.6966,177.0797,synthetic
synthetic,-177.4269,-40.5511,synthetic
synthetic,72.7638,176.9003,synthetic
synthetic,106.5405,6.0656,synthetic
synthetic,-12.8971,-6.0408,synthetic
synthetic,178.9468,152.392,synthetic
synthetic,-41.3189,70.1647,synthetic
synthetic,-139.9681,-93.6848,synthetic
synthetic,-150.6224,-57.4019,synthetic
synthetic,171.9702,-179.8046,synthetic
synthetic,-105.9338,-179.7986,synthetic
synthetic,-49.9989,164.1926,synthetic
synthetic,-2.8396,122.8387,synthetic
synthetic,99.4022,32.3179,synthetic
synthetic,126.6412,0.6295,synthetic
synthetic,172.4737,172.3902,synthetic
synthetic,-75.5929,51.1913,synthetic
synthetic,-60.1603,34.0266,synthetic
synthetic,123.4586,-81.314,synthetic
synthetic,107.0513,-10.0855,synthetic
synthetic,-34.4796,-50.2007,synthetic
synthetic,-39.5684,73.9181,synthetic
synthetic,-69.9064,-33.9457,synthetic
synthetic,-164.995,82.6025,synthetic
synthetic,75.0925,7.5764,synthetic
synthetic,-76.2057,53.2993,synthetic
synthetic,-32.235,77.2367,synthetic
synthetic,-58.1578,-18.8467,synthetic
synthetic,-119.5011,-132.3876,synthetic
synthetic,178.717,-176.7087,synthetic
synthetic,-78.0722,-115.1691,synthetic
synthetic,71.7974,-8.9828,synthetic
synthetic,-137.5857,-124.7224,synthetic
synthetic,-130.2148,-128.4922,synthetic
synthetic,82.4362,-66.9268,synthetic
synthetic,-15.2776,-3.1308,synthetic
synthetic,-84.0383,157.7242,synthetic
synthetic,-28.194,-56.4707,synthetic
synthetic,144.7412,111.2622,synthetic
synthetic,61.405,-144.9234,synthetic
synthetic,-159.2884,73.7421,synthetic
synthetic,-72.4861,-25.7421,synthetic
synthetic,151.7361,162.6686,synthetic
synthetic,124.8217,-73.3678,synthetic
synthetic,-138.4394,-91.8683,synthetic
synthetic,-8.8018,-5.0355,synthetic
synthetic,93.3723,-12.6612,synthetic
synthetic,163.8642,-55.1366,synthetic
synthetic,165.8752,-169.6083,synthetic
synthetic,-68.1274,-179.5569,synthetic
synthetic,-155.935,171.9487,synthetic
synthetic,-130.3605,70.0355,synthetic
synthetic,-30.9408,76.5384,synthetic
synthetic,177.0496,177.6547,synthetic
synthetic,-141.6228,-170.7703,synthetic
synthetic,79.5611,-64.0845,synthetic
synthetic,-1.659,-100.8166,synthetic
synthetic,58.7389,-148.1479,synthetic
synthetic,-21.6439,140.1562,synthetic
synthetic,-162.0354,80.8291,synthetic
synthetic,162.1458,-49.3446,synthetic
synthetic,179.3345,-34.2929,synthetic
synthetic,-41.5115,76.9864,synthetic
synthetic,80.6046,-66.3215,synthetic
synthetic,-30.5715,-172.4186,synthetic
synthetic,167.3422,-173.1873,synthetic
synthetic,175.3492,40.5479,synthetic
synthetic,-147.0492,-82.7541,synthetic
synthetic,-148.3398,169.7311,synthetic
synthetic,-90.8141,-122.3267,synthetic
synthetic,112.2375,-67.9413,synthetic
synthetic,25.5285,60.1112,synthetic
synthetic,-93.8814,47.0353,synthetic
synthetic,82.8402,-138.2818,synthetic
synthetic,-59.1188,19.5347,synthetic
synthetic,134.6794,106.0478,synthetic
synthetic,-86.9213,-10.9704,synthetic
synthetic,105.8151,99.7813,synthetic
synthetic,-168.1727,-177.3635,synthetic
synthetic,172.3291,32.7366,synthetic
synthetic,84.3613,179.0993,synthetic
synthetic,-26.6491,175.3863,synthetic
synthetic,-178.8631,89.8647,synthetic
synthetic,42.9192,42.5783,synthetic
synthetic,94.4865,109.744,synthetic
synthetic,88.6371,-177.9037,synthetic
synthetic,-179.1884,45.993,synthetic
synthetic,-87.0876,25.9908,synthetic
synthetic,74.8872,121.072,synthetic
synthetic,-131.6592,-45.8481,synthetic
synthetic,-116.88,7.7446,synthetic
synthetic,144.931,147.5375,synthetic
synthetic,-69.884,-16.3457,synthetic
synthetic,103.0174,17.3258,synthetic
synthetic,111.1349,157.0946,synthetic
synthetic,-175.057,-32.3393,synthetic
synthetic,-43.3409,-40.0753,synthetic
synthetic,-88.2666,43.7177,synthetic
synthetic,82.3178,-179.9138,synthetic
synthetic,59.9013,147.7342,synthetic
synthetic,172.7119,-35.1725,synthetic
synthetic,-161.4177,-173.4571,synthetic
synthetic,173.4427,-178.5489,synthetic
synthetic,-80.2248,77.2641,synthetic
synthetic,152.6234,167.8762,synthetic
synthetic,157.8652,-57.9141,synthetic
synthetic,-138.9459,-80.6788,synthetic
synthetic,-136.9295,-94.0441,synthetic
synthetic,82.8802,-65.9341,synthetic
synthetic,-133.0251,114.2763,synthetic
synthetic,-176.7253,34.1361,synthetic
synthetic,-176.0692,-35.7901,synthetic
synthetic,173.5659,159.9829,synthetic
synthetic,-128.995,-128.978,synthetic
synthetic,-65.3193,23.5287,synthetic
synthetic,178.198,33.4222,synthetic
synthetic,-127.8502,-51.2734,synthetic
synthetic,-44.413,156.445,synthetic
synthetic,143.6307,8.9364,synthetic
synthetic,32.5187,63.6212,synthetic
synthetic,133.1143,165.1241,synthetic
synthetic,-145.877,43.8602,synthetic
synthetic,-6.6556,-14.171,synthetic
synthetic,-28.5184,-52.6252,synthetic
synthetic,-136.3615,133.271,synthetic
synthetic,-121.263,-171.3261,synthetic
synthetic,-75.2721,131.5763,synthetic
synthetic,-67.8802,-51.7258,synthetic
synthetic,-156.7963,-52.4741,synthetic
synthetic,77.6057,3.5371,synthetic
synthetic,145.1098,114.2745,synthetic
synthetic,-178.1653,51.0404,synthetic
synthetic,78.2077,-2.4645,synthetic
synthetic,-56.729,28.7695,synthetic
synthetic,53.877,46.5467,synthetic
synthetic,-11.7558,-9.3476,synthetic
synthetic,105.4326,-18.4106,synthetic
synthetic,-130.4928,155.7712,synthetic
synthetic,102.8459,-10.4098,synthetic
synthetic,-179.2769,51.9643,synthetic
synthetic,148.3932,-161.3232,synthetic
synthetic,-164.3697,173.0605,synthetic
synthetic,-66.3876,-39.183,synthetic
synthetic,-32.7397,-123.2985,synthetic
synthetic,-4.6351,-81.5951,synthetic
synthetic,171.5677,179.8349,synthetic
synthetic,-68.5507,178.9145,synthetic
synthetic,74.4556,5.8089,synthetic
synthetic,5.7277,-93.0904,synthetic
synthetic,-16.3418,105.925,synthetic
synthetic,149.3302,-57.1956,synthetic
synthetic,-36.2976,-179.4954,synthetic
synthetic,7.3708,-86.0796,synthetic
synthetic,-139.4235,19.5436,synthetic
synthetic,-28.415,-171.2194,synthetic
synthetic,177.9792,-32.5967,synthetic
synthetic,162.4732,-51.5925,synthetic
synthetic,-95.978,179.202,synthetic
synthetic,-109.3948,167.8631,synthetic
synthetic,-169.6765,175.6196,synthetic
synthetic,70.5891,122.6192,synthetic
synthetic,58.4566,26.3575,synthetic
synthetic,120.7836,122.4737,synthetic
synthetic,-132.0014,-16.1679,synthetic
synthetic,-163.0542,-179.7924,synthetic
synthetic,-31.6991,-174.2368,synthetic
synthetic,-66.9385,-38.3749,synthetic
synthetic,-89.3651,-4.105,synthetic
synthetic,-87.98,-122.2313,synthetic
synthetic,25.2538,59.3303,synthetic
synthetic,-103.1796,129.1623,synthetic
synthetic,81.6403,163.0895,synthetic
synthetic,98.8748,25.9463,synthetic
synthetic,139.992,104.9948,synthetic
synthetic,115.5177,-87.3574,synthetic
synthetic,138.6452,-162.4671,synthetic
synthetic,178.1773,41.9461,synthetic
synthetic,65.6843,-155.6963,synthetic
synthetic,-52.7416,-69.5955,synthetic
synthetic,-141.295,19.3549,synthetic
synthetic,154.6154,4.8956,synthetic
synthetic,104.4015,103.4011,synthetic
synthetic,119.4266,156.3305,synthetic
synthetic,76.142,-64.7144,synthetic
synthetic,-95.3147,-168.0982,synthetic
synthetic,78.1053,-133.4211,synthetic
synthetic,-148.4458,-84.5416,synthetic
synthetic,155.0531,-49.2247,synthetic
synthetic,155.9143,8.9225,synthetic
synthetic,144.7508,-159.9839,synthetic
synthetic,153.2536,112.429,synthetic
synthetic,-98.7182,-4.8178,synthetic
synthetic,152.475,155.5116,synthetic
synthetic,-102.3116,108.6305,synthetic
synthetic,144.1913,-164.1666,synthetic
synthetic,-83.3157,116.5957,synthetic
synthetic,-163.0473,166.0437,synthetic
synthetic,-54.5021,-40.8581,synthetic
synthetic,56.4838,-148.4662,synthetic
synthetic,136.7858,-49.8275,synthetic
synthetic,-97.5046,-169.8776,synthetic
synthetic,-161.2944,-164.0973,synthetic
synthetic,-47.7364,-177.4522,synthetic
synthetic,2.5692,-86.3559,synthetic
synthetic,174.422,168.1184,synthetic
synthetic,-124.9417,36.3695,synthetic
synthetic,-35.5204,-49.7767,synthetic
synthetic,88.595,-172.7653,synthetic
synthetic,141.5815,121.0001,synthetic
synthetic,-86.0884,71.1675,synthetic
synthetic,179.2592,-29.8256,synthetic
synthetic,-27.501,134.2217,synthetic
synthetic,164.8174,-172.6216,synthetic
synthetic,-38.5255,69.758,synthetic
synthetic,-135.8252,-83.7306,synthetic
synthetic,-177.2116,85.9943,synthetic
synthetic,140.8506,107.6614,synthetic
synthetic,-99.3389,144.9958,synthetic
synthetic,-75.8005,7.466,synthetic
synthetic,114.7548,-65.7809,synthetic
synthetic,70.0357,-11.9327,synthetic
synthetic,57.5857,47.4639,synthetic
synthetic,-176.2954,163.2417,synthetic
synthetic,-12.0361,-13.0528,synthetic
synthetic,-54.8683,-178.422,synthetic
synthetic,-139.3564,-95.0717,synthetic
synthetic,-151.9233,81.7394,synthetic
synthetic,-88.3157,97.1105,synthetic
synthetic,-101.7165,-5.7657,synthetic
synthetic,126.0448,7.9965,synthetic
synthetic,4.2733,-83.0003,synthetic
synthetic,-37.4347,141.434,synthetic
synthetic,0.2869,-85.6913,synthetic
synthetic,-25.9633,72.7484,synthetic
synthetic,156.8914,-58.1738,synthetic
synthetic,-119.3883,143.1277,synthetic
synthetic,-178.9155,170.4163,synthetic
synthetic,66.5951,-153.7857,synthetic
synthetic,77.5014,-133.5901,synthetic
synthetic,-66.1075,132.0527,synthetic
synthetic,145.086,-159.1114,synthetic
synthetic,104.2357,109.5617,synthetic
synthetic,-175.5946,-28.9398,synthetic
synthetic,-71.951,21.4216,synthetic
synthetic,150.4253,-55.9112,synthetic
synthetic,-124.6595,-175.1074,synthetic
synthetic,-99.8963,102.6172,synthetic
synthetic,74.2887,157.0964,synthetic
synthetic,-157.3367,76.4151,synthetic
synthetic,-160.9499,-162.3634,synthetic
synthetic,-59.7465,-22.8523,synthetic
synthetic,65.3055,153.1334,synthetic
synthetic,145.4883,-156.4831,synthetic
synthetic,-59.5495,179.5803,synthetic
synthetic,-169.3002,-171.2958,synthetic
synthetic,167.7235,93.6707,synthetic
synthetic,-88.2572,101.8597,synthetic
synthetic,-122.9311,172.6096,synthetic
synthetic,108.8231,-9.9269,synthetic
synthetic,177.9423,40.1525,synthetic
synthetic,75.4839,-67.6866,synthetic
synthetic,86.5881,-175.2314,synthetic
synthetic,60.8313,143.5395,synthetic
synthetic,-160.1161,-174.0386,synthetic
synthetic,-49.4422,-162.0144,synthetic
synthetic,179.7171,85.3774,synthetic
synthetic,138.7381,116.4629,synthetic
synthetic,34.6847,61.9902,synthetic
synthetic,68.6218,128.4114,synthetic
synthetic,-138.6205,75.8901,synthetic
synthetic,-5.9448,-104.4992,synthetic
synthetic,177.7545,-35.7939,synthetic
synthetic,-127.4147,36.5565,synthetic
synthetic,-55.1368,-62.8973,synthetic
synthetic,-135.8497,32.6721,synthetic
synthetic,-24.391,115.0795,synthetic
synthetic,176.8509,34.2047,synthetic
synthetic,-129.5234,112.0326,synthetic
synthetic,-15.3648,-15.8754,synthetic
synthetic,-84.479,88.096,synthetic
synthetic,75.0148,9.281,synthetic
synthetic,-84.0005,134.5397,synthetic
synthetic,106.6445,-6.628,synthetic
synthetic,142.4087,-165.9994,synthetic
synthetic,-72.7953,-32.3349,synthetic
synthetic,-116.8211,52.0131,synthetic
synthetic,89.4687,-169.6216,synthetic
synthetic,83.1238,-176.6938,synthetic
synthetic,83.2369,-64.5128,synthetic
synthetic,-18.5888,-54.5639,synthetic
synthetic,-29.7892,-165.1777,synthetic
synthetic,108.3268,103.4274,synthetic
synthetic,-41.2669,-122.0587,synthetic
synthetic,-82.7928,57.0627,synthetic
synthetic,-67.616,147.1611,synthetic
synthetic,125.0838,-45.2242,synthetic
synthetic,-117.8223,-3.1734,synthetic
synthetic,106.18,-75.4334,synthetic
synthetic,-85.836,78.7843,synthetic
synthetic,78.5496,155.3438,synthetic
synthetic,124.6679,13.928,synthetic
synthetic,-86.6029,-126.6548,synthetic
synthetic,-123.1375,-29.1416,synthetic
synthetic,-98.7494,53.0491,synthetic
synthetic,62.1745,29.97,synthetic
synthetic,86.3683,161.0287,synthetic
synthetic,141.7287,129.0024,synthetic
synthetic,-33.9618,-171.6222,synthetic
synthetic,-31.1749,-173.3278,synthetic
synthetic,-61.6768,-42.9887,synthetic
synthetic,56.651,47.5019,synthetic
synthetic,-168.2694,78.8397,synthetic
synthetic,88.5231,-154.7442,synthetic
synthetic,-68.8798,175.8632,synthetic
synthetic,-105.52,179.8736,synthetic
synthetic,-119.3258,-8.6558,synthetic
synthetic,78.9573,-61.3355,synthetic
synthetic,81.9643,159.0589,synthetic
synthetic,-56.7343,148.6466,synthetic
synthetic,-165.8527,172.4109,synthetic
synthetic,-106.0326,125.2881,synthetic
synthetic,128.9267,8.6118,synthetic
synthetic,46.5661,49.096,synthetic
synthetic,-95.3556,-166.6204,synthetic
synthetic,81.4282,-74.8612,synthetic
synthetic,-8.407,-5.8655,synthetic
synthetic,73.263,-2.0696,synthetic
synthetic,53.9247,55.8098,synthetic
synthetic,154.0545,167.4691,synthetic
synthetic,107.0274,-66.6796,synthetic
synthetic,143.3707,-164.1526,synthetic
synthetic,-75.0444,-77.5365,synthetic
synthetic,-79.5479,-6.5631,synthetic
synthetic,-161.8676,88.0031,synthetic
synthetic,-95.0244,-178.9783,synthetic
synthetic,58.7578,60.9259,synthetic
synthetic,-98.5032,-175.5267,synthetic
synthetic,-9.0076,-11.2827,synthetic
synthetic,-129.4155,172.3335,synthetic
synthetic,85.2649,-179.5789,synthetic
synthetic,142.8931,116.0026,synthetic
synthetic,28.5536,59.0419,synthetic
synthetic,-10.9638,-13.1818,synthetic
synthetic,-64.2016,-47.1136,synthetic
synthetic,-179.3751,87.8683,synthetic
synthetic,-122.3111,-175.3543,synthetic
synthetic,170.7448,175.1895,synthetic
synthetic,61.9241,30.4049,synthetic
synthetic,-62.9035,179.2865,synthetic
synthetic,116.9881,-75.0482,synthetic
synthetic,89.536,178.063,synthetic
synthetic,-32.5936,139.464,synthetic
synthetic,65.7007,-9.7723,synthetic
synthetic,-59.9728,21.6436,synthetic
synthetic,-99.6202,-167.1554,synthetic
synthetic,173.7575,-177.4579,synthetic
synthetic,-157.039,73.5531,synthetic
synthetic,-64.5911,171.937,synthetic
synthetic,107.5068,-13.2657,synthetic
synthetic,43.4943,49.7848,synthetic
synthetic,-11.3421,-6.6058,synthetic
synthetic,-2.4697,-87.5987,synthetic
synthetic,-103.3692,14.0525,synthetic
synthetic,-56.1908,145.7395,synthetic
synthetic,-161.3171,-57.0424,synthetic
synthetic,-178.453,44.0288,synthetic
synthetic,-12.0811,120.351,synthetic
synthetic,172.0616,44.4868,synthetic
synthetic,57.0274,145.4919,synthetic
synthetic,-20.9729,141.9874,synthetic
synthetic,64.7847,-144.0225,synthetic
synthetic,-179.2952,84.555,synthetic
synthetic,-127.3911,-131.8103,synthetic
synthetic,-161.5261,83.303,synthetic
synthetic,-117.5986,-13.1288,synthetic
synthetic,69.0694,-150.7604,synthetic
synthetic,-94.8684,-3.4045,synthetic
synthetic,-118.9111,30.3179,synthetic
synthetic,6.3448,-85.8879,synthetic
synthetic,-175.7585,27.0949,synthetic
synthetic,-52.5306,117.4499,synthetic
synthetic,63.4681,57.1458,synthetic
synthetic,76.2895,-130.8482,synthetic
synthetic,48.4335,60.1953,synthetic
synthetic,75.5505,-5.628,synthetic
synthetic,106.8401,110.7808,synthetic
synthetic,-8.987,-9.8144,synthetic
synthetic,178.3203,44.6908,synthetic
synthetic,91.2845,176.8961,synthetic
synthetic,154.2427,-57.2375,synthetic
synthetic,131.0477,163.9449,synthetic
synthetic,-119.9774,-4.1759,synthetic
synthetic,-100.8368,-176.4647,synthetic
synthetic,-85.9629,57.1113,synthetic
synthetic,-1.587,-108.8891,synthetic
synthetic,-67.5288,121.3223,synthetic
synthetic,162.9367,-170.9259,synthetic
synthetic,-137.5845,-173.1283,synthetic
synthetic,114.25,-12.9541,synthetic
synthetic,-13.7333,116.2082,synthetic
synthetic,-134.0905,-55.9452,synthetic
synthetic,-131.3618,126.8435,synthetic
synthetic,2.7608,-76.309,synthetic
synthetic,172.7788,-176.5567,synthetic
synthetic,129.2517,6.7793,synthetic
synthetic,177.2065,47.1361,synthetic
synthetic,-161.8081,178.292,synthetic
synthetic,-82.5979,168.1174,synthetic
synthetic,174.8582,150.3805,synthetic
synthetic,93.6688,-16.9574,synthetic
synthetic,-161.5404,-56.5894,synthetic
synthetic,170.0621,-34.3689,synthetic
synthetic,93.8643,113.1448,synthetic
synthetic,76.2756,-65.8975,synthetic
synthetic,135.9437,-48.8899,synthetic
synthetic,-132.8114,160.4019,synthetic
synthetic,-89.5786,44.0892,synthetic
synthetic,65.1679,-12.8082,synthetic
synthetic,-132.4204,-127.4112,synthetic
synthetic,-154.9431,-177.9838,synthetic
synthetic,176.0323,154.616,synthetic
synthetic,-132.0657,50.2734,synthetic
synthetic,124.9138,-52.4066,synthetic
synthetic,139.3126,-157.4154,synthetic
synthetic,-25.7037,146.1138,synthetic
synthetic,-61.0682,34.64,synthetic
synthetic,56.2523,60.7979,synthetic
synthetic,-94.5342,-168.8758,synthetic
synthetic,139.9024,112.6621,synthetic
synthetic,3.6206,-85.0482,synthetic
synthetic,170.194,161.4525,synthetic
synthetic,133.6217,13.0203,synthetic
synthetic,85.5488,-174.2626,synthetic
synthetic,179.9322,-32.5386,synthetic
synthetic,137.4691,-157.9394,synthetic
synthetic,-55.8249,-55.9243,synthetic
synthetic,-62.1839,-40.5456,synthetic
synthetic,170.9784,-31.0107,synthetic
synthetic,-14.9856,122.7591,synthetic
synthetic,49.9346,-145.357,synthetic
synthetic,-159.3944,-169.7407,synthetic
synthetic,75.1764,3.5938,synthetic
synthetic,8.0324,-74.2263,synthetic
synthetic,-122.7581,172.2258,synthetic
synthetic,-132.1033,160.5386,synthetic
synthetic,176.4161,147.0643,synthetic
synthetic,-13.2752,119.2634,synthetic
synthetic,-124.0885,-132.0377,synthetic
synthetic,-96.7049,152.3679,synthetic
synthetic,105.7858,-15.5894,synthetic
synthetic,-124.8164,149.2583,synthetic
synthetic,153.6866,-159.4725,synthetic
synthetic,115.256,-75.1293,synthetic
synthetic,156.4508,13.3379,synthetic
synthetic,-145.2104,152.7271,synthetic
synthetic,-30.0856,-167.367,synthetic
synthetic,-127.4612,-126.9204,synthetic
synthetic,-101.3987,-1.5095,synthetic
synthetic,-89.2855,4.8108,synthetic
synthetic,-129.3127,-63.6756,synthetic
synthetic,82.3705,-133.865,synthetic
synthetic,85.0545,-165.3299,synthetic
synthetic,-150.8235,36.466,synthetic
synthetic,179.3546,-33.6657,synthetic
synthetic,169.8818,-32.9197,synthetic
synthetic,-85.3424,147.5698,synthetic
synthetic,-102.8464,-168.0788,synthetic
synthetic,-139.4964,-81.458,synthetic
synthetic,139.8821,112.7575,synthetic
synthetic,-128.5127,-136.6953,synthetic
synthetic,-4.201,-15.1848,synthetic
synthetic,-172.782,77.7357,synthetic
synthetic,55.5447,139.7862,synthetic
synthetic,-32.933,141.5516,synthetic
synthetic,-178.6548,170.163,synthetic
synthetic,139.7804,-155.1831,synthetic
synthetic,-38.0819,-60.3784,synthetic
synthetic,-87.8447,110.37,synthetic
synthetic,5.4975,-108.013,synthetic
synthetic,96.408,-14.3717,synthetic
synthetic,-170.2617,155.5911,synthetic
synthetic,179.2578,99.5055,synthetic
synthetic,-159.5719,-49.0498,synthetic
synthetic,-100.6987,-167.6847,synthetic
synthetic,142.9587,153.1619,synthetic
synthetic,118.563,154.0518,synthetic
synthetic,-77.1102,172.5533,synthetic
synthetic,-129.5407,-52.4087,synthetic
synthetic,108.2321,-75.4587,synthetic
synthetic,61.8038,-141.3603,synthetic
synthetic,89.2773,176.6943,synthetic
synthetic,79.3061,-175.9764,synthetic
synthetic,175.8031,168.4216,synthetic
synthetic,-136.2764,-83.9879,synthetic
synthetic,-32.3729,76.131,synthetic
synthetic,177.6547,81.2418,synthetic
synthetic,-141.8186,-90.8448,synthetic
synthetic,86.3576,173.7059,synthetic
synthetic,-178.8263,38.9857,synthetic
synthetic,165.2092,-169.8656,synthetic
synthetic,142.5799,152.2852,synthetic
synthetic,-138.3145,32.0441,synthetic
synthetic,-59.777,33.7533,synthetic
synthetic,-52.2778,169.3498,synthetic
synthetic,-28.977,82.3502,synthetic
synthetic,129.0245,-43.621,synthetic
synthetic,158.3389,-56.5819,synthetic
synthetic,92.7842,176.5748,synthetic
synthetic,-63.9792,-52.7329,synthetic
synthetic,-135.8075,34.9226,synthetic
synthetic,-179.2157,-30.6076,synthetic
synthetic,131.293,3.5583,synthetic
synthetic,-27.3343,69.3512,synthetic
synthetic,109.7887,110.0275,synthetic
synthetic,-19.535,-7.5854,synthetic
synthetic,-5.6809,-103.1403,synthetic
synthetic,-35.7872,-66.3998,synthetic
synthetic,-170.4818,-34.2229,synthetic
synthetic,169.4689,-173.0372,synthetic
synthetic,-146.9768,-74.2325,synthetic
synthetic,-178.1598,42.0888,synthetic
synthetic,-161.5736,-59.5094,synthetic
synthetic,-141.6697,169.4537,synthetic
synthetic,84.6426,179.9766,synthetic
synthetic,-169.5039,170.213,synthetic
synthetic,85.5563,-61.9774,synthetic
synthetic,-62.1336,35.2997,synthetic
synthetic,-139.6073,163.1778,synthetic
synthetic,59.0893,57.5602,synthetic
synthetic,58.0616,148.4717,synthetic
synthetic,-96.0037,-120.5228,synthetic
synthetic,-167.4352,-168.5867,synthetic
synthetic,-127.1705,-133.5905,synthetic
synthetic,-97.7058,151.5304,synthetic
synthetic,-143.5022,170.1442,synthetic
synthetic,-165.9564,-173.6992,synthetic
synthetic,-14.2712,119.9284,synthetic
synthetic,78.8314,-129.3372,synthetic
synthetic,99.3392,113.318,synthetic
synthetic,129.375,17.4862,synthetic
synthetic,-101.3891,-43.3783,synthetic
synthetic,-65.5262,-63.2661,synthetic
synthetic,0.9369,-79.1279,synthetic
synthetic,-86.6251,-116.006,synthetic
synthetic,167.2625,-177.8512,synthetic
synthetic,155.0484,5.6341,synthetic
synthetic,-102.7767,-172.9746,synthetic
synthetic,-40.8663,-116.3942,synthetic
synthetic,57.4882,-148.1429,synthetic
synthetic,101.031,112.6257,synthetic
synthetic,-179.7682,150.0869,synthetic
synthetic,-127.8003,141.7064,synthetic
synthetic,168.392,47.5364,synthetic
synthetic,-161.2762,-175.5451,synthetic
synthetic,-26.5565,76.6654,synthetic
synthetic,-34.173,177.893,synthetic
synthetic,-84.2158,80.8647,synthetic
synthetic,-97.4173,-7.2276,synthetic
synthetic,-98.9223,-171.7773,synthetic
synthetic,-172.1822,-43.5197,synthetic
synthetic,-26.6593,-167.3856,synthetic
synthetic,-95.3414,168.662,synthetic
synthetic,-13.6781,120.4838,synthetic
synthetic,-86.8944,1.5318,synthetic
synthetic,-133.0795,72.3545,synthetic
synthetic,130.6386,14.5899,synthetic
synthetic,-67.2338,-173.3886,synthetic
synthetic,-85.4965,103.6463,synthetic
synthetic,90.1414,-179.7627,synthetic
synthetic,-57.0595,177.2977,synthetic
synthetic,179.2128,152.4926,synthetic
synthetic,-92.2635,119.0793,synthetic
synthetic,-87.1368,-123.4532,synthetic
synthetic,-109.6053,122.3934,synthetic
synthetic,105.6608,-12.9774,synthetic
synthetic,-20.2326,144.6195,synthetic
synthetic,146.1328,-53.4245,synthetic
synthetic,-39.2068,-45.5246,synthetic
synthetic,77.4584,-66.4666,synthetic
synthetic,109.8899,-14.812,synthetic
synthetic,73.6969,-124.9133,synthetic
synthetic,-167.0413,81.3595,synthetic
synthetic,118.2253,-74.9754,synthetic
synthetic,125.1789,9.5194,synthetic
synthetic,-152.2902,-49.9066,synthetic
synthetic,-97.5305,115.6801,synthetic
synthetic,80.4075,152.1967,synthetic
synthetic,74.794,-4.1758,synthetic
synthetic,-99.9351,51.0616,synthetic
synthetic,81.9241,179.701,synthetic
synthetic,129.2274,167.8023,synthetic
synthetic,80.0633,-179.4934,synthetic
synthetic,174.6377,93.9957,synthetic
synthetic,-158.2531,-177.0206,synthetic
synthetic,62.1117,-149.5969,synthetic
synthetic,-84.5829,0.4129,synthetic
synthetic,-86.812,-121.319,synthetic
synthetic,165.7402,-173.8322,synthetic
synthetic,-54.8346,36.1552,synthetic
synthetic,161.2966,-52.6031,synthetic
synthetic,-13.7229,-6.7796,synthetic
synthetic,-149.0588,-64.2716,synthetic
synthetic,166.1551,153.8854,synthetic
synthetic,-98.11,6.9038,synthetic
synthetic,-163.8228,-171.7606,synthetic
synthetic,-121.3251,-4.9255,synthetic
synthetic,52.2363,55.0835,synthetic
synthetic,-0.419,-75.109,synthetic
synthetic,-160.1507,-175.8224,synthetic
synthetic,110.3005,107.4113,synthetic
synthetic,-95.4409,-50.6368,synthetic
synthetic,-57.2447,129.8823,synthetic
synthetic,179.7788,37.8305,synthetic
synthetic,-173.9347,-36.9544,synthetic
synthetic,-130.9572,-130.918,synthetic
synthetic,-44.4229,-168.0436,synthetic
synthetic,80.9045,-135.0049,synthetic
synthetic,-154.7151,-171.4668,synthetic
synthetic,153.5278,-58.6893,synthetic
synthetic,-153.9849,84.8977,synthetic
synthetic,-150.6527,170.7478,synthetic
synthetic,-32.2979,-165.0081,synthetic
synthetic,-173.2187,176.4801,synthetic
synthetic,179.3371,46.688,synthetic
synthetic,-45.7872,-57.3867,synthetic
synthetic,-106.1047,-177.4749,synthetic
synthetic,-41.7851,-177.4444,synthetic
synthetic,-39.7715,-170.169,synthetic
synthetic,-92.6171,-122.2615,synthetic
synthetic,124.9541,126.2462,synthetic
synthetic,44.4937,56.0352,synthetic
synthetic,-175.9806,177.0299,synthetic
synthetic,136.0316,165.1014,synthetic
synthetic,-178.1078,49.9466,synthetic
synthetic,173.7555,44.0177,synthetic
synthetic,-62.0196,-34.1816,synthetic
synthetic,-135.6024,163.8433,synthetic
synthetic,74.8966,-10.0971,synthetic
synthetic,169.7816,41.4158,synthetic
synthetic,-47.8146,-171.3898,synthetic
synthetic,-5.6424,-4.4278,synthetic
synthetic,-174.8281,29.0279,synthetic
synthetic,-28.8938,76.9555,synthetic
synthetic,132.8719,8.6827,synthetic
synthetic,-171.1028,172.0168,synthetic
synthetic,-158.1905,78.4555,synthetic
synthetic,-93.3292,-12.3732,synthetic
synthetic,88.1052,179.4657,synthetic
synthetic,-177.9816,-32.6742,synthetic
synthetic,-98.7698,48.8615,synthetic
synthetic,161.6888,-174.2624,synthetic
synthetic,-40.4045,-47.933,synthetic
synthetic,-79.5032,-86.6703,synthetic
synthetic,-179.2306,34.9712,synthetic
synthetic,66.1635,123.8646,synthetic
synthetic,98.6437,108.8832,synthetic
synthetic,-177.6839,-33.4196,synthetic
synthetic,27.9938,65.9557,synthetic
synthetic,82.8353,-72.8895,synthetic
synthetic,69.4343,-148.5052,synthetic
synthetic,-100.5758,-168.2839,synthetic
synthetic,-89.0361,-126.9294,synthetic
synthetic,177.6622,79.6902,synthetic
synthetic,-111.3172,-173.4017,synthetic
synthetic,71.8033,-76.8855,synthetic
synthetic,81.1007,-129.0291,synthetic
synthetic,99.8636,39.3124,synthetic
synthetic,11.4688,-77.9285,synthetic
synthetic,-68.1178,-41.7879,synthetic
synthetic,-124.4225,121.7882,synthetic
synthetic,165.3858,-172.0293,synthetic
synthetic,-104.8023,-169.6499,synthetic
synthetic,-56.8992,-53.1959,synthetic
synthetic,-163.2336,175.1208,synthetic
synthetic,-4.3609,-12.547,synthetic
synthetic,-106.4932,155.9804,synthetic
synthetic,-73.2819,-7.8946,synthetic
synthetic,125.9263,170.62,synthetic
synthetic,-156.2353,67.2329,synthetic
synthetic,71.2572,-75.2462,synthetic
synthetic,60.707,24.8595,synthetic
synthetic,-92.0129,-6.0976,synthetic
synthetic,-67.8252,-50.8798,synthetic
synthetic,-102.8392,10.5916,synthetic
synthetic,-126.0445,-171.0451,synthetic
synthetic,-107.5553,-7.1369,synthetic
synthetic,104.2752,-10.518,synthetic
synthetic,-25.1421,-40.3798,synthetic
synthetic,118.5965,164.2478,synthetic
synthetic,130.2276,165.8192,synthetic
synthetic,77.8536,-2.9577,synthetic
synthetic,-6.0294,-80.4943,synthetic
synthetic,-73.3298,143.8816,synthetic
synthetic,-173.4782,39.2862,synthetic
synthetic,-94.85,-58.3466,synthetic
synthetic,-175.2993,80.9992,synthetic
synthetic,-90.3938,-123.9009,synthetic
synthetic,80.3397,-134.2844,synthetic
synthetic,-35.5306,-174.285,synthetic
synthetic,-66.1647,99.9828,synthetic
synthetic,-41.7279,72.6087,synthetic
synthetic,-11.9035,-0.1338,synthetic
synthetic,61.1037,145.7786,synthetic
synthetic,107.2416,5.1493,synthetic
synthetic,167.4492,-37.0486,synthetic
synthetic,-89.1611,-124.9989,synthetic
synthetic,175.6024,40.9955,synthetic
synthetic,-174.5325,128.2137,synthetic
synthetic,172.1034,89.851,synthetic
synthetic,-150.5017,29.6359,synthetic
synthetic,174.8567,-176.896,synthetic
synthetic,-165.0507,-175.8926,synthetic
synthetic,-56.948,34.9128,synthetic
synthetic,75.9165,-72.0471,synthetic
synthetic,-95.3108,-122.4003,synthetic
synthetic,-97.0499,149.0773,synthetic
synthetic,179.5069,90.8691,synthetic
synthetic,-21.3745,117.5762,synthetic
synthetic,-12.0115,122.1112,synthetic
synthetic,-23.8968,-171.1479,synthetic
synthetic,82.2462,-174.1821,synthetic
synthetic,-30.7464,141.4131,synthetic
synthetic,-145.0238,-84.0787,synthetic
synthetic,-115.9564,112.0087,synthetic
synthetic,57.3938,142.6376,synthetic
synthetic,-120.7339,-3.9397,synthetic
synthetic,-58.4094,177.1967,synthetic
synthetic,171.566,147.5607,synthetic
synthetic,53.9199,26.874,synthetic
synthetic,128.9617,13.9566,synthetic
synthetic,-126.9749,-133.1609,synthetic
synthetic,-175.3704,165.979,synthetic
synthetic,-14.6666,119.0421,synthetic
synthetic,75.5008,13.5733,synthetic
synthetic,-116.2292,125.6315,synthetic
synthetic,-63.9346,-52.8509,synthetic
synthetic,-86.684,77.5129,synthetic
synthetic,94.3048,15.4388,synthetic
synthetic,-81.6794,-6.886,synthetic
synthetic,-179.1951,-43.6337,synthetic
synthetic,170.4484,179.6764,synthetic
synthetic,-164.4348,76.8632,synthetic
synthetic,7.4023,-102.7575,synthetic
synthetic,-120.0976,131.5141,synthetic
synthetic,3.6549,-76.9165,synthetic
synthetic,-35.1575,78.13,synthetic
synthetic,-114.2247,114.1829,synthetic
synthetic,-55.983,-42.1714,synthetic
synthetic,-91.501,-112.8993,synthetic
synthetic,-165.016,-173.6266,synthetic
synthetic,-15.1902,-10.9413,synthetic
synthetic,-100.815,-176.5553,synthetic
synthetic,-143.8092,-45.0267,synthetic
synthetic,-86.709,127.7601,synthetic
synthetic,-91.5614,-177.5794,synthetic
synthetic,-140.1726,174.0439,synthetic
synthetic,51.4281,54.5453,synthetic
synthetic,-159.4958,-170.255,synthetic
synthetic,-103.9444,131.5661,synthetic
synthetic,148.2667,9.8133,synthetic
synthetic,-69.6085,-176.7649,synthetic
synthetic,-159.6019,-169.7766,synthetic
synthetic,68.5282,126.4946,synthetic
synthetic,176.2641,-32.9257,synthetic
synthetic,-179.0417,-174.6985,synthetic
synthetic,57.1755,-142.5571,synthetic
synthetic,-133.3932,164.2335,synthetic
synthetic,104.5957,8.2275,synthetic
synthetic,75.9066,15.6681,synthetic
synthetic,-160.9312,74.2503,synthetic
synthetic,78.6109,-173.0628,synthetic
synthetic,50.4713,65.6325,synthetic
synthetic,-177.0768,-31.7404,synthetic
synthetic,125.8635,164.2972,synthetic
synthetic,-91.0564,140.5762,synthetic
synthetic,42.549,61.2746,synthetic
synthetic,93.3534,-179.5168,synthetic
synthetic,-6.6503,-17.9292,synthetic
synthetic,-34.2368,74.9986,synthetic
synthetic,166.6975,-168.4296,synthetic
synthetic,-162.8012,-58.0195,synthetic
synthetic,170.3475,167.8039,synthetic
synthetic,-123.7375,137.621,synthetic
synthetic,-166.9393,179.7726,synthetic
synthetic,-5.4421,-15.6221,synthetic
synthetic,-112.1675,19.4707,synthetic
synthetic,-68.7359,-35.9571,synthetic
synthetic,177.9143,89.4033,synthetic
synthetic,171.8525,159.3083,synthetic
synthetic,131.6906,-54.1324,synthetic
synthetic,175.9439,-35.1326,synthetic
synthetic,-179.2065,167.6066,synthetic
synthetic,179.3439,-32.3607,synthetic
synthetic,-26.4179,124.3714,synthetic
synthetic,-95.9901,-167.6824,synthetic
synthetic,175.0666,40.3996,synthetic
synthetic,-81.5592,159.4212,synthetic
synthetic,-163.0259,177.6175,synthetic
synthetic,-92.6951,-113.2867,synthetic
synthetic,-163.6434,-170.6016,synthetic
synthetic,86.9589,179.7095,synthetic
synthetic,-173.5337,158.8226,synthetic
synthetic,-125.5611,-132.9017,synthetic
synthetic,-176.8878,30.2548,synthetic
synthetic,97.5207,-9.3687,synthetic
synthetic,-140.1377,-91.1731,synthetic
synthetic,-177.6248,-29.5087,synthetic
synthetic,-32.8032,-124.0763,synthetic
synthetic,131.0901,168.446,synthetic
synthetic,-143.1384,-89.9312,synthetic
synthetic,-119.4854,35.8204,synthetic
synthetic,-0.2754,-85.6503,synthetic
synthetic,143.025,-158.3552,synthetic
synthetic,86.7544,175.0288,synthetic
synthetic,-10.782,121.277,synthetic
synthetic,-104.8867,97.9806,synthetic
synthetic,67.0248,27.3731,synthetic
synthetic,-71.1913,-11.4092,synthetic
synthetic,-169.3276,167.9003,synthetic
synthetic,-128.0956,-129.4308,synthetic
synthetic,-26.4191,-171.4778,synthetic
synthetic,-65.5788,-54.1399,synthetic
synthetic,-32.6455,-127.9961,synthetic
synthetic,-126.7799,107.1952,synthetic
synthetic,-176.6456,167.4185,synthetic
synthetic,176.4366,179.7178,synthetic
synthetic,-177.8927,-32.2249,synthetic
synthetic,-59.2148,34.344,synthetic
synthetic,-26.1551,-170.1093,synthetic
synthetic,-10.2101,-14.0598,synthetic
synthetic,109.4735,108.0212,synthetic
synthetic,-70.0081,-49.0825,synthetic
synthetic,-142.8143,-81.9312,synthetic
synthetic,62.1906,149.4737,synthetic
synthetic,-57.1856,-51.1692,synthetic
synthetic,125.8197,-41.3942,synthetic
synthetic,77.3293,-132.0461,synthetic
synthetic,139.2929,-153.822,synthetic
synthetic,-39.9604,-115.9308,synthetic
synthetic,-142.1238,69.1319,synthetic
synthetic,-136.2976,74.7366,synthetic
synthetic,-165.5956,-170.6302,synthetic
synthetic,-93.1616,179.6418,synthetic
synthetic,176.5868,-29.5207,synthetic
synthetic,-92.8454,-0.7947,synthetic
synthetic,176.5824,171.4,synthetic
synthetic,155.5493,-52.6422,synthetic
synthetic,-173.3932,163.269,synthetic
synthetic,-15.1311,-50.7047,synthetic
synthetic,79.7669,160.7664,synthetic
synthetic,148.2204,152.3369,synthetic
synthetic,177.4928,89.1153,synthetic
synthetic,-2.2956,123.0161,synthetic
synthetic,-99.9156,46.1277,synthetic
synthetic,-149.9349,146.3701,synthetic
synthetic,81.131,-127.3945,synthetic
synthetic,62.6321,28.8339,synthetic
synthetic,-105.2837,166.5529,synthetic
synthetic,72.1877,129.876,synthetic
synthetic,56.0319,-143.8453,synthetic
synthetic,84.794,-73.0822,synthetic
synthetic,-137.7615,24.932,synthetic
synthetic,-93.4337,-122.8001,synthetic
synthetic,152.2522,13.2094,synthetic
synthetic,-91.6703,-117.2948,synthetic
synthetic,172.2424,177.6612,synthetic
synthetic,-127.2141,52.4564,synthetic
synthetic,-71.3953,22.1591,synthetic
synthetic,-161.7401,174.159,synthetic
synthetic,-9.1453,-11.817,synthetic
synthetic,152.7031,-55.8201,synthetic
synthetic,173.1189,-173.0773,synthetic
synthetic,-116.2813,-10.1354,synthetic
synthetic,-122.7407,110.7351,synthetic
synthetic,-135.5512,-55.847,synthetic
synthetic,-10.4509,120.4766,synthetic
synthetic,164.5586,-175.2851,synthetic
synthetic,108.0286,6.6833,synthetic
synthetic,-132.4681,149.1251,synthetic
synthetic,66.4417,123.4541,synthetic
synthetic,102.9331,35.4831,synthetic
synthetic,175.0963,-179.9862,synthetic
synthetic,-134.8182,-50.7783,synthetic
synthetic,-129.7633,164.8564,synthetic
synthetic,70.1894,-5.7181,synthetic
synthetic,173.5536,-33.9258,synthetic
synthetic,68.0566,137.3178,synthetic
synthetic,-37.3597,70.4428,synthetic
synthetic,-158.6707,26.0595,synthetic
synthetic,155.9872,10.2672,synthetic
synthetic,-27.6304,72.5924,synthetic
synthetic,129.3637,105.0118,synthetic
synthetic,179.0217,-27.8521,synthetic
synthetic,-23.1777,140.1366,synthetic
synthetic,89.2609,-159.194,synthetic
synthetic,-41.9584,-61.8092,synthetic
synthetic,104.0586,-82.0011,synthetic
synthetic,-39.3243,81.3705,synthetic
synthetic,162.568,-50.169,synthetic
synthetic,87.823,-127.814,synthetic
synthetic,-74.4309,-10.1225,synthetic
synthetic,-47.3194,-171.1414,synthetic
synthetic,157.984,4.0662,synthetic
synthetic,-159.0659,-49.9492,synthetic
synthetic,-163.2814,156.8024,synthetic
synthetic,104.0984,17.2181,synthetic
synthetic,163.441,-176.6386,synthetic
synthetic,-123.8424,170.5289,synthetic
synthetic,177.7517,41.6865,synthetic
synthetic,177.0833,-32.4097,synthetic
synthetic,-105.774,172.9411,synthetic
synthetic,-12.7648,125.3866,synthetic
synthetic,-33.8557,77.786,synthetic
synthetic,173.7124,173.233,synthetic
synthetic,138.3966,-166.0257,synthetic
synthetic,177.344,-30.8762,synthetic
synthetic,-43.4247,-8.3861,synthetic
synthetic,-166.8436,76.0762,synthetic
synthetic,73.025,-67.7597,synthetic
synthetic,-53.5229,145.9491,synthetic
synthetic,163.8749,175.3206,synthetic
synthetic,81.6389,24.2944,synthetic
synthetic,61.0444,-148.2972,synthetic
synthetic,-132.1736,-138.1812,synthetic
synthetic,83.3626,-154.2453,synthetic
synthetic,177.5623,50.1409,synthetic
synthetic,-177.6859,84.8609,synthetic
synthetic,176.5316,88.7724,synthetic
synthetic,-118.9114,51.8404,synthetic
synthetic,54.7211,60.8477,synthetic
synthetic,-90.7924,-122.5554,synthetic
synthetic,173.4484,-178.7121,synthetic
synthetic,-100.4262,-166.6182,synthetic
synthetic,125.8283,-51.0454,synthetic
synthetic,-165.0319,80.9148,synthetic
synthetic,-157.3932,-48.4174,synthetic
synthetic,-57.0509,-45.8951,synthetic
synthetic,171.1544,165.3564,synthetic
synthetic,86.7585,-174.5631,synthetic
synthetic,108.4916,163.5416,synthetic
synthetic,110.4567,107.6442,synthetic
synthetic,75.2918,166.6978,synthetic
synthetic,-25.5796,117.362,synthetic
synthetic,139.5243,108.7409,synthetic
synthetic,103.4431,36.5875,synthetic
synthetic,-126.3836,-50.0852,synthetic
synthetic,-164.3156,175.6376,synthetic
synthetic,109.4941,101.7702,synthetic
synthetic,-1.0164,-84.3119,synthetic
synthetic,-123.1507,-33.0321,synthetic
synthetic,155.4334,15.0041,synthetic
synthetic,-99.5263,-171.7604,synthetic
synthetic,87.4535,177.7807,synthetic
synthetic,-3.0131,3.6523,synthetic
synthetic,172.4607,168.8304,synthetic
synthetic,178.6511,56.1145,synthetic
synthetic,-40.5488,73.6953,synthetic
synthetic,-118.6457,111.5976,synthetic
synthetic,-162.6734,39.8683,synthetic
synthetic,118.1863,167.9544,synthetic
synthetic,5.6748,-107.9541,synthetic
synthetic,176.017,170.1303,synthetic
synthetic,-161.9952,79.0526,synthetic
synthetic,105.5621,106.9925,synthetic
synthetic,-14.6138,119.0652,synthetic
synthetic,30.2926,54.3037,synthetic
synthetic,-138.851,67.9208,synthetic
synthetic,-55.0024,-76.4418,synthetic
synthetic,142.5769,-163.9209,synthetic
synthetic,175.2113,-174.479,synthetic
synthetic,170.6646,40.7558,synthetic
synthetic,88.7015,-170.2656,synthetic
synthetic,77.0471,-70.8873,synthetic
synthetic,84.985,157.4401,synthetic
synthetic,126.3911,7.2738,synthetic
synthetic,-5.7649,-74.906,synthetic
synthetic,-70.5708,-49.3513,synthetic
synthetic,165.4038,93.2534,synthetic
synthetic,-93.7055,-46.6859,synthetic
synthetic,178.8889,-33.278,synthetic
synthetic,-102.4561,-168.9033,synthetic
synthetic,-2.2418,-73.5403,synthetic
synthetic,-102.2062,110.7308,synthetic
synthetic,83.5764,-157.3537,synthetic
synthetic,-84.2059,-49.9741,synthetic
synthetic,-167.4585,-166.1855,synthetic
synthetic,175.3348,94.5746,synthetic
synthetic,69.2348,26.3374,synthetic
synthetic,-43.7944,-21.4716,synthetic
synthetic,-178.2094,-29.2,synthetic
synthetic,-54.7948,-53.6332,synthetic
synthetic,173.7764,165.5392,synthetic
synthetic,121.8685,159.4046,synthetic
synthetic,86.3513,-179.7392,synthetic
synthetic,-175.6628,30.3119,synthetic
synthetic,165.4029,-173.2616,synthetic
synthetic,178.0409,144.8992,synthetic
synthetic,137.8595,-164.6342,synthetic
synthetic,127.255,166.5509,synthetic
synthetic,80.2613,-175.7447,synthetic
synthetic,-66.0941,176.4677,synthetic
synthetic,84.1685,157.7002,synthetic
synthetic,-167.0559,85.9896,synthetic
synthetic,64.8935,-153.613,synthetic
synthetic,-164.5281,-168.8153,synthetic
synthetic,59.0639,20.2049,synthetic
synthetic,89.8157,-153.6293,synthetic
synthetic,-161.396,33.5876,synthetic
synthetic,-161.0362,160.8832,synthetic
synthetic,-179.0854,42.0449,synthetic
synthetic,-82.9236,71.56,synthetic
synthetic,127.0302,127.713,synthetic
synthetic,166.8401,42.353,synthetic
synthetic,-136.4469,-60.9386,synthetic
synthetic,-157.3535,-173.0121,synthetic
synthetic,104.239,110.9098,synthetic
synthetic,-143.7523,-83.829,synthetic
synthetic,-25.2993,122.5018,synthetic
synthetic,87.5299,-58.5282,synthetic
synthetic,55.6104,49.9861,synthetic
synthetic,-159.3537,75.5465,synthetic
synthetic,-25.9235,-45.8081,synthetic
synthetic,-61.8368,-41.6936,synthetic
synthetic,120.6545,165.795,synthetic
synthetic,-87.6635,-115.2146,synthetic
synthetic,-79.5726,-52.105,synthetic
synthetic,147.7534,-56.6735,synthetic
synthetic,-10.0001,-3.3707,synthetic
synthetic,122.1606,-75.6705,synthetic
synthetic,-69.0722,-33.7866,synthetic
synthetic,169.53,-33.813,synthetic
synthetic,-32.6204,76.7299,synthetic
synthetic,-90.0858,-118.6142,synthetic
synthetic,-24.0235,140.6467,synthetic
synthetic,-58.1018,128.3131,synthetic
synthetic,122.5572,-73.5466,synthetic
synthetic,172.3208,178.0828,synthetic
synthetic,117.0985,119.6149,synthetic
synthetic,71.8288,126.4578,synthetic
synthetic,-37.9144,129.5142,synthetic
synthetic,-30.1963,115.3927,synthetic
synthetic,-177.6729,123.0356,synthetic
synthetic,-96.7655,-168.6368,synthetic
synthetic,87.8784,-158.5323,synthetic
synthetic,175.0916,41.5342,synthetic
synthetic,-178.6718,86.4762,synthetic
synthetic,102.0875,-6.69,synthetic
synthetic,179.9112,-29.5368,synthetic
synthetic,-122.8073,-0.6008,synthetic
synthetic,80.0222,-131.1736,synthetic
synthetic,173.1592,177.6946,synthetic
synthetic,-107.1232,74.2735,synthetic
synthetic,102.6239,-13.471,synthetic
synthetic,171.3516,92.587,synthetic
synthetic,-179.602,40.3768,synthetic
synthetic,-45.4227,-167.6338,synthetic
synthetic,-10.6813,-12.5065,synthetic
synthetic,87.276,-66.4811,synthetic
synthetic,167.9001,-170.9639,synthetic
synthetic,-93.2704,50.3498,synthetic
synthetic,-4.4764,-96.5094,synthetic
synthetic,93.9494,100.4843,synthetic
synthetic,86.6322,-177.2743,synthetic
synthetic,-40.6045,-114.7759,synthetic
synthetic,-88.4242,80.3793,synthetic
synthetic,174.5885,38.2523,synthetic
synthetic,-88.8497,-63.151,synthetic
synthetic,52.5792,135.9397,synthetic
synthetic,145.4225,113.543,synthetic
synthetic,177.2105,38.7275,synthetic
synthetic,-127.8988,-129.4157,synthetic
synthetic,117.8158,138.5206,synthetic
synthetic,-34.4712,-126.9382,synthetic
synthetic,-179.4888,88.6003,synthetic
synthetic,-177.6458,28.3252,synthetic
synthetic,-66.2912,-11.5448,synthetic
synthetic,-45.9401,-62.4347,synthetic
synthetic,81.8237,-57.8659,synthetic
synthetic,144.0086,114.7938,synthetic
synthetic,-79.1233,76.6269,synthetic
synthetic,29.7503,58.9049,synthetic
synthetic,-29.0892,-172.9378,synthetic
synthetic,-43.7298,65.7436,synthetic
synthetic,-86.7295,64.769,synthetic
synthetic,112.9077,-74.483,synthetic
synthetic,-178.936,167.1969,synthetic
synthetic,-127.1967,-124.9966,synthetic
synthetic,154.9245,-59.0747,synthetic
synthetic,154.786,-51.2969,synthetic
synthetic,-107.3226,-170.5067,synthetic
synthetic,-95.8027,-12.1021,synthetic
synthetic,-94.4159,-177.8964,synthetic
synthetic,140.4704,116.8274,synthetic
synthetic,-85.7207,76.3105,synthetic
synthetic,-109.3274,105.7532,synthetic
synthetic,61.8368,-148.0473,synthetic
synthetic,142.6165,-159.5233,synthetic
synthetic,75.8239,4.5581,synthetic
synthetic,166.6363,158.2241,synthetic
synthetic,-178.8458,-35.4446,synthetic
synthetic,-34.5903,-76.8571,synthetic
synthetic,106.1592,-14.7209,synthetic
synthetic,-1.6144,-87.7232,synthetic
synthetic,79.5474,-136.8217,synthetic
synthetic,-93.5773,45.1313,synthetic
synthetic,-52.7999,178.489,synthetic
synthetic,-124.2338,165.965,synthetic
synthetic,63.3394,-150.468,synthetic
synthetic,76.9471,131.4529,synthetic
synthetic,-152.2272,36.8414,synthetic
synthetic,-3.446,-99.0381,synthetic
synthetic,-13.1692,-6.4405,synthetic
synthetic,-94.7478,70.3589,synthetic
synthetic,79.843,155.4779,synthetic
synthetic,178.1143,176.1136,synthetic
synthetic,70.566,14.3948,synthetic
synthetic,174.881,47.0125,synthetic
synthetic,-176.9046,82.6134,synthetic
synthetic,120.3719,160.9549,synthetic
synthetic,-34.0001,-173.4541,synthetic
synthetic,-176.0109,-29.6357,synthetic
synthetic,167.9391,-176.6942,synthetic
synthetic,172.2284,-178.9729,synthetic
synthetic,58.1861,143.9287,synthetic
synthetic,60.0982,-149.6605,synthetic
synthetic,-76.1562,-10.3602,synthetic
synthetic,-127.7668,-131.4853,synthetic
synthetic,174.8663,42.0464,synthetic
synthetic,-166.3102,152.8429,synthetic
synthetic,-171.205,-31.8315,synthetic
synthetic,-70.3535,-59.9335,synthetic
synthetic,127.564,5.8418,synthetic
synthetic,126.7499,8.2772,synthetic
synthetic,140.7904,-166.0326,synthetic
synthetic,-66.2688,-30.3007,synthetic
synthetic,-163.2655,-171.5876,synthetic
synthetic,155.5665,7.4105,synthetic
synthetic,-125.1729,-176.8245,synthetic
synthetic,-95.6324,10.4882,synthetic
synthetic,-28.4266,79.7748,synthetic
synthetic,-179.2386,164.006,synthetic
synthetic,-157.2141,-47.9019,synthetic
synthetic,-149.5962,74.9544,synthetic
synthetic,149.839,-56.943,synthetic
synthetic,155.3858,3.3848,synthetic
synthetic,-62.589,-95.1081,synthetic
synthetic,-137.9244,-51.7332,synthetic
synthetic,132.0715,-40.3202,synthetic
synthetic,90.0602,-3.7299,synthetic
synthetic,160.9962,-175.4164,synthetic
synthetic,91.9852,179.3618,synthetic
synthetic,-176.9508,56.7534,synthetic
synthetic,-69.3288,151.0536,synthetic
synthetic,149.9309,113.3862,synthetic
synthetic,-72.7082,178.327,synthetic
synthetic,-13.4306,-12.5301,synthetic
synthetic,-65.5794,176.6241,synthetic
synthetic,-178.4387,-37.8561,synthetic
synthetic,81.3969,-176.551,synthetic
synthetic,-46.0133,-170.5879,synthetic
synthetic,-27.1127,-175.0335,synthetic
synthetic,113.5616,11.9758,synthetic
synthetic,43.8597,58.6996,synthetic
synthetic,159.161,-54.6541,synthetic
synthetic,144.4659,-160.448,synthetic
synthetic,61.6328,-145.9809,synthetic
synthetic,-61.1908,-57.5802,synthetic
synthetic,-159.5184,-59.6841,synthetic
synthetic,-131.3359,-130.1354,synthetic
synthetic,85.8736,176.6169,synthetic
synthetic,135.3432,-158.4736,synthetic
synthetic,72.3683,131.3734,synthetic
synthetic,-179.3733,-176.8038,synthetic
synthetic,-107.8479,-179.5618,synthetic
synthetic,70.5108,-81.0494,synthetic
synthetic,-162.6343,76.7202,synthetic
synthetic,75.4048,142.3294,synthetic
synthetic,-24.6418,72.902,synthetic
synthetic,-6.5069,-19.421,synthetic
synthetic,-135.1371,152.8234,synthetic
synthetic,-179.2404,166.3577,synthetic
synthetic,-16.3459,-6.066,synthetic
synthetic,79.1266,17.1506,synthetic
synthetic,93.4289,176.3607,synthetic
synthetic,56.3544,44.9686,synthetic
synthetic,-86.7774,109.6977,synthetic
synthetic,-149.5158,176.1769,synthetic
synthetic,81.8078,-159.6777,synthetic
synthetic,-66.247,-41.7425,synthetic
synthetic,83.006,-176.2553,synthetic
synthetic,-150.273,179.7143,synthetic
synthetic,142.1316,108.977,synthetic
synthetic,-30.6165,-46.0269,synthetic
synthetic,78.5683,-130.9808,synthetic
synthetic,97.6531,-10.9832,synthetic
synthetic,-108.8571,41.554,synthetic
synthetic,163.8646,-176.267,synthetic
synthetic,-134.8225,-90.7924,synthetic
synthetic,114.2462,-65.2432,synthetic
synthetic,82.1729,175.775,synthetic
synthetic,-16.0135,-17.0745,synthetic
synthetic,-0.8246,-82.089,synthetic
synthetic,-101.3676,-1.7433,synthetic
synthetic,62.9399,-144.098,synthetic
synthetic,-92.3865,-126.8175,synthetic
synthetic,106.9486,155.7089,synthetic
synthetic,75.2444,-131.716,synthetic
synthetic,-3.1261,-102.8164,synthetic
synthetic,-77.4056,145.1166,synthetic
synthetic,-178.7407,-31.153,synthetic
synthetic,-178.8566,92.4388,synthetic
synthetic,88.7472,-156.009,synthetic
synthetic,59.7122,45.2908,synthetic
synthetic,112.6549,-68.7697,synthetic
synthetic,103.7669,117.2118,synthetic
synthetic,80.5719,169.4342,synthetic
synthetic,127.1404,-41.3987,synthetic
synthetic,-39.1752,-169.204,synthetic
synthetic,118.8405,162.4677,synthetic
synthetic,128.0809,17.2729,synthetic
synthetic,178.2926,-31.2982,synthetic
synthetic,128.3825,-54.6862,synthetic
synthetic,173.505,39.0489,synthetic
synthetic,153.8733,-40.5983,synthetic
synthetic,-68.7474,-12.3318,synthetic
synthetic,171.5497,40.6558,synthetic
synthetic,65.8787,138.7449,synthetic
synthetic,-147.5399,-42.4397,synthetic
synthetic,173.3563,39.0146,synthetic
synthetic,65.7883,-149.4527,synthetic
synthetic,24.0197,55.5792,synthetic
synthetic,83.4855,156.4683,synthetic
synthetic,-117.207,73.1711,synthetic
synthetic,-162.6152,-173.0694,synthetic
synthetic,-155.047,22.0173,synthetic
synthetic,169.9945,43.628,synthetic
synthetic,-47.3246,167.3681,synthetic
synthetic,171.6018,176.3123,synthetic
synthetic,112.0846,107.4486,synthetic
synthetic,104.6201,150.0319,synthetic
synthetic,80.8916,-66.0354,synthetic
synthetic,-36.0005,-120.6634,synthetic
synthetic,-37.2605,-54.5913,synthetic
synthetic,155.379,165.4466,synthetic
synthetic,-12.9401,-0.4655,synthetic
synthetic,-163.1286,174.4261,synthetic
synthetic,-28.4724,-178.8256,synthetic
synthetic,2.8127,-82.3164,synthetic
synthetic,-61.9631,35.1505,synthetic
synthetic,-5.4748,-106.5206,synthetic
synthetic,120.055,159.4613,synthetic
synthetic,73.2777,-0.6386,synthetic
synthetic,101.2305,29.8001,synthetic
synthetic,-130.3495,-55.1218,synthetic
synthetic,-37.3183,74.2189,synthetic
synthetic,178.1186,-176.8674,synthetic
synthetic,167.2699,-177.835,synthetic
synthetic,-34.3608,-123.4293,synthetic
synthetic,-42.3874,67.4667,synthetic
synthetic,120.945,163.4609,synthetic
synthetic,123.8018,164.0133,synthetic
synthetic,-66.1671,155.9177,synthetic
synthetic,108.1491,111.1133,synthetic
synthetic,-25.5958,-173.9999,synthetic
synthetic,101.4411,111.94,synthetic
synthetic,139.8394,-151.642,synthetic
synthetic,146.7447,152.4064,synthetic
synthetic,165.2097,179.7591,synthetic
synthetic,76.718,158.4305,synthetic
synthetic,26.2856,60.0645,synthetic
synthetic,171.3008,89.5687,synthetic
synthetic,-100.6375,43.755,synthetic
synthetic,-80.959,142.0557,synthetic
synthetic,173.3425,174.7784,synthetic
synthetic,-48.0168,-55.4747,synthetic
synthetic,178.6821,86.7491,synthetic
synthetic,-82.2795,67.0367,synthetic
synthetic,136.0912,109.6537,synthetic
synthetic,-33.2113,141.7786,synthetic
synthetic,-61.084,-179.1234,synthetic
synthetic,87.584,-67.3256,synthetic
synthetic,117.9692,126.8752,synthetic
synthetic,-176.852,166.2882,synthetic
synthetic,111.423,160.2582,synthetic
synthetic,49.2099,49.7808,synthetic
synthetic,-93.6256,-117.4445,synthetic
synthetic,149.1317,-54.1152,synthetic
synthetic,60.1719,24.7046,synthetic
synthetic,-99.5701,48.3473,synthetic
synthetic,-32.6998,72.6264,synthetic
synthetic,82.255,6.9501,synthetic
synthetic,126.1447,-50.4982,synthetic
synthetic,-178.2339,42.527,synthetic
synthetic,-157.9151,-53.5929,synthetic
synthetic,-21.209,124.0284,synthetic
synthetic,-100.2751,-9.5499,synthetic
synthetic,76.5012,-126.8368,synthetic
synthetic,-33.6926,-114.867,synthetic
synthetic,159.2439,-170.2479,synthetic
synthetic,-164.7864,-55.8344,synthetic
synthetic,-161.6838,-175.5263,synthetic
synthetic,151.8176,153.7327,synthetic
synthetic,-118.1478,140.7806,synthetic
synthetic,-156.8297,-50.0013,synthetic
synthetic,-26.6938,144.2731,synthetic
synthetic,105.0198,114.5417,synthetic
synthetic,-34.3824,-118.9904,synthetic
synthetic,-43.2495,-168.9232,synthetic
synthetic,139.1385,111.9026,synthetic
synthetic,-146.3601,167.7266,synthetic
synthetic,-119.9818,-132.3402,synthetic
synthetic,105.4912,15.5457,synthetic
synthetic,-129.7392,-20.5799,synthetic
synthetic,-98.2686,-168.0856,synthetic
synthetic,174.5906,-174.2549,synthetic
synthetic,67.5709,130.3124,synthetic
synthetic,29.3316,56.6528,synthetic
synthetic,-49.0325,-175.6224,synthetic
synthetic,-90.6774,-113.0461,synthetic
synthetic,81.4142,-66.5743,synthetic
synthetic,84.4617,-67.7386,synthetic
synthetic,-155.0412,76.0719,synthetic
synthetic,-116.9754,128.9951,synthetic
synthetic,67.9404,-144.1085,synthetic
synthetic,81.3857,179.0372,synthetic
synthetic,134.161,-160.7941,synthetic
synthetic,170.4298,50.0662,synthetic
synthetic,63.9709,24.8657,synthetic
synthetic,154.2205,6.9774,synthetic
synthetic,-55.4584,-178.8798,synthetic
synthetic,104.4274,-12.5592,synthetic
synthetic,-132.0544,-44.2665,synthetic
synthetic,-120.8311,-178.2286,synthetic
synthetic,43.3211,65.9779,synthetic
synthetic,-84.9419,-123.406,synthetic
synthetic,117.3766,125.3128,synthetic
synthetic,-47.387,143.4078,synthetic
synthetic,-142.4722,30.5525,synthetic
synthetic,-11.7205,124.7202,synthetic
synthetic,-89.8257,-129.1677,synthetic
synthetic,-131.8755,-133.5366,synthetic
synthetic,-44.407,-179.4844,synthetic
synthetic,-164.4522,-172.6517,synthetic
synthetic,-23.4677,-176.697,synthetic
synthetic,-11.4858,-6.1478,synthetic
synthetic,-23.4448,139.2651,synthetic
synthetic,179.5376,-39.8365,synthetic
synthetic,179.4963,81.5009,synthetic
synthetic,156.5419,-47.1704,synthetic
synthetic,83.6705,-65.3683,synthetic
synthetic,129.191,-40.0365,synthetic
synthetic,-34.3402,75.893,synthetic
synthetic,132.9538,107.4282,synthetic
synthetic,98.9304,111.8502,synthetic
synthetic,82.0747,-173.2931,synthetic
synthetic,-120.3306,132.3027,synthetic
synthetic,-178.3191,147.2172,synthetic
synthetic,-165.1666,-175.8953,synthetic
synthetic,-60.8519,142.4103,synthetic
synthetic,-100.64,145.553,synthetic
synthetic,85.772,-61.7351,synthetic
synthetic,-108.6695,109.5557,synthetic
synthetic,82.5565,37.8992,synthetic
synthetic,-59.6765,29.435,synthetic
synthetic,-82.9708,51.3774,synthetic
synthetic,-75.0748,127.6642,synthetic
synthetic,-174.4503,38.1171,synthetic
synthetic,-161.5911,-171.2856,synthetic
synthetic,-92.9389,-26.0059,synthetic
synthetic,-25.655,145.7451,synthetic
synthetic,-152.2586,90.6816,synthetic
synthetic,-19.4835,113.8666,synthetic
synthetic,-31.1609,-167.2697,synthetic
synthetic,58.4736,-145.6733,synthetic
synthetic,-131.7037,-56.3815,synthetic
synthetic,60.5598,-150.2381,synthetic
synthetic,104.1265,165.2789,synthetic
synthetic,-29.6262,142.5046,synthetic
synthetic,-137.4592,21.6523,synthetic
synthetic,139.1626,-156.34,synthetic
synthetic,7.3183,-86.5009,synthetic
synthetic,69.8259,-5.4217,synthetic
synthetic,173.2758,160.4328,synthetic
synthetic,162.1103,-54.7816,synthetic
synthetic,150.3484,-153.8394,synthetic
synthetic,-6.0913,-9.0562,synthetic
synthetic,74.0231,129.8427,synthetic
synthetic,176.9365,-33.22,synthetic
synthetic,-165.8528,-171.4543,synthetic
synthetic,102.4347,112.2007,synthetic
synthetic,-127.3136,157.7847,synthetic
synthetic,48.6256,61.5025,synthetic
synthetic,-60.6549,28.3514,synthetic
synthetic,140.7614,113.3321,synthetic
synthetic,-10.653,-6.6071,synthetic
synthetic,-35.3457,176.3603,synthetic
synthetic,34.9641,69.3557,synthetic
synthetic,-156.4348,72.5581,synthetic
synthetic,-139.8527,153.5213,synthetic
synthetic,134.552,-50.2809,synthetic
synthetic,-143.8162,150.9532,synthetic
synthetic,173.3944,40.1346,synthetic
synthetic,-154.1733,-55.2321,synthetic
synthetic,161.3326,-167.6578,synthetic
synthetic,177.3194,-27.5706,synthetic
synthetic,76.913,-128.6934,synthetic
synthetic,-34.5894,-124.9905,synthetic
synthetic,58.1217,42.3997,synthetic
synthetic,-164.9239,-173.5515,synthetic
synthetic,178.8583,48.781,synthetic
synthetic,148.2397,-52.4827,synthetic
synthetic,-144.6204,-178.9436,synthetic
synthetic,-33.6763,178.3482,synthetic
synthetic,85.0689,179.3985,synthetic
synthetic,-64.9839,-177.4048,synthetic
synthetic,150.993,-45.1248,synthetic
synthetic,-137.0208,68.0639,synthetic
synthetic,-152.9537,34.4977,synthetic
synthetic,-89.791,-120.6125,synthetic
synthetic,-67.7174,-18.5512,synthetic
synthetic,-86.6473,-21.5897,synthetic
synthetic,107.1245,-15.0037,synthetic
synthetic,137.4907,165.6989,synthetic
synthetic,-89.3358,37.9602,synthetic
synthetic,28.9072,52.2587,synthetic
synthetic,-31.0169,-170.3354,synthetic
synthetic,-85.5278,-114.4021,synthetic
synthetic,-146.2343,-80.0571,synthetic
synthetic,0.7944,-79.7474,synthetic
synthetic,-137.8809,-170.1678,synthetic
synthetic,-91.2609,146.6182,synthetic
synthetic,-96.7407,-13.5189,synthetic
synthetic,169.6286,-29.4177,synthetic
synthetic,-4.6533,-97.984,synthetic
synthetic,-37.7422,-167.4557,synthetic
synthetic,151.6502,108.3647,synthetic
synthetic,-170.7726,175.5124,synthetic
synthetic,-149.9823,-176.5862,synthetic
synthetic,83.168,-178.4786,synthetic
synthetic,74.2151,-134.5084,synthetic
synthetic,-83.2138,133.5388,synthetic
synthetic,-4.929,-101.478,synthetic
synthetic,-31.2946,71.9091,synthetic
synthetic,-92.6278,-169.5531,synthetic
synthetic,-138.0764,-81.6079,synthetic
synthetic,146.6208,-50.3773,synthetic
synthetic,144.0287,-151.5943,synthetic
synthetic,76.2024,-64.9928,synthetic
synthetic,98.1851,106.5098,synthetic
synthetic,87.0871,-70.798,synthetic
synthetic,80.5991,-132.3728,synthetic
synthetic,-25.1714,79.0492,synthetic
synthetic,-152.008,82.7749,synthetic
synthetic,-164.0988,-175.6081,synthetic
synthetic,-55.3846,143.3937,synthetic
synthetic,-179.2115,29.0565,synthetic
synthetic,84.6685,177.9873,synthetic
synthetic,-86.8854,138.8587,synthetic
synthetic,174.2782,-29.1718,synthetic
synthetic,-12.2514,-2.4289,synthetic
synthetic,-127.7216,-51.7694,synthetic
synthetic,-144.0196,-81.2527,synthetic
synthetic,-133.2471,-128.4603,synthetic
synthetic,-149.9765,89.5722,synthetic
synthetic,-45.1918,-164.5321,synthetic
synthetic,118.8729,168.3055,synthetic
synthetic,86.3226,-159.6648,synthetic
synthetic,56.3192,-144.9736,synthetic
synthetic,-115.8022,129.8902,synthetic
synthetic,-160.5316,85.7317,synthetic
synthetic,-9.0581,-10.7987,synthetic
synthetic,-175.9301,-34.6981,synthetic
synthetic,82.3779,-173.3812,synthetic
synthetic,103.4983,-21.0039,synthetic
synthetic,79.4203,-74.8649,synthetic
synthetic,-114.146,-14.5817,synthetic
synthetic,-39.9145,-125.1485,synthetic
synthetic,-46.1994,-171.2964,synthetic
synthetic,118.6296,-69.2897,synthetic
synthetic,172.4855,33.0632,synthetic
synthetic,-86.1533,68.0937,synthetic
synthetic,-140.4626,-81.5909,synthetic
synthetic,-81.2299,52.6106,synthetic
synthetic,136.2302,-156.5193,synthetic
synthetic,-58.6222,-49.6164,synthetic
synthetic,-28.5872,-171.9817,synthetic
synthetic,-62.7567,176.6503,synthetic
synthetic,-130.531,-126.2526,synthetic
synthetic,138.1461,-166.3744,synthetic
synthetic,-165.1546,177.2053,synthetic
synthetic,-134.7132,-53.6543,synthetic
synthetic,-179.2197,151.6609,synthetic
synthetic,-30.905,-21.6155,synthetic
synthetic,-156.6628,76.1599,synthetic
synthetic,175.9008,178.81,synthetic
synthetic,-167.6444,71.5138,synthetic
synthetic,-172.8532,58.2972,synthetic
synthetic,-151.6665,75.834,synthetic
synthetic,-113.9235,-177.4351,synthetic
synthetic,173.5278,43.1976,synthetic
synthetic,76.0607,150.5659,synthetic
synthetic,-167.1214,-172.7669,synthetic
synthetic,-18.4396,-15.3141,synthetic
synthetic,99.7541,114.1474,synthetic
synthetic,-4.5282,-15.1194,synthetic
synthetic,-50.5592,-24.3146,synthetic
synthetic,81.034,179.2617,synthetic
synthetic,-50.7625,-69.2425,synthetic
synthetic,-94.9481,-172.0716,synthetic
synthetic,-7.5737,-8.0621,synthetic
synthetic,167.5246,-175.5397,synthetic
synthetic,-179.6198,170.9912,synthetic
synthetic,123.1588,5.6363,synthetic
synthetic,173.7698,165.5189,synthetic
synthetic,-137.4077,74.9544,synthetic
synthetic,-163.4616,-176.3828,synthetic
synthetic,107.027,-68.8451,synthetic
synthetic,-51.4479,27.9155,synthetic
synthetic,-137.8872,-79.8495,synthetic
synthetic,63.9244,-151.5351,synthetic
synthetic,-25.6901,-171.5715,synthetic
synthetic,-67.9817,-48.0489,synthetic
synthetic,-160.9467,80.4288,synthetic
synthetic,179.7079,38.816,synthetic
synthetic,-122.7093,143.4124,synthetic
synthetic,-116.8216,-10.2082,synthetic
synthetic,-115.8614,-176.1987,synthetic
synthetic,-14.4178,-9.8985,synthetic
synthetic,-155.3727,38.8499,synthetic
synthetic,172.4377,37.5256,synthetic
synthetic,-12.6355,3.2746,synthetic
synthetic,115.7092,154.2538,synthetic
synthetic,-144.4963,-176.0989,synthetic
synthetic,-51.3585,148.6598,synthetic
synthetic,-165.9001,-178.2696,synthetic
synthetic,-53.3389,30.8406,synthetic
synthetic,132.4199,7.743,synthetic
synthetic,-88.7121,-119.6632,synthetic
synthetic,-76.7368,124.8993,synthetic
synthetic,-149.3431,29.975,synthetic
synthetic,-97.4226,177.5183,synthetic
synthetic,74.0333,-130.5181,synthetic
synthetic,150.289,153.6882,synthetic
synthetic,98.3601,33.6103,synthetic
synthetic,-9.9551,120.7266,synthetic
synthetic,-166.4685,176.4344,synthetic
synthetic,-133.5098,-5.5829,synthetic
synthetic,89.0066,-175.9069,synthetic
synthetic,69.4418,23.1867,synthetic
synthetic,87.7852,-60.2692,synthetic
synthetic,66.3201,124.3754,synthetic
synthetic,-104.8864,105.1754,synthetic
synthetic,109.1337,5.0325,synthetic
synthetic,-71.801,152.6965,synthetic
synthetic,114.5891,117.2121,synthetic
synthetic,176.2154,-175.2413,synthetic
synthetic,-39.0578,-119.2586,synthetic
synthetic,173.7905,155.0098,synthetic
synthetic,-149.9724,144.8161,synthetic
synthetic,-32.2147,-53.0096,synthetic
synthetic,-157.4419,-59.6152,synthetic
synthetic,-46.9052,-23.8305,synthetic
synthetic,-176.8483,155.2003,synthetic
synthetic,66.4511,-149.6772,synthetic
synthetic,51.1914,50.025,synthetic
synthetic,-141.1721,-79.0721,synthetic
synthetic,112.3122,114.6376,synthetic
synthetic,-26.1263,141.9776,synthetic
synthetic,174.965,-178.6274,synthetic
synthetic,82.3485,-66.0396,synthetic
synthetic,-120.4716,139.6211,synthetic
synthetic,-114.7835,-16.2023,synthetic
synthetic,-146.3019,173.143,synthetic
synthetic,-98.0166,-119.1038,synthetic
synthetic,-62.8098,-43.597,synthetic
synthetic,-147.1971,-61.6464,synthetic
synthetic,2.6029,-73.7735,synthetic
synthetic,138.9973,109.4434,synthetic
synthetic,-67.6583,179.7014,synthetic
synthetic,-125.4513,169.5836,synthetic
synthetic,175.767,163.4496,synthetic
synthetic,-146.697,165.0742,synthetic
synthetic,-100.6119,17.1101,synthetic
synthetic,172.4088,159.968,synthetic
synthetic,-56.7428,109.6074,synthetic
synthetic,41.9789,66.991,synthetic
synthetic,-172.0829,47.0084,synthetic
synthetic,-31.0921,-123.9651,synthetic
synthetic,169.2211,-171.058,synthetic
synthetic,-150.6697,30.3536,synthetic
synthetic,-71.6253,137.414,synthetic
synthetic,-156.5449,75.3311,synthetic
synthetic,-140.7669,-80.6926,synthetic
synthetic,134.2246,-158.0678,synthetic
synthetic,129.2578,-48.495,synthetic
synthetic,3.4937,-111.6113,synthetic
synthetic,-116.4308,176.0216,synthetic
synthetic,-99.0919,163.3833,synthetic
synthetic,175.7565,-38.6263,synthetic
synthetic,147.9949,-58.4244,synthetic
synthetic,178.7232,-30.9295,synthetic
synthetic,-27.7247,132.8967,synthetic
synthetic,-16.0337,-94.4252,synthetic
synthetic,-78.1837,53.6249,synthetic
synthetic,-88.2645,3.024,synthetic
synthetic,-7.3366,-9.7973,synthetic
synthetic,-25.5199,171.9363,synthetic
synthetic,82.6705,-176.3555,synthetic
synthetic,72.2386,-128.6688,synthetic
synthetic,-45.2107,-71.0068,synthetic
synthetic,-41.3734,-62.7816,synthetic
synthetic,74.4673,122.9067,synthetic
synthetic,-10.1789,-8.952,synthetic
synthetic,171.3674,173.1399,synthetic
synthetic,-47.6525,151.3826,synthetic
synthetic,75.3752,-65.5393,synthetic
synthetic,-170.5052,-169.9574,synthetic
synthetic,-36.4365,141.1761,synthetic
synthetic,73.1781,-130.4177,synthetic
synthetic,150.3707,149.3184,synthetic
synthetic,-37.379,83.5349,synthetic
synthetic,-81.7251,62.6554,synthetic
synthetic,-140.0023,145.6922,synthetic
synthetic,-58.2226,-57.8306,synthetic
synthetic,-30.7536,163.2388,synthetic
synthetic,-47.2066,-55.67,synthetic
synthetic,-52.2184,-64.1838,synthetic
synthetic,65.0181,23.5153,synthetic
synthetic,83.0561,-160.8553,synthetic
synthetic,78.7522,0.8389,synthetic
synthetic,79.2243,-135.0056,synthetic
synthetic,-11.3582,123.7704,synthetic
synthetic,-35.1427,-172.0483,synthetic
synthetic,127.0733,10.3675,synthetic
synthetic,151.0642,-56.0131,synthetic
synthetic,84.1097,152.2651,synthetic
synthetic,-89.4473,23.641,synthetic
synthetic,170.9715,43.8523,synthetic
synthetic,-174.513,-174.562,synthetic
synthetic,168.0547,155.4308,synthetic
synthetic,-147.4187,-52.4788,synthetic
synthetic,174.8883,50.8973,synthetic
synthetic,-179.2707,-31.2119,synthetic
synthetic,134.471,-154.2388,synthetic
synthetic,80.901,-0.8058,synthetic
synthetic,143.9854,111.2537,synthetic
synthetic,165.2437,43.3466,synthetic
synthetic,75.0841,-135.0303,synthetic
synthetic,125.1669,125.33,synthetic
synthetic,-178.1403,170.1285,synthetic
synthetic,-102.9544,-164.4095,synthetic
synthetic,104.2876,-9.0111,synthetic
synthetic,-179.2224,-31.7434,synthetic
synthetic,-118.6374,3.8164,synthetic
synthetic,168.8908,39.9921,synthetic
synthetic,-22.8165,125.5082,synthetic
synthetic,112.5896,150.1527,synthetic
synthetic,10.6976,-80.8488,synthetic
synthetic,81.7368,152.9935,synthetic
synthetic,83.8096,171.2334,synthetic
synthetic,60.0561,44.3897,synthetic
synthetic,-2.7426,-101.2027,synthetic
synthetic,-104.6814,160.7568,synthetic
synthetic,87.161,-161.3377,synthetic
synthetic,-56.5678,-75.2109,synthetic
synthetic,-158.0005,75.4197,synthetic
synthetic,-155.6462,-172.8491,synthetic
synthetic,-83.7464,-0.3336,synthetic
synthetic,83.1132,-173.8951,synthetic
synthetic,-99.2974,42.719,synthetic
synthetic,-174.5907,86.5558,synthetic
synthetic,176.8548,87.2583,synthetic
synthetic,-143.4951,-172.1376,synthetic
synthetic,84.6483,-173.773,synthetic
synthetic,-40.3951,-163.4372,synthetic
synthetic,152.232,1.6085,synthetic
synthetic,87.4829,172.7279,synthetic
synthetic,-66.4331,-48.3842,synthetic
synthetic,-42.2085,127.5911,synthetic
synthetic,153.9952,-58.254,synthetic
synthetic,-101.3566,0.0815,synthetic
synthetic,-162.905,-174.4955,synthetic
synthetic,-63.9162,154.3113,synthetic
synthetic,-4.3192,-0.4189,synthetic
synthetic,-41.4881,67.0211,synthetic
synthetic,-158.9471,-47.3234,synthetic
synthetic,127.6817,165.985,synthetic
synthetic,-151.0889,35.3537,synthetic
synthetic,81.8288,-171.5454,synthetic
synthetic,117.38,-86.4001,synthetic
synthetic,-101.9081,88.0729,synthetic
synthetic,176.9182,163.4865,synthetic
synthetic,-38.2673,72.3524,synthetic
synthetic,-86.2395,-9.4042,synthetic
synthetic,-108.5809,117.169,synthetic
synthetic,-128.2229,71.9305,synthetic
synthetic,32.2756,65.7213,synthetic
synthetic,-179.9982,-34.5814,synthetic
synthetic,178.7799,178.0685,synthetic
synthetic,79.6555,-136.8053,synthetic
synthetic,174.1627,95.2863,synthetic
synthetic,-66.3602,98.1399,synthetic
synthetic,128.9578,171.7661,synthetic
synthetic,-94.8496,-7.1973,synthetic
synthetic,90.4868,-178.08,synthetic
synthetic,168.5216,47.048,synthetic
synthetic,-152.9619,-66.6153,synthetic
synthetic,-161.1459,-52.564,synthetic
synthetic,166.5856,-62.8267,synthetic
synthetic,-12.8324,-9.4294,synthetic
synthetic,-13.4089,-12.0509,synthetic
synthetic,67.7092,124.2882,synthetic
synthetic,-173.4911,-33.6639,synthetic
synthetic,106.5793,-10.2868,synthetic
synthetic,97.5601,110.1007,synthetic
synthetic,-159.1693,41.1242,synthetic
synthetic,-178.4413,-39.0197,synthetic
synthetic,-178.6918,36.0313,synthetic
synthetic,31.074,65.7821,synthetic
synthetic,-179.3561,37.2759,synthetic
synthetic,-70.562,-21.6833,synthetic
synthetic,-50.9618,-50.8822,synthetic
synthetic,-139.2037,-96.6368,synthetic
synthetic,-127.6583,-132.6974,synthetic
synthetic,-53.5513,-43.959,synthetic
synthetic,80.6679,-129.7598,synthetic
synthetic,-22.8901,70.1777,synthetic
synthetic,-3.3089,-18.2232,synthetic
synthetic,172.7456,-175.865,synthetic
synthetic,-77.7737,-13.7473,synthetic
synthetic,-45.3787,-51.4387,synthetic
synthetic,-9.364,-100.4957,synthetic
synthetic,-92.1546,-122.945,synthetic
synthetic,79.3899,128.9842,synthetic
synthetic,172.4407,-160.4222,synthetic
synthetic,-75.4409,-5.1703,synthetic
synthetic,84.0335,176.1427,synthetic
synthetic,-11.5837,-8.8669,synthetic
synthetic,-11.9711,118.8374,synthetic
synthetic,-13.1259,119.3262,synthetic
synthetic,-165.0171,-173.568,synthetic
synthetic,67.285,140.814,synthetic
synthetic,74.6488,-66.4863,synthetic
synthetic,111.3944,-71.2866,synthetic
synthetic,126.636,126.3811,synthetic
synthetic,179.125,86.8588,synthetic
synthetic,-125.3469,-10.2381,synthetic
synthetic,-104.2836,-167.6184,synthetic
synthetic,132.3425,12.5631,synthetic
synthetic,140.6638,108.672,synthetic
synthetic,-33.9338,-179.5872,synthetic
synthetic,-144.4558,-80.5738,synthetic
synthetic,-178.5298,-43.1817,synthetic
synthetic,144.0816,109.4665,synthetic
synthetic,-106.0311,24.7743,synthetic
synthetic,-82.8305,77.6382,synthetic
synthetic,-74.279,120.7004,synthetic
synthetic,-89.9537,-120.1877,synthetic
synthetic,172.0872,170.0142,synthetic
synthetic,-29.4683,82.9193,synthetic
synthetic,-97.941,-11.8402,synthetic
synthetic,48.0511,44.3208,synthetic
synthetic,80.6424,160.2325,synthetic
synthetic,-116.8342,121.6797,synthetic
synthetic,69.9577,13.077,synthetic
synthetic,150.1698,153.6568,synthetic
synthetic,-98.8877,15.6985,synthetic
synthetic,172.8624,-28.9087,synthetic
synthetic,-164.0766,89.9707,synthetic
synthetic,-34.9564,75.2465,synthetic
synthetic,-137.7461,159.5732,synthetic
synthetic,165.895,-175.3349,synthetic
synthetic,120.9497,-43.548,synthetic
synthetic,63.9462,143.5987,synthetic
synthetic,169.8859,166.4095,synthetic
synthetic,-96.2694,-178.9919,synthetic
synthetic,78.7415,-73.3484,synthetic
synthetic,-70.6891,5.0275,synthetic
synthetic,174.0655,45.5289,synthetic
synthetic,-130.244,129.0834,synthetic
synthetic,-159.7698,-174.2973,synthetic
synthetic,-95.4918,-125.2495,synthetic
synthetic,-28.1732,-168.6073,synthetic
synthetic,-11.0441,-11.9302,synthetic
synthetic,78.5159,-66.4336,synthetic
synthetic,-8.2584,-8.77,synthetic
synthetic,132.2312,15.3037,synthetic
synthetic,126.1743,105.8531,synthetic
synthetic,120.4267,-78.7809,synthetic
synthetic,179.3658,89.2098,synthetic
synthetic,-178.8398,39.1248,synthetic
synthetic,-87.0815,-117.4476,synthetic
synthetic,-5.6251,-84.9977,synthetic
synthetic,81.0598,-130.0962,synthetic
synthetic,62.3574,-152.3587,synthetic
synthetic,84.8901,-64.5603,synthetic
synthetic,-163.0167,-171.1895,synthetic
synthetic,145.961,-52.5205,synthetic
synthetic,130.4127,9.8181,synthetic
synthetic,173.6434,173.7271,synthetic
synthetic,57.9722,43.6191,synthetic
synthetic,-55.9141,33.6345,synthetic
synthetic,-87.2454,-34.0914,synthetic
synthetic,-167.6901,79.3404,synthetic
synthetic,121.1198,-78.8956,synthetic
synthetic,176.0154,-33.7477,synthetic
synthetic,122.9838,-77.8311,synthetic
synthetic,-176.6683,-37.6373,synthetic
synthetic,-154.6422,-60.1488,synthetic
synthetic,-144.7041,80.4891,synthetic
synthetic,164.4828,-173.1985,synthetic
synthetic,144.5421,-157.2745,synthetic
synthetic,74.3173,-133.8613,synthetic
synthetic,64.8799,145.4186,synthetic
synthetic,-170.0452,90.1543,synthetic
synthetic,164.4085,51.0466,synthetic
synthetic,49.7844,49.9001,synthetic
synthetic,-167.8061,-37.5453,synthetic
synthetic,175.614,37.2449,synthetic
synthetic,-91.1124,62.2336,synthetic
synthetic,-36.5126,74.8527,synthetic
synthetic,-135.4315,137.8105,synthetic
synthetic,-160.3319,-172.5724,synthetic
synthetic,-48.4762,153.5912,synthetic
synthetic,80.6572,-135.9338,synthetic
synthetic,-164.9686,-50.9209,synthetic
synthetic,-6.8083,-103.4971,synthetic
synthetic,-140.0474,-175.4458,synthetic
synthetic,-108.3904,24.2441,synthetic
synthetic,-176.6568,82.5167,synthetic
synthetic,176.8722,84.395,synthetic
synthetic,61.2374,-152.7515,synthetic
synthetic,-122.972,-10.4279,synthetic
synthetic,-63.1874,172.3966,synthetic
synthetic,-29.5299,133.09,synthetic
synthetic,136.0425,113.665,synthetic
synthetic,-153.8447,67.9799,synthetic
synthetic,-29.6433,76.7059,synthetic
synthetic,153.3758,12.9598,synthetic
synthetic,172.394,41.4499,synthetic
synthetic,-93.2225,-168.3621,synthetic
synthetic,-6.3699,127.192,synthetic
synthetic,-52.6238,29.7951,synthetic
synthetic,-163.2858,-177.2709,synthetic
synthetic,-7.6308,-8.5377,synthetic
synthetic,-141.3141,19.4097,synthetic
synthetic,136.052,111.7934,synthetic
synthetic,-93.8814,-173.558,synthetic
synthetic,-99.1543,-52.8315,synthetic
synthetic,161.84,-49.4398,synthetic
synthetic,-86.4592,2.9013,synthetic
synthetic,179.4962,-33.9991,synthetic
synthetic,-71.7088,-22.2945,synthetic
synthetic,84.1089,163.3236,synthetic
synthetic,88.3362,-66.1877,synthetic
synthetic,87.3949,-177.1885,synthetic
synthetic,-125.749,-168.0802,synthetic
synthetic,-155.5814,-174.8248,synthetic
synthetic,-91.6722,-136.932,synthetic
synthetic,-155.3242,-55.1968,synthetic
synthetic,-84.1077,85.8311,synthetic
synthetic,126.2405,172.3952,synthetic
synthetic,177.2613,-39.1529,synthetic
synthetic,-97.297,70.9823,synthetic
synthetic,118.4219,-74.7593,synthetic
synthetic,-91.0078,172.9657,synthetic
synthetic,-143.1707,34.1656,synthetic
synthetic,-137.0392,-54.4253,synthetic
synthetic,-95.1818,-48.6516,synthetic
synthetic,-13.187,-8.9946,synthetic
synthetic,175.8715,86.5902,synthetic
synthetic,80.9998,178.8152,synthetic
synthetic,-175.32,163.85,synthetic
synthetic,-66.8008,-29.6289,synthetic
synthetic,5.0334,-82.1215,synthetic
synthetic,-17.6357,116.7086,synthetic
synthetic,-117.0483,-30.3812,synthetic
synthetic,-83.2001,2.9714,synthetic
synthetic,60.9715,-143.628,synthetic
synthetic,100.4468,-10.4337,synthetic
synthetic,-106.9403,25.4204,synthetic
synthetic,61.3297,142.0993,synthetic
synthetic,-133.0563,-47.7986,synthetic
synthetic,152.3108,9.0075,synthetic
synthetic,-119.6326,3.9362,synthetic
synthetic,-55.7142,-37.8016,synthetic
synthetic,-63.5674,-178.1788,synthetic
synthetic,139.0512,-160.3152,synthetic
synthetic,-137.1532,33.8318,synthetic
synthetic,154.2393,115.8242,synthetic
synthetic,-53.5849,-42.8377,synthetic
synthetic,161.8395,-169.5446,synthetic
synthetic,77.6153,151.4992,synthetic
synthetic,-131.7155,18.8704,synthetic
synthetic,-125.4741,121.9732,synthetic
synthetic,82.7572,-63.6748,synthetic
synthetic,176.2435,44.8601,synthetic
synthetic,108.7352,-12.7403,synthetic
synthetic,74.4552,-11.5104,synthetic
synthetic,116.6735,160.912,synthetic
synthetic,-35.1498,75.8622,synthetic
synthetic,-58.798,176.0185,synthetic
synthetic,168.616,169.0977,synthetic
synthetic,-93.2288,-122.4054,synthetic
synthetic,-30.3706,178.0092,synthetic
synthetic,-173.3793,-34.812,synthetic
synthetic,104.2762,-8.339,synthetic
synthetic,59.4384,67.723,synthetic
synthetic,91.1436,-159.4111,synthetic
synthetic,169.7232,45.3599,synthetic
synthetic,52.1497,66.7909,synthetic
synthetic,150.4641,4.8947,synthetic
synthetic,68.6561,8.1941,synthetic
synthetic,-97.0867,156.73,synthetic
synthetic,90.395,-173.3875,synthetic
synthetic,173.5148,-178.0574,synthetic
synthetic,-55.0151,31.6728,synthetic
synthetic,-77.4339,124.0859,synthetic
synthetic,-139.5805,-77.5218,synthetic
synthetic,-9.7764,-54.9997,synthetic
synthetic,73.4094,120.1382,synthetic
synthetic,-36.4008,-168.3355,synthetic
synthetic,81.907,-176.3768,synthetic
synthetic,-156.4762,72.03,synthetic
synthetic,-135.7642,-127.8686,synthetic
synthetic,-27.8858,-172.5367,synthetic
synthetic,-167.7795,-179.2477,synthetic
synthetic,175.3991,-178.0806,synthetic
synthetic,-163.6847,-172.0407,synthetic
synthetic,-120.6881,46.7739,synthetic
synthetic,-164.4264,71.4917,synthetic
synthetic,-101.1128,-156.8623,synthetic
synthetic,-139.1609,171.4629,synthetic
synthetic,-129.1823,-133.923,synthetic
synthetic,168.4564,-174.6949,synthetic
synthetic,-158.5866,-48.0294,synthetic
synthetic,125.8506,10.61,synthetic
synthetic,-161.4399,165.0143,synthetic
synthetic,148.4559,-151.722,synthetic
synthetic,-143.7405,-174.6872,synthetic
synthetic,113.7314,22.6813,synthetic
synthetic,-18.3355,-74.5006,synthetic
synthetic,46.3876,40.6596,synthetic
synthetic,-15.3996,-10.3493,synthetic
synthetic,-165.8907,-179.4549,synthetic
synthetic,82.7405,-160.7525,synthetic
synthetic,156.9648,-51.3887,synthetic
synthetic,-124.239,-130.5458,synthetic
synthetic,-60.5069,-71.3103,synthetic
synthetic,161.8123,179.2,synthetic
synthetic,-42.3839,-53.6537,synthetic
synthetic,50.3996,42.6866,synthetic
synthetic,-66.4991,-51.1553,synthetic
synthetic,50.0105,47.8696,synthetic
synthetic,-163.9279,72.5261,synthetic
synthetic,-179.5965,35.4465,synthetic
synthetic,177.1552,-30.0069,synthetic
synthetic,80.2666,176.6125,synthetic
synthetic,61.0178,143.9095,synthetic
synthetic,172.324,168.8439,synthetic
synthetic,-67.3126,-42.0647,synthetic
synthetic,129.7196,-42.2452,synthetic
synthetic,-42.3591,-8.9345,synthetic
synthetic,-75.1675,-177.214,synthetic
synthetic,-4.6479,-82.34,synthetic
synthetic,157.6095,-47.644,synthetic
synthetic,-49.4274,-94.7908,synthetic
synthetic,-68.8161,-52.4731,synthetic
synthetic,-53.9858,160.1125,synthetic
synthetic,54.9121,48.9449,synthetic
synthetic,-28.2314,79.5774,synthetic
synthetic,167.6612,43.3207,synthetic
synthetic,-86.3182,-1.0837,synthetic
synthetic,-117.8198,158.4841,synthetic
synthetic,-6.6247,-16.8279,synthetic
synthetic,105.3355,-16.4811,synthetic
synthetic,175.0874,47.0808,synthetic
synthetic,3.3983,-84.1417,synthetic
synthetic,-40.6291,71.4724,synthetic
synthetic,-146.3767,76.6121,synthetic
synthetic,-48.0469,178.5625,synthetic
synthetic,96.4137,-16.0567,synthetic
synthetic,92.0776,176.4339,synthetic
synthetic,-132.9241,144.0917,synthetic
synthetic,-54.2982,-51.7469,synthetic
synthetic,-163.535,-169.3103,synthetic
synthetic,177.6647,87.9772,synthetic
synthetic,140.2541,116.5143,synthetic
synthetic,134.0386,110.554,synthetic
synthetic,-133.0111,-62.5949,synthetic
synthetic,155.2773,14.6738,synthetic
synthetic,-178.0312,172.7765,synthetic
synthetic,73.4487,-5.3064,synthetic
synthetic,138.1694,-157.2031,synthetic
synthetic,105.4337,-14.8752,synthetic
synthetic,145.7047,154.2602,synthetic
synthetic,28.2503,56.4658,synthetic
synthetic,85.2435,-132.6814,synthetic
synthetic,-177.5001,157.2502,synthetic
synthetic,-163.9487,154.7396,synthetic
synthetic,138.8723,-162.6769,synthetic
synthetic,-164.79,-178.521,synthetic
synthetic,-131.8138,-134.1341,synthetic
synthetic,-176.9995,-33.6151,synthetic
synthetic,170.6742,156.8494,synthetic
synthetic,157.5145,6.178,synthetic
synthetic,-163.9753,-51.4336,synthetic
synthetic,-135.3713,-97.1105,synthetic
synthetic,30.5633,63.451,synthetic
synthetic,87.3581,-164.6199,synthetic
synthetic,165.5131,45.4606,synthetic
synthetic,53.1165,-147.1719,synthetic
synthetic,84.3612,-69.0422,synthetic
synthetic,-85.3391,-117.5451,synthetic
synthetic,-93.9209,155.1677,synthetic
synthetic,-91.5043,-118.1666,synthetic
synthetic,-25.5729,-175.2532,synthetic
synthetic,161.2813,-173.101,synthetic
synthetic,-162.9851,-169.896,synthetic
synthetic,-119.9039,-28.9077,synthetic
synthetic,104.6988,109.9981,synthetic
synthetic,-26.337,-117.8857,synthetic
synthetic,-136.3543,33.1274,synthetic
synthetic,65.0092,21.9437,synthetic
synthetic,-98.4307,152.5749,synthetic
synthetic,-24.9942,136.6837,synthetic
synthetic,-65.0345,-179.3794,synthetic
synthetic,-120.7675,34.1475,synthetic
synthetic,-165.0199,-49.0497,synthetic
synthetic,-59.418,37.3759,synthetic
synthetic,-32.2749,-79.6392,synthetic
synthetic,65.6847,7.8665,synthetic
synthetic,127.7622,-49.2608,synthetic
synthetic,86.4004,-173.3119,synthetic
synthetic,-178.0148,124.0291,synthetic
synthetic,-169.7921,149.7698,synthetic
synthetic,-65.0424,-177.3308,synthetic
synthetic,-177.4407,55.2696,synthetic
synthetic,-55.5084,36.5219,synthetic
synthetic,-98.8418,-172.2728,synthetic
synthetic,-127.8976,-1.4192,synthetic
synthetic,62.3339,24.0264,synthetic
synthetic,-96.5295,-168.5008,synthetic
synthetic,47.4121,18.0847,synthetic
synthetic,-159.7456,155.19,synthetic
synthetic,178.3364,50.4395,synthetic
synthetic,-142.4324,29.1335,synthetic
synthetic,-128.616,-128.3927,synthetic
synthetic,-26.3055,-179.4418,synthetic
synthetic,-126.1298,-2.7674,synthetic
synthetic,-35.6914,72.8735,synthetic
synthetic,177.1426,41.6608,synthetic
synthetic,-10.546,-11.1717,synthetic
synthetic,126.3778,12.9822,synthetic
synthetic,112.4686,-67.7525,synthetic
synthetic,-141.8232,-77.4687,synthetic
synthetic,123.9993,4.3144,synthetic
synthetic,126.0011,6.6575,synthetic
synthetic,-41.0203,71.3088,synthetic
synthetic,-164.9672,151.5583,synthetic
synthetic,145.5117,110.9472,synthetic
synthetic,64.0877,26.8619,synthetic
synthetic,-28.9492,122.7928,synthetic
synthetic,80.9355,-139.2981,synthetic
synthetic,80.3908,11.7523,synthetic
synthetic,-93.0253,-172.7072,synthetic
synthetic,136.1505,-159.9976,synthetic
synthetic,-178.9851,-31.1039,synthetic
synthetic,172.7165,153.4954,synthetic
synthetic,172.8329,42.8009,synthetic
synthetic,-41.606,-174.8174,synthetic
synthetic,-166.8817,164.4176,synthetic
synthetic,-11.0179,-45.4402,synthetic
synthetic,147.0597,-163.4929,synthetic
synthetic,76.9883,-63.7861,synthetic
synthetic,67.8825,-148.4924,synthetic
synthetic,-50.2374,-49.4152,synthetic
synthetic,-123.1319,-135.2383,synthetic
synthetic,-139.0171,168.9025,synthetic
synthetic,-120.6361,141.1414,synthetic
synthetic,-5.9376,-103.853,synthetic
synthetic,123.588,9.5364,synthetic
synthetic,-14.1756,120.2476,synthetic
synthetic,86.3883,-179.923,synthetic
synthetic,-59.8565,-48.9916,synthetic
synthetic,160.5505,-57.5439,synthetic
synthetic,107.8696,154.5492,synthetic
synthetic,-141.6428,168.9607,synthetic
synthetic,-103.5959,144.7448,synthetic
synthetic,-87.7061,-122.6062,synthetic
synthetic,128.9735,167.7397,synthetic
synthetic,159.6835,-52.6317,synthetic
synthetic,102.5947,102.8301,synthetic
synthetic,174.3331,171.6363,synthetic
synthetic,-102.6113,-4.9173,synthetic
synthetic,172.1796,165.2227,synthetic
synthetic,72.7345,-158.831,synthetic
synthetic,160.6191,179.1506,synthetic
synthetic,-179.9515,-38.5009,synthetic
synthetic,-28.2016,-169.7383,synthetic
synthetic,179.6544,83.6904,synthetic
synthetic,-177.1297,-36.6673,synthetic
synthetic,61.8259,34.6388,synthetic
synthetic,138.68,114.1465,synthetic
synthetic,146.8701,152.2844,synthetic
synthetic,168.5101,-174.4088,synthetic
synthetic,-164.9326,79.2887,synthetic
synthetic,169.7821,-170.3087,synthetic
synthetic,-47.2772,-170.0373,synthetic
synthetic,-164.4665,40.7974,synthetic
synthetic,-174.6099,79.7211,synthetic
synthetic,-30.7358,-124.6874,synthetic
synthetic,176.9896,44.5352,synthetic
synthetic,141.4442,110.6424,synthetic
synthetic,113.8062,154.3574,synthetic
synthetic,79.1061,-159.9432,synthetic
synthetic,-44.2294,-122.3856,synthetic
synthetic,67.0226,-16.7116,synthetic
synthetic,86.1718,-65.1132,synthetic
synthetic,176.6698,-35.2138,synthetic
synthetic,-106.6341,130.3156,synthetic
synthetic,-177.6971,25.5962,synthetic
synthetic,-144.5005,-175.3484,synthetic
synthetic,-122.8643,-133.4013,synthetic
synthetic,-68.521,138.347,synthetic
synthetic,-120.265,53.0087,synthetic
synthetic,5.8069,-101.673,synthetic
synthetic,-179.7382,52.3282,synthetic
synthetic,-11.1389,-12.9425,synthetic
synthetic,-61.4258,-17.6479,synthetic
synthetic,-177.184,84.4961,synthetic
synthetic,-87.1635,82.8367,synthetic
synthetic,168.1637,43.6369,synthetic
synthetic,175.8569,151.9757,synthetic
synthetic,143.0941,111.7827,synthetic
synthetic,72.5235,129.6292,synthetic
synthetic,84.1188,161.4602,synthetic
synthetic,-81.9084,66.3448,synthetic
synthetic,-79.8467,-23.5653,synthetic
synthetic,-85.4216,89.8456,synthetic
synthetic,171.6377,33.5882,synthetic
synthetic,-110.1215,121.675,synthetic
synthetic,-70.8124,145.077,synthetic
synthetic,105.6611,106.0195,synthetic
synthetic,152.2157,-55.7804,synthetic
synthetic,-141.9302,25.8474,synthetic
synthetic,-37.3312,-119.0921,synthetic
synthetic,-87.7,125.5256,synthetic
synthetic,-95.4515,-5.1027,synthetic
synthetic,-32.6204,74.7952,synthetic
synthetic,0.217,-111.7967,synthetic
synthetic,-172.4508,80.875,synthetic
synthetic,-68.0155,-24.4321,synthetic
synthetic,62.8899,-145.0609,synthetic
synthetic,-88.0323,-126.2264,synthetic
synthetic,-66.7007,-27.6101,synthetic
synthetic,124.4426,163.8977,synthetic
synthetic,135.1745,122.0936,synthetic
synthetic,138.3311,106.8143,synthetic
synthetic,-128.2129,-139.5779,synthetic
synthetic,-94.9116,-120.9788,synthetic
synthetic,119.7281,-77.2229,synthetic
synthetic,-163.5553,-175.0641,synthetic
synthetic,104.8647,-7.6516,synthetic
synthetic,154.8849,-48.1141,synthetic
synthetic,78.3036,-69.2372,synthetic
synthetic,-85.9782,-124.2974,synthetic
synthetic,-172.1208,121.3325,synthetic
synthetic,-178.0061,-33.5175,synthetic
synthetic,101.0268,-13.2631,synthetic
synthetic,-126.1359,-131.4543,synthetic
synthetic,-88.478,165.6772,synthetic
synthetic,-175.5026,-35.0652,synthetic
synthetic,-13.148,-13.8844,synthetic
synthetic,-174.4022,124.3029,synthetic
synthetic,178.9224,152.3386,synthetic
synthetic,-57.6876,25.0009,synthetic
synthetic,86.123,-173.6735,synthetic
synthetic,43.5538,59.7754,synthetic
synthetic,-143.2191,24.6379,synthetic
synthetic,176.9207,178.8779,synthetic
synthetic,-108.2049,163.7519,synthetic
synthetic,-179.6921,-38.9206,synthetic
synthetic,109.3594,-16.0569,synthetic
synthetic,-58.8949,154.2076,synthetic
synthetic,174.2054,53.0483,synthetic
synthetic,-19.852,147.6401,synthetic
synthetic,-177.7569,169.1622,synthetic
synthetic,-171.6226,171.412,synthetic
synthetic,-98.341,-173.8059,synthetic
synthetic,-161.952,-179.423,synthetic
synthetic,-12.8727,121.0942,synthetic
synthetic,174.0591,91.3114,synthetic
synthetic,-41.5345,178.0658,synthetic
synthetic,179.6276,158.9978,synthetic
synthetic,107.0771,112.2752,synthetic
synthetic,32.8657,59.7861,synthetic
synthetic,165.9796,44.8854,synthetic
synthetic,-15.5465,-8.3479,synthetic
synthetic,-178.4272,169.6832,synthetic
synthetic,90.0695,-179.2495,synthetic
synthetic,108.2357,10.8282,synthetic
synthetic,77.8045,-61.6778,synthetic
synthetic,-31.9706,77.4798,synthetic
synthetic,-93.991,-123.525,synthetic
synthetic,-102.2469,-166.5836,synthetic
synthetic,-11.6842,118.7983,synthetic
synthetic,71.1526,-178.3877,synthetic
synthetic,-160.6433,162.8804,synthetic
synthetic,-63.6049,-58.581,synthetic
synthetic,81.0719,176.4199,synthetic
synthetic,-162.5252,-175.6121,synthetic
synthetic,120.767,127.8293,synthetic
synthetic,-86.4401,-126.8508,synthetic
synthetic,171.8653,39.3263,synthetic
synthetic,-97.5785,-175.5414,synthetic
synthetic,-90.7919,-30.9124,synthetic
synthetic,71.1771,22.2998,synthetic
synthetic,88.78,179.8622,synthetic
synthetic,134.0321,-156.5192,synthetic
synthetic,56.0378,-143.244,synthetic
synthetic,-67.6893,-55.9668,synthetic
synthetic,-93.5855,157.6547,synthetic
synthetic,-62.2266,171.5579,synthetic
synthetic,173.9302,94.2832,synthetic
synthetic,-149.2646,177.1047,synthetic
synthetic,-108.457,141.0831,synthetic
synthetic,-53.2673,114.2538,synthetic
synthetic,-55.2938,-33.401,synthetic
synthetic,88.7128,-65.1962,synthetic
synthetic,98.8514,109.5263,synthetic
synthetic,146.3893,153.1833,synthetic
synthetic,-93.6983,-117.1601,synthetic
synthetic,-179.5467,-42.9855,synthetic
synthetic,-61.3414,169.9084,synthetic
synthetic,-174.3665,33.5324,synthetic
synthetic,-120.8047,-49.1695,synthetic
synthetic,60.9727,-149.5861,synthetic
synthetic,-102.6007,-1.187,synthetic
synthetic,-72.6463,-43.9817,synthetic
synthetic,1.4697,-99.0528,synthetic
synthetic,-160.6597,-52.2747,synthetic
synthetic,-178.9123,170.9648,synthetic
synthetic,-92.3682,-175.3904,synthetic
synthetic,-29.3181,79.2677,synthetic
synthetic,58.0974,-145.0307,synthetic
synthetic,123.6211,172.3968,synthetic
synthetic,-19.9791,115.404,synthetic
synthetic,-92.4456,-124.286,synthetic
synthetic,-32.41,75.2608,synthetic
synthetic,-114.5861,-170.6371,synthetic
synthetic,176.912,-177.2154,synthetic
synthetic,174.9062,164.8842,synthetic
synthetic,-141.7736,147.1452,synthetic
synthetic,87.5816,-172.7881,synthetic
synthetic,-174.0251,-178.9068,synthetic
synthetic,-31.6477,74.1371,synthetic
synthetic,179.6689,167.8734,synthetic
synthetic,-90.111,-130.7625,synthetic
synthetic,-90.2618,-118.3362,synthetic
synthetic,-62.5676,-40.8621,synthetic
synthetic,172.3879,-179.8344,synthetic
synthetic,107.5851,-10.2716,synthetic
synthetic,-92.0684,-117.2297,synthetic
synthetic,-31.9969,142.3738,synthetic
synthetic,-137.9295,21.6548,synthetic
synthetic,58.3692,45.1074,synthetic
synthetic,163.3559,178.6168,synthetic
synthetic,-132.1465,-55.5912,synthetic
synthetic,55.1972,67.3989,synthetic
synthetic,178.4969,157.3233,synthetic
synthetic,-179.1378,46.8505,synthetic
synthetic,-69.3344,-41.9859,synthetic
synthetic,-143.2927,135.0645,synthetic
synthetic,-13.6422,-14.1171,synthetic
synthetic,-141.9333,21.985,synthetic
synthetic,-38.1719,71.8511,synthetic
synthetic,58.584,25.8279,synthetic
synthetic,174.0883,149.1865,synthetic
synthetic,125.3983,-45.3659,synthetic
synthetic,-115.1701,73.29,synthetic
synthetic,-30.6582,79.0937,synthetic
synthetic,-89.6581,153.4737,synthetic
synthetic,-83.9161,133.2595,synthetic
synthetic,154.7737,-52.4085,synthetic
synthetic,119.7906,127.5302,synthetic
synthetic,-4.6471,-70.5136,synthetic
synthetic,174.5604,147.9138,synthetic
synthetic,135.4637,-155.1939,synthetic
synthetic,-47.4376,-47.351,synthetic
synthetic,174.3829,38.7424,synthetic
synthetic,-30.0419,-162.942,synthetic
synthetic,131.2173,8.1297,synthetic
synthetic,-137.243,164.5468,synthetic
synthetic,71.1112,120.8829,synthetic
synthetic,-122.6455,52.1,synthetic
synthetic,163.4466,-172.5026,synthetic
synthetic,54.3261,64.955,synthetic
synthetic,-137.1655,103.0253,synthetic
synthetic,161.3619,-168.3086,synthetic
synthetic,80.0106,-71.1346,synthetic
synthetic,33.2792,57.1484,synthetic
synthetic,55.3546,56.2618,synthetic
synthetic,122.2603,-51.3966,synthetic
synthetic,150.9178,112.4893,synthetic
synthetic,-176.8583,88.2192,synthetic
synthetic,-144.8452,-80.266,synthetic
synthetic,103.9181,113.8762,synthetic
synthetic,-36.2983,-119.7887,synthetic
synthetic,-24.3754,-8.9684,synthetic
synthetic,72.9479,141.2389,synthetic
synthetic,146.9139,-156.7244,synthetic
synthetic,-178.2732,26.4429,synthetic
synthetic,-124.2921,-133.7571,synthetic
synthetic,62.3138,47.6129,synthetic
synthetic,53.5547,-150.0273,synthetic
synthetic,-29.5659,-121.0456,synthetic
synthetic,-52.016,-42.8676,synthetic
synthetic,-0.8331,-96.1565,synthetic
synthetic,142.363,-166.3112,synthetic
synthetic,138.4091,109.6257,synthetic
synthetic,175.5712,84.2848,synthetic
synthetic,-28.1443,-176.5707,synthetic
synthetic,-84.2258,-122.1947,synthetic
synthetic,178.058,153.8073,synthetic
synthetic,-47.0937,-60.2354,synthetic
synthetic,81.0157,-66.548,synthetic
synthetic,167.5327,-176.5259,synthetic
synthetic,-87.5874,57.3451,synthetic
synthetic,-38.2607,-65.8914,synthetic
synthetic,175.4437,91.8676,synthetic
synthetic,150.4908,-54.3576,synthetic
synthetic,-146.6691,-77.0134,synthetic
synthetic,-48.4484,-167.101,synthetic
synthetic,-84.8631,-117.952,synthetic
synthetic,-37.2756,-173.4058,synthetic
synthetic,-100.102,0.2867,synthetic
synthetic,-178.0139,-36.0962,synthetic
synthetic,-164.2397,-176.877,synthetic
synthetic,142.9391,150.0533,synthetic
synthetic,97.9324,-164.1519,synthetic
synthetic,-76.2042,169.39,synthetic
synthetic,9.0901,-83.0926,synthetic
synthetic,176.1574,170.9284,synthetic
synthetic,-142.784,170.1174,synthetic
synthetic,-10.8879,-6.7649,synthetic
synthetic,142.9263,-156.881,synthetic
synthetic,-62.1947,112.0637,synthetic
synthetic,55.8788,-146.8032,synthetic
synthetic,-55.4993,-48.7431,synthetic
synthetic,87.4523,-61.9627,synthetic
synthetic,168.2942,-179.9309,synthetic
synthetic,-96.5826,21.3471,synthetic
synthetic,-177.9782,-35.8198,synthetic
synthetic,75.1877,2.8177,synthetic
synthetic,-1.945,-109.088,synthetic
synthetic,170.3364,165.8827,synthetic
synthetic,-132.5253,151.4883,synthetic
synthetic,-166.1408,173.3882,synthetic
synthetic,119.5506,161.0791,synthetic
synthetic,-153.2364,171.5046,synthetic
synthetic,57.2188,21.4241,synthetic
synthetic,-142.2162,-70.9084,synthetic
synthetic,-98.7756,123.1468,synthetic
synthetic,-75.4425,133.6439,synthetic
synthetic,162.4063,-57.3845,synthetic
synthetic,-153.2011,-175.7672,synthetic
synthetic,-140.7144,-95.374,synthetic
synthetic,-5.6442,-85.0845,synthetic
synthetic,-137.2978,18.1564,synthetic
synthetic,-126.9814,36.2609,synthetic
synthetic,-104.709,155.455,synthetic
synthetic,-143.7,-79.9448,synthetic
synthetic,70.2922,2.4381,synthetic
synthetic,84.9556,176.1852,synthetic
synthetic,-134.4827,71.0664,synthetic
synthetic,-71.163,-39.2123,synthetic
synthetic,103.2043,100.7762,synthetic
synthetic,178.5235,-27.2128,synthetic
synthetic,-164.7637,177.8469,synthetic
synthetic,104.9863,108.235,synthetic
synthetic,-30.3755,80.7762,synthetic
synthetic,151.9067,-53.0995,synthetic
synthetic,-165.1437,-178.8014,synthetic
synthetic,163.3113,-170.1703,synthetic
synthetic,-13.7407,-9.9003,synthetic
synthetic,-160.5504,-58.5178,synthetic
synthetic,-79.742,55.8392,synthetic
synthetic,138.4001,-158.2658,synthetic
synthetic,138.3285,119.3536,synthetic
synthetic,56.2998,-144.6808,synthetic
synthetic,-67.7324,179.2684,synthetic
synthetic,-6.0425,-2.1815,synthetic
synthetic,-9.5224,-5.5255,synthetic
synthetic,-39.1801,-118.889,synthetic
synthetic,8.4719,-79.6542,synthetic
synthetic,-129.4998,-136.8364,synthetic
synthetic,-87.1573,-113.1159,synthetic
synthetic,64.7965,-13.7761,synthetic
synthetic,-24.0599,143.0018,synthetic
synthetic,178.3448,-30.4424,synthetic
synthetic,-100.5113,-170.5072,synthetic
synthetic,77.5421,2.911,synthetic
synthetic,-173.9241,-28.2982,synthetic
synthetic,169.7312,-42.2664,synthetic
synthetic,-45.5614,-122.9774,synthetic
synthetic,-55.6176,-39.778,synthetic
synthetic,-91.4774,152.0645,synthetic
synthetic,105.2934,112.7225,synthetic
synthetic,-133.9782,123.6905,synthetic
synthetic,179.9084,-31.1321,synthetic
synthetic,99.7472,25.1792,synthetic
synthetic,-131.6569,-48.5012,synthetic
synthetic,166.7714,178.5341,synthetic
synthetic,57.6159,52.1894,synthetic
synthetic,-139.6578,149.766,synthetic
synthetic,-11.6293,-7.6652,synthetic
synthetic,-61.3197,170.9095,synthetic
synthetic,-35.4411,83.8105,synthetic
synthetic,-90.1656,64.4575,synthetic
synthetic,48.254,50.2147,synthetic
synthetic,126.6632,-52.4318,synthetic
synthetic,4.6785,-85.5925,synthetic
synthetic,80.9476,-132.2185,synthetic
synthetic,143.5154,-160.8451,synthetic
synthetic,170.7373,83.5499,synthetic
synthetic,-84.3853,98.6646,synthetic
synthetic,178.3629,-36.3425,synthetic
synthetic,35.0477,64.6619,synthetic
synthetic,-88.041,141.3703,synthetic
synthetic,-36.7247,-121.7454,synthetic
synthetic,100.7369,101.5539,synthetic
synthetic,-44.1987,75.3277,synthetic
synthetic,175.1615,97.3357,synthetic
synthetic,-99.7233,-170.9309,synthetic
synthetic,155.065,-59.6924,synthetic
synthetic,-120.1053,113.3652,synthetic
synthetic,-42.7648,-7.3157,synthetic
synthetic,80.0837,-139.6223,synthetic
synthetic,87.0462,-170.9163,synthetic
synthetic,144.4523,108.7805,synthetic
synthetic,-77.5847,-10.4378,synthetic
synthetic,-82.9163,29.0556,synthetic
synthetic,-125.0023,-136.9323,synthetic
synthetic,126.9486,-78.5838,synthetic
synthetic,-121.8038,127.9157,synthetic
synthetic,-127.2346,-126.5567,synthetic
synthetic,-95.1215,7.8136,synthetic
synthetic,178.2621,147.3289,synthetic
synthetic,177.7001,84.3254,synthetic
synthetic,-80.1648,71.9093,synthetic
synthetic,-179.0151,46.1895,synthetic
synthetic,-164.3177,150.3176,synthetic
synthetic,-155.4575,168.3455,synthetic
synthetic,-175.8535,-33.6967,synthetic
synthetic,-87.2134,-127.432,synthetic
synthetic,75.2556,-6.6693,synthetic
synthetic,-151.1872,158.8132,synthetic
synthetic,177.5645,49.7527,synthetic
synthetic,-95.5269,-4.3201,synthetic
synthetic,31.6351,65.6438,synthetic
synthetic,10.4011,-84.4128,synthetic
synthetic,-165.5927,-177.9283,synthetic
synthetic,-32.9151,141.0976,synthetic
synthetic,-85.0209,117.9451,synthetic
synthetic,-100.0516,116.1824,synthetic
synthetic,86.2496,-63.9655,synthetic
synthetic,23.3696,63.5316,synthetic
synthetic,-89.1135,-119.5238,synthetic
synthetic,-86.7557,-32.4831,synthetic
synthetic,-170.8279,-175.5003,synthetic
synthetic,102.1567,162.8467,synthetic
synthetic,-8.5031,-98.3222,synthetic
synthetic,74.698,3.3404,synthetic
synthetic,147.5473,-146.1753,synthetic
synthetic,-147.7504,79.0328,synthetic
synthetic,171.0272,-171.8002,synthetic
synthetic,-64.7796,148.0325,synthetic
synthetic,81.8299,-135.2627,synthetic
synthetic,-171.919,173.1822,synthetic
synthetic,-94.3797,-122.4596,synthetic
synthetic,-62.1901,-32.3665,synthetic
synthetic,-117.9101,5.4844,synthetic
synthetic,-8.0707,118.5937,synthetic
synthetic,-56.0304,-47.6878,synthetic
