epoch,train_loss,train_recon,train_kl,train_phys,val_loss,val_recon,val_kl,val_phys,phys_weight
1,0.22092795722624836,0.22071290454443762,0.02150522588806994,0.0,0.22206441164016724,0.221893110871315,0.01713007763028145,0.0,0.0
2,0.19161727147943833,0.19147001119220958,0.01472588486092932,0.0,0.2011750489473343,0.20105286240577697,0.012218843027949334,0.0,0.0
3,0.18082867913386402,0.18071383413146525,0.011484578964026534,0.0,0.1851685732603073,0.18506386876106262,0.010470684245228767,0.0,0.0
4,0.17830592569182901,0.17819685971035676,0.010906551252393162,0.0,0.18340522944927215,0.1832983523607254,0.010687918774783612,0.0,0.0
5,0.17725790335851557,0.17714099848971648,0.011690586476641543,0.0,0.17884187996387482,0.17872053682804107,0.012134458310902119,0.0,0.0
6,0.1717129638966392,0.17156942188739777,0.01435422628898831,0.0,0.1695209801197052,0.16934849917888642,0.01724802069365978,0.0,0.0
7,0.16734587269670823,0.16712156989995172,0.022430413347833297,0.0,0.1678826093673706,0.1675812780857086,0.03013319633901119,0.0,0.0
8,0.16313723956837373,0.16274376038242788,0.03934807790552869,0.0,0.15848621726036072,0.1579357773065567,0.0550437793135643,0.0,0.0
9,0.15429804693250096,0.15358975047574325,0.07082975743448033,0.0,0.14826888740062713,0.1472905084490776,0.09783800542354584,0.0,0.0
10,0.14131586911047206,0.14008229006739223,0.12335790343144361,0.0,0.13557844161987304,0.13385283797979355,0.1725606471300125,0.0,0.0
11,0.12602951202322454,0.12388221788055756,0.21472934589666479,0.0,0.12581217885017396,0.12289613634347915,0.2916043758392334,0.0,0.0
12,0.10523031651973724,0.10172940659172394,0.350091031369041,0.0,0.1015740841627121,0.09696020036935807,0.46138824224472047,0.0,0.0
13,0.09294874747009839,0.08753973026486005,0.5409017240299898,0.0,0.07211343050003052,0.06523285359144211,0.6880576729774475,0.0,0.0
14,0.07872354611754417,0.07101985373917748,0.7703692737747642,0.0,0.05909959226846695,0.04990160018205643,0.9197992205619812,0.0,0.0
15,0.06912744615007849,0.059478999060743,0.9648447247112498,0.0,0.05999726951122284,0.049277808889746665,1.0719460010528565,0.0,0.0
16,0.0665529609164771,0.055964560850578195,1.0588400714537676,0.0,0.05793967545032501,0.04673527777194977,1.1204396963119507,0.0,0.0
17,0.06530367298161283,0.05452696979045868,1.0776703357696533,0.0,0.05681311711668968,0.0454875860363245,1.1325530767440797,0.0,0.0
18,0.0646865494987544,0.053777399308541245,1.090914926108192,0.0,0.056766409426927567,0.045380379632115365,1.1386029720306396,0.0,0.0
19,0.06337902673027095,0.05251898002975127,1.0860046709285063,0.0,0.05473924353718758,0.043371842429041865,1.1367401361465455,0.0,0.0
20,0.06240346151239732,0.05161145132254152,1.0792010917383081,0.0,0.05472996309399605,0.04346791878342628,1.1262043714523315,0.0,0.0
21,0.06296306256862248,0.052127247457118595,1.083581500193652,0.0,0.05365085527300835,0.04233279339969158,1.131806230545044,0.0,0.0
22,0.06205725735601257,0.05119348996702362,1.0863767722073723,0.0,0.05466606318950653,0.04334402792155743,1.1322035789489746,0.0,0.0
23,0.06138975348542718,0.05060032503131558,1.0789428563678967,0.0,0.05404679328203201,0.042758026346564296,1.1288767337799073,0.0,0.0
24,0.06123411019935327,0.05043808031169807,1.0796030304011177,0.0,0.05157795213162899,0.04034439884126186,1.1233553409576416,0.0,0.0
25,0.06110357690383406,0.050329741967075015,1.0773834691328161,0.0,0.05264132954180241,0.041419587843120095,1.1221741914749146,0.0,0.0
26,0.06071688716902452,0.04987940192222595,1.0837485334452461,0.0,0.05235776007175445,0.04108362011611462,1.1274139881134033,0.0,0.0
27,0.05905025496202357,0.04806394097121323,1.0986314205562366,0.0,0.05152023918926716,0.03999066688120365,1.1529573202133179,0.0,0.0
28,0.058997402734616226,0.047793619992101896,1.1203783049302942,0.0,0.051721426844596866,0.03997236639261246,1.1749061584472655,0.0,0.0
29,0.05791933264802484,0.04648259194458232,1.1436740791096407,0.0,0.05035029947757721,0.0385131424292922,1.1837156772613526,0.0,0.0
30,0.056867875158786774,0.04536630903535029,1.1501566452138565,0.0,0.05013571605086327,0.03823770172894001,1.1898015499114991,0.0,0.0
31,0.05614139095825307,0.04455696506535306,1.1584426585365744,0.0,0.04908050000667572,0.037219430319964886,1.1861069202423096,0.0,0.0
32,0.05517940573832568,0.043569296927136535,1.1610109455445234,0.0,0.04980874210596085,0.037813889980316165,1.1994852781295777,0.0,0.0
33,0.055628135362092185,0.043871605878367144,1.1756529597675098,0.0,0.04723159074783325,0.03525538239628077,1.1976208686828613,0.0,0.0
34,0.052881961250129866,0.041033752098241276,1.1848209395128138,0.0,0.0469236072152853,0.034670858085155486,1.2252749443054198,0.0,0.0
35,0.050539296558674646,0.03840109092347762,1.2138205696554745,0.0,0.043217850476503374,0.030832307040691377,1.2385545015335082,0.0,0.0
36,0.04853228019440875,0.036234680070158315,1.2297600858351763,0.0,0.04139057248830795,0.0288681086152792,1.2522464513778686,0.0,0.0
37,0.044032610405017346,0.03138995225376943,1.2642658598282759,0.0,0.03756059519946575,0.02460062149912119,1.2959974527359008,0.0,0.0
38,0.03810231343788259,0.02498639462625279,1.311591947779936,0.0,0.03313893303275108,0.019747547060251235,1.3391385555267334,0.0,0.0
39,0.03325240445487639,0.019697344588006243,1.355506048483007,0.0,0.028288237750530243,0.014467544667422772,1.3820693731307983,0.0,0.0
40,0.028382343404433307,0.01430039617287762,1.4081947382758646,0.0,0.026822740212082863,0.012539027817547321,1.4283712387084961,0.0,0.0
41,0.026217360159053522,0.011767930077279316,1.4449430563870598,0.0,0.02573382705450058,0.011211233399808406,1.4522594213485718,0.0,0.0
42,0.024887207128545818,0.01032552624340443,1.4561680976082296,0.0,0.026906275376677512,0.012473713420331479,1.4432561874389649,0.0,0.0
43,0.024730045348405838,0.010323300492018461,1.4406745363684261,0.0,0.024424686282873153,0.010107271187007428,1.4317415237426758,0.0,0.0
44,0.024734406019834912,0.010338581468471709,1.4395824881160961,0.0,0.024823842197656633,0.010418322868645191,1.4405519723892213,0.0,0.0
45,0.02370184550390524,0.009206238942330374,1.4495606702916763,0.0,0.023942752927541732,0.009554415103048086,1.4388338565826415,0.0,0.0
46,0.024212514433790657,0.009820805122966276,1.4391709706362557,0.0,0.023292288556694983,0.008920061960816383,1.4372226238250732,0.0,0.0
47,0.023982633562648997,0.009555902770336936,1.442673129193923,0.0,0.024284912273287773,0.009873244632035493,1.4411667585372925,0.0,0.0
48,0.02423751146039542,0.009762972018078846,1.4474539897021126,0.0,0.023734964057803155,0.00929420506581664,1.4440758943557739,0.0,0.0
49,0.023453184567830142,0.008936885388239342,1.4516299472135656,0.0,0.022014936804771422,0.00749362213537097,1.4521315097808838,0.0,0.0
50,0.023318050757927054,0.008799483314813936,1.4518567954792696,0.0,0.024282164871692657,0.009855511598289013,1.4426653861999512,0.0,0.0
51,0.02353595197200775,0.009039112257168573,1.4496840098324943,0.0,0.02448100969195366,0.01005206098780036,1.4428948879241943,0.0,0.0
52,0.02319046887843048,0.008713658132097301,1.4476811324848848,0.0,0.023455068096518518,0.009034892451018095,1.4420176029205323,0.0,0.0
53,0.02329595496549326,0.008802838075686903,1.449311698184294,0.0,0.02233101725578308,0.007915312238037587,1.4415704965591432,0.0,0.0
54,0.023419928572633687,0.008825586040449493,1.4594342778710758,0.0,0.024718689545989037,0.010190558806061744,1.4528130769729615,0.0,0.0
55,0.02289484561804463,0.008281734087230527,1.4613112000858082,0.0,0.0225465327501297,0.008055196236819029,1.4491336584091186,0.0,0.0
56,0.023002241354654816,0.008342055466902606,1.4660186136470121,0.0,0.023866613581776618,0.00926206074655056,1.460455346107483,0.0,0.0
57,0.022818067823262775,0.00812406380496481,1.4694004199084114,0.0,0.02202543318271637,0.007459391001611948,1.456604266166687,0.0,0.0
58,0.02258963926750071,0.008038024637190735,1.4551614943672628,0.0,0.02205001674592495,0.007585612870752811,1.4464404106140136,0.0,0.0
59,0.022523997461094576,0.007983673473491389,1.454032435136683,0.0,0.022572105377912523,0.008074126951396466,1.4497979164123536,0.0,0.0
60,0.022484868436175233,0.007886118666433236,1.4598749805899227,0.0,0.022013279050588606,0.0075388836674392225,1.4474395513534546,0.0,0.0
61,0.022276160909849053,0.0076899661901680865,1.458619517438552,0.0,0.02222278043627739,0.007619192916899919,1.4603587865829468,0.0,0.0
62,0.022376362672623468,0.007680898121393779,1.4695465073866003,0.0,0.021778079494833947,0.007185652852058411,1.4592426776885987,0.0,0.0
63,0.022657379617585856,0.007951086606172955,1.4706293624990128,0.0,0.021753846481442452,0.007064504269510508,1.4689342498779296,0.0,0.0
64,0.022482640931711477,0.007685745682786493,1.4796895700342514,0.0,0.021992962062358856,0.007287320215255022,1.4705641984939575,0.0,0.0
65,0.022037004613701033,0.00728544855819029,1.4751556270262773,0.0,0.022269510105252265,0.007700618915259838,1.4568891525268555,0.0,0.0
66,0.021889601888902047,0.007274892592035672,1.461470968583051,0.0,0.02207544445991516,0.0075204682536423205,1.4554976224899292,0.0,0.0
67,0.021585048450266615,0.00704698749434422,1.4538061268189375,0.0,0.022257213294506074,0.007908562384545802,1.434865117073059,0.0,0.0
68,0.0218674186617136,0.007394307703875443,1.4473111278870527,0.0,0.02171357050538063,0.007354528643190861,1.4359042644500732,0.0,0.0
69,0.021319443798240495,0.00687401947181891,1.44454245707568,0.0,0.021398603171110153,0.007116567762568593,1.4282036066055297,0.0,0.0
70,0.021570113323190632,0.007255197256146108,1.4314916204003727,0.0,0.021578897163271903,0.007340440433472395,1.4238456726074218,0.0,0.0
71,0.021205842275829875,0.006965424810700557,1.4240417620714974,0.0,0.02161792553961277,0.007388331461697817,1.4229593992233276,0.0,0.0
72,0.020908135920763016,0.0065784976708100126,1.4329638340893913,0.0,0.021176432818174364,0.006903612986207008,1.4272820711135865,0.0,0.0
73,0.021470076349728247,0.007106197532266378,1.4363878965377808,0.0,0.020530255511403084,0.006157400971278548,1.4372854948043823,0.0,0.0
74,0.02116870167939102,0.006742907934548224,1.442579423680025,0.0,0.021909844502806662,0.007581308856606484,1.4328535795211792,0.0,0.0
75,0.021252568153774038,0.0068432025556616925,1.4409366074730368,0.0,0.021342666819691658,0.007003260310739279,1.4339406967163086,0.0,0.0
76,0.021149270236492157,0.006739271339029074,1.4409999216304106,0.0,0.021123111993074418,0.006778000388294458,1.4345111846923828,0.0,0.0
77,0.021206354831948,0.006802414653494078,1.4403940649593578,0.0,0.021140341460704804,0.006744193006306886,1.4396148204803467,0.0,0.0
78,0.02135193523238687,0.006795417983084917,1.455651746076696,0.0,0.022245899587869645,0.0077434957958757876,1.450240421295166,0.0,0.0
79,0.020931547398076338,0.006347661618800724,1.4583885809954475,0.0,0.0207900021225214,0.006341487448662519,1.444851541519165,0.0,0.0
80,0.021016136250075174,0.006493765039040762,1.452237185309915,0.0,0.02101917937397957,0.00654681446030736,1.4472365379333496,0.0,0.0
81,0.02080466543488643,0.006213153301573852,1.4591512329438154,0.0,0.01998390294611454,0.005524645047262311,1.4459258317947388,0.0,0.0
82,0.02091750250581433,0.006433183272533557,1.4484319476520313,0.0,0.020596308633685112,0.006273927446454763,1.4322381019592285,0.0,0.0
83,0.02072069826809799,0.0063012661960195095,1.4419432037016924,0.0,0.02021236941218376,0.005908116884529591,1.430425262451172,0.0,0.0
84,0.020530013586668408,0.006251059226034319,1.4278954618117388,0.0,0.021474266797304152,0.007283305563032627,1.4190962076187135,0.0,0.0
85,0.020569460247369373,0.006286473095636158,1.4282987258013558,0.0,0.020501016080379485,0.006249835621565581,1.4251181125640868,0.0,0.0
86,0.020833377562025013,0.006509268957683269,1.4324108712813433,0.0,0.020824629440903665,0.0064747737720608715,1.434985613822937,0.0,0.0
87,0.020504558458924294,0.006072013063684982,1.4432545760098625,0.0,0.020742570236325263,0.00633178474381566,1.4410786390304566,0.0,0.0
88,0.020342678817756036,0.0059002300943521895,1.4442449177012724,0.0,0.019857967644929884,0.005507147032767534,1.4350821018218993,0.0,0.0
89,0.020389331504702568,0.006014368715969955,1.4374962974997127,0.0,0.02010951265692711,0.005916306097060442,1.4193207025527954,0.0,0.0
90,0.020761874997440505,0.00649177359745783,1.4270101575290455,0.0,0.020739144831895828,0.006533366069197655,1.420577883720398,0.0,0.0
91,0.020616899299270967,0.006241590195499799,1.4375309032552384,0.0,0.01993207521736622,0.0055271793156862255,1.4404896020889282,0.0,0.0
92,0.020185811335549635,0.005730808356448132,1.4455003177418428,0.0,0.020365874469280242,0.006026352196931839,1.433952260017395,0.0,0.0
93,0.020542876137530103,0.006199730395832483,1.4343146155862248,0.0,0.02063223086297512,0.006390182301402092,1.4242048978805542,0.0,0.0
94,0.020687534528620103,0.006342116715934347,1.434541856541353,0.0,0.021198853850364685,0.0068336215801537035,1.4365232467651368,0.0,0.0
95,0.020415954949224695,0.005923176869092619,1.4492778497583725,0.0,0.02045903690159321,0.006116147059947253,1.434289026260376,0.0,0.0
96,0.0204864365651327,0.006019094698678921,1.4467342320610495,0.0,0.020783214643597604,0.006385239027440548,1.439797592163086,0.0,0.0
97,0.020342680570833823,0.005902961827814579,1.44397192141589,0.0,0.0209988109767437,0.0067016854882240295,1.4297125339508057,0.0,0.0
98,0.020433507092735347,0.006071018739877378,1.436248863444609,0.0,0.02068578526377678,0.006399841886013747,1.4285943984985352,0.0,0.0
99,0.01999644672169405,0.005702940528007115,1.4293506285723518,0.0,0.020583947002887727,0.006392969470471144,1.4190978288650513,0.0,0.0
100,0.020201691481120446,0.005892387700869757,1.4309304251390345,0.0,0.02086147516965866,0.0065534372813999655,1.4308038473129272,0.0,0.0
101,0.020574286689653117,0.006218076519229833,1.4356210652519674,0.0,0.020113255083560943,0.00573974521830678,1.4373510122299193,0.0,0.0
102,0.0202164248946835,0.005810901906122179,1.4405523047727697,0.0,0.020127086713910104,0.005793508235365152,1.4333579301834107,0.0,0.0
103,0.020163384540116087,0.005703508223900024,1.445987673366771,0.0,0.019967622682452203,0.005526146851480007,1.4441476106643676,0.0,0.0
104,0.019856888253022644,0.005465190172852839,1.4391698556787826,0.0,0.020453061535954477,0.00619412874802947,1.42589328289032,0.0,0.0
105,0.020138798062415683,0.005798327133936041,1.4340471309774063,0.0,0.02016266919672489,0.005893530789762735,1.4269138813018798,0.0,0.0
106,0.02029219554627643,0.005996571662014022,1.4295624003690832,0.0,0.020027775689959525,0.0057644439861178395,1.426333212852478,0.0,0.0
107,0.01977659564684419,0.005537616225945599,1.4238979676190544,0.0,0.019748389720916748,0.005630278727039695,1.411811113357544,0.0,0.0
108,0.020382009556188303,0.006171774420448963,1.421023544143228,0.0,0.019892625138163568,0.005582358641549945,1.4310266971588135,0.0,0.0
109,0.02019999800797771,0.005793677560765953,1.4406320698121016,0.0,0.01971762627363205,0.005352435354143381,1.4365191459655762,0.0,0.0
110,0.020263123490354595,0.005830333595547606,1.443278985864976,0.0,0.019390414655208587,0.005004677921533585,1.4385737180709839,0.0,0.0
111,0.020258627831935883,0.005787652177626596,1.4470976030125338,0.0,0.019330446794629096,0.004829673748463392,1.4500773668289184,0.0,0.0
112,0.019866391030304572,0.005402729873928954,1.4463661418241613,0.0,0.019875895604491232,0.005512035079300403,1.4363861083984375,0.0,0.0
113,0.01984096077435157,0.005546956816140343,1.429400408969206,0.0,0.01912366822361946,0.004877699911594391,1.4245968818664552,0.0,0.0
114,0.0200140601133599,0.005781948922530693,1.4232111538157743,0.0,0.019269127398729324,0.005072826240211725,1.4196301460266114,0.0,0.0
115,0.020012359080069205,0.005805530078599558,1.4206829421660478,0.0,0.019649861752986907,0.0055146820843219755,1.4135180473327638,0.0,0.0
116,0.020081210881471634,0.005934457294642925,1.414675368982203,0.0,0.019767091795802116,0.005559204425662756,1.4207887172698974,0.0,0.0
117,0.020041540484218037,0.005761384388760608,1.4280156388002283,0.0,0.019063690304756166,0.004764472693204879,1.429921817779541,0.0,0.0
118,0.019918914226924673,0.00555678889812792,1.4362125747344072,0.0,0.0203360378742218,0.005966192018240691,1.436984610557556,0.0,0.0
119,0.019843545030145085,0.005530862959430498,1.4312682221917545,0.0,0.019758454337716103,0.005472116963937878,1.4286338090896606,0.0,0.0
120,0.01988154693561442,0.005597461206728921,1.4284086087170769,0.0,0.019199573993682863,0.004991126712411642,1.4208447694778443,0.0,0.0
121,0.019998880103230476,0.00572109898990568,1.4277781598708208,0.0,0.020012897625565528,0.005779509199783206,1.4233388662338258,0.0,0.0
122,0.019734411555178025,0.005567155038828359,1.4167256635778092,0.0,0.019968446344137192,0.005894799204543233,1.407364797592163,0.0,0.0
123,0.019882495569832185,0.005716358421041685,1.4166137190426098,0.0,0.018946113437414168,0.0047145519405603405,1.4231561422348022,0.0,0.0
124,0.019891726072220242,0.005633377250941361,1.4258349152172314,0.0,0.01992618851363659,0.005652258964255452,1.4273929595947266,0.0,0.0
125,0.019926030846203074,0.005636117448482443,1.428991338785957,0.0,0.020117124542593956,0.005929454229772091,1.4187670707702638,0.0,0.0
126,0.019936769981594646,0.005709808319807053,1.4226961907218485,0.0,0.02048453837633133,0.006212799996137619,1.42717387676239,0.0,0.0
127,0.01974080185241559,0.005513885332381024,1.42269168881809,0.0,0.019130754843354227,0.0049720161594450476,1.41587393283844,0.0,0.0
128,0.019794083803015596,0.00574889114838751,1.4045193125219906,0.0,0.019403402507305146,0.005301732267253101,1.4101670742034913,0.0,0.0
129,0.019449510337675318,0.005344852202517145,1.4104658505495857,0.0,0.01951967030763626,0.0054205514956265684,1.4099118947982787,0.0,0.0
130,0.01972220355973524,0.005526449832627002,1.4195754177430098,0.0,0.019540850445628165,0.005346097331494093,1.4194753646850586,0.0,0.0
131,0.01972895729191163,0.005596013301435639,1.4132944275351131,0.0,0.01954232305288315,0.0054524349048733715,1.4089888334274292,0.0,0.0
132,0.019592770430095056,0.005440738435615511,1.4152032207040226,0.0,0.019979920983314515,0.0058391433209180835,1.4140778064727784,0.0,0.0
133,0.019802031490732643,0.005661133375457104,1.4140898129519295,0.0,0.019266854226589202,0.005147513188421726,1.4119341373443604,0.0,0.0
134,0.01982298350947745,0.005606374538996641,1.4216609281652115,0.0,0.019221873953938484,0.005055659404024482,1.4166214227676392,0.0,0.0
135,0.01952198432648883,0.0054742102237308726,1.4047774567323572,0.0,0.01930486336350441,0.005353622185066342,1.395124125480652,0.0,0.0
136,0.019726025159744656,0.005666957127259058,1.4059068455415613,0.0,0.019818414375185965,0.005714514385908842,1.410390067100525,0.0,0.0
137,0.019731472191565177,0.005667727988432436,1.4063744334613575,0.0,0.019317616522312165,0.005255133775062859,1.4062483072280885,0.0,0.0
138,0.01955862869234646,0.005591787028071635,1.3966842048308428,0.0,0.01949812173843384,0.005552611639723181,1.3945510149002076,0.0,0.0
139,0.019864323603756288,0.005939330796108526,1.3924993206472958,0.0,0.0196111548691988,0.005611973535269499,1.3999181509017944,0.0,0.0
140,0.02010149651152246,0.0058634053532253295,1.4238091356614058,0.0,0.019681816175580024,0.0052263645455241205,1.4455451965332031,0.0,0.0
141,0.019748144837863305,0.005357075961964095,1.4391069342108334,0.0,0.020557473972439767,0.006184232048690319,1.4373242139816285,0.0,0.0
142,0.019837501513607362,0.0055044204654062494,1.433308152591481,0.0,0.02063608393073082,0.006350136548280716,1.4285947561264039,0.0,0.0
143,0.019357134533279082,0.005158066009993062,1.4199068756664501,0.0,0.01963094063103199,0.005524030467495322,1.4106910467147826,0.0,0.0
144,0.0194099009694422,0.005348133717608803,1.406176714336171,0.0,0.019685353711247446,0.005641896789893508,1.404345703125,0.0,0.0
145,0.01924524094690295,0.0053491052240133286,1.3896136073505176,0.0,0.01858731880784035,0.004714741837233305,1.3872577667236328,0.0,0.0
146,0.019469419713406003,0.005619367968071909,1.3850052146350635,0.0,0.01874990202486515,0.0048763597384095195,1.3873542308807374,0.0,0.0
147,0.01952964878257583,0.005661357029834215,1.3868292009129244,0.0,0.019883150607347487,0.005885828984901309,1.399732232093811,0.0,0.0
148,0.019715562243671977,0.00565972168217687,1.4055841039208805,0.0,0.019838934019207954,0.005721701355651021,1.4117233276367187,0.0,0.0
149,0.019726697793778253,0.005621877197614487,1.4104821120991426,0.0,0.019408808648586275,0.005240876320749521,1.4167931795120239,0.0,0.0
150,0.019475173972108784,0.005336425020633375,1.413874906652114,0.0,0.019720840826630594,0.005558486375957727,1.4162354707717895,0.0,0.0
151,0.019416307373081938,0.005309026702033246,1.410728096961975,0.0,0.01919206939637661,0.0050506736151874065,1.4141395807266235,0.0,0.0
152,0.019415341317653656,0.005408109083552571,1.4007232469670914,0.0,0.019070638343691826,0.005027343425899744,1.404329538345337,0.0,0.0
153,0.01987662955242045,0.005865567309014937,1.4011062453774845,0.0,0.019547412171959877,0.005370430462062359,1.4176982164382934,0.0,0.0
154,0.019447578007684034,0.0052085684831528105,1.4239009899251602,0.0,0.019834084808826445,0.005558012425899506,1.4276072025299071,0.0,0.0
155,0.01969574490452514,0.0055686318425132945,1.4127113328260534,0.0,0.020014946162700654,0.005909670703113079,1.4105276107788085,0.0,0.0
156,0.0193930313210277,0.005291045150336097,1.4101987025317024,0.0,0.019802993908524514,0.005721574649214745,1.4081419944763183,0.0,0.0
157,0.019378206309150246,0.005433999015675748,1.3944207429885864,0.0,0.019234275817871092,0.00524654658511281,1.398772931098938,0.0,0.0
158,0.019625264712992835,0.005687442375347018,1.3937822720583748,0.0,0.01890813298523426,0.004798468807712198,1.410966420173645,0.0,0.0
159,0.01941222763236831,0.005375141127254157,1.4037086613038008,0.0,0.01903478167951107,0.004984893742948771,1.4049888372421264,0.0,0.0
160,0.01963564326219699,0.005500076119514073,1.4135567721198588,0.0,0.019461843371391296,0.005304037872701883,1.4157806396484376,0.0,0.0
161,0.019070149015854385,0.005066118723548511,1.400403057827669,0.0,0.019695070385932923,0.005763077922165394,1.3931993246078491,0.0,0.0
162,0.019299822804682395,0.005481380092747071,1.381844296174891,0.0,0.01929149478673935,0.005485872784629464,1.3805622100830077,0.0,0.0
163,0.019603814162752208,0.00581078532644931,1.379302929429447,0.0,0.018648651987314226,0.0047295285854488615,1.3919123649597167,0.0,0.0
164,0.01976183133528513,0.005775802357889274,1.3986029484692741,0.0,0.019292043522000313,0.005102294078096747,1.4189749717712403,0.0,0.0
165,0.019326692994903114,0.005118038327268818,1.4208655076868393,0.0,0.01916632577776909,0.0048580139875411986,1.4308311939239502,0.0,0.0
166,0.01921620647258618,0.005131806315415923,1.4084400359322042,0.0,0.019167524948716163,0.005100838653743267,1.4066686391830445,0.0,0.0
167,0.01950860889080693,0.005554909626131549,1.3953699714997236,0.0,0.019484690576791763,0.00555933709256351,1.392535424232483,0.0,0.0
168,0.019114958451074714,0.005222274127471096,1.389268482432646,0.0,0.018673869594931603,0.004736619652248919,1.3937250137329102,0.0,0.0
169,0.019382377319476184,0.005489021156202345,1.389335646348841,0.0,0.01914094723761082,0.005176422512158751,1.3964525222778321,0.0,0.0
170,0.019544133478227782,0.005582285113632679,1.3961848651661593,0.0,0.0192520834505558,0.005270949192345142,1.3981134653091432,0.0,0.0
171,0.01943160703077036,0.005449174629414783,1.3982432730057661,0.0,0.019048744812607765,0.005033476185053587,1.4015269041061402,0.0,0.0
172,0.019376232233994147,0.0053733106812133506,1.400292158126831,0.0,0.019350717961788177,0.005379063123837113,1.3971655368804932,0.0,0.0
173,0.019111644476652145,0.005272843587376615,1.3838801243725944,0.0,0.019504489749670027,0.005654983688145876,1.3849506378173828,0.0,0.0
174,0.019343105528284523,0.005519702537533115,1.382340347065645,0.0,0.019174477085471153,0.005295743513852358,1.3878734111785889,0.0,0.0
175,0.019537315868279514,0.005709480987313916,1.3827835040933945,0.0,0.019666491821408272,0.005818625632673502,1.3847866773605346,0.0,0.0
176,0.01931669212439481,0.005510411992230836,1.3806280739167158,0.0,0.019387541711330412,0.0054555688053369526,1.3931973457336426,0.0,0.0
177,0.019239742089720333,0.0053591861608712115,1.3880556401084452,0.0,0.019198623672127723,0.005263790488243103,1.3934833526611328,0.0,0.0
178,0.01914809282649966,0.005231759702677236,1.3916333633310654,0.0,0.02046804241836071,0.006552664842456579,1.3915377616882325,0.0,0.0
179,0.018976871143369115,0.0052840221289764434,1.3692849103142233,0.0,0.01910536177456379,0.005428766086697579,1.367659592628479,0.0,0.0
180,0.01937917378895423,0.005674059174078352,1.3705114757313448,0.0,0.019502003118395804,0.0056444802321493626,1.3857523202896118,0.0,0.0
181,0.019391440731637618,0.005499832414309768,1.3891608855303597,0.0,0.018880801647901534,0.004949859669432044,1.3930942296981812,0.0,0.0
182,0.019712356960072237,0.005729126237223253,1.3983231151805204,0.0,0.019411512091755866,0.005240783188492059,1.4170729160308837,0.0,0.0
183,0.019445529317154604,0.005214354447910891,1.4231174833634321,0.0,0.018574678525328635,0.004301121039316058,1.4273558139801026,0.0,0.0
184,0.019018459517289612,0.004991764093146604,1.402669584049898,0.0,0.019217740371823312,0.00530815520323813,1.3909585237503053,0.0,0.0
185,0.019287302761393434,0.005419643814949428,1.3867659218171065,0.0,0.018865781277418135,0.004955877270549536,1.390990400314331,0.0,0.0
186,0.0193923100390855,0.005520017187604133,1.3872293163748348,0.0,0.01910659857094288,0.00513884611427784,1.3967752695083617,0.0,0.0
187,0.01913416133645703,0.005154242944520186,1.3979918606141035,0.0,0.019426289200782775,0.005478288559243083,1.394800066947937,0.0,0.0
188,0.01940393086303683,0.0055158684605403855,1.3888062589308794,0.0,0.019764391332864763,0.005798295233398676,1.3966096639633179,0.0,0.0
189,0.019837422844241646,0.005879350061364034,1.395807287272285,0.0,0.0188167255371809,0.004628066858276725,1.4188659191131592,0.0,0.0
190,0.01910043726949131,0.004960867014768369,1.413957062889548,0.0,0.018834923580288886,0.0047114734072238205,1.4123450756072997,0.0,0.0
191,0.019308710251660907,0.005391251158845776,1.3917459389742683,0.0,0.01926778592169285,0.00524026695638895,1.402751898765564,0.0,0.0
192,0.018747675287372926,0.0048413496491882735,1.3906325943329756,0.0,0.019135013967752457,0.0053384796716272834,1.3796534538269043,0.0,0.0
193,0.01957250923356589,0.0058245410978355824,1.3747968603582943,0.0,0.01900665685534477,0.005141329625621438,1.386532711982727,0.0,0.0
194,0.01949219055035535,0.005592846804681946,1.3899344135733211,0.0,0.018937497586011886,0.00488136459607631,1.405613327026367,0.0,0.0
195,0.019518478499615893,0.005444967817953404,1.4073510801090914,0.0,0.018666166439652444,0.0044709764886647465,1.4195189952850342,0.0,0.0
196,0.019170564544551513,0.005069623454747831,1.410094141960144,0.0,0.01919158548116684,0.005091264750808478,1.410032081604004,0.0,0.0
197,0.019196208347292507,0.005175555138574804,1.402065354235032,0.0,0.019110102206468582,0.005062040966004133,1.4048061609268188,0.0,0.0
198,0.01927036638645565,0.005308242035372292,1.3962124586105347,0.0,0.018707004189491273,0.004707040986977518,1.3999963521957397,0.0,0.0
199,0.019075706601142883,0.0051597454174257375,1.3915961489957922,0.0,0.018414214625954627,0.004483775375410915,1.3930439710617066,0.0,0.0
200,0.01936665133518331,0.0054521534235819295,1.3914498230990242,0.0,0.018837394565343855,0.004881004570052028,1.3956390380859376,0.0,0.0
201,0.01947625364889117,0.005661006551235914,1.3815247591804056,0.0,0.019137701764702798,0.005264517199248075,1.3873184680938722,0.0,0.0
202,0.01899869630441946,0.005090845420080072,1.3907851191128002,0.0,0.019307947158813475,0.005427699396386742,1.3880248308181762,0.0,0.0
203,0.018942759865347075,0.005203814464895164,1.37389453719644,0.0,0.01877371184527874,0.005105307931080461,1.3668404340744018,0.0,0.0
204,0.01914826955865411,0.005536830203388543,1.3611439746968887,0.0,0.01930079571902752,0.005581446038559079,1.371934986114502,0.0,0.0
205,0.01947083116015967,0.005647673107245389,1.3823158390381758,0.0,0.020043375715613366,0.006030847132205963,1.4012528657913208,0.0,0.0
206,0.019523843136780402,0.005562641959199134,1.3961201415342444,0.0,0.01820083074271679,0.004063881887122989,1.4136948823928832,0.0,0.0
207,0.019072711686877644,0.004920491305015543,1.4152220627840828,0.0,0.019703441858291627,0.0056348701007664205,1.406857180595398,0.0,0.0
208,0.01924239657819271,0.00523385958855643,1.4008537320529713,0.0,0.01958600655198097,0.005599555373191833,1.3986452341079711,0.0,0.0
209,0.019167843219988486,0.00540836325243992,1.3759480294059305,0.0,0.019272835180163383,0.005538365431129932,1.3734470367431642,0.0,0.0
210,0.01909644715487957,0.005351575707797618,1.3744871616363525,0.0,0.018893742933869362,0.004978379886597395,1.391536331176758,0.0,0.0
211,0.01893001016886795,0.005072379731299246,1.3857630631502937,0.0,0.019135650619864462,0.00530472444370389,1.3830925941467285,0.0,0.0
212,0.0188555939890006,0.005205440444543082,1.3650153594858505,0.0,0.018864966556429864,0.0052567008882761,1.3608266115188599,0.0,0.0
213,0.019391235621536478,0.005828133209005874,1.3563102694118725,0.0,0.01992441564798355,0.006217474024742842,1.3706942319869995,0.0,0.0
214,0.019073837820221397,0.005254995242199477,1.3818842803730684,0.0,0.01889936700463295,0.004964938759803772,1.3934428691864014,0.0,0.0
215,0.019240791854612967,0.005340701790855211,1.3900090596255135,0.0,0.018760628625750543,0.0048152880743145944,1.3945341110229492,0.0,0.0
216,0.01978148246074424,0.005869193276500001,1.391228956334731,0.0,0.018339592218399047,0.00422805524431169,1.411153745651245,0.0,0.0
217,0.01922537769903155,0.005086541203234126,1.4138836860656738,0.0,0.018855732679367066,0.0046697348356246945,1.4185997724533081,0.0,0.0
218,0.019110062104814193,0.005077688050839831,1.4032374129575842,0.0,0.018892115354537962,0.005014638230204582,1.3877477169036865,0.0,0.0
219,0.01907611616394099,0.00523314972901169,1.3842966556549072,0.0,0.018722470477223398,0.004843164281919598,1.387930727005005,0.0,0.0
220,0.018833316314746353,0.005108721554279327,1.372459516805761,0.0,0.01900474540889263,0.005331588350236416,1.3673157691955566,0.0,0.0
221,0.019052603336818078,0.005383034236729145,1.3669569422216976,0.0,0.018971135839819908,0.005298007652163506,1.3673128366470337,0.0,0.0
222,0.018964286784038824,0.005369221736841342,1.3595065439448637,0.0,0.018876602128148078,0.0052213039947673675,1.3655298471450805,0.0,0.0
223,0.01915879810557646,0.005554467631394372,1.3604331016540527,0.0,0.018986183404922485,0.005230510793626309,1.3755672693252563,0.0,0.0
224,0.019017957479638213,0.005206194541910116,1.3811763244516708,0.0,0.018950575962662697,0.005080766417086125,1.386980986595154,0.0,0.0
225,0.0187709933037267,0.005019265583113712,1.375172776334426,0.0,0.018577872961759567,0.004857457522302866,1.3720415830612183,0.0,0.0
226,0.01925313045435092,0.005628299926791121,1.3624830947202795,0.0,0.019338413327932357,0.005629096925258636,1.3709316968917846,0.0,0.0
227,0.018740314771147334,0.005171712816638105,1.3568601958891924,0.0,0.018801041692495347,0.005195325333625078,1.3605717182159425,0.0,0.0
228,0.019187589340350208,0.005524765289224246,1.3662824350244858,0.0,0.018654906004667283,0.004795839777216315,1.38590669631958,0.0,0.0
229,0.01888582866419764,0.005124910337412182,1.3760918589199291,0.0,0.018854456767439843,0.00513481879606843,1.3719638347625733,0.0,0.0
230,0.01909399065462982,0.0054059525650432885,1.3688038307077743,0.0,0.018808362260460853,0.005045023513957858,1.3763339519500732,0.0,0.0
231,0.019017259206841972,0.0053337885012083195,1.368347118882572,0.0,0.019505474343895914,0.005769818695262075,1.3735655546188354,0.0,0.0
232,0.018981971613624516,0.005276334225474035,1.3705638015971464,0.0,0.019792119041085243,0.00600300314836204,1.3789116382598876,0.0,0.0
233,0.018860646249616846,0.0049974141395924725,1.3863232626634485,0.0,0.0194419726729393,0.0055910206865519285,1.3850951671600342,0.0,0.0
234,0.018773622372571158,0.005137691863209885,1.3635931015014648,0.0,0.018149453029036523,0.00452094622887671,1.3628506660461426,0.0,0.0
235,0.018751695861711222,0.005235286210389698,1.3516409958110136,0.0,0.018985048681497575,0.00542002497240901,1.356502389907837,0.0,0.0
236,0.019012606976663366,0.005460327710298931,1.3552279542474186,0.0,0.01927063912153244,0.005657555069774389,1.3613083839416504,0.0,0.0
237,0.01882422879776534,0.005276666433714768,1.3547562711379106,0.0,0.018796518445014954,0.005218150559812784,1.3578367948532104,0.0,0.0
238,0.019140431767000872,0.005387224489822984,1.3753207641489364,0.0,0.01850019171833992,0.004691528342664242,1.3808663368225098,0.0,0.0
239,0.0189623952131061,0.005230702678946888,1.3731692889157463,0.0,0.01852230615913868,0.004765427205711603,1.3756879091262817,0.0,0.0
240,0.01887891540194259,0.005222828990286764,1.365608671132256,0.0,0.018474171310663222,0.004761408502236009,1.37127628326416,0.0,0.0
241,0.01882658329080133,0.005084619939546375,1.3741963681052713,0.0,0.019188928976655008,0.005356870219111442,1.3832059383392334,0.0,0.0
242,0.018880878520362517,0.005162739715374568,1.371813928379732,0.0,0.01964738704264164,0.005886359512805939,1.3761027812957765,0.0,0.0
243,0.019046576255384612,0.005307622103239684,1.3738954908707564,0.0,0.018637777119874955,0.004790447512641549,1.384733009338379,0.0,0.0
244,0.019317594959455377,0.00548864240922472,1.3828952873454374,0.0,0.018865499645471573,0.004924241546541452,1.3941258192062378,0.0,0.0
245,0.018567836788647315,0.004778020768700277,1.3789816463694853,0.0,0.01879303827881813,0.005066085979342461,1.372695255279541,0.0,0.0
246,0.018656502861310455,0.005047871936660479,1.360863117610707,0.0,0.018520721048116685,0.004962081275880337,1.3558640241622926,0.0,0.0
247,0.018634961917996407,0.005036862265756901,1.3598100087221932,0.0,0.018779531493782996,0.005138321034610272,1.3641210556030274,0.0,0.0
248,0.018706644940025666,0.005133017897605896,1.3573627471923828,0.0,0.018872511759400367,0.0052469631657004355,1.362554907798767,0.0,0.0
249,0.018795386066331583,0.005252035827759434,1.3543350836809944,0.0,0.018573156744241714,0.005066835740581155,1.3506321668624879,0.0,0.0
250,0.018674778806812623,0.005162970738156754,1.3511808479533476,0.0,0.01918138228356838,0.005652725696563721,1.3528656005859374,0.0,0.0
251,0.018843202468226936,0.0052885860204696655,1.3554616745780497,0.0,0.019278771057724953,0.005666782753542066,1.361198854446411,0.0,0.0
252,0.019130108439747023,0.005606737467186416,1.352337121963501,0.0,0.018406597524881364,0.0048181654419749975,1.3588432312011718,0.0,0.0
253,0.018994788365329012,0.005378398907316082,1.3616389947779037,0.0,0.018871506676077843,0.00517360856756568,1.3697898387908936,0.0,0.0
254,0.018836332046810317,0.005022483727182536,1.3813848635729622,0.0,0.019191153720021246,0.005333113903179765,1.3858039617538451,0.0,0.0
255,0.018917984164812985,0.005049614304238383,1.3868370476891012,0.0,0.018316474556922913,0.004481210652738809,1.3835264444351196,0.0,0.0
256,0.018977719413883546,0.005120728055343908,1.3856991880080278,0.0,0.018841911107301712,0.0050159705802798275,1.3825941324234008,0.0,0.0
257,0.01848731847370372,0.00479933070292806,1.3687988309299244,0.0,0.0187418382614851,0.005144715029746294,1.3597123622894287,0.0,0.0
258,0.018754840883262017,0.005336442250101005,1.3418399025412167,0.0,0.01805776171386242,0.004675340279936791,1.3382421493530274,0.0,0.0
259,0.018819217624909738,0.00536376384415609,1.3455454321468578,0.0,0.019383063539862633,0.0058708046562969685,1.3512258768081664,0.0,0.0
260,0.01831473212908296,0.00494210804155206,1.3372624481425566,0.0,0.01970793604850769,0.006385083310306072,1.3322853088378905,0.0,0.0
261,0.018596244428087685,0.005328171530409771,1.3268073306364172,0.0,0.019463242031633854,0.0060703533468768,1.3392889022827148,0.0,0.0
262,0.01870496746371774,0.005353862255373422,1.3351105591830086,0.0,0.018057350441813468,0.004657605802640319,1.3399744987487794,0.0,0.0
263,0.01879787039669121,0.005366038339322104,1.3431832229389864,0.0,0.018792933225631712,0.005282732704654336,1.351020097732544,0.0,0.0
264,0.01910385544247487,0.0055779839920647,1.3525871809791117,0.0,0.018625319376587866,0.004944645147770643,1.368067479133606,0.0,0.0
265,0.018619916127885088,0.004980280680362792,1.363963575924144,0.0,0.01872011795639992,0.0051132234744727615,1.3606894493103028,0.0,0.0
266,0.01892025549622143,0.005339191308902467,1.3581064308390898,0.0,0.01877531558275223,0.005163360200822353,1.3611955642700195,0.0,0.0
267,0.018688794335021693,0.0051360891803222545,1.3552705470253439,0.0,0.018537724763154982,0.005022742226719857,1.351498293876648,0.0,0.0
268,0.018320553443011117,0.004913265899042873,1.3407287808025585,0.0,0.01918409802019596,0.005819223076105118,1.3364875316619873,0.0,0.0
269,0.01845653004506055,0.005190404296359595,1.3266126057680916,0.0,0.019115566462278365,0.005869946349412203,1.3245620489120484,0.0,0.0
270,0.018619137761347434,0.005383214721565738,1.3235923542695887,0.0,0.020359520986676215,0.007097986154258251,1.326153564453125,0.0,0.0
271,0.019050411880016327,0.005578445736318827,1.3471966491026037,0.0,0.018292394652962684,0.004663141956552863,1.3629253387451172,0.0,0.0
272,0.018735364846446934,0.005054452018264462,1.3680913097718184,0.0,0.01900331899523735,0.005292767286300659,1.3710551977157592,0.0,0.0
273,0.018299351281979504,0.004755608600509518,1.354374282500323,0.0,0.02021496221423149,0.006820858176797629,1.339410424232483,0.0,0.0
274,0.018782058292452025,0.005472141865860014,1.3309916748720056,0.0,0.018292486295104028,0.005048128543421626,1.324435782432556,0.0,0.0
275,0.018522077842670327,0.005208906032802428,1.3313172284294577,0.0,0.018058650195598602,0.004634313751012087,1.3424336910247803,0.0,0.0
276,0.018855085158172774,0.005308075123192633,1.3547010561999153,0.0,0.019042182713747025,0.00531963687390089,1.3722546339035033,0.0,0.0
277,0.01868536071304013,0.00499911666573847,1.3686244277393116,0.0,0.01854668967425823,0.004942553024739027,1.3604137182235718,0.0,0.0
278,0.018983768956626162,0.0054162803434712045,1.3567488824619967,0.0,0.01852460689842701,0.0049136871937662365,1.3610919713974,0.0,0.0
279,0.018462908947292495,0.0050070908413652115,1.3455818330540377,0.0,0.017921890318393707,0.004506890941411257,1.341499924659729,0.0,0.0
280,0.018464323023662847,0.005105804049355143,1.3358519357793472,0.0,0.019217530265450478,0.005852243397384882,1.336528730392456,0.0,0.0
281,0.01852503407965688,0.005193943308447213,1.3331091053345625,0.0,0.01890889070928097,0.005514633888378739,1.3394257068634032,0.0,0.0
282,0.018666247782461783,0.005269169506123837,1.339707851409912,0.0,0.018737953528761862,0.005285382363945245,1.3452570915222168,0.0,0.0
283,0.018790109411758536,0.00525055976365419,1.3539549883674173,0.0,0.01834297403693199,0.004742936976253986,1.3600037097930908,0.0,0.0
284,0.01837579204755671,0.004789528176736306,1.3586263937108658,0.0,0.01911853589117527,0.005718746688216925,1.3399789810180665,0.0,0.0
285,0.019092985374086043,0.005585403455530896,1.3507581949234009,0.0,0.018353980034589767,0.004735810961574316,1.361816954612732,0.0,0.0
286,0.019030275809414247,0.005480489433359574,1.3549786806106567,0.0,0.0186138778924942,0.004967742227017879,1.3646135807037354,0.0,0.0
287,0.0187208251479794,0.005034776883857215,1.368604870403514,0.0,0.01828099526464939,0.004582234658300877,1.3698761224746705,0.0,0.0
288,0.018679998157655493,0.004963914918548921,1.3716083554660572,0.0,0.018331826850771903,0.004741297336295247,1.3590529918670655,0.0,0.0
289,0.018366566256565207,0.004868728218271452,1.3497838483137243,0.0,0.0182154580950737,0.004836453963071108,1.337900447845459,0.0,0.0
290,0.018474494052283904,0.00518325825824457,1.3291236302431892,0.0,0.018477876484394074,0.005137309618294239,1.3340566873550415,0.0,0.0
291,0.018323065165211174,0.005033154163838309,1.3289911396363203,0.0,0.018281148746609688,0.005022057238966227,1.3259092569351196,0.0,0.0
292,0.018538710387314066,0.0053546485381529615,1.3184061891892378,0.0,0.018974440544843672,0.0058187456801533696,1.3155694723129272,0.0,0.0
293,0.018500943284700897,0.005232549272477627,1.3268394610461067,0.0,0.017844261415302754,0.004494395945221186,1.3349865436553956,0.0,0.0
294,0.018638497218489647,0.005236120798679835,1.3402376806034761,0.0,0.018916378915309905,0.0055003160610795025,1.341606330871582,0.0,0.0
295,0.018442117663867334,0.0050636252580101,1.337849266388837,0.0,0.01822703778743744,0.004944890085607767,1.3282147884368896,0.0,0.0
296,0.018566889469237888,0.0052090387051815495,1.3357851224787094,0.0,0.018456952646374702,0.004991545807570219,1.3465407133102416,0.0,0.0
297,0.018779085620361215,0.0052221735446330375,1.3556912436204798,0.0,0.018563715741038322,0.00495217926800251,1.3611536264419555,0.0,0.0
298,0.018790542531539414,0.005133415380602374,1.3657127338297226,0.0,0.018407747149467468,0.004808520711958408,1.3599225997924804,0.0,0.0
299,0.018568550510441557,0.005000936168739025,1.356761469560511,0.0,0.018473095074296,0.004954171646386385,1.3518923282623292,0.0,0.0
300,0.01866788701976047,0.005189568379565197,1.3478318452835083,0.0,0.018419747427105903,0.0049625344574451445,1.3457212686538695,0.0,0.0
301,0.018350295612917226,0.004932324580081245,1.341797106406268,0.0,0.01875772774219513,0.0053350644186139105,1.3422663927078247,0.0,0.0
302,0.018529054653995177,0.005114141564049265,1.3414913556155037,0.0,0.01768762432038784,0.0042269961442798374,1.3460628747940064,0.0,0.0
303,0.018558407092795652,0.0051324080593664854,1.342599959934459,0.0,0.01754964329302311,0.004190687881782651,1.335895562171936,0.0,0.0
304,0.01857359049951329,0.0052015984239166275,1.3371992461821611,0.0,0.018735576793551444,0.0054080701433122155,1.3327507019042968,0.0,0.0
305,0.018435684416223976,0.005108809728613671,1.3326874761020435,0.0,0.01874290257692337,0.005448577180504799,1.3294325590133667,0.0,0.0
306,0.01865990602356546,0.00534163327778087,1.3318273179671343,0.0,0.018594030663371085,0.005232896283268928,1.3361134767532348,0.0,0.0
307,0.018546504023320535,0.005211574039148057,1.3334930153454052,0.0,0.018389008566737176,0.005003357492387295,1.3385651350021361,0.0,0.0
308,0.018464447163483676,0.005056178882060682,1.3408268619986141,0.0,0.018738698214292526,0.005311306845396757,1.342739200592041,0.0,0.0
309,0.018939142827601993,0.0054822272949797265,1.3456915616989136,0.0,0.01874844916164875,0.005145272519439459,1.3603177547454834,0.0,0.0
310,0.018571765326401767,0.004961002316764172,1.3610763479681576,0.0,0.018943983316421508,0.005420177336782217,1.352380633354187,0.0,0.0
311,0.01878635651048492,0.005223848158493638,1.3562508891610539,0.0,0.018347490578889847,0.004758179560303688,1.3589311122894288,0.0,0.0
312,0.018610179752987975,0.004996833186048795,1.3613346744986141,0.0,0.018734434247016908,0.005165109131485224,1.35693256855011,0.0,0.0
313,0.01845313740127227,0.004942054695942823,1.351108291569878,0.0,0.0185659471899271,0.005154419224709272,1.341152834892273,0.0,0.0
314,0.018477820846087793,0.005102478871669839,1.3375342383104212,0.0,0.01855074018239975,0.005193405225872994,1.3357334852218627,0.0,0.0
315,0.01830888703903731,0.004972073537133196,1.33368139407214,0.0,0.018724678456783293,0.005440411809831858,1.3284266948699952,0.0,0.0
316,0.01848568142775227,0.005168621921363999,1.3317059629103716,0.0,0.017947128042578697,0.004555631941184401,1.3391496658325195,0.0,0.0
317,0.018471703809850356,0.00508307755979545,1.3388626435223747,0.0,0.019193151220679282,0.00584016926586628,1.3352981328964233,0.0,0.0
318,0.018951662103919423,0.005404523491640301,1.3547138747046976,0.0,0.018150073662400245,0.004447646345943213,1.3702426910400392,0.0,0.0
319,0.018559268073124045,0.0049406083245926045,1.3618660043267643,0.0,0.019860827922821046,0.006457630544900894,1.3403197526931763,0.0,0.0
320,0.018597480128793156,0.005087304011206417,1.3510176504359526,0.0,0.018334890156984328,0.004807744594290853,1.3527145862579346,0.0,0.0
321,0.018665713203303954,0.005159053033875192,1.3506660671795117,0.0,0.01812029704451561,0.004645332507789135,1.3474965333938598,0.0,0.0
322,0.01805346886463025,0.004658002515926081,1.339546666425817,0.0,0.017966749519109725,0.004761772509664297,1.320497751235962,0.0,0.0
323,0.018614231992293808,0.005457744084517746,1.31564882923575,0.0,0.018261807411909102,0.005177431413903833,1.3084376335144043,0.0,0.0
324,0.01846915012335076,0.005256597514209502,1.3212553052341236,0.0,0.018875047191977502,0.0055553030222654344,1.331974482536316,0.0,0.0
325,0.01843199846060837,0.005085563451489981,1.3346435322481043,0.0,0.01857946366071701,0.005293679051101207,1.328578519821167,0.0,0.0
326,0.018670924336594695,0.005270880866138374,1.3400043880238253,0.0,0.018012042343616485,0.004566501872614026,1.34455406665802,0.0,0.0
327,0.018572013386908698,0.005043072858825326,1.352894060751971,0.0,0.018242941796779634,0.004712501959875226,1.3530439853668212,0.0,0.0
328,0.018577432040782535,0.005028500714722802,1.3548931724884932,0.0,0.018331951647996902,0.004912615707144141,1.341933584213257,0.0,0.0
329,0.01846481005058569,0.005050082732101574,1.341472765978645,0.0,0.0185280479490757,0.005215047113597393,1.3313001155853272,0.0,0.0
330,0.018122568836106974,0.004777556887882597,1.334501210381003,0.0,0.01804523728787899,0.004861039901152253,1.3184197902679444,0.0,0.0
331,0.018502827405053025,0.00525891495978131,1.3243912668789135,0.0,0.018364695087075233,0.005141493119299412,1.3223202705383301,0.0,0.0
332,0.018823307445820642,0.005347122136941727,1.3476185728521908,0.0,0.017529302462935447,0.004045437183231115,1.348386549949646,0.0,0.0
333,0.01867591217160225,0.005031759549370583,1.3644152879714966,0.0,0.01729398053139448,0.003736504074186087,1.355747675895691,0.0,0.0
334,0.018334467730977955,0.004708546432940399,1.3625921922571518,0.0,0.018149448186159135,0.0047018247656524185,1.344762396812439,0.0,0.0
335,0.018545116681386444,0.005038154749747585,1.3506962411543901,0.0,0.01819406505674124,0.004815235687419772,1.337882924079895,0.0,0.0
336,0.018075926667627168,0.0047335355569992,1.33423912525177,0.0,0.018702751398086546,0.005570334661751985,1.3132416009902954,0.0,0.0
337,0.01854452644200886,0.005365424077300464,1.3179102855570175,0.0,0.017929937317967416,0.004754010774195194,1.317592716217041,0.0,0.0
338,0.018536950297215405,0.005270571228774155,1.3266379342359655,0.0,0.01870970316231251,0.005464777676388621,1.324492597579956,0.0,0.0
339,0.018374612335773075,0.005022404468892252,1.3352207997265984,0.0,0.018416940793395044,0.005189244635403156,1.3227696657180785,0.0,0.0
340,0.018619674312717775,0.0053458309951512255,1.3273843456717098,0.0,0.018787112832069398,0.005530763696879148,1.3256349563598633,0.0,0.0
341,0.018672002041164565,0.0052721327280297,1.3399869554183061,0.0,0.018051411770284177,0.004706483660265803,1.334492802619934,0.0,0.0
342,0.01844212511444793,0.0050226609113023565,1.3419464686337639,0.0,0.018698937818408014,0.005325707234442234,1.337323045730591,0.0,0.0
343,0.01806363890714505,0.004666608183042091,1.3397031110875748,0.0,0.018307123333215714,0.005036497861146927,1.3270625829696656,0.0,0.0
344,0.018354795325328323,0.005012332009808982,1.3342463829938103,0.0,0.018728743121027947,0.005497097643092275,1.3231645822525024,0.0,0.0
345,0.01858203156906016,0.005177968619939159,1.3404063056497013,0.0,0.01815376654267311,0.004786323336884379,1.3367443561553956,0.0,0.0
346,0.018103354117449594,0.004781089832677561,1.3322264446931726,0.0,0.01832072176039219,0.005158753320574761,1.316196894645691,0.0,0.0
347,0.01839282560874434,0.005128762438235914,1.326406345647924,0.0,0.017292672395706178,0.004040270671248436,1.3252402305603028,0.0,0.0
348,0.018586945555665913,0.005220788435133941,1.3366157447590548,0.0,0.01791198253631592,0.004499086365103722,1.3412895917892456,0.0,0.0
349,0.018542686039034056,0.005087618825628477,1.3455067662631763,0.0,0.017830195277929305,0.004408849542960525,1.3421346187591552,0.0,0.0
350,0.01849265812950976,0.0049724310691304065,1.3520227530423332,0.0,0.017824195325374603,0.004349368298426271,1.3474827527999877,0.0,0.0
351,0.018539297230103436,0.005053257651846199,1.3486039989134844,0.0,0.018892716243863107,0.00546913305297494,1.3423583507537842,0.0,0.0
352,0.018077192061087665,0.004648328046588337,1.3428863988203161,0.0,0.01781959515064955,0.004579991335049272,1.3239604473114013,0.0,0.0
353,0.018238947014598286,0.004949629882021862,1.3289317523731905,0.0,0.017548417299985887,0.004362656455487013,1.318576169013977,0.0,0.0
354,0.01830294552971335,0.005094733842484215,1.3208212151246912,0.0,0.01823703423142433,0.005197254475206137,1.3039780616760255,0.0,0.0
355,0.018381180022569263,0.0051300994065754555,1.3251081003862268,0.0,0.017153599858283998,0.0039061123272404073,1.3247487783432006,0.0,0.0
356,0.018011262421222293,0.004685592919807224,1.33256696953493,0.0,0.01762762926518917,0.004475212236866355,1.315241765975952,0.0,0.0
357,0.01835001544917331,0.005168185569345951,1.3181830364115097,0.0,0.01792817171663046,0.004850751208141446,1.3077420711517334,0.0,0.0
358,0.018387919401421267,0.005204543375464923,1.3183376298231237,0.0,0.018917463719844818,0.005718024261295795,1.3199439525604248,0.0,0.0
359,0.018371156471617082,0.004999626332017428,1.3371530560886158,0.0,0.018399447202682495,0.005144477542489767,1.3254969835281372,0.0,0.0
360,0.018311678377144477,0.004990666392533218,1.3321012188406551,0.0,0.017328963801264762,0.004139913059771061,1.3189050912857057,0.0,0.0
361,0.018175600096583366,0.00486875424051986,1.3306846338159897,0.0,0.018356547690927982,0.005165515560656786,1.3191033124923706,0.0,0.0
362,0.018456332604674733,0.005129629198242636,1.3326703590505264,0.0,0.018812104314565658,0.005693466961383819,1.3118637800216675,0.0,0.0
363,0.018097744268529555,0.004897647085325683,1.3200097364537857,0.0,0.017825591191649438,0.004821073450148106,1.3004518270492553,0.0,0.0
364,0.018270500771263066,0.005076380597208352,1.3194120561375338,0.0,0.018290744349360465,0.005249621253460646,1.3041123151779175,0.0,0.0
365,0.018307808567495906,0.005133362582829946,1.31744464004741,0.0,0.018000646494328976,0.004920457256957889,1.3080189228057861,0.0,0.0
366,0.018403596956940257,0.005200322635252686,1.320327457259683,0.0,0.01898232623934746,0.005850772466510534,1.313155436515808,0.0,0.0
367,0.018373084857183343,0.005208107177168131,1.3164977887097526,0.0,0.017306756973266602,0.004287263518199325,1.301949381828308,0.0,0.0
368,0.018421268638442543,0.005191679222180563,1.3229589602526497,0.0,0.01878189705312252,0.0055107887834310535,1.3271108388900756,0.0,0.0
369,0.018064848749953157,0.004795879194074694,1.326896961997537,0.0,0.018039092794060706,0.004959006467834115,1.308008646965027,0.0,0.0
370,0.01815966275684974,0.004976280526641537,1.3183382609311272,0.0,0.017666803300380708,0.0045183712616562845,1.3148432970046997,0.0,0.0
371,0.017857943168457818,0.004768844762378756,1.3089098790112663,0.0,0.01818695552647114,0.005333945248275995,1.2853010416030883,0.0,0.0
372,0.018427839502692223,0.005353187744998757,1.3074651956558228,0.0,0.017621873691678048,0.0044915186241269115,1.313035535812378,0.0,0.0
373,0.01840301482554744,0.005124851883224705,1.3278163391001083,0.0,0.01804843470454216,0.004893818730488419,1.3154615879058837,0.0,0.0
374,0.01820609313161934,0.004925746758304098,1.3280346463708317,0.0,0.017636536806821822,0.004439945705235005,1.31965913772583,0.0,0.0
375,0.018471202429603126,0.00520080522469738,1.3270397256402409,0.0,0.017921312339603902,0.004804336000233889,1.3116976499557496,0.0,0.0
376,0.017872180954060134,0.004777730949332609,1.3094450375613045,0.0,0.018278832733631133,0.005448856763541699,1.2829975843429566,0.0,0.0
377,0.01829724112416015,0.0052940818097661525,1.3003159831551945,0.0,0.01854001171886921,0.005572512187063694,1.296749973297119,0.0,0.0
378,0.018110456712105694,0.005037161494221757,1.3073295424966251,0.0,0.018362630903720856,0.005399479158222675,1.2963152170181274,0.0,0.0
379,0.01819297287832288,0.004941074150230955,1.3251898989957922,0.0,0.01844518445432186,0.00516923675313592,1.3275948762893677,0.0,0.0
380,0.018379191374954057,0.00499209642465062,1.3387095226961023,0.0,0.017529960721731186,0.00440596197731793,1.312399935722351,0.0,0.0
381,0.018337239456527373,0.005060614908442777,1.3276624889934765,0.0,0.017877043783664705,0.004727402096614241,1.31496422290802,0.0,0.0
382,0.01865154439035584,0.005358798538937289,1.3292746053022497,0.0,0.017828823626041414,0.004549115151166916,1.3279708862304687,0.0,0.0
383,0.018409552929155967,0.005014357294010765,1.339519598904778,0.0,0.01784784346818924,0.004594232188537717,1.3253611326217651,0.0,0.0
384,0.018358182271613795,0.00501075536286568,1.3347427213893217,0.0,0.017743666470050812,0.00452853124588728,1.3215135335922241,0.0,0.0
385,0.017882480998249614,0.004598112968618379,1.328436809427598,0.0,0.017947977408766747,0.004878125013783574,1.3069852590560913,0.0,0.0
386,0.018224284491118264,0.0049821349846966125,1.32421497036429,0.0,0.01770184300839901,0.004646457964554429,1.305538582801819,0.0,0.0
387,0.018167768988539192,0.00501657378695467,1.3151195820640116,0.0,0.018732094392180442,0.005720880348235369,1.301121425628662,0.0,0.0
388,0.018114063450518775,0.004931990454411682,1.3182073060204,0.0,0.018041715398430823,0.0049459547735750675,1.3095760822296143,0.0,0.0
389,0.018030970412142137,0.004870748859556282,1.3160221716936897,0.0,0.017480941489338875,0.0044715197291225195,1.3009422302246094,0.0,0.0
390,0.017868781024042296,0.004780802204657127,1.3087979064268225,0.0,0.018551859259605407,0.005644513759762049,1.290734601020813,0.0,0.0
391,0.018104613375137833,0.005194590920034577,1.291002259534948,0.0,0.01882645897567272,0.006091372668743133,1.2735086917877196,0.0,0.0
392,0.01815310854683904,0.005256364738349529,1.2896744082955753,0.0,0.01772554200142622,0.004828924685716629,1.2896617650985718,0.0,0.0
393,0.017975825487690812,0.004923928433152682,1.305189714712255,0.0,0.018202836439013482,0.005187482573091984,1.3015353679656982,0.0,0.0
394,0.01821769741089905,0.005044486373662949,1.3173211532480575,0.0,0.017870868742465972,0.004740633815526962,1.3130234956741333,0.0,0.0
395,0.01824948103988872,0.005052334985093158,1.3197146373636581,0.0,0.017464324086904525,0.0044396608136594296,1.302466344833374,0.0,0.0
396,0.018364561392980462,0.005197736818124266,1.3166824929854448,0.0,0.018090406619012355,0.005061437003314495,1.302897000312805,0.0,0.0
397,0.018011505003361142,0.004865783937823246,1.3145721169079052,0.0,0.01801447570323944,0.005036531388759613,1.297794485092163,0.0,0.0
398,0.017814554274082184,0.004755032289882793,1.3059522474513334,0.0,0.018213392049074174,0.005340128485113382,1.2873264312744142,0.0,0.0
399,0.018082155243438834,0.005176171331721193,1.2905983994988834,0.0,0.01819957382977009,0.005370413884520531,1.282915997505188,0.0,0.0
400,0.01801452796687098,0.004929778371554087,1.3084749894983627,0.0,0.017522037401795386,0.004512652568519115,1.3009385585784912,0.0,0.0
401,0.01841215548269889,0.0052988406626836345,1.311331503531512,0.0,0.017237319983541964,0.004138967208564282,1.3098352670669555,0.0,0.0
402,0.018104479264687088,0.004877432509708931,1.3227046868380379,0.0,0.01835504062473774,0.005265687266364694,1.3089353561401367,0.0,0.0
403,0.018104292781037444,0.0049635230234878905,1.3140769916422226,0.0,0.017348428443074226,0.004358354769647121,1.2990074157714844,0.0,0.0
404,0.01796143249992062,0.004854484228417277,1.3106948417775772,0.0,0.017941678687930108,0.005011116154491901,1.293056273460388,0.0,0.0
405,0.018305718350936386,0.0051377249936408855,1.3167993391261381,0.0,0.017777744308114053,0.004745021462440491,1.3032723188400268,0.0,0.0
406,0.018548055497162482,0.00533782463411198,1.3210231135873234,0.0,0.01737215109169483,0.004224965209141373,1.3147186040878296,0.0,0.0
407,0.017963956219746786,0.00474765757098794,1.3216298888711369,0.0,0.01876610703766346,0.005677711497992277,1.3088395833969115,0.0,0.0
408,0.0178492529427304,0.0047191750285599165,1.3130078245611752,0.0,0.017277676612138748,0.004397311434149742,1.2880365610122682,0.0,0.0
409,0.017836073632625973,0.004881822476711343,1.2954251555835499,0.0,0.017884021624922752,0.005096833314746618,1.2787188291549683,0.0,0.0
410,0.017821671276846352,0.004879639977041413,1.2942031692056095,0.0,0.017477535270154478,0.004606164665892721,1.2871371030807495,0.0,0.0
411,0.017989425207762158,0.004993058850660044,1.2996366865494673,0.0,0.018087659403681754,0.005152841238304973,1.2934818506240844,0.0,0.0
412,0.018269688767545363,0.005044266773278222,1.3225422256133135,0.0,0.018332281336188316,0.005251928232610226,1.3080352783203124,0.0,0.0
413,0.018076301826273695,0.0049136735033243895,1.3162628482369816,0.0,0.017170791700482368,0.004223697539418936,1.2947094678878783,0.0,0.0
414,0.01812224358539371,0.005053473855642711,1.3068770029965568,0.0,0.01753263659775257,0.004569090204313397,1.2963546752929687,0.0,0.0
415,0.018062297583502883,0.00490595618098536,1.3156341735054464,0.0,0.017592541873455048,0.004582014633342624,1.301052737236023,0.0,0.0
416,0.018247745164176998,0.005150309079052771,1.3097436428070068,0.0,0.01781598851084709,0.004801908414810896,1.3014081001281739,0.0,0.0
417,0.018126835170037606,0.005016184288679677,1.311065119855544,0.0,0.01815224178135395,0.005217239633202553,1.2935002088546752,0.0,0.0
418,0.018154584309634042,0.0050023232778424725,1.3152261341319365,0.0,0.01841103583574295,0.005343783833086491,1.3067252159118652,0.0,0.0
419,0.018396213869838154,0.005213033380534719,1.318318107548882,0.0,0.018644167855381966,0.005610836576670409,1.3033331394195558,0.0,0.0
420,0.01790875316981007,0.004746059900807107,1.3162693346247953,0.0,0.017500583827495576,0.004578539216890931,1.2922044754028321,0.0,0.0
421,0.01807838546879151,0.0050410839646835535,1.3037301512325512,0.0,0.018290459364652633,0.005436417739838361,1.2854042053222656,0.0,0.0
422,0.018053553888902944,0.004980171811493004,1.3073382167255176,0.0,0.018110758066177367,0.005118533410131932,1.2992224454879762,0.0,0.0
423,0.01815097954343347,0.004929647397469072,1.3221332606147318,0.0,0.01767684817314148,0.0045849801506847145,1.309186863899231,0.0,0.0
424,0.018063139499110335,0.004869918722440214,1.3193221162347233,0.0,0.018056774139404298,0.005141892749816179,1.2914881467819215,0.0,0.0
425,0.01819994393736124,0.005183849305681446,1.3016095091314877,0.0,0.01778808031231165,0.004937119223177433,1.2850961923599242,0.0,0.0
426,0.017801112769281164,0.004709769108825747,1.309134420226602,0.0,0.017594218626618384,0.004587994050234556,1.3006225109100342,0.0,0.0
427,0.018457670367377645,0.005144445800825077,1.3313225086997538,0.0,0.01793714389204979,0.004641918092966079,1.3295226335525512,0.0,0.0
428,0.01771255478482036,0.00438650489291724,1.3326050253475414,0.0,0.017544491216540337,0.004499609768390656,1.3044881582260133,0.0,0.0
429,0.018050288343254256,0.004972808405428249,1.307748044238371,0.0,0.018523435667157175,0.005720327515155077,1.2803107976913453,0.0,0.0
430,0.018498544416883412,0.005433201515937553,1.3065343183629654,0.0,0.018140608072280885,0.005065474566072226,1.3075134038925171,0.0,0.0
431,0.01804231446893776,0.004789696280461024,1.3252618453081917,0.0,0.017083214409649373,0.003985664551146328,1.30975501537323,0.0,0.0
432,0.018338570480837542,0.005148052594021839,1.3190518267014448,0.0,0.01774762012064457,0.004685905016958714,1.3061715126037599,0.0,0.0
433,0.018166094799252117,0.004866404431488584,1.3299690625246834,0.0,0.01714259460568428,0.003954278118908405,1.318831706047058,0.0,0.0
434,0.018299614681917077,0.004936067031367737,1.3363548026365393,0.0,0.018131336942315102,0.004910358600318432,1.322097897529602,0.0,0.0
435,0.018060561707791162,0.00473248864085797,1.3328073515611536,0.0,0.017495572194457056,0.004382431646808982,1.311314082145691,0.0,0.0
436,0.018370828426936093,0.005092810921590118,1.3278017745298498,0.0,0.017853648588061332,0.004682958032935858,1.3170690774917602,0.0,0.0
437,0.018138099680928624,0.004818282336654032,1.331981757107903,0.0,0.017477984726428985,0.004372649639844894,1.3105334520339966,0.0,0.0
438,0.01823758235310807,0.005020062425447737,1.3217520503436817,0.0,0.017556054517626762,0.004446005914360285,1.311004900932312,0.0,0.0
439,0.01775354179827606,0.00455137317561928,1.320216887137469,0.0,0.01792022380977869,0.0049462188500910996,1.2974004983901977,0.0,0.0
440,0.018129957620711887,0.005038514240261386,1.309144377708435,0.0,0.017544742301106454,0.004677280597388744,1.2867462158203125,0.0,0.0
441,0.01804059837013483,0.00498422168140464,1.305637703222387,0.0,0.018298495933413504,0.00542308809235692,1.2875407934188843,0.0,0.0
442,0.01787555787493201,0.004878964672303375,1.299659350339104,0.0,0.017653818428516387,0.004764157347381115,1.2889661550521851,0.0,0.0
443,0.01766486350885209,0.004634633591836866,1.3030230087392471,0.0,0.017812265455722807,0.004919651011005044,1.289261484146118,0.0,0.0
444,0.01799972530673532,0.005024135304505334,1.297559043940376,0.0,0.01756493076682091,0.004777007270604372,1.2787923336029052,0.0,0.0
445,0.017967787187765625,0.005020713940372362,1.2947073543772978,0.0,0.01775313336402178,0.004994019074365497,1.2759114742279052,0.0,0.0
446,0.01839451984885861,0.005393639015143409,1.300088125116685,0.0,0.017327539809048175,0.004368691984564066,1.2958848476409912,0.0,0.0
447,0.018454032676184878,0.0050980825908482075,1.335595025735743,0.0,0.017630843818187712,0.004314143490046263,1.3316699981689453,0.0,0.0
448,0.0182533860206604,0.004747047582093407,1.3506338526220882,0.0,0.01808515638113022,0.004777530953288078,1.3307625770568847,0.0,0.0
449,0.017857360708362916,0.00450179714928655,1.3355564019259285,0.0,0.01853375621140003,0.005434661917388439,1.3099094390869142,0.0,0.0
450,0.018226944457958725,0.005035085315980455,1.319185923127567,0.0,0.01802327260375023,0.005040487740188837,1.298278522491455,0.0,0.0
451,0.017980147591408563,0.004818783936035984,1.3161363812053906,0.0,0.017171357199549674,0.004215443064458669,1.295591449737549,0.0,0.0
452,0.018002129105084082,0.004855560399044086,1.314656888737398,0.0,0.017782779596745967,0.004824320366606116,1.2958459615707398,0.0,0.0
453,0.018275536158505606,0.005123303025303518,1.31522335024441,0.0,0.017648496851325034,0.004607170447707176,1.3041326761245728,0.0,0.0
454,0.018223340896999136,0.004929550676880514,1.3293790186152739,0.0,0.017693766206502915,0.004618350975215435,1.3075415372848511,0.0,0.0
455,0.01809316117535619,0.004844000604113235,1.3249160822700052,0.0,0.01757441870868206,0.004430651711300015,1.3143767356872558,0.0,0.0
456,0.017766524873235646,0.004570801783462658,1.3195723435458016,0.0,0.018092314898967742,0.005222721956670284,1.2869593381881714,0.0,0.0
457,0.018072524710613137,0.005057769676889567,1.3014755459392773,0.0,0.01726206801831722,0.004357631853781641,1.2904436588287354,0.0,0.0
458,0.017736189615200546,0.00465037114918232,1.308581878157223,0.0,0.017374354787170886,0.00451906998641789,1.2855284929275512,0.0,0.0
459,0.017781095360131824,0.004828425274942727,1.2952670630286722,0.0,0.01755651496350765,0.004811605345457793,1.2744909286499024,0.0,0.0
460,0.018214404473409933,0.005292974686359658,1.2921430082882153,0.0,0.018149968609213828,0.005315981339663267,1.2833988189697265,0.0,0.0
461,0.01803829422330155,0.00499606883043752,1.3042225697461296,0.0,0.017547249607741833,0.0046002526301890615,1.2946997165679932,0.0,0.0
462,0.017869994811275425,0.004660779802019105,1.3209215472726261,0.0,0.018261579051613807,0.005287931021302939,1.2973647832870483,0.0,0.0
463,0.017858426470090363,0.004706158261636601,1.3152268353630514,0.0,0.017814800888299943,0.004970897268503904,1.284390354156494,0.0,0.0
464,0.01795198319151121,0.004923480206771809,1.3028503375894882,0.0,0.017461621761322023,0.004593813605606556,1.286780881881714,0.0,0.0
465,0.01792221691678552,0.004853698260643903,1.3068518919103287,0.0,0.017411591671407222,0.004494431521743536,1.2917160034179687,0.0,0.0
466,0.017821389305240968,0.004851063905174241,1.2970325736438526,0.0,0.017755663581192495,0.004959426866844296,1.2796236991882324,0.0,0.0
467,0.017872253542437273,0.004936318871948649,1.2935934838126688,0.0,0.01719515584409237,0.004447183292359114,1.274797296524048,0.0,0.0
468,0.017905850511263397,0.004996870644390583,1.2908980285420137,0.0,0.017967095598578453,0.005215400224551558,1.275169587135315,0.0,0.0
469,0.018018840209526175,0.004966982681413784,1.3051858088549446,0.0,0.017729800939559937,0.004739637766033411,1.2990163087844848,0.0,0.0
470,0.018266962457667377,0.005156215910306748,1.3110746706233305,0.0,0.017560991272330285,0.004572148760780692,1.2988843202590943,0.0,0.0
471,0.018195933059734458,0.00497577220256276,1.3220161339815926,0.0,0.018319517746567725,0.005280683608725667,1.3038834810256958,0.0,0.0
472,0.017803842201828957,0.0046421241782167375,1.3161718074013204,0.0,0.01733330190181732,0.00437931374181062,1.2953988313674927,0.0,0.0
473,0.01807528339764651,0.004957423750858973,1.31178599245408,0.0,0.017236928828060626,0.004347022855654359,1.288990569114685,0.0,0.0
474,0.018153468037352842,0.004945194923921543,1.3208273298600142,0.0,0.018645383417606354,0.005526092043146491,1.3119291543960572,0.0,0.0
475,0.01754131551612826,0.004344868542188231,1.3196447176091812,0.0,0.01809886619448662,0.0052560058422386645,1.2842860698699952,0.0,0.0
476,0.01788469305371537,0.005019347334061475,1.2865345758550308,0.0,0.017536021769046783,0.004869769746437669,1.266625213623047,0.0,0.0
477,0.01761920268044752,0.004804864909280749,1.2814337856629316,0.0,0.01758740935474634,0.005060968454927206,1.2526440858840941,0.0,0.0
478,0.017917226013891837,0.005186749197652235,1.2730477066601025,0.0,0.01788166593760252,0.005266196606680751,1.2615469455718995,0.0,0.0
479,0.017709142692825374,0.004920141908394939,1.2789000833735746,0.0,0.017838609963655473,0.005225563608109951,1.2613046407699584,0.0,0.0
480,0.018207163385608616,0.005453341435093214,1.275382217238931,0.0,0.017365222051739692,0.004726639436557889,1.2638582468032837,0.0,0.0
481,0.017855398685616607,0.004968902123544146,1.2886496782302856,0.0,0.018115774914622306,0.0052923847455531355,1.28233904838562,0.0,0.0
482,0.01739649518447764,0.0044301050879499496,1.2966390427421122,0.0,0.017802958935499193,0.005129506252706051,1.2673452615737915,0.0,0.0
483,0.017988760572145965,0.005146899178405018,1.284186180900125,0.0,0.017548128217458724,0.004860455635935068,1.268767285346985,0.0,0.0
484,0.018067023442948565,0.0050506389919011034,1.3016384910134708,0.0,0.01683066077530384,0.0038571308832615614,1.2973529815673828,0.0,0.0
485,0.01840906995622551,0.005103787859244382,1.3305282452527214,0.0,0.01721167378127575,0.0040268110111355785,1.3184862852096557,0.0,0.0
486,0.018199057263486525,0.004879213129991994,1.3319844358107622,0.0,0.017504838481545448,0.004401752259582281,1.3103086709976197,0.0,0.0
487,0.01780816156636266,0.00463624475249911,1.317191712996539,0.0,0.017598827742040156,0.004741750052198767,1.2857078075408936,0.0,0.0
488,0.017887917511603412,0.004906242521589293,1.2981674951665543,0.0,0.01789592355489731,0.005194891430437565,1.2701032161712646,0.0,0.0
489,0.018628566690227565,0.005588941330857137,1.3039625953225529,0.0,0.01771441325545311,0.004623881820589304,1.3090531826019287,0.0,0.0
490,0.017880883396548385,0.004548757610952153,1.333212607047137,0.0,0.018304067477583886,0.0052412498742342,1.3062817573547363,0.0,0.0
491,0.017851801698698717,0.004699568003963898,1.315223399330588,0.0,0.01776799336075783,0.004916303977370262,1.2851689815521241,0.0,0.0
492,0.01782429010114249,0.004901209846138954,1.2923080640680649,0.0,0.01787588819861412,0.005214464012533426,1.266142439842224,0.0,0.0
493,0.017856329679489136,0.00493964588488726,1.2916684220818913,0.0,0.017829134687781335,0.005161401629447937,1.2667732954025268,0.0,0.0
494,0.01743981894105673,0.004562579629504506,1.2877239619984346,0.0,0.017656366154551507,0.00512096299789846,1.2535403490066528,0.0,0.0
495,0.017830878386602682,0.0050427649060592935,1.2788113706252153,0.0,0.01801772527396679,0.005351777747273445,1.2665947675704956,0.0,0.0
496,0.018344086868798033,0.005271760020952891,1.307232709491954,0.0,0.017686157673597335,0.00466638240031898,1.3019775867462158,0.0,0.0
497,0.018153270706534386,0.004899518180857687,1.325375290477977,0.0,0.018093841150403023,0.0050875925924628975,1.300624918937683,0.0,0.0
498,0.01797409958260901,0.0047989981522893205,1.3175101841197294,0.0,0.017874709144234658,0.004955447744578123,1.2919261693954467,0.0,0.0
499,0.017882168731268716,0.004706942353068906,1.3175227010951323,0.0,0.01766564939171076,0.004741045972332358,1.2924603700637818,0.0,0.0
500,0.01749297686140327,0.00446640993194545,1.302656706641702,0.0,0.017895995825529098,0.005217297188937664,1.2678699016571044,0.0,0.0
501,0.017660818994045258,0.0048599129898802326,1.2800906405729406,0.0,0.01733704637736082,0.004714867891743779,1.262217926979065,0.0,0.0
502,0.017955655999043408,0.005070083500707851,1.2885572770062614,0.0,0.017374417558312417,0.004646962787955999,1.2727454900741577,0.0,0.0
503,0.017730672569835886,0.004846825237002443,1.288384767139659,0.0,0.01743290349841118,0.0047123095020651816,1.2720594167709351,0.0,0.0
504,0.018073375336825848,0.005065087735762491,1.3008287934695972,0.0,0.017990601435303687,0.005126814171671867,1.2863787412643433,0.0,0.0
505,0.017809617333114147,0.004739512415493236,1.307010531425476,0.0,0.018708614632487297,0.0058321506716310974,1.287646436691284,0.0,0.0
506,0.017847237341544208,0.004744261489523684,1.3102976013632381,0.0,0.017787060514092446,0.00499639343470335,1.2790667772293092,0.0,0.0
507,0.017922775929465014,0.004933964584351462,1.2988811941707836,0.0,0.017331829853355886,0.004525967594236136,1.2805862426757812,0.0,0.0
508,0.017926972030716783,0.004842552685124033,1.3084419825497795,0.0,0.01820487156510353,0.005367591790854931,1.2837279796600343,0.0,0.0
509,0.01766712437657749,0.0046427847187527835,1.302433967590332,0.0,0.01791416686028242,0.005181562947109341,1.2732604265213012,0.0,0.0
510,0.018195497200769538,0.005181286319652025,1.3014211163801306,0.0,0.018286171555519103,0.00544931972399354,1.2836852073669434,0.0,0.0
511,0.018282473416012877,0.005177581806064528,1.310489212765413,0.0,0.017645656317472457,0.004680136777460575,1.296552014350891,0.0,0.0
512,0.017994261018055326,0.004839009399909307,1.3155251881655525,0.0,0.01767880506813526,0.0046653264667838815,1.3013479471206666,0.0,0.0
513,0.017919823308201396,0.004775541136041284,1.3144282523323507,0.0,0.017490368336439133,0.00459504071623087,1.2895328044891357,0.0,0.0
514,0.0177400672041318,0.004730450893368791,1.3009616557289572,0.0,0.017998385429382324,0.005222320649772882,1.2776065349578858,0.0,0.0
515,0.017892391913953948,0.004960638635298785,1.2931753677480362,0.0,0.017816630378365516,0.005026085069403052,1.2790545701980591,0.0,0.0
516,0.017357512212851468,0.004412369295845137,1.2945143194759594,0.0,0.01877272706478834,0.006150554912164807,1.2622172594070435,0.0,0.0
517,0.017963927020044887,0.00512438319513903,1.2839544240166159,0.0,0.01776253804564476,0.005013222154229879,1.2749316453933717,0.0,0.0
518,0.01773509821471046,0.004812729134060004,1.2922369592330034,0.0,0.017140904441475868,0.004430479556322098,1.271042561531067,0.0,0.0
519,0.018317665685625636,0.00534777734976481,1.2969888659084545,0.0,0.01750195473432541,0.0044418337754905226,1.3060121297836305,0.0,0.0
520,0.018415404045406508,0.004985216525657212,1.343018749180962,0.0,0.017621289938688278,0.004324296955019236,1.3296993494033813,0.0,0.0
521,0.017955520573784325,0.0045307356152026095,1.3424785277422737,0.0,0.01800296027213335,0.004885480692610145,1.31174795627594,0.0,0.0
522,0.017882308100952822,0.004611249424188453,1.3271058797836304,0.0,0.017179208248853682,0.0042579684406518934,1.2921240091323853,0.0,0.0
523,0.01755671718103044,0.004523809999227524,1.3032907387789558,0.0,0.01740485094487667,0.004679579799994826,1.2725271701812744,0.0,0.0
524,0.01800691939013846,0.004973003517507631,1.3033916178871603,0.0,0.017667452991008758,0.004784068139269948,1.2883385181427003,0.0,0.0
525,0.018162447520915198,0.0049949528868584074,1.3167494956184835,0.0,0.017642921581864358,0.004672829527407885,1.2970092058181764,0.0,0.0
526,0.0180629003135597,0.004879827104399309,1.3183073506635778,0.0,0.017636330798268318,0.00471043037250638,1.292590069770813,0.0,0.0
527,0.01787914050852551,0.004780661068199312,1.3098479649599861,0.0,0.018040038645267487,0.00526446858420968,1.2775570631027222,0.0,0.0
528,0.018219124306650722,0.00509533314856098,1.3123791638542623,0.0,0.018143701180815697,0.005211339658126235,1.2932361841201783,0.0,0.0
529,0.017799295594587046,0.00470445429741898,1.3094841732698328,0.0,0.017545425333082676,0.004771535657346249,1.2773890018463134,0.0,0.0
530,0.017770499867551467,0.004861709689173628,1.2908790532280416,0.0,0.017482066154479982,0.0048193184193223715,1.2662748336791991,0.0,0.0
531,0.017765282160219026,0.0047870799762142055,1.2978202735676485,0.0,0.017751001939177512,0.0049833497032523155,1.27676522731781,0.0,0.0
532,0.01800681190455661,0.004970358972273329,1.3036453162922579,0.0,0.017583655193448067,0.004731360636651516,1.2852294921875,0.0,0.0
533,0.018081190064549446,0.0048586653463323325,1.3222524839289047,0.0,0.017097757384181022,0.004064690181985497,1.3033067464828492,0.0,0.0
534,0.01813315857640084,0.004921385360991254,1.321177370408002,0.0,0.018378377705812455,0.005487357918173075,1.2891020059585572,0.0,0.0
535,0.01787905822343686,0.004777287050862522,1.3101771368699915,0.0,0.017854530550539493,0.005068263318389654,1.2786267757415772,0.0,0.0
536,0.017937276621951777,0.00497161632622866,1.2965660656199736,0.0,0.017393784411251546,0.0046197463059797885,1.2774038314819336,0.0,0.0
537,0.017783607794519735,0.004801719709682991,1.2981888406416948,0.0,0.016769009083509444,0.003966243844479323,1.2802765369415283,0.0,0.0
538,0.018086146015454743,0.005063225241268382,1.3022920945111442,0.0,0.017611154541373252,0.004771644389256835,1.2839510202407838,0.0,0.0
539,0.018090497373658067,0.004930756273953354,1.315974137362312,0.0,0.0175435995683074,0.004529171483591199,1.301442813873291,0.0,0.0
540,0.017940083080354857,0.004666054251548999,1.327402900247013,0.0,0.018899037688970565,0.005878354143351317,1.3020683526992798,0.0,0.0
541,0.01837929283433101,0.005125674556064255,1.3253618408651913,0.0,0.017149953916668893,0.004008976649492979,1.3140977144241333,0.0,0.0
542,0.01777105011484202,0.004433765363715151,1.3337285378400017,0.0,0.017498095333576203,0.004484382783994078,1.3013713121414185,0.0,0.0
543,0.01780543224338223,0.0047107100870241135,1.3094722383162554,0.0,0.01700380742549896,0.0041950702434405684,1.2808737277984619,0.0,0.0
544,0.017855486668208066,0.004826644462916781,1.3028842701631433,0.0,0.019167140126228333,0.006412293575704098,1.2754847288131714,0.0,0.0
545,0.01782350559883258,0.004863871357348912,1.2959634626612944,0.0,0.018021878227591513,0.0052802437916398045,1.2741634368896484,0.0,0.0
546,0.01789652035735986,0.0050071461180991985,1.2889374564675724,0.0,0.017268668115139007,0.004576217010617256,1.269245195388794,0.0,0.0
547,0.017787169993800277,0.0048423183205373145,1.2944852113723755,0.0,0.017334454879164695,0.00452632587403059,1.280812931060791,0.0,0.0
548,0.017861829687129047,0.004834364086170407,1.3027465904460234,0.0,0.01954108737409115,0.006769946496933699,1.2771141052246093,0.0,0.0
549,0.018163345096742407,0.005119809620630215,1.3043535737430347,0.0,0.01844685450196266,0.005495423078536987,1.2951431751251221,0.0,0.0
550,0.017698384109227097,0.004541398108224659,1.315698637681849,0.0,0.017306078225374222,0.004484139569103718,1.282193946838379,0.0,0.0
551,0.017426525187842986,0.004359612980967059,1.3066912468741922,0.0,0.01794311460107565,0.0052649084944278,1.267820620536804,0.0,0.0
552,0.018214390010518187,0.005181041080504656,1.3033349233515121,0.0,0.0164426201954484,0.0035593686159700157,1.2883251667022706,0.0,0.0
553,0.018184222061844432,0.0049176251324003235,1.3266597495359533,0.0,0.01855717971920967,0.00542878769338131,1.3128391981124878,0.0,0.0
554,0.017583743121255848,0.004309981431373779,1.3273762043784647,0.0,0.0169087253510952,0.004062512144446373,1.2846213340759278,0.0,0.0
555,0.017996805774814943,0.005025628570686369,1.2971177662120146,0.0,0.01706184819340706,0.004408978950232267,1.2652869701385498,0.0,0.0
556,0.018244913340929675,0.005237805931007161,1.3007107692606308,0.0,0.017694396153092384,0.0046976528130471705,1.2996743440628051,0.0,0.0
557,0.018115380669341367,0.004792357616893509,1.3323023389367497,0.0,0.017885856702923773,0.004838264686986804,1.3047592401504517,0.0,0.0
558,0.017692235572373167,0.004590190248563886,1.3102045409819658,0.0,0.01761740855872631,0.004821484023705125,1.2795924901962281,0.0,0.0
559,0.018002133816480637,0.005069512791712494,1.293262103024651,0.0,0.01759546622633934,0.004841950349509716,1.275351643562317,0.0,0.0
560,0.017725252929855797,0.004712797290481189,1.301245605244356,0.0,0.017407166957855224,0.004609459266066551,1.279770803451538,0.0,0.0
561,0.018055495970389423,0.005028801189516397,1.3026695251464844,0.0,0.01789460554718971,0.005000152345746756,1.2894453763961793,0.0,0.0
562,0.01764614145983668,0.0045545019675046206,1.3091639841304106,0.0,0.01685112901031971,0.0040326585527509454,1.281847071647644,0.0,0.0
563,0.017761634114910576,0.0048183779615689724,1.2943256462321562,0.0,0.019591575488448143,0.006961864419281483,1.2629711151123046,0.0,0.0
564,0.017854780287427062,0.004943713682758457,1.2911066938849056,0.0,0.01753387749195099,0.0048865123186260465,1.2647365570068358,0.0,0.0
565,0.018261704922598952,0.0052741977440960265,1.2987507231095259,0.0,0.017700723186135293,0.004770072503015399,1.293065118789673,0.0,0.0
566,0.017786077826338655,0.004605059676310595,1.3181018408607035,0.0,0.017377689853310584,0.004537291964516044,1.2840397834777832,0.0,0.0
567,0.017776629175333417,0.0048728220383910574,1.2903807513854082,0.0,0.016676283441483974,0.004036775510758162,1.2639508247375488,0.0,0.0
568,0.017514180227675858,0.004762706826167072,1.2751473468892716,0.0,0.017429358139634133,0.004949018638581037,1.2480339765548707,0.0,0.0
569,0.01763199609430397,0.004965447081143365,1.2666549191755407,0.0,0.01682451106607914,0.004402043670415879,1.2422468185424804,0.0,0.0
570,0.017648736014962196,0.004977180266424137,1.2671555841670317,0.0,0.017691577225923537,0.005157326441258192,1.2534250736236572,0.0,0.0
571,0.017362762023420894,0.0044830789899124816,1.2879683340297026,0.0,0.01753867231309414,0.004868595208972692,1.2670077085494995,0.0,0.0
572,0.01777063080054872,0.004858171854935148,1.2912459092981674,0.0,0.017390949279069902,0.00462776361964643,1.2763185977935791,0.0,0.0
573,0.017415587516391978,0.004439126083846478,1.2976461508694817,0.0,0.017113953456282617,0.004511292651295662,1.2602660655975342,0.0,0.0
574,0.017620891387410024,0.004961018916219473,1.2659872980678784,0.0,0.017524090223014356,0.005151475640013814,1.2372614860534668,0.0,0.0
575,0.018390445257810986,0.005635720307883971,1.2754724937326767,0.0,0.017252178862690926,0.004473129753023386,1.2779049396514892,0.0,0.0
576,0.017634283477330908,0.004592100459644023,1.3042183483348173,0.0,0.017030994035303594,0.004186748107895255,1.284424638748169,0.0,0.0
577,0.01792832387282568,0.004892119973459665,1.3036204225876753,0.0,0.01783907152712345,0.004979228693991899,1.2859843015670775,0.0,0.0
578,0.017983438775819892,0.004901886178071008,1.3081552982330322,0.0,0.017284434661269187,0.004521134030073881,1.2763301134109497,0.0,0.0
579,0.01786547838984167,0.004831666770555517,1.303381183568169,0.0,0.017458504624664785,0.0045663667377084495,1.2892138481140136,0.0,0.0
580,0.01800768049981664,0.004796563894213999,1.3211117071263931,0.0,0.017206613346934317,0.004238795675337315,1.296781802177429,0.0,0.0
581,0.01801092681639335,0.004932248266413808,1.307867870611303,0.0,0.0174835504963994,0.004741858458146453,1.2741692543029786,0.0,0.0
582,0.01792419537463609,0.0049062781994614535,1.3017917450736551,0.0,0.017436370998620988,0.0045683392323553566,1.2868032217025758,0.0,0.0
583,0.01803596898475114,0.004910454537500353,1.3125514843884636,0.0,0.017515788599848748,0.004510816326364875,1.3004972696304322,0.0,0.0
584,0.018060930840232792,0.00490037034101346,1.316056118291967,0.0,0.017269626073539258,0.0043634023983031515,1.2906224250793457,0.0,0.0
585,0.017994809347917053,0.00484418760820785,1.3150622073341818,0.0,0.017622374929487705,0.004690224165096879,1.2932151556015015,0.0,0.0
586,0.017709377988734665,0.0045327644603436485,1.3176613695481245,0.0,0.017969198524951935,0.005062976200133562,1.2906222343444824,0.0,0.0
587,0.017937475377145934,0.004824682262123507,1.3112793249242447,0.0,0.017415221966803073,0.00456797257065773,1.2847249507904053,0.0,0.0
588,0.01780315291355638,0.0047966011882047445,1.3006551896824556,0.0,0.017508392035961152,0.004889791179448366,1.261860156059265,0.0,0.0
589,0.01801326312124729,0.005177718080470667,1.2835545399609734,0.0,0.018328265845775606,0.005570216197520494,1.2758050203323363,0.0,0.0
590,0.01768657795208342,0.0045636398991679445,1.3122938450644999,0.0,0.01715690307319164,0.004241180373355746,1.2915722608566285,0.0,0.0
591,0.017597159589914715,0.004440783043665921,1.315637651611777,0.0,0.017504630237817766,0.0047200983855873345,1.278453254699707,0.0,0.0
592,0.018062282408423284,0.005142061231548295,1.2920221300686108,0.0,0.017780755832791328,0.0051334371324628595,1.2647318840026855,0.0,0.0
593,0.017512258142232895,0.004552216159508508,1.2960042322383207,0.0,0.018258995562791824,0.0056081082671880726,1.2650887489318847,0.0,0.0
594,0.01840280752409907,0.00545488964930615,1.2947917966281666,0.0,0.01825447641313076,0.005496884975582361,1.2757591247558593,0.0,0.0
595,0.017444577944629332,0.004449422074043576,1.2995155979605282,0.0,0.017462590336799623,0.0048366533126682045,1.262593722343445,0.0,0.0
596,0.017507128636626637,0.004632858080132043,1.2874270958058975,0.0,0.017457475140690803,0.004907356714829803,1.2550118684768676,0.0,0.0
597,0.017860619734753582,0.005038404563332305,1.2822215416852165,0.0,0.020778924226760864,0.00811611907556653,1.2662805557250976,0.0,0.0
598,0.017842663780731315,0.0048325352562481865,1.3010128876742195,0.0,0.01714458968490362,0.00434603625908494,1.2798554182052613,0.0,0.0
599,0.017628009157145724,0.0046690113239866845,1.2958998049006742,0.0,0.017302598990499973,0.004750574147328735,1.2552025318145752,0.0,0.0
600,0.01752714971628259,0.004716431653565343,1.2810718522352331,0.0,0.017096734419465066,0.004548594634979963,1.2548139810562133,0.0,0.0
601,0.017564229448052013,0.004782009595895515,1.2782220139222986,0.0,0.017199040949344636,0.00471755894832313,1.248148250579834,0.0,0.0
602,0.017876296139815274,0.00504562136826708,1.2830674788531136,0.0,0.017457795329391956,0.004658017680048943,1.27997784614563,0.0,0.0
603,0.017707703251610783,0.004552891902515993,1.3154811578638412,0.0,0.017238370701670648,0.004414667328819633,1.282370376586914,0.0,0.0
604,0.01789474728352883,0.004918256582801833,1.297649117077098,0.0,0.01763484962284565,0.004965703282505274,1.2669146537780762,0.0,0.0
605,0.01753902544870096,0.004620003828997998,1.2919022125356339,0.0,0.01772990319877863,0.005121167981997132,1.260873556137085,0.0,0.0
606,0.018003034624545014,0.005114205660955871,1.2888829217237585,0.0,0.01659895870834589,0.0038844697643071412,1.2714489459991456,0.0,0.0
607,0.017391847775262946,0.004501221016706789,1.2890627033570234,0.0,0.01751213911920786,0.0049194651655852795,1.2592674255371095,0.0,0.0
608,0.017854301258921623,0.005091950845192461,1.2762351036071777,0.0,0.017844574898481368,0.005175834335386753,1.2668740272521972,0.0,0.0
609,0.017596861457123476,0.0047180663164266765,1.2878795301212984,0.0,0.017713023349642754,0.005123448558151722,1.2589575052261353,0.0,0.0
610,0.017584848601151917,0.0047215943032985225,1.2863254406872917,0.0,0.0171000674366951,0.004448595969006419,1.2651471853256226,0.0,0.0
611,0.017451433300533715,0.004625876488931039,1.2825557484346277,0.0,0.017693056911230087,0.005192066822201013,1.250098991394043,0.0,0.0
612,0.01794443849255057,0.005123833208070958,1.2820605740827673,0.0,0.017532228119671346,0.004830591939389705,1.270163631439209,0.0,0.0
613,0.017697571612456265,0.004726617761394557,1.2970954249886906,0.0,0.017402635514736177,0.004690341744571924,1.2712294101715087,0.0,0.0
614,0.018340502153424657,0.005223412354312399,1.3117089972776526,0.0,0.017336163111031054,0.004375118622556328,1.2961044788360596,0.0,0.0
615,0.01790755203760722,0.004696619299733464,1.321093292797313,0.0,0.01704830937087536,0.0040994067676365376,1.2948903083801269,0.0,0.0
616,0.017800382064545855,0.004563011242734159,1.3237371094086592,0.0,0.01813705377280712,0.0052487865090370175,1.2888267517089844,0.0,0.0
617,0.017636673086706328,0.004642773871583974,1.2993899443570305,0.0,0.01772125158458948,0.0050560949370265,1.2665157318115234,0.0,0.0
618,0.01777710798470413,0.0047812695094548606,1.2995838768341963,0.0,0.016831414960324764,0.004032515920698643,1.2798899173736573,0.0,0.0
619,0.018084793406374314,0.0049889106303453445,1.3095883411519669,0.0,0.017096526734530926,0.004126208904199302,1.297031831741333,0.0,0.0
620,0.017786322051987928,0.004579900462618645,1.3206421767964083,0.0,0.01734010726213455,0.004459911305457353,1.288019633293152,0.0,0.0
621,0.01773577621754478,0.004502260715098065,1.3233515795539408,0.0,0.0176861722022295,0.004675812646746635,1.3010359525680542,0.0,0.0
622,0.01764369536848629,0.0044678171466597735,1.3175878594903385,0.0,0.017133371345698832,0.004362166346982122,1.2771205186843873,0.0,0.0
623,0.01778912960606463,0.00483148534070043,1.2957644672954785,0.0,0.01883702464401722,0.006013938877731562,1.2823086500167846,0.0,0.0
624,0.017595012727029184,0.004568897762938458,1.3026115052840288,0.0,0.01732928417623043,0.004560779826715588,1.2768504619598389,0.0,0.0
625,0.017676040091935324,0.004694983294671949,1.2981056816437666,0.0,0.017757988534867764,0.00510795540176332,1.2650032997131349,0.0,0.0
626,0.01780803720740711,0.0049329332541674376,1.2875104371239157,0.0,0.016638034582138063,0.004011529171839357,1.2626505613327026,0.0,0.0
627,0.01758894313345937,0.00467135977712186,1.291758376009324,0.0,0.017475703731179237,0.00468514789827168,1.279055619239807,0.0,0.0
628,0.017178487361353988,0.004309594617499148,1.286889300626867,0.0,0.01797712631523609,0.005563417123630643,1.241370940208435,0.0,0.0
629,0.0181855376371566,0.005566047340193216,1.2619490763720345,0.0,0.017124220728874207,0.004731862246990204,1.2392358541488648,0.0,0.0
630,0.01776656590621261,0.00496475413606009,1.2801812045714434,0.0,0.016341314278542997,0.003658024361357093,1.2683290243148804,0.0,0.0
631,0.0182908925720874,0.005233615403994918,1.3057277412975536,0.0,0.017296691425144672,0.0043707729782909155,1.2925918579101563,0.0,0.0
632,0.017875082133447424,0.004605109282933614,1.3269973362193388,0.0,0.018089818954467773,0.005089099518954754,1.3000719547271729,0.0,0.0
633,0.017763419405502433,0.0044143589569584415,1.3349060872021843,0.0,0.017667113244533537,0.004757944773882627,1.290916872024536,0.0,0.0
634,0.017670233788735727,0.004722797462497564,1.294743678149055,0.0,0.01664562001824379,0.004035897739231587,1.2609722375869752,0.0,0.0
635,0.017902427188613835,0.004987156812978142,1.2915270609014176,0.0,0.017704359814524652,0.004962385166436434,1.274197483062744,0.0,0.0
636,0.017560880521641058,0.004577113630469231,1.2983767004574047,0.0,0.01742340885102749,0.004840475460514426,1.2582933902740479,0.0,0.0
637,0.017700294416178677,0.004905547124936301,1.2794747843461878,0.0,0.01760687939822674,0.005022509582340717,1.2584370374679565,0.0,0.0
638,0.017770837554160285,0.004817432545892456,1.2953405310125912,0.0,0.017103349789977074,0.0043390810955315825,1.2764268875122071,0.0,0.0
639,0.01782901376924094,0.004797558108454242,1.303145590950461,0.0,0.017486052960157393,0.0046906574629247185,1.2795395612716676,0.0,0.0
640,0.017743218580589575,0.004659573944723781,1.3083645035238827,0.0,0.017778798937797546,0.005052891466766596,1.2725908041000367,0.0,0.0
641,0.017935784150134113,0.004843569442848949,1.309221492094152,0.0,0.018133381381630898,0.0052656508050858974,1.2867730617523194,0.0,0.0
642,0.017721716971958384,0.004673010464209844,1.3048706755918615,0.0,0.017270574904978277,0.004527570819482208,1.2743003845214844,0.0,0.0
643,0.017456517609603265,0.004500103895278538,1.2956414082471062,0.0,0.01683422699570656,0.004229778423905373,1.2604448556900025,0.0,0.0
644,0.017959457438658264,0.005117096883409163,1.2842360805062687,0.0,0.018179798126220705,0.0054474550299346445,1.2732343196868896,0.0,0.0
645,0.01775472764583195,0.004688362015739959,1.3066365929210888,0.0,0.017618752270936965,0.00474596843123436,1.287278413772583,0.0,0.0
646,0.017924826153937506,0.004747184828909881,1.3177641700295841,0.0,0.01692385822534561,0.0039194023702293634,1.3004456043243409,0.0,0.0
647,0.01759574091171517,0.0044591076233807736,1.3136633494321037,0.0,0.017705385759472846,0.00491341263987124,1.279197335243225,0.0,0.0
648,0.017587440855362835,0.004645829458775765,1.294161179486443,0.0,0.018053185567259787,0.005460395198315382,1.2592791080474854,0.0,0.0
649,0.017796547864289844,0.004938804174718612,1.2857743922401876,0.0,0.016994677484035492,0.004380343668162823,1.2614333868026733,0.0,0.0
650,0.01793082891141667,0.004969755201326574,1.2961073833353378,0.0,0.017508444003760816,0.004636091226711869,1.2872353076934815,0.0,0.0
651,0.017640284317381242,0.004528113312142736,1.3112171257243437,0.0,0.01765725016593933,0.00488879419863224,1.2768455743789673,0.0,0.0
652,0.01759723716360681,0.004544607979957671,1.3052629512899063,0.0,0.017551649175584317,0.004757744167000056,1.279390525817871,0.0,0.0
653,0.017699305625522837,0.0047414079719387435,1.29578978173873,0.0,0.017470041662454604,0.004901820886880159,1.2568220853805543,0.0,0.0
654,0.017379553933792254,0.00465110525050584,1.272844861535465,0.0,0.018625031970441342,0.006193623226135969,1.2431409358978271,0.0,0.0
655,0.017593423507231122,0.004805843866265872,1.2787579929127413,0.0,0.017187417298555375,0.0045324482023715975,1.2654968738555907,0.0,0.0
656,0.017610166495775476,0.004683370756752351,1.2926796113743502,0.0,0.016811424307525157,0.004088908154517412,1.2722516775131225,0.0,0.0
657,0.017574797658359304,0.0047053515856318616,1.2869446207495296,0.0,0.017620280012488367,0.005062292888760566,1.2557987451553345,0.0,0.0
658,0.017782557098304525,0.004963849095956367,1.2818708139307358,0.0,0.017713504284620284,0.0050535804592072965,1.2659923553466796,0.0,0.0
659,0.017483535003574455,0.004587007453665137,1.2896527683033663,0.0,0.017939742282032968,0.00538973705843091,1.2550005435943603,0.0,0.0
660,0.017361864940646815,0.004686888718210599,1.267497651717242,0.0,0.01746388487517834,0.005170395970344544,1.2293489217758178,0.0,0.0
661,0.01759611880954574,0.004915544023627744,1.2680574936025284,0.0,0.01636307630687952,0.003906335425563156,1.2456741094589234,0.0,0.0
662,0.017924071453949985,0.005111816626809099,1.2812254849602194,0.0,0.01797017976641655,0.005325445625931025,1.2644734621047973,0.0,0.0
663,0.017838303876273772,0.004876226953723852,1.2962077154832727,0.0,0.017505955696105958,0.004708002414554357,1.2797953844070435,0.0,0.0
664,0.01759567906093948,0.004588901270728777,1.300677832435159,0.0,0.018003373220562936,0.005348087288439274,1.2655285835266112,0.0,0.0
665,0.017795600216178334,0.004869979121448363,1.2925621481502758,0.0,0.017007808201014996,0.004278105264529586,1.2729703664779664,0.0,0.0
666,0.017216155634206885,0.004356990390292862,1.2859165598364437,0.0,0.016992652788758278,0.004526140121743083,1.246651291847229,0.0,0.0
667,0.017913901521002546,0.005237675737589598,1.2676226321388693,0.0,0.01707407534122467,0.004542512027546764,1.253156352043152,0.0,0.0
668,0.017214538310380542,0.004332120516611373,1.2882418141645544,0.0,0.017084922641515732,0.00448932396247983,1.2595599174499512,0.0,0.0
669,0.01742737044525497,0.004614610416705117,1.2812760156743668,0.0,0.017579323053359984,0.005088271619752049,1.2491051435470581,0.0,0.0
670,0.017873326206908506,0.005111285211408839,1.2762041091918945,0.0,0.017124199494719505,0.004578648414462805,1.2545551300048827,0.0,0.0
671,0.017716703498188185,0.0048617102917941175,1.2854993413476383,0.0,0.01692449450492859,0.00429332097992301,1.2631173610687256,0.0,0.0
672,0.017895293476827005,0.00490557451677673,1.298971926464754,0.0,0.01808847561478615,0.005299744196236134,1.2788731336593628,0.0,0.0
673,0.017917705809368807,0.0047756196821437166,1.314208654796376,0.0,0.017215609923005103,0.004271902143955231,1.2943707704544067,0.0,0.0
674,0.017895442543222624,0.00465191196759834,1.3243530988693237,0.0,0.01763075403869152,0.004728882852941751,1.29018714427948,0.0,0.0
675,0.018005658269805068,0.004982319838531753,1.302333866848665,0.0,0.01736371126025915,0.004628387046977878,1.273532462120056,0.0,0.0
676,0.017599988400059587,0.004577689886312275,1.302229881286621,0.0,0.017416847124695777,0.004615774005651474,1.280107307434082,0.0,0.0
677,0.01759829733739881,0.004551835454014295,1.3046462255365707,0.0,0.017175927758216858,0.004449457209557295,1.2726470708847046,0.0,0.0
678,0.017804412390379346,0.004691511022803538,1.3112901729695938,0.0,0.01727989614009857,0.00429960461333394,1.2980291604995728,0.0,0.0
679,0.017622189486727995,0.004463268663076793,1.3158921003341675,0.0,0.018067001178860665,0.005166827794164419,1.2900173902511596,0.0,0.0
680,0.018011918948853716,0.004891671267721583,1.3120247826856726,0.0,0.01830035522580147,0.005497963121160865,1.280239176750183,0.0,0.0
681,0.017614914433044547,0.0045730049639721125,1.3041909722720875,0.0,0.0175720801576972,0.004901413386687636,1.2670666933059693,0.0,0.0
682,0.017229615546324673,0.004385721842374872,1.2843894046895645,0.0,0.01766994558274746,0.005209617596119642,1.2460328578948974,0.0,0.0
683,0.01789457066094174,0.005237789221984499,1.2656781673431396,0.0,0.0179374061524868,0.005375956557691098,1.2561449527740478,0.0,0.0
684,0.017764827674802613,0.004803650957696578,1.296117719481973,0.0,0.01701335608959198,0.004181241942569613,1.2832114219665527,0.0,0.0
685,0.01751546222059166,0.004415444892776363,1.3100017800050623,0.0,0.01728794015944004,0.004492245148867369,1.2795695304870605,0.0,0.0
686,0.017957358949762935,0.004977475276545566,1.297988400739782,0.0,0.017439962550997733,0.004735124995931983,1.2704838275909425,0.0,0.0
687,0.018084978356080895,0.004980083089321852,1.3104895563686596,0.0,0.017871332727372645,0.005022854870185256,1.2848477840423584,0.0,0.0
688,0.017640494029311574,0.004579666002160486,1.3060828236972584,0.0,0.017162559926509856,0.004417046951130032,1.2745513916015625,0.0,0.0
689,0.018049216226619834,0.005095023798811085,1.2954192652421839,0.0,0.016711204685270785,0.003959214128553867,1.2751990795135497,0.0,0.0
690,0.01774415757287951,0.004538335399154355,1.3205822425730087,0.0,0.016927584633231164,0.003986506769433617,1.2941078186035155,0.0,0.0
691,0.017423508907942212,0.004412288270781145,1.3011221044203813,0.0,0.016968393884599208,0.0043784515000879765,1.2589942932128906,0.0,0.0
692,0.017365820322404888,0.004687789964544422,1.2678030448801376,0.0,0.017705207504332066,0.005478114495053888,1.222709345817566,0.0,0.0
693,0.018238142735379582,0.005502165322575499,1.2735978014328901,0.0,0.017847823165357112,0.004955649329349399,1.2892174005508423,0.0,0.0
694,0.017269068397581577,0.004201130859334679,1.306793780887828,0.0,0.017224168591201305,0.004574694577604533,1.2649474143981934,0.0,0.0
695,0.01759807119036422,0.0047629560645231425,1.2835115685182459,0.0,0.017750741541385652,0.005242315493524075,1.2508426666259767,0.0,0.0
696,0.017553150051218623,0.0048417300259804025,1.2711420199450325,0.0,0.017425095289945604,0.004971027374267578,1.2454068183898925,0.0,0.0
697,0.01763974836863139,0.004928930251694778,1.2710818402907427,0.0,0.01859879046678543,0.006239643599838018,1.23591468334198,0.0,0.0
698,0.017694875597953796,0.0048760286778868995,1.281884747392991,0.0,0.01674516350030899,0.0041135063394904135,1.2631657361984252,0.0,0.0
699,0.01754550526247305,0.004630176172427395,1.2915328951442944,0.0,0.0175297224894166,0.0048979564104229215,1.263176679611206,0.0,0.0
700,0.017615748350234592,0.004789813722976867,1.2825934886932373,0.0,0.018073495477437973,0.00563945434987545,1.2434041261672975,0.0,0.0
701,0.017802752554416656,0.004957871360923438,1.2844881310182459,0.0,0.018655663728713988,0.005854412727057934,1.280125093460083,0.0,0.0
702,0.017798525226466796,0.004629826145794462,1.3168699460871078,0.0,0.017227021232247352,0.00423130514100194,1.2995716094970704,0.0,0.0
703,0.0177093126318034,0.004503316766418079,1.3205996120677275,0.0,0.01703831423074007,0.004169828002341091,1.2868486166000366,0.0,0.0
704,0.017705760348369095,0.0045482845538679295,1.3157475836136763,0.0,0.017484880238771438,0.004581463150680065,1.2903417110443116,0.0,0.0
705,0.017567135941456345,0.0045447474181213796,1.302238892106449,0.0,0.016958186402916908,0.004335268028080463,1.2622918844223023,0.0,0.0
706,0.01739454740548835,0.0045559213031083345,1.2838626118267285,0.0,0.017636758647859095,0.005130004836246371,1.2506753921508789,0.0,0.0
707,0.017960803364129627,0.005294028970905963,1.2666774497312658,0.0,0.01681112591177225,0.004394776304252446,1.24163498878479,0.0,0.0
708,0.017643095377613518,0.004895112504634787,1.274798316114089,0.0,0.017658228799700738,0.005129588674753905,1.2528640031814575,0.0,0.0
709,0.017536530380739886,0.004636260543895119,1.2900270013248218,0.0,0.017448458820581436,0.004754102928563953,1.269435667991638,0.0,0.0
710,0.017479248783167672,0.0045371446895467885,1.2942104549968945,0.0,0.017331527173519136,0.004726410284638405,1.2605117082595825,0.0,0.0
711,0.01758174362647183,0.004689069149796577,1.2892674838795382,0.0,0.017102091386914254,0.004371768375858664,1.2730323314666747,0.0,0.0
712,0.01748349260100547,0.004578108187107479,1.290538472287795,0.0,0.01729678064584732,0.004695100616663695,1.2601680278778076,0.0,0.0
713,0.017270557911080474,0.004480189986198264,1.2790368304533117,0.0,0.01700807623565197,0.004520473815500736,1.2487602233886719,0.0,0.0
714,0.017577574314439997,0.004750730127424878,1.2826844523934757,0.0,0.017473266832530497,0.004951302707195282,1.252196455001831,0.0,0.0
715,0.017582816619645145,0.004835679360172328,1.2747137546539307,0.0,0.017445219308137895,0.0049078849144279955,1.253733491897583,0.0,0.0
716,0.017701725639841136,0.004690764006227255,1.3010962079553043,0.0,0.01704229600727558,0.004199995845556259,1.2842300653457641,0.0,0.0
717,0.01761004772475537,0.004553813514683177,1.30562345420613,0.0,0.017147078551352023,0.004435463971458375,1.2711615085601806,0.0,0.0
718,0.017535177771659458,0.00467652956242947,1.2858648720909567,0.0,0.016792253777384757,0.004246292589232326,1.2545961141586304,0.0,0.0
719,0.017742856022189644,0.0047967495287165925,1.2946106616188497,0.0,0.016492125950753687,0.0036761151161044834,1.281601071357727,0.0,0.0
720,0.017470110153012416,0.004434167886810268,1.3035942596547745,0.0,0.01964946314692497,0.00699489489197731,1.265456771850586,0.0,0.0
721,0.01786708700306275,0.0050849358496420525,1.2782151348450606,0.0,0.01668592281639576,0.004103349847719073,1.258257269859314,0.0,0.0
722,0.0178723264595165,0.0048885366961579114,1.2983789934831507,0.0,0.01676079463213682,0.003862997330725193,1.2897797346115112,0.0,0.0
723,0.01768108523067306,0.0044571721844156,1.3223913487266092,0.0,0.017260897532105447,0.004308339161798358,1.2952558279037476,0.0,0.0
724,0.017574020935332075,0.004574086339048603,1.2999934869654037,0.0,0.0168046485632658,0.004151626862585545,1.2653022050857543,0.0,0.0
725,0.017582572996616364,0.004739383002743125,1.2843190291348625,0.0,0.01720062531530857,0.004739773087203502,1.246085286140442,0.0,0.0
726,0.017941380905754426,0.005008768358760897,1.29326130362118,0.0,0.016925621405243875,0.004116430832073093,1.280919075012207,0.0,0.0
727,0.017650346216910025,0.004521221429219141,1.312912520240335,0.0,0.017272010445594788,0.00448419158346951,1.2787819385528565,0.0,0.0
728,0.017512970494435114,0.004615190480013981,1.2897780432420618,0.0,0.017406582459807397,0.004975755419582129,1.2430826902389527,0.0,0.0
729,0.0172987627413343,0.004623525981407832,1.2675236954408533,0.0,0.017593085020780563,0.005166195426136255,1.2426889657974243,0.0,0.0
730,0.017652046976282317,0.004853062468635685,1.279898482210496,0.0,0.01722751259803772,0.004706765338778496,1.2520747423171996,0.0,0.0
731,0.01750629548640812,0.004753476145732052,1.2752819622264189,0.0,0.018566035851836204,0.006080717220902443,1.2485318899154663,0.0,0.0
732,0.0177383492974674,0.0048874927383354486,1.2850856921252083,0.0,0.018012917414307595,0.005330363847315311,1.2682554006576539,0.0,0.0
733,0.01752404430333306,0.004655748098979101,1.28682962585898,0.0,0.017555468156933783,0.005166259314864874,1.2389208793640136,0.0,0.0
734,0.01754049934885081,0.004919424187391996,1.262107533567092,0.0,0.017049743235111235,0.004645365849137306,1.2404377698898315,0.0,0.0
735,0.017686947961063945,0.0049376698923023305,1.2749278405133415,0.0,0.01771460920572281,0.005142095778137445,1.2572513580322267,0.0,0.0
736,0.01766740015762694,0.0046636313063037746,1.3003769201390885,0.0,0.017494977079331876,0.00477224551141262,1.2722731590270997,0.0,0.0
737,0.017548551454263574,0.004588732098722283,1.2959819681504194,0.0,0.01738654151558876,0.004803450871258974,1.2583091020584107,0.0,0.0
738,0.017328675945892054,0.004582593231188024,1.274608296506545,0.0,0.017943927273154258,0.005533687304705381,1.2410239934921266,0.0,0.0
739,0.017761444125105354,0.004984932965325082,1.2776511486838846,0.0,0.016743043065071107,0.004206725675612688,1.2536317825317382,0.0,0.0
740,0.017679723856203696,0.004796820514671066,1.2882903674069572,0.0,0.017396551370620728,0.004603815823793411,1.2792736530303954,0.0,0.0
741,0.017414080088629443,0.004429361673400682,1.2984718785566443,0.0,0.01702258735895157,0.004349933192133904,1.2672654390335083,0.0,0.0
742,0.017916817327632624,0.004942868849919999,1.2973949067732866,0.0,0.017485654354095458,0.004795617423951626,1.269003677368164,0.0,0.0
743,0.01758081345435451,0.004706297562841107,1.2874516248703003,0.0,0.01681780256330967,0.004224516777321696,1.2593286752700805,0.0,0.0
744,0.017571944524260127,0.004658077870879103,1.2913867235183716,0.0,0.017512377351522446,0.004858218040317297,1.2654159784317016,0.0,0.0
745,0.01804285025333657,0.005126321852645453,1.2916528687757605,0.0,0.01720596253871918,0.004556552693247795,1.2649409770965576,0.0,0.0
746,0.017580680001307938,0.00458824767402428,1.2992432538200827,0.0,0.016754703037440775,0.004094132734462619,1.266057014465332,0.0,0.0
747,0.017595524406608415,0.004630131085458047,1.2965393627391142,0.0,0.017616814002394676,0.004897971451282501,1.271884298324585,0.0,0.0
748,0.017692259622409064,0.004782271407106344,1.290998844539418,0.0,0.017473438009619712,0.004838943714275956,1.2634494304656982,0.0,0.0
749,0.017968914909836126,0.005047091255512308,1.2921823894276339,0.0,0.018290075287222863,0.005474993772804737,1.2815081834793092,0.0,0.0
750,0.0172963693518849,0.004179052652462441,1.3117316821042229,0.0,0.017802377790212633,0.005082628969103098,1.2719748973846436,0.0,0.0
751,0.017447156064650592,0.004614415140274693,1.2832741386750166,0.0,0.016362873278558253,0.004008901724591851,1.235397171974182,0.0,0.0
752,0.01760286563897834,0.004907750209574313,1.2695115944918465,0.0,0.0168094664812088,0.004430209426209331,1.2379257202148437,0.0,0.0
753,0.018088283345979804,0.005251576850081191,1.2836706708459293,0.0,0.016230548545718194,0.0034280567429959773,1.2802491903305053,0.0,0.0
754,0.017539956004304046,0.004429573302759844,1.3110383047777063,0.0,0.017830268293619157,0.005007143504917622,1.2823125123977661,0.0,0.0
755,0.01761867368922514,0.004565435365828521,1.3053238602245556,0.0,0.017198312655091287,0.004472989030182362,1.272532343864441,0.0,0.0
756,0.01734768254134585,0.00447225192671313,1.2875430934569414,0.0,0.01727098096162081,0.004741362482309342,1.2529618978500365,0.0,0.0
757,0.01726133989937165,0.004620346446138094,1.264099359512329,0.0,0.016609570756554604,0.004282695986330509,1.232687520980835,0.0,0.0
758,0.017302383285234955,0.004641069852582672,1.2661314010620117,0.0,0.017309364303946494,0.004900201223790646,1.2409162998199463,0.0,0.0
759,0.017773478894549256,0.005046318422126419,1.2727160734288834,0.0,0.01735206712037325,0.004800445307046175,1.2551621675491333,0.0,0.0
760,0.017224960741313064,0.004460853620377534,1.2764107549891752,0.0,0.018694807961583137,0.006227369420230389,1.2467438459396363,0.0,0.0
761,0.017942979603129273,0.00523396412951543,1.2709015607833862,0.0,0.017266094870865344,0.004657688597217202,1.2608406782150268,0.0,0.0
762,0.017532710095538813,0.004660513498546446,1.2872196786543901,0.0,0.017739595472812654,0.005027194134891033,1.2712401390075683,0.0,0.0
763,0.01758102886378765,0.004566620090318953,1.3014409121345072,0.0,0.01639467999339104,0.0035583994584158065,1.2836280822753907,0.0,0.0
764,0.017347718534224173,0.004352333722636104,1.2995385212056778,0.0,0.017249510809779166,0.004597127391025424,1.265238380432129,0.0,0.0
765,0.017677342080894637,0.004725140944013701,1.2952201156055225,0.0,0.017265146784484386,0.004513612156733871,1.2751534938812257,0.0,0.0
766,0.017709396231700394,0.004689609193626572,1.3019787003012264,0.0,0.017226555943489076,0.00445726728066802,1.276928925514221,0.0,0.0
767,0.017222948481931406,0.004261795362895902,1.2961153493208044,0.0,0.01742867976427078,0.004859204310923815,1.2569475889205932,0.0,0.0
768,0.017831487690701205,0.005064022069906487,1.2767465885947733,0.0,0.01733958553522825,0.004775707004591822,1.2563879013061523,0.0,0.0
769,0.01739716957158902,0.0044611881980124645,1.2935981750488281,0.0,0.016928954422473906,0.004298922885209322,1.2630032062530518,0.0,0.0
770,0.017765442238134498,0.0049242165679221645,1.2841226072872387,0.0,0.01689264886081219,0.0042333102086558935,1.265933871269226,0.0,0.0
771,0.017577041269225234,0.004644926226533511,1.2932115162120146,0.0,0.018687401339411734,0.006034364365041256,1.2653037071228028,0.0,0.0
772,0.01752709098817671,0.004659631371717243,1.2867459900238936,0.0,0.0172108119353652,0.004629486845806241,1.2581325769424438,0.0,0.0
773,0.01734649598160211,0.004484002560596256,1.2862493571113138,0.0,0.01735815778374672,0.004748115269467235,1.2610042572021485,0.0,0.0
774,0.01742045712821624,0.004626324153779184,1.27941333546358,0.0,0.017620087042450903,0.005006694048643112,1.2613393306732177,0.0,0.0
775,0.018082163844476726,0.005062997861600974,1.3019165992736816,0.0,0.0174477506428957,0.004575447458773851,1.2872303247451782,0.0,0.0
776,0.017379424206035977,0.0043454800239380665,1.3033944438485539,0.0,0.01702585369348526,0.004418833926320076,1.2607020616531373,0.0,0.0
777,0.017557175336953473,0.004767736091333277,1.278943938367507,0.0,0.016911113075911997,0.004415258811786771,1.249585461616516,0.0,0.0
778,0.01759108035441707,0.004783491275328047,1.2807589558994068,0.0,0.017028960585594177,0.00432960051111877,1.2699360370635986,0.0,0.0
779,0.017261492198004443,0.0043895052581587254,1.2871987469056074,0.0,0.01732663679867983,0.004905791068449616,1.2420845985412599,0.0,0.0
780,0.018131987630006147,0.005367297912016511,1.27646901327021,0.0,0.01731000542640686,0.004640864953398704,1.2669141054153443,0.0,0.0
781,0.017741983318153548,0.004777546725509798,1.2964436797534717,0.0,0.016728845052421094,0.003883878327906132,1.2844966650009155,0.0,0.0
782,0.01749251240535694,0.004349535646136193,1.3142977181602926,0.0,0.018350245803594588,0.005518207419663667,1.2832038640975951,0.0,0.0
783,0.01740087042836582,0.004461887511698639,1.2938983300152946,0.0,0.016918785125017165,0.004381610825657844,1.2537174463272094,0.0,0.0
784,0.017599366714849192,0.0048205972484806,1.2778769661398495,0.0,0.016808469034731387,0.004312403732910752,1.2496065378189087,0.0,0.0
785,0.01732375001644387,0.00463307007928105,1.2690680377623613,0.0,0.017480689845979214,0.00507888994179666,1.240179991722107,0.0,0.0
786,0.01788081995704595,0.004967404324013521,1.2913415712468765,0.0,0.017549356259405614,0.0046873594168573614,1.2861997127532958,0.0,0.0
787,0.017543896375333563,0.004475996952832621,1.3067900012521183,0.0,0.016766323894262313,0.004116305964998901,1.2650018453598022,0.0,0.0
788,0.01762848287163412,0.004593789988361737,1.303469321307014,0.0,0.0170786339789629,0.004308667825534939,1.2769966125488281,0.0,0.0
789,0.017464267418665046,0.004509483176447889,1.2954784701852238,0.0,0.017269345000386238,0.004758425941690803,1.2510919094085693,0.0,0.0
790,0.017580544028212044,0.00489724164499956,1.268330265493954,0.0,0.017105310596525668,0.004770020069554448,1.2335290908813477,0.0,0.0
791,0.01703179901575341,0.004396970726220924,1.2634828581529505,0.0,0.017726467922329903,0.005447072582319379,1.2279395580291748,0.0,0.0
792,0.018010811880230904,0.005244228016475544,1.2766584228066837,0.0,0.017147137224674223,0.004414475755766034,1.2732661724090577,0.0,0.0
793,0.017146451672648683,0.0041821123895180575,1.2964339466655956,0.0,0.017384348437190056,0.00478593548759818,1.2598413467407226,0.0,0.0
794,0.017324692843591467,0.004523583906976616,1.2801109131644755,0.0,0.017399871721863747,0.004943921603262425,1.245595097541809,0.0,0.0
795,0.01723946806262521,0.00464908400660052,1.2590384062598734,0.0,0.017600241303443908,0.005393752548843622,1.2206488847732544,0.0,0.0
796,0.017625581418328425,0.005167953670024872,1.2457628109875847,0.0,0.016987747512757778,0.004723293194547296,1.226445484161377,0.0,0.0
797,0.01714602956438766,0.004587176899590036,1.2558852504281437,0.0,0.0168868500739336,0.0046236514113843444,1.2263199090957642,0.0,0.0
798,0.017557231654577395,0.0050259460969006315,1.253128591705771,0.0,0.01754019260406494,0.005221159290522337,1.2319033861160278,0.0,0.0
799,0.017761731629862505,0.005014675463933279,1.2747056694591747,0.0,0.017889533191919327,0.005317116435617208,1.2572417497634887,0.0,0.0
800,0.017958402633666992,0.005073435645660057,1.288496732711792,0.0,0.01766044870018959,0.004862320562824607,1.2798128128051758,0.0,0.0
801,0.017574162058093968,0.004342418191406657,1.323174420525046,0.0,0.0168588999658823,0.003974061086773872,1.2884839534759522,0.0,0.0
802,0.017488348023856386,0.004535843960612136,1.2952504578758688,0.0,0.016977797821164133,0.004438891727477312,1.2538906574249267,0.0,0.0
803,0.017426966251257586,0.004646785297047566,1.2780181239633,0.0,0.016087107732892035,0.0035543517209589482,1.2532756328582764,0.0,0.0
804,0.017633112695287254,0.004820876905475469,1.2812236126731424,0.0,0.017150004208087922,0.004530411027371883,1.2619593143463135,0.0,0.0
805,0.01799395905040643,0.005011436145971803,1.298252316082225,0.0,0.01688804365694523,0.004062551842071116,1.2825492382049561,0.0,0.0
806,0.01769103526192553,0.004563866676214863,1.3127168837715597,0.0,0.01706791575998068,0.0042185059282928705,1.284940981864929,0.0,0.0
807,0.017439326600116843,0.004453633432550465,1.2985693426693188,0.0,0.017409597337245942,0.004810930136591196,1.259866762161255,0.0,0.0
808,0.017475786344969973,0.00469023160472074,1.2785555124282837,0.0,0.01746469736099243,0.005033848062157631,1.243084931373596,0.0,0.0
809,0.017551675110178834,0.004760840400943861,1.2790834973840153,0.0,0.017559143900871276,0.00492570735514164,1.2633436679840089,0.0,0.0
810,0.017671812818769145,0.004773251767105916,1.289856146363651,0.0,0.017933264747262,0.005303767928853631,1.2629496812820435,0.0,0.0
811,0.017150703214985484,0.004279746194644009,1.2870957500794356,0.0,0.01732769384980202,0.004782624077051878,1.2545070409774781,0.0,0.0
812,0.017123471507254767,0.004419216625940274,1.2704255230286543,0.0,0.016765807196497916,0.00439771288074553,1.2368094682693482,0.0,0.0
813,0.017585623461533997,0.004931747927056516,1.2653876052183264,0.0,0.018774375319480896,0.0063741178251802925,1.240025806427002,0.0,0.0
814,0.017397892168339563,0.004747810033971772,1.265008253209731,0.0,0.016783338412642478,0.004382577259093523,1.2400761127471924,0.0,0.0
815,0.017579556004527735,0.004761292530661996,1.2818263558780445,0.0,0.017701573297381402,0.0050797898322343825,1.2621783494949341,0.0,0.0
816,0.017242714872255045,0.004520336590597735,1.2722378408207613,0.0,0.01778138093650341,0.005385845806449652,1.2395535230636596,0.0,0.0
817,0.01753649630529039,0.004796336952816038,1.2740159525590784,0.0,0.017319898307323455,0.004807575698941946,1.2512323141098023,0.0,0.0
818,0.017758034060106558,0.004903495667830986,1.2854538805344526,0.0,0.017456820234656334,0.004652993520721793,1.2803827047348022,0.0,0.0
819,0.0176069321220412,0.004468119292355636,1.3138813130995806,0.0,0.017701400071382524,0.004930048901587725,1.277135157585144,0.0,0.0
820,0.017450733712929135,0.004521843032254016,1.2928891392315136,0.0,0.01778659000992775,0.005151868797838688,1.2634721755981446,0.0,0.0
821,0.017785267137429294,0.004844884963377434,1.2940382536719828,0.0,0.017124298214912414,0.004335266631096601,1.2789031982421875,0.0,0.0
822,0.017272178741062388,0.004377380944788456,1.2894798026365393,0.0,0.017269691452383995,0.004788196086883545,1.248149561882019,0.0,0.0
823,0.017680210773559177,0.004876617890070467,1.2803593172746546,0.0,0.017549867555499078,0.0049087065272033215,1.264116144180298,0.0,0.0
824,0.017374792629305053,0.004400559837984688,1.2974232855965109,0.0,0.01833885572850704,0.0055919573176652195,1.2746898412704468,0.0,0.0
825,0.01742110012427849,0.004476869670564637,1.2944230542463415,0.0,0.01815505400300026,0.0056402870453894135,1.2514766454696655,0.0,0.0
826,0.017426116939853218,0.004753158112768741,1.2672959566116333,0.0,0.017075664177536965,0.004776542913168669,1.2299121379852296,0.0,0.0
827,0.017492367283386344,0.004818522946580368,1.2673844800275915,0.0,0.017563016898930073,0.005014132708311081,1.2548884868621826,0.0,0.0
828,0.017616562435732168,0.00474290901740246,1.2873653734431547,0.0,0.01787124164402485,0.005287329386919737,1.2583912849426269,0.0,0.0
829,0.017245434115038198,0.004451361046556164,1.2794073399375467,0.0,0.016636791452765465,0.004207779932767153,1.2429011821746827,0.0,0.0
830,0.0174352967125528,0.004713989479248138,1.2721307277679443,0.0,0.01665913611650467,0.004221334215253591,1.2437802076339721,0.0,0.0
831,0.017261590315576864,0.004687904982882387,1.2573685365564682,0.0,0.017257280088961123,0.005034465761855245,1.2222814798355102,0.0,0.0
832,0.017377902808434823,0.004800531533820664,1.2577371457043816,0.0,0.01722869388759136,0.004865449853241444,1.236324429512024,0.0,0.0
833,0.017363805214271825,0.004754397607244113,1.260940769139458,0.0,0.018499330431222916,0.006142340507358313,1.2356990098953247,0.0,0.0
834,0.01738063552800347,0.004762392929371665,1.261824271258186,0.0,0.016924111172556877,0.0045811003539711235,1.2343010663986207,0.0,0.0
835,0.01763104504960425,0.004952289013411193,1.2678756082759184,0.0,0.017464209347963333,0.004993572598323226,1.247063684463501,0.0,0.0
836,0.017571710269240773,0.004873753333573832,1.2697957333396463,0.0,0.01682136096060276,0.004342761822044849,1.2478599548339844,0.0,0.0
837,0.017591059536618346,0.004743602291187819,1.2847457703422098,0.0,0.017225713655352592,0.004647812526673079,1.2577901363372803,0.0,0.0
838,0.017263996250489178,0.004521530957015998,1.2742465453989364,0.0,0.016879767179489136,0.00449414080940187,1.2385626792907716,0.0,0.0
839,0.017030214014298776,0.004483268527752336,1.254694567007177,0.0,0.019243231788277627,0.007093276083469391,1.2149955749511718,0.0,0.0
840,0.01784927151439821,0.005291534519261297,1.2557737546808578,0.0,0.01742243468761444,0.004829436447471381,1.2592998504638673,0.0,0.0
841,0.017708180472254753,0.004670022644431275,1.30381581362556,0.0,0.017791499942541124,0.0049802839756011965,1.2811216115951538,0.0,0.0
842,0.017606747227118295,0.004647451658349703,1.2959295931984396,0.0,0.017909613624215125,0.005295315105468035,1.2614298582077026,0.0,0.0
843,0.017320304342052516,0.004499712082393029,1.28205924875596,0.0,0.018020717427134514,0.005604975204914808,1.241574263572693,0.0,0.0
844,0.01764715199961382,0.005040217930560603,1.260693437912885,0.0,0.01740522272884846,0.005019180197268725,1.2386043071746826,0.0,0.0
845,0.01759727162254207,0.00478165632332949,1.2815615639967077,0.0,0.017326144501566887,0.0046888114884495735,1.2637333154678345,0.0,0.0
846,0.017667990616139245,0.004634845755336916,1.303314489476821,0.0,0.01629328578710556,0.003620911040343344,1.2672374725341797,0.0,0.0
847,0.017925273736610133,0.005048268282895579,1.287700561916127,0.0,0.017012211866676806,0.004455454088747502,1.2556758642196655,0.0,0.0
848,0.01744079633670695,0.004572055275168489,1.2868741049486048,0.0,0.016869067400693893,0.004272633139044047,1.2596434593200683,0.0,0.0
849,0.017132068819859448,0.004365968531655038,1.2766100518843706,0.0,0.017070230282843112,0.004743608273565769,1.2326622486114502,0.0,0.0
850,0.01760105706532212,0.004913443959701587,1.268761347321903,0.0,0.01775573007762432,0.005109656415879726,1.2646073818206787,0.0,0.0
851,0.017457536476499894,0.004517566535950583,1.2939970423193539,0.0,0.017130222544074057,0.004456099262461067,1.2674123525619507,0.0,0.0
852,0.017807697329451058,0.004866662503713194,1.2941035032272339,0.0,0.01712623592466116,0.0044683088082820175,1.2657927513122558,0.0,0.0
853,0.01744814753970679,0.004493956686928868,1.2954191109713387,0.0,0.01730407401919365,0.0046997638419270515,1.2604310750961303,0.0,0.0
854,0.017596424173782852,0.004725167966064285,1.287125636549557,0.0,0.017054352909326553,0.0043975937645882365,1.265675950050354,0.0,0.0
855,0.017462821622543475,0.004474907017805997,1.2987914996988632,0.0,0.01720522753894329,0.004515496315434575,1.268973183631897,0.0,0.0
856,0.017626979059594518,0.004756888703388327,1.2870090709013098,0.0,0.01785767562687397,0.005321652814745903,1.2536022901535033,0.0,0.0
857,0.017143727554117933,0.00438764294171158,1.2756084904951208,0.0,0.017429194413125515,0.004996722191572189,1.2432472467422486,0.0,0.0
858,0.01697728393928093,0.004385720116688925,1.2591564094319063,0.0,0.017507057823240756,0.005277428403496742,1.2229629278182983,0.0,0.0
859,0.0174438289969283,0.004918089246048647,1.2525739739922916,0.0,0.016614349000155924,0.004253822844475508,1.236052656173706,0.0,0.0
860,0.017324268270064804,0.004697331679327523,1.2626936996684355,0.0,0.01692294981330633,0.004519135039299726,1.2403815269470215,0.0,0.0
861,0.016884883537011987,0.0041979594731374695,1.2686924373402315,0.0,0.017273249849677087,0.004966860963031649,1.2306389331817627,0.0,0.0
862,0.01785704537349589,0.005126147448797436,1.2730898085762472,0.0,0.018979870527982712,0.006292572990059852,1.2687297582626342,0.0,0.0
863,0.01775158941745758,0.004817029105170685,1.2934560705633724,0.0,0.017532209306955336,0.00477463430725038,1.2757575035095214,0.0,0.0
864,0.01736268916112535,0.004437701461617561,1.2924987989313461,0.0,0.016838445514440536,0.004325473681092262,1.2512972354888916,0.0,0.0
865,0.01772819075952558,0.004999575643416713,1.2728615368113798,0.0,0.017099453881382943,0.004541213018819689,1.2558241367340088,0.0,0.0
866,0.017398060902076608,0.004507419406710302,1.2890641899669872,0.0,0.01720527820289135,0.004609868349507451,1.2595409870147705,0.0,0.0
867,0.01770675993141006,0.004937258083373308,1.2769502120859482,0.0,0.017421972006559372,0.0048779906705021855,1.2543981552124024,0.0,0.0
868,0.017526539699996218,0.004621195127530133,1.2905344822827507,0.0,0.017943274974823,0.005390310566872359,1.2552964687347412,0.0,0.0
869,0.017791760756688958,0.004938907236518229,1.2852853606728947,0.0,0.017039739340543748,0.004300476890057326,1.2739262580871582,0.0,0.0
870,0.017727298771633822,0.004592197851332671,1.3135100883596085,0.0,0.016898882389068604,0.003964615380391478,1.2934267282485963,0.0,0.0
871,0.017899457858327555,0.004974915495361476,1.2924542637432324,0.0,0.01744219772517681,0.004808410117402673,1.2633788108825683,0.0,0.0
872,0.01738978429313968,0.004426808206035811,1.2962976413614609,0.0,0.017500434070825577,0.004750167764723301,1.2750266313552856,0.0,0.0
873,0.01762539498946246,0.004670856671188684,1.2954538569730871,0.0,0.01723155304789543,0.004459394933655858,1.2772157907485961,0.0,0.0
874,0.017645010834231097,0.004564495195689446,1.3080515721265007,0.0,0.01717343516647816,0.004377198126167059,1.2796237468719482,0.0,0.0
875,0.01757518810165279,0.004577033399768612,1.29981547944686,0.0,0.017059636861085893,0.0044641423039138315,1.2595494985580444,0.0,0.0
876,0.017783332616090775,0.004875345717129462,1.290798727203818,0.0,0.017691610753536223,0.004966942593455315,1.2724668741226197,0.0,0.0
877,0.017295858110575116,0.004298264064880855,1.299759451080771,0.0,0.017197831347584725,0.004577259020879865,1.2620572566986084,0.0,0.0
878,0.01726333939415567,0.004535298041232368,1.2728041831184835,0.0,0.017801233753561973,0.005413029342889786,1.238820457458496,0.0,0.0
879,0.01731932842556168,0.004627452300423209,1.2691875976674698,0.0,0.01697594914585352,0.0044964689295738935,1.2479480504989624,0.0,0.0
880,0.017566975973108235,0.004756282028906485,1.2810693979263306,0.0,0.017758452519774436,0.005174918472766877,1.2583534717559814,0.0,0.0
881,0.017679286408512032,0.004778554676758016,1.2900731984306784,0.0,0.01732287146151066,0.004593393951654434,1.2729478120803832,0.0,0.0
882,0.017435676144326433,0.004489455659709433,1.2946220916860245,0.0,0.0172964982688427,0.004815368913114071,1.2481129884719848,0.0,0.0
883,0.017249560586231595,0.004603058305185507,1.264650253688588,0.0,0.01805727630853653,0.005808941600844264,1.2248334646224976,0.0,0.0
884,0.017501617453115827,0.004811351571012945,1.2690266300650204,0.0,0.01705985926091671,0.0045106402598321434,1.2549218893051148,0.0,0.0
885,0.017532616744146627,0.004655899192370912,1.287671783391167,0.0,0.017546321265399456,0.005006166454404592,1.2540155172348022,0.0,0.0
886,0.017178414882544207,0.004436224520973423,1.274219043114606,0.0,0.01725735254585743,0.004788492806255817,1.2468859910964967,0.0,0.0
887,0.017500983770279324,0.004857448970570284,1.2643535207299625,0.0,0.017177772521972657,0.004789929883554578,1.2387843370437621,0.0,0.0
888,0.017416901941246846,0.004626410711994942,1.27904913705938,0.0,0.016899364441633223,0.004352723574265837,1.2546641111373902,0.0,0.0
889,0.01734553951331798,0.0046054927550037116,1.2740047258489273,0.0,0.01774529181420803,0.005321697052568197,1.242359471321106,0.0,0.0
890,0.01738940688836224,0.004618838648585712,1.277056841289296,0.0,0.016931194625794888,0.004487416381016374,1.244377851486206,0.0,0.0
891,0.01745759613592835,0.004824302775566192,1.263329358661876,0.0,0.016862868517637252,0.004504610318690538,1.235825777053833,0.0,0.0
892,0.01730013726388707,0.0046130544095135785,1.2687083062003641,0.0,0.016870677843689917,0.00448368233628571,1.2386995792388915,0.0,0.0
893,0.01700884465347318,0.004405079162953531,1.260376544559703,0.0,0.017440082877874373,0.005278567411005497,1.216151523590088,0.0,0.0
894,0.01721081115743693,0.004697773838415742,1.2513037639505722,0.0,0.01750032864511013,0.005139127746224404,1.2361201047897339,0.0,0.0
895,0.0173262995941674,0.004635246141868479,1.2691053713069242,0.0,0.0177030960097909,0.00530186640098691,1.2401230096817017,0.0,0.0
896,0.017351799261044052,0.004675674690481494,1.2676124783123242,0.0,0.017137098126113415,0.004690997814759612,1.2446100473403932,0.0,0.0
897,0.017487922025954023,0.00472941212630009,1.2758509902393116,0.0,0.01704113855957985,0.004509953316301107,1.2531184911727906,0.0,0.0
898,0.01743457997765611,0.0045605694382067985,1.2874010590945972,0.0,0.017532061226665972,0.0049491521902382376,1.258290958404541,0.0,0.0
899,0.017374537885189056,0.004702470237937044,1.2672067880630493,0.0,0.01677263304591179,0.004436622839421034,1.2336009979248046,0.0,0.0
900,0.017344615915242362,0.0045685094151207625,1.2776106946608599,0.0,0.01664644218981266,0.004001142317429185,1.2645300388336183,0.0,0.0
901,0.017146909499869627,0.004363545559017974,1.2783364688648897,0.0,0.016989731416106223,0.0045877703931182625,1.240196204185486,0.0,0.0
902,0.017571978161440176,0.004889431697152117,1.2682546587551342,0.0,0.016664183139801024,0.004225192032754422,1.2438991069793701,0.0,0.0
903,0.01749322366188554,0.004700429244514774,1.279279484468348,0.0,0.017575013637542724,0.004882484115660191,1.2692529439926148,0.0,0.0
904,0.017353904543115813,0.004419549245058614,1.2934355525409473,0.0,0.017070145532488822,0.004456085618585348,1.2614060401916505,0.0,0.0
905,0.017372761907822946,0.00452642745393164,1.2846334681791418,0.0,0.017241314798593522,0.004779146984219551,1.2462167978286742,0.0,0.0
906,0.017453345634481487,0.004807721864541664,1.2645624104668112,0.0,0.01727304644882679,0.004969857912510633,1.2303188562393188,0.0,0.0
907,0.01765857675277135,0.004933479392681928,1.272509771234849,0.0,0.017113456688821315,0.004589481558650732,1.2523975849151612,0.0,0.0
908,0.017519166693091393,0.004752740263938904,1.2766426521189072,0.0,0.018034348078072072,0.005467258393764496,1.2567089796066284,0.0,0.0
909,0.017401143031961778,0.004485527300001944,1.2915615965338314,0.0,0.017552511021494865,0.005002853460609913,1.2549657106399537,0.0,0.0
910,0.017639216473873925,0.0048529996591455795,1.2786217156578512,0.0,0.017970593832433223,0.005438225669786334,1.2532367944717406,0.0,0.0
911,0.017722109003978616,0.004859245601384079,1.286286382114186,0.0,0.01733887419104576,0.004722566809505224,1.2616307497024537,0.0,0.0
912,0.01740102908190559,0.0045660371645627655,1.283499233862933,0.0,0.017655136063694954,0.005130861047655344,1.2524275064468384,0.0,0.0
913,0.017312642953851643,0.004619752823868219,1.2692890447728775,0.0,0.017182756960392,0.0048582197166979315,1.232453751564026,0.0,0.0
914,0.01738124658517978,0.0047033700188074045,1.267787680906408,0.0,0.017595819383859634,0.005117763485759497,1.2478055953979492,0.0,0.0
915,0.017259828746318817,0.00452932426432038,1.2730505045722513,0.0,0.017746113985776902,0.0053781533613801,1.2367961168289185,0.0,0.0
916,0.017295784262173316,0.004772790296770194,1.252299427986145,0.0,0.018381987884640693,0.006263161823153496,1.2118826627731323,0.0,0.0
917,0.01735837122096735,0.004900273456073859,1.24580979347229,0.0,0.016959283873438834,0.0046926004812121395,1.226668405532837,0.0,0.0
918,0.017596414203152937,0.004913000335149905,1.2683414150686825,0.0,0.017872414737939834,0.005215356964617968,1.2657057762145996,0.0,0.0
919,0.017630493597072715,0.0046948894639225565,1.293560455827152,0.0,0.016853932477533817,0.004124726727604866,1.2729206085205078,0.0,0.0
920,0.017032203428885517,0.00411824176690596,1.2913962181876688,0.0,0.0175270926207304,0.005073645384982228,1.2453447818756103,0.0,0.0
921,0.01785117442555287,0.005135019090684021,1.2716155472923727,0.0,0.016544605419039727,0.0038831427227705717,1.2661463260650634,0.0,0.0
922,0.017492351998739383,0.00448048988576321,1.3011862460304708,0.0,0.017092575691640376,0.004410401592031122,1.2682174444198608,0.0,0.0
923,0.017425498486879992,0.004409352317452431,1.3016146351309383,0.0,0.017121626622974874,0.004404740827158094,1.2716886520385742,0.0,0.0
924,0.017148610204458237,0.0042111764059347264,1.2937433930004345,0.0,0.01788023579865694,0.005351454764604568,1.2528781175613404,0.0,0.0
925,0.01759806669810239,0.004868720493772451,1.2729346892412972,0.0,0.016878223977982998,0.004299051081761718,1.2579172849655151,0.0,0.0
926,0.017834017272381222,0.004923568025012226,1.291044929448296,0.0,0.016975767724215985,0.004193295305594802,1.2782472848892212,0.0,0.0
927,0.017454012242310187,0.004442528068252346,1.3011484286364388,0.0,0.01745180655270815,0.004882723977789283,1.2569082736968995,0.0,0.0
928,0.01748311645625269,0.004680972272420631,1.2802144289016724,0.0,0.017011825926601887,0.004500334104523063,1.2511491775512695,0.0,0.0
929,0.01762732392286553,0.004864510299418779,1.2762813708361458,0.0,0.01717619374394417,0.00464951554313302,1.2526678323745728,0.0,0.0
930,0.017372196540236473,0.0045646594508605845,1.2807537457522224,0.0,0.01803715042769909,0.0055827579461038114,1.2454392433166503,0.0,0.0
931,0.017435565481291097,0.0047434764941606455,1.2692089291179882,0.0,0.019032181799411775,0.006549728382378816,1.2482453823089599,0.0,0.0
932,0.017585909706266487,0.00482191883630174,1.276399107540355,0.0,0.016383307799696923,0.0038205696502700446,1.2562738418579102,0.0,0.0
933,0.017299843294655576,0.004374688655576285,1.2925154952441944,0.0,0.0169081948697567,0.0041632698848843575,1.2744925260543822,0.0,0.0
934,0.01735652785967378,0.004450931186404298,1.290559691541335,0.0,0.01710452400147915,0.004656573757529259,1.24479501247406,0.0,0.0
935,0.017186862197430694,0.004511130097157815,1.2675732374191284,0.0,0.017931033112108707,0.005614664824679494,1.2316368579864503,0.0,0.0
936,0.01734759346308077,0.004774187636726043,1.2573406415827133,0.0,0.01747759822756052,0.005228221276775002,1.2249377012252807,0.0,0.0
937,0.017659785116420072,0.005120043273029082,1.2539742273442886,0.0,0.019550452753901482,0.007216712832450867,1.233373999595642,0.0,0.0
938,0.01717456232975511,0.00464471398085794,1.2529848673764397,0.0,0.017315397039055824,0.005107440706342459,1.2207956790924073,0.0,0.0
939,0.017265594728729305,0.004657698740415713,1.2607895837110632,0.0,0.01699934061616659,0.00462208017706871,1.2377260446548461,0.0,0.0
940,0.017565913060132193,0.004868663148954511,1.2697250211940092,0.0,0.018194694072008133,0.0056486731395125386,1.2546020984649657,0.0,0.0
941,0.017539980821311474,0.0047638380817849844,1.277614298988791,0.0,0.018055306747555733,0.005347615666687488,1.2707691431045531,0.0,0.0
942,0.017413628561531797,0.004477987709619543,1.2935641162535723,0.0,0.017807856015861035,0.005183408362790942,1.262444758415222,0.0,0.0
943,0.01701876685461577,0.004235420786939999,1.2783346386516796,0.0,0.017777666077017786,0.0054108181968331335,1.236684799194336,0.0,0.0
944,0.017553037580321815,0.0049763109041925735,1.2576726885402905,0.0,0.017120170779526232,0.004603390162810683,1.2516781330108642,0.0,0.0
945,0.017558088635697085,0.004735854591297752,1.2822234209846048,0.0,0.01775849498808384,0.005264093074947596,1.2494402408599854,0.0,0.0
946,0.017091794049038607,0.004278290482676204,1.281350388246424,0.0,0.01749168150126934,0.004998982697725296,1.2492698907852173,0.0,0.0
947,0.017305933158187306,0.00467906756710042,1.2626865961972404,0.0,0.017144294641911983,0.004893902270123362,1.2250392436981201,0.0,0.0
948,0.017753103747963905,0.005145178066895288,1.2607926060171688,0.0,0.017211700230836867,0.004737408272922039,1.2474291563034057,0.0,0.0
949,0.017393972889027175,0.004538957728073001,1.2855015502256506,0.0,0.01745063588023186,0.004869743436574936,1.258089280128479,0.0,0.0
950,0.017258774105678585,0.004562531556824551,1.269624247270472,0.0,0.018853230774402617,0.006563867721706629,1.2289363384246825,0.0,0.0
951,0.017726789228618145,0.005003249505534768,1.2723539997549618,0.0,0.017498359270393848,0.0048697810154408215,1.2628578186035155,0.0,0.0
952,0.01777343703981708,0.004731667529353324,1.304177010760588,0.0,0.017520739883184432,0.004738687630742788,1.2782052516937257,0.0,0.0
953,0.01744403295657214,0.004421989926520516,1.3022043214124792,0.0,0.01685929223895073,0.00427941270172596,1.2579880237579346,0.0,0.0
954,0.017894979456768316,0.004878808675772127,1.3016171034644632,0.0,0.017077384889125823,0.004242296563461423,1.283508849143982,0.0,0.0
955,0.01766148236963679,0.0045309754992451734,1.3130506978315466,0.0,0.018237436935305596,0.0055216978769749405,1.2715739011764526,0.0,0.0
956,0.017467242720372537,0.004605618469855364,1.2861624675638534,0.0,0.016706700809299944,0.0041747632902115585,1.2531937837600708,0.0,0.0
957,0.017633203690981165,0.004762173027676695,1.2871031059938318,0.0,0.016211709193885326,0.003599336137995124,1.261237335205078,0.0,0.0
958,0.017258314525379854,0.004435867646380383,1.2822447173735674,0.0,0.01728252526372671,0.004810529155656695,1.2471996307373048,0.0,0.0
959,0.017418543205541724,0.004754157997119953,1.2664385683396284,0.0,0.017279150523245336,0.004908934794366359,1.2370216131210328,0.0,0.0
960,0.017149520873585167,0.00447181163027006,1.267770949532004,0.0,0.016957229934632778,0.0046655972953885795,1.2291633129119872,0.0,0.0
961,0.017468899433665416,0.004913056324071744,1.2555843311197616,0.0,0.017905470728874207,0.005567555688321591,1.2337915420532226,0.0,0.0
962,0.01748040143181296,0.004737718469079803,1.2742683256373686,0.0,0.01733301319181919,0.004776077391579747,1.2556935787200927,0.0,0.0
963,0.017502534258015016,0.004590911653769367,1.2911622804753922,0.0,0.016656566224992276,0.004030961450189352,1.2625605106353759,0.0,0.0
964,0.017796278876416823,0.0047646552625605285,1.3031623924479765,0.0,0.016658810153603553,0.0038663443643599748,1.2792466163635254,0.0,0.0
965,0.017318761743166867,0.004279894274933373,1.3038867782143986,0.0,0.017662883549928666,0.004949994897469878,1.2712888717651367,0.0,0.0
966,0.01753939940210651,0.004513513488585458,1.3025885960635017,0.0,0.017634955421090125,0.0048648187890648845,1.2770137071609498,0.0,0.0
967,0.017466080758501503,0.004541811916758032,1.292426908717436,0.0,0.01691972967237234,0.004342594207264483,1.2577135801315307,0.0,0.0
968,0.017591430367354083,0.004818029030609657,1.27734015268438,0.0,0.01773087717592716,0.005142709193751216,1.2588168859481812,0.0,0.0
969,0.01739208137287813,0.00455886619987295,1.2833215839722578,0.0,0.016708320938050747,0.004166181338950992,1.2542140007019043,0.0,0.0
970,0.017008146545027986,0.004270872484673472,1.2737274169921875,0.0,0.017450761422514914,0.0051009138114750385,1.23498477935791,0.0,0.0
971,0.017341677811654174,0.004792951115900103,1.2548727077596329,0.0,0.018257199227809905,0.005789836682379246,1.246736264228821,0.0,0.0
972,0.01766633735421826,0.004890159375089056,1.2776178331936108,0.0,0.017292718030512334,0.004685237910598517,1.2607480049133302,0.0,0.0
973,0.01722144428640604,0.004246823065092459,1.2974621618495268,0.0,0.01810399293899536,0.00547047546133399,1.2633517503738403,0.0,0.0
974,0.01745245441356126,0.004688368644565344,1.276408595197341,0.0,0.0171813128516078,0.004830446979030967,1.2350866317749023,0.0,0.0
975,0.01749331328798743,0.0049048896796782225,1.258842377101674,0.0,0.016852309741079808,0.004540771571919322,1.2311538696289062,0.0,0.0
976,0.016966450849876684,0.0044925070970374,1.247394421521355,0.0,0.017881405539810658,0.005753166787326336,1.2128239154815674,0.0,0.0
977,0.017690309104235732,0.00512487454997266,1.2565434890634872,0.0,0.01755928583443165,0.005009419471025467,1.2549866676330566,0.0,0.0
978,0.017629163284950396,0.004721875932505902,1.290728765375474,0.0,0.017030851729214192,0.004298038361594081,1.2732814073562622,0.0,0.0
979,0.017564213012947756,0.004436021492652157,1.3128191723543055,0.0,0.017025979049503804,0.004120510374195874,1.2905469179153441,0.0,0.0
980,0.017651817268308473,0.0046042791869053065,1.3047538364634794,0.0,0.016843303479254244,0.0042443599086254835,1.259894347190857,0.0,0.0
981,0.0173231760478195,0.00446027478970149,1.2862901266883402,0.0,0.017579977214336396,0.0050764593295753,1.2503518342971802,0.0,0.0
982,0.017733632312978014,0.005033923751291107,1.269970886847552,0.0,0.01771158315241337,0.005251245852559805,1.2460337638854981,0.0,0.0
983,0.017492719871156356,0.004572853500790456,1.291986668811125,0.0,0.01676256526261568,0.003941678814589978,1.2820886373519897,0.0,0.0
984,0.01746352400411578,0.004456272992469808,1.3007251374861772,0.0,0.018827370554208755,0.00614236956462264,1.268500065803528,0.0,0.0
985,0.017514584038187477,0.004729877048007706,1.2784707125495463,0.0,0.017566602490842343,0.005136301461607218,1.243030071258545,0.0,0.0
986,0.017638217438669765,0.004732369705486824,1.2905848026275635,0.0,0.018355806544423103,0.0057454008609056475,1.2610405683517456,0.0,0.0
987,0.017692554358612087,0.004853689235032481,1.2838865027708166,0.0,0.016945519112050535,0.004327643802389503,1.2617875814437867,0.0,0.0
988,0.017503879909567973,0.004546489402213518,1.2957390827291153,0.0,0.016835321113467215,0.004267920460551977,1.2567400693893434,0.0,0.0
989,0.01745296850362245,0.004734689301318105,1.2718279361724854,0.0,0.016890308633446694,0.004504951881244779,1.238535714149475,0.0,0.0
990,0.01731557327815715,0.004683115752413869,1.2632457859375898,0.0,0.01682843193411827,0.00450250506401062,1.2325927019119263,0.0,0.0
991,0.017278799841947415,0.00466820557930452,1.2610594384810503,0.0,0.01703122928738594,0.004623308591544628,1.2407921075820922,0.0,0.0
992,0.017835633500533944,0.005002178553053562,1.2833454959532793,0.0,0.017122075147926807,0.004278493486344815,1.2843582153320312,0.0,0.0
993,0.017340404364992592,0.004296913249965976,1.304349141962388,0.0,0.016948354430496693,0.004264271492138505,1.2684083223342895,0.0,0.0
994,0.017312488135169533,0.004406444933813284,1.2906043529510498,0.0,0.0171727329492569,0.004589579766616225,1.258315348625183,0.0,0.0
995,0.017287887632846832,0.004505712936139282,1.278217497993918,0.0,0.016606113500893117,0.004118617950007319,1.248749566078186,0.0,0.0
996,0.01727201504742398,0.004605548209784662,1.2666466937345617,0.0,0.01774546392261982,0.0054097861982882025,1.2335677862167358,0.0,0.0
997,0.017230938462650076,0.004585096503005308,1.2645842327791101,0.0,0.017058329470455647,0.004593916283920407,1.2464413166046142,0.0,0.0
998,0.017411151024348596,0.004535116762032404,1.2876034554313212,0.0,0.017049648985266685,0.004325842205435038,1.2723807096481323,0.0,0.0
999,0.01723644438692752,0.004339652190751889,1.2896792257533354,0.0,0.018560453690588473,0.006018265336751938,1.2542188882827758,0.0,0.0
1000,0.017737761687706497,0.004986648612162646,1.2751113176345825,0.0,0.017085587978363036,0.004658939456567169,1.242664885520935,0.0,0.0
1001,0.017431955455857163,0.004662762560388621,1.27691930883071,0.0,0.016504927165806295,0.004010152025148273,1.2494775533676148,0.0,0.0
1002,0.017354500918265653,0.0045874917003161765,1.2767009244245642,0.0,0.016817397624254226,0.004403046797960997,1.2414350748062133,0.0,0.0
1003,0.017680057050550684,0.004815664854558075,1.2864392575095682,0.0,0.017250945046544074,0.004536604229360819,1.2714341163635254,0.0,0.0
1004,0.017274779048474395,0.004304868237608496,1.2969911238726448,0.0,0.017242526076734065,0.004677580809220672,1.2564945697784424,0.0,0.0
1005,0.017385824309552416,0.0045203927712624565,1.286543186973123,0.0,0.017470933496952057,0.004878333164379,1.2592600584030151,0.0,0.0
1006,0.017808126504806912,0.005032003186095287,1.2776123635909136,0.0,0.016907014697790147,0.004401632398366928,1.2505383014678955,0.0,0.0
1007,0.017493280527346274,0.0046792202903067365,1.2814060519723331,0.0,0.01690991185605526,0.004340443387627601,1.256946849822998,0.0,0.0
1008,0.017477699938942406,0.004572349668973509,1.290535050279954,0.0,0.017839593067765235,0.005292252637445927,1.2547340393066406,0.0,0.0
1009,0.017750276252627373,0.0047385466613752,1.3011729857500862,0.0,0.017764148488640785,0.004911101050674915,1.2853047847747803,0.0,0.0
1010,0.017527395859360695,0.004505964037140503,1.3021432231454289,0.0,0.017499953880906104,0.005073114391416311,1.2426839590072631,0.0,0.0
1011,0.016877871444996667,0.0043890062199138545,1.24888655017404,0.0,0.016454037837684156,0.004365495452657342,1.2088542938232423,0.0,0.0
1012,0.017661756452392128,0.005142785759423585,1.2518971246831558,0.0,0.016929568164050578,0.0045511138159781694,1.237845492362976,0.0,0.0
1013,0.01729655890342067,0.004463127102045452,1.2833432029275333,0.0,0.017215124145150185,0.004512589564546943,1.2702534675598145,0.0,0.0
1014,0.017400209518039927,0.004403724595356514,1.2996485233306885,0.0,0.017554955184459688,0.004907761374488473,1.2647193908691405,0.0,0.0
1015,0.01749926060438156,0.004605929654858568,1.289333147161147,0.0,0.017734167724847795,0.005089015979319811,1.264515209197998,0.0,0.0
1016,0.01725218171144233,0.004339009564479484,1.2913172245025635,0.0,0.017333972826600076,0.004835914541035891,1.2498058795928955,0.0,0.0
1017,0.01756021741996793,0.004815778229385614,1.2744439419578104,0.0,0.01758332848548889,0.005043238960206508,1.254008960723877,0.0,0.0
1018,0.017401931149994627,0.004522134714266833,1.287979665924521,0.0,0.01729222312569618,0.004769597295671701,1.2522626161575316,0.0,0.0
1019,0.018006180467851022,0.005139156559701352,1.2867024295470293,0.0,0.01616752091795206,0.0034956394811160862,1.2671881914138794,0.0,0.0
1020,0.01729101380881141,0.004341789247358546,1.2949225061080034,0.0,0.017185144871473313,0.0046103271190077065,1.2574817895889283,0.0,0.0
1021,0.017612743465339437,0.00473817448843928,1.287456940202152,0.0,0.016986618377268316,0.0042914291843771935,1.2695188999176026,0.0,0.0
1022,0.01763300279922345,0.004495794419199228,1.3137208573958452,0.0,0.017402212880551816,0.0045012080576270815,1.2901005029678345,0.0,0.0
1023,0.017234360470491296,0.004210153704180437,1.3024207073099472,0.0,0.0177971713244915,0.005261405743658543,1.2535765647888184,0.0,0.0
1024,0.01738701481372118,0.004581826752709115,1.2805188122917623,0.0,0.0170308168977499,0.004487937781959772,1.2542879104614257,0.0,0.0
1025,0.017467706080745247,0.004564885953989099,1.2902820460936602,0.0,0.016805802285671235,0.004160943347960711,1.2644859313964845,0.0,0.0
1026,0.01741869281977415,0.004505837336182594,1.2912855919669657,0.0,0.016468044929206373,0.004001363646239042,1.2466681718826294,0.0,0.0
1027,0.017115204649813035,0.004333859720431706,1.2781345353407019,0.0,0.017880540713667868,0.005476268520578742,1.2404272317886353,0.0,0.0
1028,0.01784531311953769,0.005089227151235237,1.2756086307413437,0.0,0.01727772206068039,0.004617662588134408,1.2660059928894043,0.0,0.0
1029,0.017399407813654226,0.004510883707553148,1.2888524672564339,0.0,0.017238884046673775,0.004673364479094744,1.2565520048141479,0.0,0.0
1030,0.017548834521542576,0.004723295240717775,1.28255393224604,0.0,0.016721143573522567,0.0041395828127861025,1.2581561088562012,0.0,0.0
1031,0.017395729746888664,0.004461007576216669,1.2934722339405733,0.0,0.01724214814603329,0.00452857818454504,1.271357035636902,0.0,0.0
1032,0.017212866202873343,0.004330499193576329,1.288236709202037,0.0,0.01769215688109398,0.005154276918619871,1.2537880420684815,0.0,0.0
1033,0.01717326560002916,0.00438715165535755,1.2786114356097054,0.0,0.01701231990009546,0.004578833747655153,1.2433486223220824,0.0,0.0
1034,0.01742038656683529,0.0048589258290389,1.2561461013906143,0.0,0.017175823636353015,0.004931407747790217,1.2244416236877442,0.0,0.0
1035,0.01729152921368094,0.004838039578102967,1.245348986457376,0.0,0.01692075952887535,0.004637838341295719,1.2282921552658081,0.0,0.0
1036,0.01715232157970176,0.00461307808975963,1.2539243627997005,0.0,0.019358113408088684,0.007151412405073642,1.2206701517105103,0.0,0.0
1037,0.017050229560802963,0.004656700321527965,1.239352962549995,0.0,0.0169199138879776,0.004814645927399397,1.2105268478393554,0.0,0.0
1038,0.017338903073002312,0.0048427630818503745,1.2496140283696793,0.0,0.018264839053153993,0.005949479201808572,1.2315360069274903,0.0,0.0
1039,0.017512606566443163,0.0049128080444300875,1.259979858117945,0.0,0.017721582390367984,0.005374224716797471,1.2347358226776124,0.0,0.0
1040,0.017300272908280876,0.004574134315857116,1.272613897043116,0.0,0.0178048649802804,0.005266316374763847,1.2538548707962036,0.0,0.0
1041,0.017323701806804714,0.0046370410880840875,1.2686661341611076,0.0,0.017283228039741517,0.004997688066214323,1.2285540342330932,0.0,0.0
1042,0.01760032882585245,0.005039210143663427,1.2561118672875797,0.0,0.01695786081254482,0.004475090419873595,1.2482771158218384,0.0,0.0
1043,0.016967416467035517,0.004278319737161784,1.268909685751971,0.0,0.01804392822086811,0.005659075826406479,1.238485288619995,0.0,0.0
1044,0.017302219865514952,0.004630832385052653,1.2671387476079605,0.0,0.01808447726070881,0.005690170917659998,1.2394306659698486,0.0,0.0
1045,0.017994060016730252,0.005194340038168079,1.27997204135446,0.0,0.018033210746943952,0.005269021261483431,1.2764190196990968,0.0,0.0
1046,0.017630546408541063,0.004503473392961656,1.3127073330037735,0.0,0.01768352072685957,0.004813040653243661,1.2870480298995972,0.0,0.0
1047,0.017398165648474413,0.004305078648030758,1.309308746281792,0.0,0.017182609997689724,0.004459712002426386,1.2722898483276368,0.0,0.0
1048,0.017254719565458158,0.004407707505914218,1.284701242166407,0.0,0.017398441769182683,0.0048764828126877545,1.252195906639099,0.0,0.0
1049,0.017448161345194366,0.004526620155529064,1.2921541788998772,0.0,0.01721154823899269,0.004429297894239426,1.278225040435791,0.0,0.0
1050,0.017140412155319664,0.004226779113249744,1.291363337460686,0.0,0.01778311226516962,0.005207274574786425,1.257583785057068,0.0,0.0
1051,0.01740349637454047,0.0045649990001145535,1.2838497442357681,0.0,0.016926272585988045,0.004299608990550041,1.2626663446426392,0.0,0.0
1052,0.017341517240685576,0.004502331043648369,1.2839186542174394,0.0,0.017376290075480937,0.004875945439562201,1.250034475326538,0.0,0.0
1053,0.017560907584779403,0.004776295822332887,1.2784612248925602,0.0,0.01766926608979702,0.005172785930335521,1.249648118019104,0.0,0.0
1054,0.017304741613128605,0.004564541172893608,1.2740200757980347,0.0,0.017014960199594496,0.004608340840786695,1.2406619787216187,0.0,0.0
1055,0.017657354254932964,0.004974363796303377,1.2682990747339584,0.0,0.016835952550172804,0.004396474175155163,1.2439478874206542,0.0,0.0
1056,0.017739979111972976,0.004796297248343334,1.2943682179731482,0.0,0.01719684824347496,0.004398702923208475,1.2798145771026612,0.0,0.0
1057,0.01712436886394725,0.0041756413274389855,1.2948727818096386,0.0,0.017176620475947858,0.0047189340926706794,1.2457686901092528,0.0,0.0
1058,0.017467663349474177,0.004743708955014453,1.272395463550792,0.0,0.017392811924219133,0.005010997597128153,1.2381815195083619,0.0,0.0
1059,0.017401474692365703,0.004740935490083168,1.2660539570976705,0.0,0.018238305300474166,0.005835106316953898,1.2403199195861816,0.0,0.0
1060,0.017124781549415168,0.004497978808906148,1.262680306154139,0.0,0.017935846745967866,0.005644723866134882,1.2291123390197753,0.0,0.0
1061,0.017483397441751817,0.004843253217747106,1.264014440424302,0.0,0.017840034514665603,0.005397278442978859,1.2442756414413452,0.0,0.0
1062,0.017503721420379245,0.004653938881614629,1.284978284555323,0.0,0.017167866975069047,0.004559117229655385,1.2608750104904174,0.0,0.0
1063,0.01711576700429706,0.004371053128338912,1.274471409180585,0.0,0.01705346405506134,0.004805234028026462,1.2248231172561646,0.0,0.0
1064,0.017427085022277692,0.004872846389737199,1.2554239174898933,0.0,0.01781895402818918,0.005428326083347201,1.2390628099441527,0.0,0.0
1065,0.01749946954934036,0.004767676486688501,1.2731793067034554,0.0,0.017728800885379314,0.00522326766513288,1.2505533695220947,0.0,0.0
1066,0.017435021314989117,0.0045151860069702655,1.2919835833942188,0.0,0.0167180884629488,0.004031667811796069,1.2686420917510985,0.0,0.0
1067,0.01768797416897381,0.004797509131843553,1.289046554004445,0.0,0.016790356300771237,0.004247888876125217,1.2542467832565307,0.0,0.0
1068,0.01721630705630078,0.004449394819162348,1.2766912614597994,0.0,0.017272882908582688,0.004806318320333958,1.2466564655303956,0.0,0.0
1069,0.017205717699492678,0.004415163441615946,1.2790554621640373,0.0,0.01632728036493063,0.0038680016063153745,1.245927882194519,0.0,0.0
1070,0.017103180508403218,0.004448215627823682,1.2654964993981754,0.0,0.01714308112859726,0.004766093287616968,1.237698769569397,0.0,0.0
1071,0.017396333901321188,0.004619253498009022,1.2777080535888672,0.0,0.017689369060099124,0.005245251674205064,1.2444117784500122,0.0,0.0
1072,0.017608849441303927,0.004823935683816671,1.27849140587975,0.0,0.01691108774393797,0.004231793712824583,1.267929458618164,0.0,0.0
1073,0.01737760522348039,0.004554362953914439,1.2823242720435648,0.0,0.01692191921174526,0.004369915975257754,1.2552003145217896,0.0,0.0
1074,0.017166602041791466,0.004322541754364091,1.284406065940857,0.0,0.0162902956828475,0.003728231368586421,1.2562064409255982,0.0,0.0
1075,0.017150615287177703,0.004426630939740469,1.2723984437830307,0.0,0.017159651219844817,0.004787611495703459,1.2372039794921874,0.0,0.0
1076,0.017574996523120823,0.004879146239117664,1.269585034426521,0.0,0.017412290535867216,0.004959068819880485,1.2453222036361695,0.0,0.0
1077,0.017515590304837507,0.004795990514514201,1.271959999028374,0.0,0.017477095127105713,0.00495053781196475,1.2526557683944701,0.0,0.0
1078,0.0175830903736984,0.0046261557213523805,1.2956934746573954,0.0,0.017872842028737068,0.005099453032016754,1.2773389577865601,0.0,0.0
1079,0.01770691349006751,0.00459399282494012,1.3112921083674711,0.0,0.01792760267853737,0.005071655148640275,1.2855948448181151,0.0,0.0
1080,0.01739391322959872,0.004353351370595834,1.3040561956517838,0.0,0.018358276039361954,0.00579465264454484,1.2563623666763306,0.0,0.0
1081,0.01742469453636338,0.004679352812030736,1.2745342324761784,0.0,0.01764913685619831,0.005175320990383625,1.247381591796875,0.0,0.0
1082,0.016813880709164283,0.004118665354326367,1.2695215449613684,0.0,0.017685044184327127,0.005416358821094036,1.2268685340881347,0.0,0.0
1083,0.017407293157542452,0.004717168795383152,1.2690124792211197,0.0,0.017090486735105513,0.004464990505948663,1.262549638748169,0.0,0.0
1084,0.017541693304391467,0.004632824388168314,1.290886921041152,0.0,0.018069879338145255,0.005414779204875231,1.2655100584030152,0.0,0.0
1085,0.01700759043588358,0.004194430308416486,1.2813160349341,0.0,0.01729845963418484,0.004879175312817096,1.2419284582138062,0.0,0.0
1086,0.017773869283059063,0.004989390329950873,1.278447901501375,0.0,0.016847708262503147,0.0041563903447240595,1.2691318273544312,0.0,0.0
1087,0.01696858204462949,0.004033034722156385,1.293554754818187,0.0,0.016644383780658245,0.004065106716006994,1.257927703857422,0.0,0.0
1088,0.017308546997168484,0.004566745531252202,1.2741801738739014,0.0,0.017175471223890782,0.004816145915538072,1.2359325647354127,0.0,0.0
1089,0.017233943676247317,0.004525427925674354,1.270851598066442,0.0,0.016103440895676613,0.0036747033009305596,1.242873740196228,0.0,0.0
1090,0.017702868208289146,0.004872853539007551,1.283001464955947,0.0,0.018284180387854575,0.005701691936701536,1.2582489013671876,0.0,0.0
1091,0.01737511804436936,0.004194221692159772,1.3180896604762358,0.0,0.017427092604339122,0.004543306166306138,1.2883786678314209,0.0,0.0
1092,0.01739576502757914,0.004324854570714866,1.3070910608067232,0.0,0.01771375574171543,0.005169766116887331,1.2543989658355712,0.0,0.0
1093,0.017238362856647548,0.004548387656755307,1.2689975359860588,0.0,0.01716671045869589,0.004819390224292874,1.2347319841384887,0.0,0.0
1094,0.017583294552476966,0.0049343244720469505,1.2648970519795137,0.0,0.01710776723921299,0.004656710801646114,1.2451056718826294,0.0,0.0
1095,0.01741794014678282,0.004602531450526679,1.2815408917034374,0.0,0.016185306012630463,0.0035823946818709373,1.2602912187576294,0.0,0.0
1096,0.01773348154828829,0.004863871097126428,1.2869610716314877,0.0,0.016408633999526502,0.003892090660519898,1.2516543388366699,0.0,0.0
1097,0.017322364537154928,0.004565113977364758,1.2757250982172348,0.0,0.016288223676383495,0.0038089407607913017,1.2479283094406128,0.0,0.0
1098,0.017520841539782638,0.004640331094646279,1.2880511073505176,0.0,0.016977887228131296,0.004261366976425052,1.271652054786682,0.0,0.0
1099,0.017170985831933862,0.004286383607370012,1.288460240644567,0.0,0.0166590578854084,0.004257690766826272,1.24013671875,0.0,0.0
1100,0.017196006305954036,0.004534328082466827,1.2661678510553696,0.0,0.017071101814508438,0.004772336315363645,1.2298765897750854,0.0,0.0
1101,0.018046233474331742,0.005327329532626797,1.2718904228771435,0.0,0.016695576161146163,0.004072303604334593,1.2623273134231567,0.0,0.0
1102,0.017685072058263945,0.004509903654894408,1.3175168808768778,0.0,0.017426968179643156,0.004349494585767388,1.3077474117279053,0.0,0.0
1103,0.017749054686111564,0.004525968147551312,1.322308666565839,0.0,0.01700840573757887,0.004214403033256531,1.2794003009796142,0.0,0.0
1104,0.017402137410553062,0.004432668977910105,1.2969468691769768,0.0,0.017510519549250602,0.004933263920247555,1.2577255725860597,0.0,0.0
1105,0.01750284422408132,0.004583290613749448,1.2919553728664623,0.0,0.01752635333687067,0.0049410095438361164,1.2585344314575195,0.0,0.0
1106,0.01742688741754083,0.004578954636064523,1.2847933208241182,0.0,0.017239970341324806,0.0047002715524286035,1.2539699077606201,0.0,0.0
1107,0.01734709827338948,0.004590733743765775,1.275636490653543,0.0,0.016876585967838763,0.0044615327846258875,1.2415053367614746,0.0,0.0
1108,0.017319928526001817,0.004628266248961582,1.2691662662169512,0.0,0.017397069558501243,0.0050060183741152285,1.2391052007675172,0.0,0.0
1109,0.017233716652673835,0.004596035653615699,1.263768147019779,0.0,0.0186077568680048,0.006274647545069456,1.2333109617233275,0.0,0.0
1110,0.017775758224375108,0.005064037272377926,1.2711721308091108,0.0,0.01694227159023285,0.004331729281693697,1.261054277420044,0.0,0.0
1111,0.0174111412728534,0.004532187656663796,1.287895398981431,0.0,0.0174655556678772,0.004693554528057575,1.277200174331665,0.0,0.0
1112,0.017292790607932734,0.004310185076011454,1.2982605695724487,0.0,0.01704388204962015,0.0043721469584852455,1.2671735286712646,0.0,0.0
1113,0.01760941678110291,0.004660750437966164,1.294866681098938,0.0,0.016858676448464394,0.004197395127266646,1.2661281824111938,0.0,0.0
1114,0.01728124522110995,0.0044312051305656925,1.2850040267495548,0.0,0.016968505457043648,0.004490911401808262,1.2477594375610352,0.0,0.0
1115,0.01721365552614717,0.004455129465307383,1.2758526521570541,0.0,0.01826994977891445,0.005826830212026834,1.2443120002746582,0.0,0.0
1116,0.017199761946411693,0.004574298886034419,1.2625463289373062,0.0,0.017173640057444574,0.0048558424226939675,1.2317797660827636,0.0,0.0
1117,0.017250722712453676,0.0046562617644667625,1.2594461300793816,0.0,0.01750120669603348,0.00516182892024517,1.2339378118515014,0.0,0.0
1118,0.017624126035062707,0.005048910511986297,1.2575215521980734,0.0,0.016822753474116325,0.0043428588658571245,1.2479894876480102,0.0,0.0
1119,0.017294333973789915,0.004457510610604111,1.2836823814055498,0.0,0.016957967728376388,0.004455719515681267,1.2502248287200928,0.0,0.0
1120,0.01697812755318249,0.0043537232833092705,1.2624404500512516,0.0,0.016652284003794194,0.004528915835544467,1.2123368501663208,0.0,0.0
1121,0.017946286565240693,0.005614885129034519,1.2331401600557215,0.0,0.01684566177427769,0.004534035734832287,1.2311626434326173,0.0,0.0
1122,0.01716311275959015,0.0043524130083182275,1.2810699729358448,0.0,0.0168155238032341,0.004165667667984962,1.2649856328964233,0.0,0.0
1123,0.017430665190605557,0.004531702738912667,1.2898962778203629,0.0,0.01672884654253721,0.004093971103429794,1.2634875535964967,0.0,0.0
1124,0.017562106689986062,0.004728853647761485,1.2833253425710343,0.0,0.016908322647213935,0.0043045672122389075,1.2603755712509155,0.0,0.0
1125,0.017650753369226176,0.0047257058733307265,1.2925047944573795,0.0,0.01695151850581169,0.004258969705551863,1.2692549228668213,0.0,0.0
1126,0.01698753161027151,0.004216047250391806,1.2771484360975378,0.0,0.018172376044094562,0.005856762267649173,1.2315613985061646,0.0,0.0
1127,0.01777599784819519,0.005090725074029144,1.2685273114372702,0.0,0.017679894343018532,0.005100951623171568,1.2578943014144897,0.0,0.0
1128,0.017308584578773555,0.00443485365523135,1.2873731360715979,0.0,0.017663202434778213,0.005036633647978306,1.2626568794250488,0.0,0.0
1129,0.01735449571381597,0.00451962451231392,1.2834871376261991,0.0,0.01708807088434696,0.0045918160118162635,1.2496255159378051,0.0,0.0
1130,0.017205108340610478,0.0044624234193607285,1.2742684939328361,0.0,0.017520381323993205,0.005143109057098627,1.2377272605895997,0.0,0.0
1131,0.017405100495499724,0.0048272102687727005,1.2577890508315142,0.0,0.01653625927865505,0.004222225397825241,1.231403398513794,0.0,0.0
1132,0.017083810697145322,0.004347572514020345,1.2736238451565014,0.0,0.016865154542028905,0.004497846867889166,1.2367307662963867,0.0,0.0
1133,0.017429495778153923,0.004725788665168425,1.2703707498662613,0.0,0.016872850619256495,0.00437876651994884,1.2494084358215332,0.0,0.0
1134,0.01733230667955735,0.00460345099460991,1.2728856030632467,0.0,0.01720723696053028,0.004765164433047175,1.2442072868347167,0.0,0.0
1135,0.01729054513442166,0.004567336496513556,1.2723209016463335,0.0,0.017693288251757623,0.005289921164512634,1.2403366804122924,0.0,0.0
1136,0.017569436965619818,0.004906791481463348,1.266264606924618,0.0,0.017491775378584862,0.005003552231937647,1.2488223314285278,0.0,0.0
1137,0.017129661405787748,0.004344051347716767,1.2785610030679142,0.0,0.016763516701757908,0.004281712556257844,1.2481803894042969,0.0,0.0
1138,0.017238920061465574,0.004569044939297087,1.266987548154943,0.0,0.01671682167798281,0.004377873195335269,1.2338948965072631,0.0,0.0
1139,0.01748632130158298,0.004932235255289604,1.2554086446762085,0.0,0.017199345119297504,0.004823684366419912,1.237566065788269,0.0,0.0
1140,0.01745674972805907,0.004737608025179189,1.2719141665626974,0.0,0.016615293547511102,0.003941521421074868,1.2673772335052491,0.0,0.0
1141,0.017203262240132865,0.004272272440550082,1.2930990036796122,0.0,0.017001159861683844,0.004295329237356782,1.2705830812454224,0.0,0.0
1142,0.017263863454846776,0.004450832000550102,1.2813031743554508,0.0,0.01682676896452904,0.004373005172237754,1.2453763961791993,0.0,0.0
1143,0.01723535161684541,0.004592226941467208,1.264312512734357,0.0,0.017511821910738946,0.005133192148059606,1.23786301612854,0.0,0.0
1144,0.01706287051167558,0.004516145145958837,1.2546725553624771,0.0,0.01729467511177063,0.005026258109137416,1.2268417358398438,0.0,0.0
1145,0.01734917386270621,0.004728217335308299,1.262095710810493,0.0,0.01725681833922863,0.00468142544850707,1.2575393438339233,0.0,0.0
1146,0.01711441801093957,0.004248138051480055,1.286628007888794,0.0,0.01663532368838787,0.004137131385505199,1.2498192310333252,0.0,0.0
1147,0.0172769649173407,0.0044886400128769524,1.2788325127433329,0.0,0.016688774153590203,0.0042834132444113495,1.240536093711853,0.0,0.0
1148,0.01712099802406395,0.004472243722856921,1.2648754470488603,0.0,0.01683450024574995,0.004555894294753671,1.2278605937957763,0.0,0.0
1149,0.0173522164387738,0.0048238848582567535,1.2528331770616419,0.0,0.016103806905448437,0.0037923822645097973,1.2311424970626832,0.0,0.0
1150,0.016950332888347262,0.0043254164595376045,1.2624916609595804,0.0,0.018077706918120384,0.005791617743670941,1.2286089658737183,0.0,0.0
1151,0.017360966871766484,0.004855626687297926,1.2505340576171875,0.0,0.01646307446062565,0.004110124800354243,1.2352949857711792,0.0,0.0
1152,0.01751388708019958,0.004645165507955586,1.2868721625384163,0.0,0.017154203727841377,0.004462343920022249,1.2691859960556031,0.0,0.0
1153,0.01743082461111686,0.004394792349022978,1.30360325644998,0.0,0.016933784075081348,0.004232265846803784,1.2701518535614014,0.0,0.0
1154,0.017393600305213648,0.004528424688888823,1.2865175920374252,0.0,0.01693047732114792,0.004486613720655441,1.2443864345550537,0.0,0.0
1155,0.01735202633940122,0.004748830968952354,1.2603195555069868,0.0,0.01716282181441784,0.004909919481724501,1.225290298461914,0.0,0.0
1156,0.01713169738650322,0.004645315053708413,1.2486382722854614,0.0,0.017315108701586722,0.005096957134082913,1.2218151569366456,0.0,0.0
1157,0.01724783270893728,0.004610829534666503,1.263700344983269,0.0,0.0171372564509511,0.004692682204768062,1.2444574594497682,0.0,0.0
1158,0.01744340792955721,0.004744288990931476,1.2699119343477137,0.0,0.017131915688514708,0.004685097141191363,1.2446819067001342,0.0,0.0
1159,0.01752863868194468,0.004796429865938776,1.2732209037331974,0.0,0.01689971312880516,0.0043691236525774,1.2530589818954467,0.0,0.0
1160,0.017105484162183368,0.004264874315327581,1.284061025170719,0.0,0.017645152285695076,0.005142232775688172,1.2502919435501099,0.0,0.0
1161,0.017207063186694595,0.004443134646862745,1.2763928946326761,0.0,0.01754913628101349,0.005077450117096305,1.2471686601638794,0.0,0.0
1162,0.017618656103663585,0.004925851723836625,1.2692804546917187,0.0,0.017281575687229635,0.004803629266098142,1.2477946758270264,0.0,0.0
1163,0.017378377673380515,0.004449190914302188,1.292918696123011,0.0,0.016730055026710034,0.0040829094592481855,1.2647145509719848,0.0,0.0
1164,0.017392015632461098,0.004623437738593887,1.2768578248865463,0.0,0.016351453587412836,0.003788874391466379,1.256257963180542,0.0,0.0
1165,0.017284636057036763,0.004396749112535925,1.2887887113234575,0.0,0.017913049086928368,0.005230989214032889,1.268206000328064,0.0,0.0
1166,0.018015336300082067,0.004963071688133127,1.305226494284237,0.0,0.01686730273067951,0.003932303190231324,1.293499970436096,0.0,0.0
1167,0.017813015564837876,0.004628647694035488,1.3184368329889633,0.0,0.017179996892809867,0.004294476006180048,1.2885521411895753,0.0,0.0
1168,0.017509569907013106,0.0044932544834035285,1.3016315698623657,0.0,0.01681751385331154,0.004123363643884659,1.2694150924682617,0.0,0.0
1169,0.017380775445524382,0.004327187081798911,1.3053588516571943,0.0,0.018676885217428208,0.0060073877684772015,1.26694974899292,0.0,0.0
1170,0.01758899912238121,0.004621487535426722,1.296751204658957,0.0,0.017199364304542542,0.0045366314705461265,1.266273283958435,0.0,0.0
1171,0.01769896607626887,0.004679303054752595,1.3019663165597355,0.0,0.017330340668559076,0.004674335662275553,1.265600562095642,0.0,0.0
1172,0.017308011267553356,0.004416084177244236,1.2891927256303675,0.0,0.017701512947678567,0.004992928169667721,1.2708585262298584,0.0,0.0
1173,0.017520235522704965,0.004452904480892946,1.306733152445625,0.0,0.017438235320150854,0.0046232360880821945,1.281499981880188,0.0,0.0
1174,0.01709684050258468,0.0041470860048909396,1.2949754841187422,0.0,0.017011342197656633,0.004429424367845059,1.2581918001174928,0.0,0.0
1175,0.017441996154101455,0.0047163305502823175,1.2725665990044088,0.0,0.016760873049497603,0.0042399466969072815,1.252092671394348,0.0,0.0
1176,0.017538185998359147,0.004703290390727275,1.2834895919351017,0.0,0.017614513635635376,0.00506717786192894,1.2547335863113402,0.0,0.0
1177,0.01717250980436802,0.004412543357295149,1.275996678015765,0.0,0.01710265688598156,0.00465735774487257,1.2445298910140992,0.0,0.0
1178,0.017224855720996857,0.00457531535614501,1.2649540620691635,0.0,0.016697910614311695,0.004235492274165154,1.2462418794631958,0.0,0.0
1179,0.017306240932906374,0.004526657531695331,1.2779583860846127,0.0,0.018083125352859497,0.005655289208516478,1.2427836418151856,0.0,0.0
1180,0.017527054995298386,0.004903209601145457,1.2623845689436968,0.0,0.017206951789557935,0.004749825177714229,1.2457127094268798,0.0,0.0
1181,0.01751041308264522,0.004687670673079351,1.2822742532281315,0.0,0.01781197004020214,0.005229864828288555,1.258210587501526,0.0,0.0
1182,0.017520139322561377,0.0046882598578710764,1.283187936334049,0.0,0.017793989926576614,0.005209995713084936,1.2583994626998902,0.0,0.0
1183,0.01743377191836343,0.00461799355552477,1.2815778465831982,0.0,0.01647171303629875,0.0038935353979468344,1.257817816734314,0.0,0.0
1184,0.01749869145672111,0.004754580653217786,1.2744110962923836,0.0,0.01738208271563053,0.004905815608799458,1.2476266860961913,0.0,0.0
1185,0.01694961796131204,0.004169929690439911,1.2779688484528486,0.0,0.017548132315278055,0.004995365673676133,1.2552767038345336,0.0,0.0
1186,0.017458997776403147,0.004610778421492261,1.2848219731274773,0.0,0.01772842314094305,0.005127384001389146,1.2601039409637451,0.0,0.0
1187,0.016840232864898795,0.004025564679656835,1.2814668346853817,0.0,0.01680235266685486,0.00446387380361557,1.2338479042053223,0.0,0.0
1188,0.01711605872739764,0.004658389768070158,1.2457669412388521,0.0,0.017382438108325005,0.005334383668377995,1.2048054218292237,0.0,0.0
1189,0.01751685788964524,0.0050933997365919985,1.242345830973457,0.0,0.017883649468421935,0.005589894484728575,1.2293754816055298,0.0,0.0
1190,0.017435891553759575,0.004814408089527313,1.2621483662549187,0.0,0.016581596806645393,0.004133918415755033,1.2447678327560425,0.0,0.0
1191,0.017520646455095094,0.004649291349136654,1.2871355519575232,0.0,0.01674876715987921,0.0040301027242094275,1.271866464614868,0.0,0.0
1192,0.0173000487334588,0.004280071527532795,1.3019977667752434,0.0,0.016965639032423496,0.0043434050865471365,1.2622234344482421,0.0,0.0
1193,0.017133953597615745,0.0043793485280783735,1.275460537742166,0.0,0.016576948575675488,0.004163749981671572,1.2413198232650757,0.0,0.0
1194,0.017831415814511916,0.005145544391673277,1.2685871755375582,0.0,0.017421590536832808,0.004880304913967848,1.2541285753250122,0.0,0.0
1195,0.01781949992565548,0.004654079114141709,1.3165421415777767,0.0,0.01759411282837391,0.004430470708757639,1.3163642168045044,0.0,0.0
1196,0.017376114997793648,0.004070150556371492,1.330596454003278,0.0,0.01680906005203724,0.003997634537518025,1.281142568588257,0.0,0.0
1197,0.018005743622779846,0.0049980409059892685,1.3007702967699837,0.0,0.016360018216073514,0.0035409978358075024,1.2819020986557006,0.0,0.0
1198,0.017406161107561168,0.004233762895797982,1.3172398244633394,0.0,0.01672167666256428,0.0039449070114642385,1.2776769876480103,0.0,0.0
1199,0.017842628883526605,0.0049654764725881465,1.2877152527079863,0.0,0.017410629615187644,0.004731456842273473,1.2679172992706298,0.0,0.0
1200,0.0172930076608763,0.00424638732939082,1.3046620242735918,0.0,0.01771688237786293,0.005033082654699683,1.2683800220489503,0.0,0.0
1201,0.017211309798500118,0.004458280061097706,1.2753029921475578,0.0,0.018073312193155288,0.005747536383569241,1.2325776100158692,0.0,0.0
1202,0.017717021791373983,0.004975049619508141,1.2741972348269295,0.0,0.017071561701595784,0.004359938250854611,1.2711624145507812,0.0,0.0
1203,0.017187660176526096,0.0041735455914236165,1.3014114884769215,0.0,0.017180487886071204,0.004510947922244668,1.2669540166854858,0.0,0.0
1204,0.017211750752347356,0.0044844869168146565,1.2727264236001408,0.0,0.017775246128439903,0.005514499172568322,1.226074743270874,0.0,0.0
1205,0.017333594698678043,0.00478200419970295,1.2551590695100672,0.0,0.017490674555301667,0.005158276739530265,1.2332397937774657,0.0,0.0
1206,0.017364367787890574,0.004746282062328914,1.2618085987427656,0.0,0.01740349121391773,0.004962203186005354,1.2441288471221923,0.0,0.0
1207,0.01695181878612322,0.0043225430691724315,1.2629275953068453,0.0,0.01679530944675207,0.004544338444247842,1.225097131729126,0.0,0.0
1208,0.01740480280097793,0.0047677314758081644,1.2637071819866406,0.0,0.017242913693189622,0.004817646648734808,1.2425267696380615,0.0,0.0
1209,0.017409882234299883,0.004627344938104644,1.2782537726794971,0.0,0.01826058588922024,0.005777796823531389,1.2482789039611817,0.0,0.0
1210,0.017197652774698594,0.004520402303622926,1.2677250679801493,0.0,0.017009415850043296,0.004688681103289127,1.2320734977722168,0.0,0.0
1211,0.01768918308045934,0.005087837686433512,1.2601345707388485,0.0,0.01784130334854126,0.005500935856252909,1.2340367794036866,0.0,0.0
1212,0.017586389337392414,0.00480151196996517,1.278487759477952,0.0,0.0172096049413085,0.00450625205412507,1.27033531665802,0.0,0.0
1213,0.017481576815685806,0.004564712248633013,1.2916864857954138,0.0,0.017511824145913124,0.004852691944688558,1.2659132480621338,0.0,0.0
1214,0.01721474265351015,0.00428801158662228,1.2926731460234697,0.0,0.01798640675842762,0.005373348295688629,1.2613059043884278,0.0,0.0
1215,0.017154176171649906,0.004341371069826624,1.2812805386150585,0.0,0.017274104990065098,0.004757737973704934,1.2516367197036744,0.0,0.0
1216,0.01718167232020813,0.00451468418845359,1.2666988513048958,0.0,0.017272564023733138,0.004930429346859455,1.2342134952545165,0.0,0.0
1217,0.017368599060265458,0.004575762445764507,1.2792836778304155,0.0,0.016666373051702977,0.004054438415914774,1.2611934900283814,0.0,0.0
1218,0.017154698698397947,0.0043727205244495585,1.2781978424857645,0.0,0.016896012611687182,0.004520129691809416,1.2375882625579835,0.0,0.0
1219,0.017342305194367382,0.0046562208410571605,1.268608471926521,0.0,0.016994910873472692,0.004565946804359555,1.2428964853286744,0.0,0.0
1220,0.017212419551523292,0.004345414420480237,1.28670054323533,0.0,0.017296269722282886,0.004732286930084229,1.256398320198059,0.0,0.0
1221,0.017144528710666823,0.004369586856816621,1.277494185111102,0.0,0.016896381229162215,0.00449572317302227,1.2400658130645752,0.0,0.0
1222,0.017130039632320404,0.004535205922473003,1.259483393500833,0.0,0.017736670561134815,0.0054885429795831445,1.2248127698898315,0.0,0.0
1223,0.01749053016743239,0.0049258409725392565,1.2564689552082735,0.0,0.017193340137600897,0.004910761769860983,1.2282578945159912,0.0,0.0
1224,0.01728842281462515,0.004558854585732608,1.272956876193776,0.0,0.01700755376368761,0.004482743469998241,1.2524810314178467,0.0,0.0
1225,0.01708914076580721,0.004346574711449006,1.2742566291023703,0.0,0.01762346364557743,0.005214909743517637,1.2408554315567017,0.0,0.0
1226,0.017095082603833255,0.004508693647735259,1.2586389219059664,0.0,0.01719762533903122,0.004920201655477285,1.2277423620224,0.0,0.0
1227,0.01748781486907426,0.004833588198594311,1.26542268781101,0.0,0.01816239021718502,0.005640554893761873,1.2521835565567017,0.0,0.0
1228,0.01765062117620426,0.004681353169657728,1.296926820979399,0.0,0.017447575367987155,0.004523686366155744,1.2923889398574828,0.0,0.0
1229,0.017383265747305227,0.004307192010695443,1.3076074053259457,0.0,0.01842583902180195,0.005665560346096754,1.2760278701782226,0.0,0.0
1230,0.017088868545697015,0.004266088979099603,1.282277976765352,0.0,0.01794900596141815,0.0054599226918071505,1.2489083290100098,0.0,0.0
1231,0.01775213544640471,0.0050438880947802,1.2708247619516708,0.0,0.01671014539897442,0.004211725620552898,1.2498419523239135,0.0,0.0
1232,0.01705423293306547,0.00429855110397672,1.2755682258044971,0.0,0.017415881715714933,0.004966170806437731,1.2449711084365844,0.0,0.0
1233,0.017172060085131842,0.0044776234255336665,1.269443673246047,0.0,0.01701706014573574,0.004567921860143542,1.2449138164520264,0.0,0.0
1234,0.017173026195343805,0.004434514215544742,1.2738512193455416,0.0,0.01710735447704792,0.004691164195537567,1.2416190385818482,0.0,0.0
1235,0.017663937281159794,0.0049105287556919985,1.2753408866770126,0.0,0.017539122700691225,0.004726191610097885,1.2812931299209596,0.0,0.0
1236,0.017009097808862433,0.003966987913693576,1.3042110344942879,0.0,0.017609742283821107,0.005004322901368141,1.2605419635772706,0.0,0.0
1237,0.017414852648096925,0.004708784522817415,1.270606847370372,0.0,0.01811821050941944,0.005696535110473633,1.242167592048645,0.0,0.0
1238,0.017173020497840995,0.004520370967357475,1.2652649879455566,0.0,0.01748083420097828,0.0051251971162855625,1.2355637788772582,0.0,0.0
1239,0.017205663901918074,0.004673863966565798,1.2531800129834343,0.0,0.017429358884692193,0.005130640789866447,1.2298717975616456,0.0,0.0
1240,0.016968904282240307,0.0043883813024662875,1.2580523280536426,0.0,0.01612563580274582,0.003775760252028704,1.2349875688552856,0.0,0.0
1241,0.017252061570830205,0.004646299667108585,1.2605762551812565,0.0,0.018416433408856393,0.0059825961478054525,1.2433837413787843,0.0,0.0
1242,0.01705210579230505,0.0043507143581176504,1.2701391823151533,0.0,0.017541426047682763,0.005224392144009471,1.2317034482955933,0.0,0.0
1243,0.017143901766223067,0.004685051917262813,1.2458850215463078,0.0,0.017183682508766653,0.004959576623514294,1.2224106788635254,0.0,0.0
1244,0.017215491820345905,0.0047247556092984535,1.2490736386355232,0.0,0.01741576548665762,0.0050749576184898615,1.2340808391571045,0.0,0.0
1245,0.017282373436233577,0.00466400693061159,1.261836654999677,0.0,0.016112197376787662,0.003697095112875104,1.241510272026062,0.0,0.0
1246,0.017149507122881272,0.004433240508660674,1.2716266968671013,0.0,0.01763901524245739,0.005252379970625043,1.2386634826660157,0.0,0.0
1247,0.017221853027448934,0.004604961325907532,1.261689221157747,0.0,0.01680751107633114,0.0045609954744577404,1.2246515989303588,0.0,0.0
1248,0.01722295834299396,0.004690509179935735,1.2532449469846838,0.0,0.018568257242441176,0.0063616902567446235,1.220656681060791,0.0,0.0
1249,0.017143809291369775,0.004654494442922228,1.2489315271377563,0.0,0.01759928222745657,0.005359162669628858,1.2240119934082032,0.0,0.0
1250,0.01694848821224535,0.004442973829367582,1.2505514902227066,0.0,0.01763844396919012,0.005386664159595966,1.2251780033111572,0.0,0.0
1251,0.017245858140728054,0.004583666922853273,1.2662191671483658,0.0,0.017494529113173486,0.005046941712498665,1.2447587490081786,0.0,0.0
1252,0.017174180870985285,0.004499142893644816,1.2675038506002987,0.0,0.016811829619109632,0.0043548250105232,1.2457005262374878,0.0,0.0
1253,0.01700406307902406,0.004235182806630345,1.2768880759968477,0.0,0.01710875555872917,0.0046738551929593085,1.2434900999069214,0.0,0.0
1254,0.01705385382999392,0.004484750796109438,1.2569103170843685,0.0,0.016835355758666994,0.004589905124157667,1.2245450735092163,0.0,0.0
1255,0.016734463874908054,0.004309073734261534,1.242539041182574,0.0,0.01782505288720131,0.005760406423360109,1.2064647197723388,0.0,0.0
1256,0.017035842982723433,0.004743512843132895,1.2292330475414501,0.0,0.017369131557643414,0.0051931959576904775,1.2175935745239257,0.0,0.0
1257,0.01728954615400118,0.004720282508060336,1.2569263822892134,0.0,0.017544025182724,0.005229352228343487,1.231467318534851,0.0,0.0
1258,0.01724334795247106,0.004492084536811008,1.2751264081281775,0.0,0.016691599786281586,0.004211227688938379,1.2480372667312623,0.0,0.0
1259,0.01720943082781399,0.004597829504157691,1.2611601563060986,0.0,0.0178254384547472,0.005533156311139464,1.2292282342910767,0.0,0.0
1260,0.017394417020327905,0.004630024449023253,1.2764392670463114,0.0,0.01719152629375458,0.004612879641354084,1.2578646898269654,0.0,0.0
1261,0.017563408788512733,0.0045519200948012225,1.301148905473597,0.0,0.016992672346532345,0.004223397467285395,1.2769274950027465,0.0,0.0
1262,0.017219113514703864,0.004209806868696914,1.3009306893629187,0.0,0.01711128242313862,0.004477645410224796,1.263363742828369,0.0,0.0
1263,0.017079885720330125,0.004198255373493713,1.2881630799349617,0.0,0.017402108944952487,0.004823235282674432,1.25788733959198,0.0,0.0
1264,0.017182797686580348,0.004380108637954383,1.2802689215716194,0.0,0.017100351490080358,0.004603532003238797,1.2496820211410522,0.0,0.0
1265,0.01749800857813919,0.004885308033622363,1.2612700883079977,0.0,0.01702888831496239,0.004709021933376789,1.231986665725708,0.0,0.0
1266,0.017197395127047512,0.004503757487434675,1.2693637679604923,0.0,0.016913872212171555,0.004410709440708161,1.250316286087036,0.0,0.0
1267,0.01741847604074899,0.004617452881682445,1.280102386194117,0.0,0.01711660623550415,0.004547541961073875,1.2569064855575562,0.0,0.0
1268,0.017116414876106906,0.004425950348377228,1.2690464608809526,0.0,0.016575852409005165,0.004181126551702619,1.2394726037979127,0.0,0.0
1269,0.01810342150137705,0.005307171644423814,1.279624995063333,0.0,0.017206121049821377,0.004413451999425888,1.279266929626465,0.0,0.0
1270,0.017554523313746732,0.004365696831989814,1.3188826687195723,0.0,0.017353072576224805,0.004400934837758541,1.2952138185501099,0.0,0.0
1271,0.017301504335859242,0.0042088768061469585,1.3092628156437593,0.0,0.016920291632413865,0.004311947664245963,1.2608343839645386,0.0,0.0
1272,0.01764082525144605,0.004886936615495121,1.2753888859468347,0.0,0.017636654153466224,0.0050696591846644875,1.256699538230896,0.0,0.0
1273,0.01708789377966348,0.004252781927147333,1.2835112108903772,0.0,0.017401275038719178,0.004872120078653097,1.2529155254364013,0.0,0.0
1274,0.01719410942100427,0.004566035973017707,1.2628073692321777,0.0,0.016497286409139632,0.004194596828892827,1.230268955230713,0.0,0.0
1275,0.017414718701997223,0.004733453669092234,1.2681265578550451,0.0,0.016759413480758666,0.004377750121057034,1.238166332244873,0.0,0.0
1276,0.017415499752935243,0.004675558603861753,1.273994151283713,0.0,0.016593624651432038,0.004030209686607123,1.256341552734375,0.0,0.0
1277,0.017284911399816767,0.004442557870574734,1.2842353722628426,0.0,0.017663014866411687,0.005147819453850388,1.2515195846557616,0.0,0.0
1278,0.017547821899985567,0.004665579592042109,1.2882242553374346,0.0,0.01735328771173954,0.004692569375038147,1.26607186794281,0.0,0.0
1279,0.01758682738770457,0.00463501488625565,1.2951813024633072,0.0,0.017377785965800287,0.004715577512979507,1.2662209272384644,0.0,0.0
1280,0.017045135664589265,0.004095751737408778,1.2949384310666252,0.0,0.016980738937854768,0.004428331507369876,1.2552408218383788,0.0,0.0
1281,0.016966459615265623,0.004228492664611515,1.2737967336879057,0.0,0.018021370097994805,0.005668456759303808,1.2352913618087769,0.0,0.0
1282,0.017246850601890507,0.004631659782984678,1.2615191235261805,0.0,0.017020344734191895,0.004680569237098098,1.2339775562286377,0.0,0.0
1283,0.016840570277589208,0.004266359528307529,1.2574210798039156,0.0,0.018020835891366004,0.005816787015646696,1.2204049587249757,0.0,0.0
1284,0.0172036342213259,0.004756525282145423,1.2447109152288998,0.0,0.016909418813884258,0.004645313136279583,1.2264105796813964,0.0,0.0
1285,0.016937696484520155,0.0043270103496444575,1.2610686596702128,0.0,0.017071928083896636,0.004733715858310461,1.2338212490081788,0.0,0.0
1286,0.01713974176741698,0.00458315568154349,1.2556586195440853,0.0,0.01669816393405199,0.004274314129725098,1.2423850059509278,0.0,0.0
1287,0.017103124464697698,0.0043362019145313435,1.2766922922695385,0.0,0.017306341230869292,0.004840470757335425,1.246587085723877,0.0,0.0
1288,0.01718107917729546,0.004572852309245397,1.2608226958443136,0.0,0.017003650590777398,0.004710642248392105,1.2293008327484132,0.0,0.0
1289,0.017484816886922893,0.004769306739463526,1.2715510410421036,0.0,0.016780987568199634,0.004131601238623261,1.2649386405944825,0.0,0.0
1290,0.017135279581827277,0.004200434065697824,1.2934845826205086,0.0,0.018247719667851926,0.005643207300454378,1.2604512691497802,0.0,0.0
1291,0.017478303983807564,0.004671822151388316,1.2806482244940365,0.0,0.017692790552973747,0.005256959702819586,1.2435831069946288,0.0,0.0
1292,0.01755090890561833,0.0047989607761230535,1.2751948272480684,0.0,0.01716488301753998,0.004680035822093487,1.2484847545623778,0.0,0.0
1293,0.016982418265851104,0.004164785091929576,1.2817633152008057,0.0,0.017426815629005433,0.005010588746517897,1.2416227340698243,0.0,0.0
1294,0.016987669446012554,0.004378507557489416,1.260916226050433,0.0,0.016637913696467877,0.004319827910512686,1.2318085432052612,0.0,0.0
1295,0.016888671664192396,0.00430763085537097,1.2581041209837969,0.0,0.017675874382257463,0.0054813077673316005,1.219456672668457,0.0,0.0
1296,0.01707565735149033,0.004601666210767101,1.2473991478190702,0.0,0.01733802743256092,0.005057151010259986,1.2280876636505127,0.0,0.0
1297,0.01743555616806535,0.004818388233509134,1.2617168566759895,0.0,0.017674107663333417,0.005305919982492924,1.2368187427520752,0.0,0.0
1298,0.017090256380684236,0.004563473822439418,1.252678261083715,0.0,0.017866969853639603,0.005733687058091163,1.2133283615112305,0.0,0.0
1299,0.017244320143671596,0.004735477885012241,1.2508842524360209,0.0,0.0174971379339695,0.0052363233175128695,1.2260814905166626,0.0,0.0
1300,0.017122215262668973,0.004571141853161594,1.255107374752269,0.0,0.017650425806641577,0.005335481278598309,1.2314944744110108,0.0,0.0
1301,0.01721019812804811,0.004565610399688868,1.264458789544947,0.0,0.01728012189269066,0.004904791759327054,1.2375330448150634,0.0,0.0
1302,0.017329466803108946,0.0047042190152056075,1.2625248221790089,0.0,0.016659243777394295,0.004230748349800706,1.2428495645523072,0.0,0.0
1303,0.017146254780099672,0.004454589928226436,1.2691665116478414,0.0,0.01728335004299879,0.004890713701024651,1.2392636775970458,0.0,0.0
1304,0.016902592800119343,0.004370219567242791,1.2532373596640194,0.0,0.017093868926167488,0.00502765690907836,1.2066211938858031,0.0,0.0
1305,0.017432968406116262,0.00500517846632968,1.2427790305193733,0.0,0.016774608194828032,0.004456591280177236,1.2318016767501831,0.0,0.0
1306,0.017153951284639975,0.004528704058269367,1.2625247660805197,0.0,0.017614823766052723,0.005146989971399308,1.246783399581909,0.0,0.0
1307,0.017514047048547688,0.004775093923158506,1.2738953548319198,0.0,0.017173152416944504,0.004780487716197967,1.2392664670944213,0.0,0.0
1308,0.01732880370143582,0.004667202846201903,1.2661601024515488,0.0,0.0165823332965374,0.004187654936686158,1.2394678354263307,0.0,0.0
1309,0.017430617200101122,0.0046956237980767205,1.2734993696212769,0.0,0.018163640797138215,0.005732617899775505,1.2431023359298705,0.0,0.0
1310,0.017661140683819267,0.004982114016242763,1.26790268982158,0.0,0.018000594899058343,0.005525785032659769,1.2474810361862183,0.0,0.0
1311,0.017222133519894937,0.004434767206582953,1.278736668474534,0.0,0.016645282693207263,0.004170157294720411,1.2475125789642334,0.0,0.0
1312,0.017274066093651688,0.004437707638477578,1.2836358547210693,0.0,0.017369840666651724,0.004803073313087225,1.2566767692565919,0.0,0.0
1313,0.017528772408909658,0.004738863393226091,1.278990955913768,0.0,0.017178244329988955,0.004587826831266284,1.2590417861938477,0.0,0.0
1314,0.01705379395143074,0.004186877871260923,1.2866916516247917,0.0,0.016670027375221254,0.0040805328637361525,1.2589494943618775,0.0,0.0
1315,0.017200346269151744,0.00436581063139088,1.2834536047542797,0.0,0.01729971878230572,0.0048494752496480945,1.2450243711471558,0.0,0.0
1316,0.017225370632813257,0.004589961280169732,1.2635409481385176,0.0,0.017577241733670236,0.005265278974547982,1.2311963319778443,0.0,0.0
1317,0.017075885142035344,0.004479420371353626,1.259646506870494,0.0,0.017105455696582793,0.0048794472124427555,1.2226008892059326,0.0,0.0
1318,0.017281919553437653,0.004532677422770683,1.274924215148477,0.0,0.018608414195477964,0.005829099332913756,1.277931547164917,0.0,0.0
1319,0.017219132798559526,0.0042957247180097245,1.292340825585758,0.0,0.01700268741697073,0.004363054479472339,1.2639632940292358,0.0,0.0
1320,0.017470269792658442,0.004705607302158195,1.2764662854811724,0.0,0.016918470337986945,0.004320746287703514,1.2597723960876466,0.0,0.0
1321,0.017679770367548746,0.00480810967821847,1.2871660975848926,0.0,0.016995308361947535,0.004236662620678544,1.275864577293396,0.0,0.0
1322,0.01746589400093345,0.004376069930217722,1.3089824564316694,0.0,0.018284981325268745,0.0054044697899371386,1.2880511999130249,0.0,0.0
1323,0.017001464086420396,0.004068056066684863,1.293340851278866,0.0,0.016746390610933304,0.004356969427317381,1.2389421939849854,0.0,0.0
1324,0.01738391871399739,0.004747760153430349,1.2636159027324003,0.0,0.017045463249087334,0.004657196160405874,1.2388267517089844,0.0,0.0
1325,0.01747413571266567,0.004573353429270142,1.2900782683316399,0.0,0.016987990587949753,0.004187344899401068,1.2800646066665649,0.0,0.0
1326,0.017265655319480336,0.0041971997741390675,1.3068456158918493,0.0,0.01823212169110775,0.005526052229106427,1.2706069707870484,0.0,0.0
1327,0.017220813123618856,0.004419091048047823,1.280172249850105,0.0,0.016721307672560214,0.004336046334356069,1.238526177406311,0.0,0.0
1328,0.01701653644661693,0.004403930157423019,1.2612606497371899,0.0,0.017670456133782864,0.005365736084058881,1.2304719924926757,0.0,0.0
1329,0.017277860082685947,0.004598695730023524,1.2679164620006786,0.0,0.01679764185100794,0.0043329949490726,1.246464729309082,0.0,0.0
1330,0.017491811941213468,0.004822073778247132,1.2669738601235783,0.0,0.016608423180878164,0.004183802241459489,1.2424621105194091,0.0,0.0
1331,0.017489754868780866,0.004689513842630035,1.2800241288016825,0.0,0.01716472618281841,0.004420206928625703,1.2744519233703613,0.0,0.0
1332,0.016894039533594075,0.003971678095267099,1.2922361738541548,0.0,0.016924302093684673,0.004364905133843422,1.255939745903015,0.0,0.0
1333,0.01731299324070706,0.0045854142757461355,1.2727579299141378,0.0,0.016813097521662712,0.004401446972042322,1.2411651134490966,0.0,0.0
1334,0.017280064030166936,0.004601080189732944,1.267898391274845,0.0,0.016964450664818286,0.004552939743734896,1.2411511182785033,0.0,0.0
1335,0.016939664916957125,0.004335577339481781,1.2604087871663712,0.0,0.01676815152168274,0.004516398394480347,1.2251753568649293,0.0,0.0
1336,0.017073894686558667,0.004594246158376336,1.2479648800457226,0.0,0.017567581497132778,0.005399398691952229,1.2168182849884033,0.0,0.0
1337,0.01754484846092322,0.004899139351704542,1.2645709584741032,0.0,0.01708465851843357,0.004457229375839233,1.2627429246902466,0.0,0.0
1338,0.01737159161883242,0.004336036604774349,1.3035555096233593,0.0,0.016821911558508873,0.004095429368317127,1.2726482152938843,0.0,0.0
1339,0.01754370014018872,0.004589999437003452,1.2953700879040886,0.0,0.017397761344909668,0.004634803999215365,1.2762957334518432,0.0,0.0
1340,0.017367330653702513,0.004212875946370118,1.3154455142862655,0.0,0.017028738372027875,0.004242480173707009,1.2786258220672608,0.0,0.0
1341,0.017265173442223492,0.004387109745841692,1.2878063847036922,0.0,0.018440735712647437,0.005905271414667368,1.253546404838562,0.0,0.0
1342,0.017527527175843716,0.004442532094852889,1.3084995395996992,0.0,0.0169600747525692,0.003945870138704777,1.301420474052429,0.0,0.0
1343,0.01719565930611947,0.004027396413114141,1.3168263224994434,0.0,0.017749177664518355,0.005011660233139992,1.2737517833709717,0.0,0.0
1344,0.017398813082014814,0.004495744319523082,1.2903069117489983,0.0,0.017325147241353988,0.004770648526027798,1.255449938774109,0.0,0.0
1345,0.01731057432206238,0.004538686603636426,1.2771888059728287,0.0,0.017876113951206207,0.005426369793713093,1.2449744462966919,0.0,0.0
1346,0.017709353062159875,0.0049410260227673196,1.2768327278249405,0.0,0.016956667974591257,0.004332486819475889,1.2624181032180786,0.0,0.0
1347,0.016938811058507246,0.0039908667779801526,1.2947944472817814,0.0,0.01784023381769657,0.005263551604002714,1.2576682806015014,0.0,0.0
1348,0.017418982844580624,0.004714391481898287,1.270459161085241,0.0,0.01717670038342476,0.0047597563825547695,1.241694450378418,0.0,0.0
1349,0.01710556776208036,0.00436870933181661,1.2736858620363123,0.0,0.016300393827259542,0.0038784350268542766,1.2421958923339844,0.0,0.0
1350,0.017062809537438786,0.004535591147620888,1.2527218846713795,0.0,0.01800674609839916,0.005818834435194731,1.2187911987304687,0.0,0.0
1351,0.017413385760258224,0.004864924916011446,1.2548461100634407,0.0,0.01705413721501827,0.004639579076319933,1.2414558172225951,0.0,0.0
1352,0.01778280088568435,0.005016006460851606,1.2766794807770674,0.0,0.017267054691910744,0.0046115810051560405,1.2655473470687866,0.0,0.0
1353,0.01742228525964653,0.004416348015451256,1.3005937618367813,0.0,0.017291139625012875,0.004406968643888831,1.288417100906372,0.0,0.0
1354,0.01733495108783245,0.004270466921084067,1.3064484456006218,0.0,0.017045947164297102,0.004347391659393907,1.269855546951294,0.0,0.0
1355,0.017421340022016975,0.0045747238293509275,1.2846616366330315,0.0,0.017042671516537666,0.004558552987873554,1.2484118938446045,0.0,0.0
1356,0.017030312624924323,0.004287211525747005,1.274310119011823,0.0,0.017107241228222846,0.004818550124764442,1.228869128227234,0.0,0.0
1357,0.017470686312984016,0.004946938469348585,1.2523748033186968,0.0,0.0171804953366518,0.004846923751756549,1.2333571672439576,0.0,0.0
1358,0.016968686133623123,0.004301237901124884,1.26674485206604,0.0,0.017174582928419113,0.004821700043976307,1.2352882862091064,0.0,0.0
1359,0.017218958257752305,0.0045478359850890495,1.2671122621087467,0.0,0.01705485563725233,0.0045536533696576955,1.250120258331299,0.0,0.0
1360,0.017751692246426556,0.004845519509056912,1.2906173257266773,0.0,0.017510508187115192,0.004676475469022989,1.2834033012390136,0.0,0.0
1361,0.01693710602600785,0.00408431064501843,1.2852795544792623,0.0,0.01889644153416157,0.006582730915397406,1.2313710451126099,0.0,0.0
1362,0.01716140000259175,0.004650457638918477,1.2510942711549646,0.0,0.017518575489521026,0.005275823175907135,1.224275255203247,0.0,0.0
1363,0.017001644215163064,0.004495849832892418,1.2505794693441952,0.0,0.016219905391335488,0.003994472953490913,1.2225432634353637,0.0,0.0
1364,0.017631723162005928,0.004820742973071688,1.2810980502296896,0.0,0.016696489974856378,0.003957918938249349,1.2738571405410766,0.0,0.0
1365,0.017178682391257846,0.004081536741817699,1.3097146048265345,0.0,0.01713738925755024,0.004392495448701084,1.274489426612854,0.0,0.0
1366,0.01727097837583107,0.004413058241719709,1.2857920492396635,0.0,0.0166557302698493,0.004180071572773158,1.2475659132003785,0.0,0.0
1367,0.01702479042989366,0.004360537236446843,1.2664253641577328,0.0,0.01734149605035782,0.005010819341987371,1.2330676555633544,0.0,0.0
1368,0.017250883338205954,0.004618531805189217,1.2632351763108198,0.0,0.01714415792375803,0.004837933834642172,1.2306224346160888,0.0,0.0
1369,0.017444395953241515,0.0048136577311464965,1.2630738510805017,0.0,0.01760295741260052,0.0051865091547369955,1.2416448831558227,0.0,0.0
1370,0.017315391451120377,0.004665193408179809,1.2650198165108175,0.0,0.01813502348959446,0.0057634029537439345,1.2371620655059814,0.0,0.0
1371,0.01723884533652488,0.004463483730111928,1.2775361818425797,0.0,0.01757762711495161,0.005067132040858268,1.251049542427063,0.0,0.0
1372,0.017238248468321914,0.004508212126572342,1.2730036763583912,0.0,0.016836388036608696,0.004493985418230295,1.2342402935028076,0.0,0.0
1373,0.017081451766631183,0.004453064791639061,1.2628387072507072,0.0,0.017122320458292963,0.004845117777585983,1.2277203321456909,0.0,0.0
1374,0.017563517643686605,0.004934399922871415,1.2629117965698242,0.0,0.016432425752282143,0.0039067228324711325,1.2525702953338622,0.0,0.0
1375,0.017375164391363367,0.004442855934886371,1.2932308772030998,0.0,0.016968427039682866,0.004294500220566988,1.2673927068710327,0.0,0.0
1376,0.01742840722641524,0.004583320635206559,1.2845086911145378,0.0,0.016413092613220215,0.003893481753766537,1.2519611120224,0.0,0.0
1377,0.017280615811400554,0.00448946378139012,1.279115214067347,0.0,0.016989517956972122,0.004539933009073138,1.244958519935608,0.0,0.0
1378,0.017368507735869464,0.004650371067006798,1.2718136871562284,0.0,0.016829425655305385,0.004374453425407409,1.2454972505569457,0.0,0.0
1379,0.01743531402419595,0.004633257138159345,1.2802057125989128,0.0,0.017190538346767426,0.004681246820837259,1.2509292125701905,0.0,0.0
1380,0.017419188721653295,0.004666090244427323,1.2753098852494185,0.0,0.018327813223004343,0.005859700124710798,1.2468113660812379,0.0,0.0
1381,0.017449337660389787,0.004654058173079701,1.279527972726261,0.0,0.016508360207080842,0.0039044855628162624,1.2603874683380127,0.0,0.0
1382,0.017424655420815244,0.004557433373787824,1.286722232313717,0.0,0.016774364560842515,0.004313128301873803,1.246123695373535,0.0,0.0
1383,0.017383636523257282,0.00475557052585132,1.2628066259271957,0.0,0.016424782946705817,0.004034932912327349,1.23898503780365,0.0,0.0
1384,0.017326750956914005,0.0046183722888064735,1.2708378819858326,0.0,0.016846414655447006,0.004298205580562353,1.2548209190368653,0.0,0.0
1385,0.017440428299938932,0.004622582852949991,1.2817845835405237,0.0,0.017572077363729476,0.004957031924277544,1.2615045309066772,0.0,0.0
1386,0.017330066574846998,0.004449935191694428,1.2880131777595072,0.0,0.016520635038614274,0.0039635707391425965,1.2557064533233642,0.0,0.0
1387,0.017077046336934847,0.004369036691701587,1.2708009902168722,0.0,0.017926811054348946,0.005563325621187687,1.236348605155945,0.0,0.0
1388,0.017079456106704825,0.0044351514045368225,1.2644304948694565,0.0,0.01614170055836439,0.0037750294199213386,1.2366671562194824,0.0,0.0
1389,0.017434720990850645,0.004814428852542359,1.2620292200761682,0.0,0.01742630824446678,0.005006527807563543,1.241978120803833,0.0,0.0
1390,0.01716898469363942,0.004500987761489609,1.266799723400789,0.0,0.016831625439226627,0.004371311934664846,1.2460313796997071,0.0,0.0
1391,0.01712847166859052,0.004416581448715399,1.2711890515159159,0.0,0.017041954211890697,0.004656899347901344,1.2385055303573609,0.0,0.0
1392,0.01723490545854849,0.0046124173300888605,1.2622488316367655,0.0,0.01692980993539095,0.004699651175178588,1.2230159521102906,0.0,0.0
1393,0.01731988710953909,0.004748712910120101,1.2571174397188074,0.0,0.016495111770927905,0.004135943064466119,1.2359169006347657,0.0,0.0
1394,0.01696230816271375,0.004332068513202316,1.2630240005605362,0.0,0.017008170299232007,0.004640245484188199,1.236792540550232,0.0,0.0
1395,0.01704859087134109,0.00451757586287225,1.2531015382093542,0.0,0.017688732221722604,0.0054031888954341415,1.228554368019104,0.0,0.0
1396,0.01718001051203293,0.0046049029538955755,1.257510781288147,0.0,0.016604785248637198,0.004268748639151454,1.2336037397384643,0.0,0.0
1397,0.017035402138443553,0.004437801880104577,1.2597600502126358,0.0,0.017518780194222927,0.005293587688356638,1.2225192546844483,0.0,0.0
1398,0.017242435913752106,0.004749429823063752,1.2493006341597612,0.0,0.01770161222666502,0.005404314352199435,1.2297297716140747,0.0,0.0
1399,0.01737171712824527,0.004842837601352264,1.2528879782732796,0.0,0.016169733367860317,0.0037417122628539802,1.2428021669387816,0.0,0.0
1400,0.017394342624089298,0.004525487187921125,1.2868855770896463,0.0,0.017099745385348798,0.004490670096129179,1.2609075784683228,0.0,0.0
1401,0.01716578779194285,0.004371830481378471,1.2793957415749044,0.0,0.017198984697461128,0.0048467758577317,1.2352209091186523,0.0,0.0
1402,0.017057982876020318,0.004550258478368907,1.2507724341224222,0.0,0.018320083245635034,0.006092557776719331,1.2227525472640992,0.0,0.0
1403,0.01724072578637039,0.00470008933916688,1.2540636763853186,0.0,0.016785056330263615,0.004382988950237632,1.24020676612854,0.0,0.0
1404,0.017304343226201394,0.004569915780688033,1.273442773257985,0.0,0.01756512187421322,0.005194064881652594,1.2371057271957397,0.0,0.0
1405,0.01708906499997658,0.0045318055952734805,1.2557259587680591,0.0,0.017175324074923993,0.004804507875815034,1.2370816707611083,0.0,0.0
1406,0.016959008212913487,0.004302680793711368,1.2656327626284432,0.0,0.017195377498865128,0.004752901382744312,1.244247603416443,0.0,0.0
1407,0.017139578895533785,0.004544752293868977,1.2594826992820292,0.0,0.017147738486528397,0.004832080472260714,1.2315658807754517,0.0,0.0
1408,0.017085769761572864,0.004485698677051593,1.2600071360083187,0.0,0.017827842757105826,0.005431682802736759,1.2396159887313842,0.0,0.0
1409,0.017472748042029494,0.004737203872269567,1.2735544373007381,0.0,0.016511889360845088,0.0038595447316765786,1.2652344703674316,0.0,0.0
1410,0.01694925326634856,0.0041179841603426375,1.283126950263977,0.0,0.017296332120895385,0.004844434326514602,1.2451898336410523,0.0,0.0
1411,0.017594899653511888,0.00488319930017871,1.2711700481526993,0.0,0.017056199349462987,0.004481726745143533,1.2574472665786742,0.0,0.0
1412,0.01753798225785003,0.004598537281922558,1.2939445060842178,0.0,0.0171739486977458,0.004483218304812908,1.2690730333328246,0.0,0.0
1413,0.01748318608631106,0.004592027063207591,1.2891159338109635,0.0,0.01678751390427351,0.004243257269263267,1.2544256925582886,0.0,0.0
1414,0.016992072739145336,0.004296256996252958,1.269581626443302,0.0,0.016857159323990345,0.004404535796493292,1.2452624082565307,0.0,0.0
1415,0.017272779498906696,0.004547955577864367,1.2724824232213638,0.0,0.017307955026626586,0.004742962680757046,1.2564992427825927,0.0,0.0
1416,0.017235020394710934,0.004394007381051779,1.2841013389475204,0.0,0.017599549889564515,0.005054519418627024,1.2545031309127808,0.0,0.0
1417,0.017084383679663435,0.004322143970057368,1.2762240101309383,0.0,0.016660948097705842,0.0042059066705405716,1.2455041885375977,0.0,0.0
1418,0.017107510555754688,0.004551872172776391,1.2555638762081371,0.0,0.016970187798142432,0.004854761995375156,1.2115426063537598,0.0,0.0
1419,0.017073672210030696,0.004527228117427405,1.2546444570316988,0.0,0.01734534911811352,0.004911929275840521,1.2433419704437256,0.0,0.0
1420,0.017310444868224507,0.004616088014753426,1.2694357072605806,0.0,0.016885585710406305,0.004426753451116383,1.2458832502365111,0.0,0.0
1421,0.017208146753118318,0.004347502637435408,1.2860644635032206,0.0,0.01718901824206114,0.004423216031864285,1.276580286026001,0.0,0.0
1422,0.017409482916050097,0.004426155348911005,1.2983327753403608,0.0,0.01737622804939747,0.0048373001627624035,1.2538927793502808,0.0,0.0
1423,0.01700736806892297,0.004272523062194095,1.2734845385831945,0.0,0.017633527144789697,0.005336170177906751,1.22973575592041,0.0,0.0
1424,0.0170627760098261,0.004486184813739622,1.2576591267305262,0.0,0.01673086080700159,0.0044811002910137175,1.2249760627746582,0.0,0.0
1425,0.017283636145293713,0.004626874976298388,1.2656761407852173,0.0,0.017647316679358482,0.005167070543393493,1.2480246543884277,0.0,0.0
1426,0.01736662449205623,0.004551193252315416,1.281543170704561,0.0,0.017859284207224844,0.005385076254606247,1.2474208354949952,0.0,0.0
1427,0.01738537661731243,0.004591119667405591,1.2794257332296932,0.0,0.017601964995265007,0.004956951644271612,1.2645013570785522,0.0,0.0
1428,0.017237680032849312,0.0043583903872572325,1.2879289879518396,0.0,0.017383764125406743,0.004855858348309994,1.25279061794281,0.0,0.0
1429,0.017370566506596172,0.004719717387000427,1.2650849398444681,0.0,0.01705629639327526,0.004605992510914802,1.245030403137207,0.0,0.0
1430,0.01687684145701282,0.004220530445523122,1.2656311427845675,0.0,0.016469600982964037,0.004128349618986249,1.2341251850128174,0.0,0.0
1431,0.01710694469511509,0.004544488181743552,1.2562456691966337,0.0,0.017162094265222548,0.0047561006620526316,1.2405993700027467,0.0,0.0
1432,0.01704586872502285,0.004446508486152571,1.2599360522101908,0.0,0.01748972199857235,0.005244346801191568,1.2245375394821167,0.0,0.0
1433,0.01731918949414702,0.004859935862066991,1.2459253773969763,0.0,0.016514341346919537,0.004234813340008259,1.2279528379440308,0.0,0.0
1434,0.01759860204423175,0.004971157677252503,1.2627444688011618,0.0,0.0169735137373209,0.004474006406962871,1.2499507904052733,0.0,0.0
1435,0.017048259977908695,0.004323361564756316,1.2724898773081161,0.0,0.017032016813755036,0.004790351586416363,1.2241665363311767,0.0,0.0
1436,0.017049099702168915,0.00463228949400432,1.241681042839499,0.0,0.01745221633464098,0.005250497162342072,1.2201719284057617,0.0,0.0
1437,0.01736967506654122,0.004866867723381694,1.2502807448892033,0.0,0.017437865771353245,0.0051240289583802225,1.231383728981018,0.0,0.0
1438,0.01731129680924556,0.004581700969377861,1.2729596250197466,0.0,0.017108122631907464,0.00452570179477334,1.258242130279541,0.0,0.0
1439,0.017353172030519035,0.0046633687007295735,1.2689803698483635,0.0,0.017223649471998215,0.004897807538509369,1.2325841903686523,0.0,0.0
1440,0.017157176728634274,0.0045760115334654555,1.2581165608237772,0.0,0.01664462350308895,0.0043573072645813225,1.2287316083908082,0.0,0.0
1441,0.017154020476428902,0.004500980105470209,1.2653040815802181,0.0,0.017376617528498173,0.0048054252751171585,1.2571192502975463,0.0,0.0
1442,0.017272291157175514,0.004343202200663441,1.2929089419982012,0.0,0.016790369525551796,0.004323333455249667,1.2467036485671996,0.0,0.0
1443,0.017040220144040445,0.0045418969410307266,1.2498323847265804,0.0,0.01747579053044319,0.005340451560914517,1.2135339260101319,0.0,0.0
1444,0.017443896161721033,0.004909085123525823,1.2534811286365284,0.0,0.01724164914339781,0.004921135352924466,1.232051396369934,0.0,0.0
1445,0.017265709555324388,0.004587707999984131,1.2678001838571884,0.0,0.017609632387757302,0.005135086318477988,1.2474546909332276,0.0,0.0
1446,0.017289583461687845,0.004560731091153096,1.2728852524476892,0.0,0.016849828697741032,0.00442107766866684,1.2428751230239867,0.0,0.0
1447,0.017215351519339225,0.004552382167757434,1.2662969617282642,0.0,0.016896750219166277,0.004482198366895318,1.2414552211761474,0.0,0.0
1448,0.01691325063652852,0.0043356155647951014,1.2577635260189282,0.0,0.017357682809233665,0.005112151522189379,1.224553155899048,0.0,0.0
1449,0.01728908876504968,0.004670991562306881,1.261809748761794,0.0,0.01693483591079712,0.004336718749254942,1.2598117113113403,0.0,0.0
1450,0.017462226890904063,0.004704437410349355,1.2757789808161117,0.0,0.01666177585721016,0.004276070185005665,1.2385705709457397,0.0,0.0
1451,0.017446378848570233,0.004695055924136849,1.2751322984695435,0.0,0.017180349305272104,0.004617751343175769,1.256259846687317,0.0,0.0
1452,0.017241267706541455,0.004420120871680624,1.2821147091248457,0.0,0.017472038604319097,0.00497072096914053,1.2501317977905273,0.0,0.0
1453,0.017431336838532898,0.00461661207544453,1.2814725076451021,0.0,0.01769801266491413,0.0051663107704371216,1.2531701803207398,0.0,0.0
1454,0.017162263064700013,0.004386581617462284,1.2775681790183573,0.0,0.017384385317564012,0.00497149364091456,1.2412891626358031,0.0,0.0
1455,0.017243795096874237,0.004712255205959082,1.2531540113336899,0.0,0.01716092452406883,0.005040914658457041,1.2120009899139403,0.0,0.0
1456,0.017124919111237806,0.0046144315205952705,1.2510487893048454,0.0,0.01735314801335335,0.004895196808502078,1.2457951545715331,0.0,0.0
1457,0.01670018895803129,0.004116536433096318,1.258365273475647,0.0,0.017580233886837958,0.005430773645639419,1.2149460554122924,0.0,0.0
1458,0.01751120689818088,0.005016859018189066,1.2494348217459286,0.0,0.016382349841296672,0.004015324404463172,1.2367026090621949,0.0,0.0
1459,0.01696179889361648,0.004255336887367508,1.2706462495467241,0.0,0.01732426378875971,0.004801823059096932,1.2522440910339356,0.0,0.0
1460,0.01708295475691557,0.004392471917740563,1.269048305118785,0.0,0.016700467467308043,0.00433366084471345,1.2366806983947753,0.0,0.0
1461,0.01718936559251126,0.004458435208481901,1.2730930693009321,0.0,0.017370329052209855,0.0050001896917819975,1.2370139837265015,0.0,0.0
1462,0.017313151455977383,0.004733827074660975,1.257932473631466,0.0,0.017139584571123124,0.0046828888356685635,1.2456696033477783,0.0,0.0
1463,0.01709193873273976,0.004285633153117755,1.2806306025561165,0.0,0.017009374499320985,0.004425445664674043,1.258392882347107,0.0,0.0
1464,0.01748995395267711,0.004732374923632425,1.2757579228457283,0.0,0.017210203036665917,0.004667540872469544,1.2542662382125855,0.0,0.0
1465,0.016986737301682726,0.004250892465386321,1.2735844990786385,0.0,0.017032204568386076,0.004614827129989863,1.241737723350525,0.0,0.0
1466,0.017091561875799122,0.004489219035295879,1.260234327877269,0.0,0.01684609763324261,0.004404257657006383,1.2441840171813965,0.0,0.0
1467,0.01752794490141027,0.004708174876320888,1.2819770434323479,0.0,0.0167171485722065,0.0041311959270387884,1.2585952997207641,0.0,0.0
1468,0.017031472505015487,0.004232314319404609,1.2799158587175257,0.0,0.016689857840538024,0.004215750750154257,1.2474107503890992,0.0,0.0
1469,0.017019643667427933,0.004341421922778382,1.2678222235511332,0.0,0.017259077355265617,0.005027075298130512,1.2232002019882202,0.0,0.0
1470,0.017325225012267336,0.004950591664323036,1.2374633340274586,0.0,0.017103121057152747,0.005144340684637427,1.1958781003952026,0.0,0.0
1471,0.01726600494893158,0.004833776627064627,1.2432228467043709,0.0,0.017092546820640563,0.00463439067825675,1.2458157062530517,0.0,0.0
1472,0.017072550404597733,0.004379843060365494,1.269270791726954,0.0,0.016706201806664468,0.004333231737837196,1.237296986579895,0.0,0.0
1473,0.017151770675007033,0.0045601258273510374,1.2591645296882181,0.0,0.017188461497426033,0.004817521385848522,1.237093997001648,0.0,0.0
1474,0.017034164575092933,0.004364633384872885,1.2669531597810633,0.0,0.01738418284803629,0.004968107724562287,1.2416075229644776,0.0,0.0
1475,0.016638116144082126,0.0040537331061547294,1.2584383557824528,0.0,0.01704508941620588,0.004940219689160585,1.2104869842529298,0.0,0.0
1476,0.017266746336484656,0.004959502928506802,1.2307243838029749,0.0,0.016324707306921482,0.004166085040196776,1.2158622026443482,0.0,0.0
1477,0.01727455240838668,0.004707407096729559,1.2567145754309261,0.0,0.016899023950099946,0.004469479294493794,1.2429544925689697,0.0,0.0
1478,0.01725001786561573,0.0046676633304313705,1.2582354615716373,0.0,0.018895808979868887,0.006581586040556431,1.2314222574234008,0.0,0.0
1479,0.017139082500601515,0.004489627735251013,1.2649455140618717,0.0,0.01668550744652748,0.004209811333566904,1.2475696086883545,0.0,0.0
1480,0.01701983798514394,0.004334169508451048,1.268566888921401,0.0,0.017069625109434126,0.004662575246766209,1.2407050371170043,0.0,0.0
1481,0.017348830423810902,0.004680088269250358,1.2668742502436918,0.0,0.01800689324736595,0.0055905235931277275,1.2416369915008545,0.0,0.0
1482,0.01751304286367753,0.004703868235297063,1.2809174691929537,0.0,0.017470404133200647,0.004875500407069922,1.2594903707504272,0.0,0.0
1483,0.01731610588510247,0.004503862836452968,1.2812243209165686,0.0,0.01804083362221718,0.005548652913421393,1.2492180824279786,0.0,0.0
1484,0.01688012064379804,0.004233971566838377,1.264614932677325,0.0,0.017095874063670635,0.004874458350241184,1.2221415996551515,0.0,0.0
1485,0.017378366716644344,0.004972878377884626,1.2405488911797018,0.0,0.017582810670137405,0.0053342987783253195,1.2248512506484985,0.0,0.0
1486,0.017480938859722194,0.004823945380528183,1.2656993936089909,0.0,0.01676790751516819,0.004158132802695036,1.2609774589538574,0.0,0.0
1487,0.01719498634338379,0.004338228239623063,1.2856758552439072,0.0,0.01716194935142994,0.004487645719200373,1.2674303770065307,0.0,0.0
1488,0.016712199293953532,0.0039224931970238686,1.278970620211433,0.0,0.01675913352519274,0.004401483526453376,1.235765027999878,0.0,0.0
1489,0.017221603213864213,0.004757599466863801,1.2464003843419693,0.0,0.01689804494380951,0.004758228734135628,1.2139816522598266,0.0,0.0
1490,0.0172048893154544,0.004604917362003642,1.2599972206003525,0.0,0.01729128696024418,0.004849014943465591,1.2442272663116456,0.0,0.0
1491,0.016864208833259696,0.004254144698600559,1.2610064394333784,0.0,0.01693168394267559,0.004566091950982809,1.236559224128723,0.0,0.0
1492,0.016985323718365503,0.00447910710457055,1.2506216904696297,0.0,0.016394009068608283,0.0041862815152853726,1.2207727909088135,0.0,0.0
1493,0.016756051713052916,0.004359953242408878,1.2396098796059103,0.0,0.017573651485145093,0.005593436863273382,1.1980214834213256,0.0,0.0
1494,0.01740849998724811,0.004953728139619617,1.2454772135790657,0.0,0.01686590313911438,0.004497479368001223,1.236842393875122,0.0,0.0
1495,0.017282965757391033,0.004599623587530325,1.2683342134251314,0.0,0.017602645233273505,0.00517308572307229,1.2429559707641602,0.0,0.0
1496,0.01708064157077495,0.004296110669041381,1.2784531116485596,0.0,0.016830389201641083,0.004301207303069532,1.2529182195663453,0.0,0.0
1497,0.017672775094123447,0.004900028436061214,1.277274678735172,0.0,0.016924040950834753,0.004309144476428628,1.261489701271057,0.0,0.0
1498,0.016789989272022948,0.003944640006760464,1.284534959232106,0.0,0.017267654463648797,0.004808339290320873,1.245931577682495,0.0,0.0
1499,0.017135804080787825,0.004593399216366165,1.254240498823278,0.0,0.017554569989442825,0.005383634567260742,1.2170936107635497,0.0,0.0
1500,0.017493194736102047,0.004758831675109618,1.273436328944038,0.0,0.01674525663256645,0.003948817355558276,1.2796439409255982,0.0,0.0
1501,0.016966652892091694,0.004018095431520659,1.2948557839674109,0.0,0.01793432980775833,0.0054246251937001945,1.250970482826233,0.0,0.0
1502,0.017162719905814704,0.004446496077648857,1.2716224123449886,0.0,0.01738675720989704,0.004967545950785279,1.2419211626052857,0.0,0.0
1503,0.017210524090949225,0.004510832128717619,1.2699692109051872,0.0,0.017713492922484874,0.00538928466849029,1.23242084980011,0.0,0.0
1504,0.017626289387836176,0.004956405746805317,1.2669883756076588,0.0,0.017258895747363567,0.004666840564459563,1.2592055559158326,0.0,0.0
1505,0.01712967696435311,0.004175408332444289,1.2954269016490263,0.0,0.01693991031497717,0.004266269830986857,1.2673640727996827,0.0,0.0
1506,0.01733414428856443,0.004441523869686267,1.2892620353137745,0.0,0.017083938233554363,0.004598022298887372,1.2485915899276734,0.0,0.0
1507,0.017333224525346476,0.004569709533825517,1.276351529009202,0.0,0.016811060719192028,0.0040870191063731905,1.272404170036316,0.0,0.0
1508,0.017354356015429777,0.00436033311245196,1.2994023631600773,0.0,0.017226601764559746,0.00447330423630774,1.2753297805786132,0.0,0.0
1509,0.0170270803877536,0.004158760790767915,1.28683200303246,0.0,0.016901822946965694,0.004536288976669312,1.2365534543991088,0.0,0.0
1510,0.01719320927034406,0.004780254518503652,1.241295527009403,0.0,0.01684213988482952,0.004624705016613007,1.2217434883117675,0.0,0.0
1511,0.017433787531712475,0.004752033691415016,1.2681754196391386,0.0,0.01817028969526291,0.00539581049233675,1.2774479866027832,0.0,0.0
1512,0.016963348340462234,0.004047059673158561,1.2916288936839384,0.0,0.01685885265469551,0.004389405809342861,1.2469446659088135,0.0,0.0
1513,0.017335133024436587,0.004716425476705327,1.2618707628811108,0.0,0.016483729518949986,0.004080941574648023,1.2402788639068603,0.0,0.0
1514,0.016890207250766894,0.00428200899349416,1.2608198418336756,0.0,0.01659177355468273,0.004335952457040548,1.2255821704864502,0.0,0.0
1515,0.017531353158547598,0.0049852934830329,1.254606001517352,0.0,0.017614056728780268,0.005214492650702595,1.2399563789367676,0.0,0.0
1516,0.016893353258423945,0.004275522578288527,1.2617831230163574,0.0,0.017303445376455784,0.004971379367634654,1.2332066535949706,0.0,0.0
1517,0.0171146863961921,0.004560897893765394,1.2553788914399988,0.0,0.017122872173786163,0.004780425783246755,1.2342446327209473,0.0,0.0
1518,0.017216762253905043,0.004608617082019062,1.260814533514135,0.0,0.016717471368610858,0.004281811648979783,1.2435659646987915,0.0,0.0
1519,0.01720259530360208,0.004552554298082695,1.2650041229584639,0.0,0.017628657259047033,0.0052307041361927984,1.2397953510284423,0.0,0.0
1520,0.017528755645103315,0.0048198661876513674,1.2708889666725607,0.0,0.016873343288898467,0.004287609364837408,1.2585734128952026,0.0,0.0
1521,0.01706804598079008,0.004208278486176449,1.2859767605276669,0.0,0.017367276921868326,0.004835814982652664,1.25314621925354,0.0,0.0
1522,0.017472474452327278,0.0047396725481923885,1.2732802208732157,0.0,0.017093362286686897,0.0046331319026649,1.2460230350494386,0.0,0.0
1523,0.017287320676533616,0.004467362620155601,1.2819958224016077,0.0,0.01671360433101654,0.0039769308641552925,1.273667335510254,0.0,0.0
1524,0.01705228548277827,0.004245085258255987,1.280720037572524,0.0,0.017961860820651054,0.0055203723255544904,1.2441488742828368,0.0,0.0
1525,0.017354641438407058,0.004688461092026795,1.2666180554558248,0.0,0.017124989442527293,0.004613702837377787,1.2511286973953246,0.0,0.0
1526,0.017376033917945975,0.004395356086794944,1.2980678081512451,0.0,0.016521573625504972,0.003460356150753796,1.3061217546463013,0.0,0.0
1527,0.017074988004477584,0.003993847010218922,1.3081141219419592,0.0,0.01704990640282631,0.004405923746526241,1.2643982648849488,0.0,0.0
1528,0.017480907085187295,0.00482502140049987,1.2655885850681978,0.0,0.01663062684237957,0.004227757267653942,1.2402869701385497,0.0,0.0
1529,0.017178816720843315,0.004421928774236757,1.2756888445685892,0.0,0.016419719159603118,0.003875188296660781,1.2544531345367431,0.0,0.0
1530,0.01716806005467387,0.004441911792930435,1.2726148507174324,0.0,0.017459430173039435,0.005039285216480493,1.2420145511627196,0.0,0.0
1531,0.017308337997426006,0.0046910770675715275,1.2617261199390186,0.0,0.017103068903088568,0.004624177236109972,1.2478891611099243,0.0,0.0
1532,0.01715599509942181,0.004429155508713687,1.2726839921053719,0.0,0.01676633656024933,0.004201139602810144,1.2565197467803955,0.0,0.0
1533,0.017400515320546487,0.004656874848639264,1.2743640717338114,0.0,0.017150468192994595,0.004459458170458674,1.269101047515869,0.0,0.0
1534,0.017200018991442287,0.004080374095150653,1.3119645048590267,0.0,0.016693807579576968,0.003796626441180706,1.2897181987762452,0.0,0.0
1535,0.01729594110785162,0.0043282303685212836,1.2967710985856897,0.0,0.018945811688899993,0.006337669212371111,1.2608142614364624,0.0,0.0
1536,0.0174625733976855,0.0046478957348667525,1.2814678023843205,0.0,0.017600760981440543,0.0051237802952528,1.2476981163024903,0.0,0.0
1537,0.017132388044367817,0.004470460171646932,1.266192814883064,0.0,0.018000978976488113,0.005553777050226927,1.2447202920913696,0.0,0.0
1538,0.017561152796534932,0.004725455306470394,1.2835697636884802,0.0,0.016944007761776448,0.004174363985657692,1.2769643783569335,0.0,0.0
1539,0.017027944764670205,0.004141472951125573,1.2886472028844498,0.0,0.01655302494764328,0.004049855237826705,1.2503170013427733,0.0,0.0
1540,0.01726295957889627,0.004721962833119666,1.2540997056400074,0.0,0.01720391642302275,0.00486780796200037,1.2336108684539795,0.0,0.0
1541,0.016894688720212263,0.00429743031204185,1.2597258792204016,0.0,0.016633719205856323,0.004349204013124108,1.2284515857696534,0.0,0.0
1542,0.017306338228723583,0.004872360211961409,1.2433978389291203,0.0,0.017859267257153987,0.005640473961830139,1.2218793869018554,0.0,0.0
1543,0.01711905062856043,0.004461025271345587,1.2658025517183191,0.0,0.01712939888238907,0.004445263370871544,1.2684135913848877,0.0,0.0
1544,0.017693683888544056,0.004807035781114417,1.2886648528716143,0.0,0.01758226379752159,0.004945198632776737,1.2637065649032593,0.0,0.0
1545,0.017199267907177702,0.004292815608684631,1.2906452767989214,0.0,0.01786389872431755,0.0053201007656753065,1.2543798446655274,0.0,0.0
1546,0.017389640540761107,0.004637392854098888,1.2752248048782349,0.0,0.016675538197159768,0.004270676104351878,1.240486216545105,0.0,0.0
1547,0.017483761150609043,0.004886295043808573,1.2597466286490946,0.0,0.017579457350075246,0.005124500067904591,1.2454957723617555,0.0,0.0
1548,0.017335177399218082,0.0046230722081792705,1.2712105442495907,0.0,0.016848711483180522,0.004354543192312122,1.2494168519973754,0.0,0.0
1549,0.017187828198075294,0.0045076315017307505,1.2680196972454296,0.0,0.01711074449121952,0.004691943526268005,1.2418801307678222,0.0,0.0
1550,0.017516693976872107,0.004896972027114209,1.2619722240111406,0.0,0.016838275454938413,0.0043851812835782765,1.2453094959259032,0.0,0.0
1551,0.017395219272550416,0.0046390063430675685,1.275621301987592,0.0,0.016996726393699646,0.004428998613730073,1.2567728519439698,0.0,0.0
1552,0.01780814535039313,0.004814151948427453,1.2993993759155273,0.0,0.017062032036483286,0.00402796701528132,1.3034065246582032,0.0,0.0
1553,0.017244038226849893,0.003969259779242908,1.3274778548408956,0.0,0.01747287530452013,0.004637256683781743,1.283561897277832,0.0,0.0
1554,0.017132883617544874,0.004270491820267018,1.286239182247835,0.0,0.01678833719342947,0.004383628629148007,1.2404709100723266,0.0,0.0
1555,0.017157219076419577,0.0044845378519419365,1.2672681457856123,0.0,0.016581834852695466,0.004228787403553725,1.2353047609329224,0.0,0.0
1556,0.01742049980470363,0.00486715483095716,1.2553345315596636,0.0,0.017940468341112136,0.005621754471212626,1.2318713903427123,0.0,0.0
1557,0.01751880194334423,0.0049305643530233815,1.2588237944771261,0.0,0.017723263427615165,0.005207517696544528,1.2515745878219604,0.0,0.0
1558,0.017011286362129098,0.003993464757085723,1.3017821802812464,0.0,0.017574424296617507,0.004765451326966286,1.280897307395935,0.0,0.0
1559,0.01757473235621172,0.004560358726474292,1.3014373849419987,0.0,0.017769857496023177,0.005002004560083151,1.2767853498458863,0.0,0.0
1560,0.016740978914586938,0.003893565304358216,1.284741394660052,0.0,0.01764013059437275,0.005193509999662638,1.244662070274353,0.0,0.0
1561,0.01691550575196743,0.004388278870679,1.2527227191364063,0.0,0.01713332049548626,0.004964142758399248,1.2169178009033204,0.0,0.0
1562,0.017162910498240414,0.004757315002600937,1.2405595639172722,0.0,0.017387597262859343,0.005207070708274841,1.2180526971817016,0.0,0.0
1563,0.017239606007933617,0.004772480522446772,1.2467125934713028,0.0,0.018497469648718835,0.00612089904025197,1.23765709400177,0.0,0.0
1564,0.017405154512209052,0.004664108047590536,1.2741046933566822,0.0,0.016883791610598563,0.004323318367823958,1.2560473680496216,0.0,0.0
1565,0.017410634852507535,0.004550563952173381,1.2860071027980131,0.0,0.01754795592278242,0.0049543027766048905,1.2593653202056885,0.0,0.0
1566,0.01685467636322274,0.004077408805160838,1.2777268255458158,0.0,0.017260242626070975,0.004951940197497606,1.2308302402496338,0.0,0.0
1567,0.01723412813290077,0.004648593733744586,1.2585534418330473,0.0,0.01686607003211975,0.0045210668351501225,1.2345003843307496,0.0,0.0
1568,0.017173141021938884,0.0045372045270222075,1.2635936666937435,0.0,0.01704935971647501,0.004559917561709881,1.2489442586898805,0.0,0.0
1569,0.017066034926649404,0.00441957763670122,1.2646457587971407,0.0,0.01717512346804142,0.004772025067359209,1.2403098821640015,0.0,0.0
1570,0.017588209251270574,0.004906726014964721,1.2681483661427218,0.0,0.018674136698246004,0.006120336428284645,1.2553800106048585,0.0,0.0
1571,0.01677088099805748,0.00396794083473437,1.280294053694781,0.0,0.016867133043706416,0.004374942323192954,1.2492190837860107,0.0,0.0
1572,0.017378828159588224,0.004684026503716321,1.2694802073871387,0.0,0.017280222102999687,0.004801437817513942,1.2478784322738647,0.0,0.0
1573,0.017123204327243215,0.004324450020623558,1.2798754678053015,0.0,0.017339346930384636,0.004818189609795809,1.252115750312805,0.0,0.0
1574,0.01706371582387125,0.004303424400003517,1.2760292011148788,0.0,0.01635348368436098,0.003918715938925743,1.2434768438339234,0.0,0.0
1575,0.017159451730549335,0.004512580960769863,1.264687131432926,0.0,0.016913242265582086,0.0044733823742717505,1.2439860343933105,0.0,0.0
1576,0.017173666068736243,0.004494666491689927,1.2678999760571648,0.0,0.017718821205198763,0.0054203570820391175,1.229846453666687,0.0,0.0
1577,0.017156266278642064,0.004444600206197184,1.2711666541941025,0.0,0.01718220505863428,0.00467255930416286,1.2509645700454712,0.0,0.0
1578,0.01693122132736094,0.00430015629321775,1.2631065494873945,0.0,0.0172768484801054,0.005040272790938616,1.2236576080322266,0.0,0.0
1579,0.017193928470506388,0.004619174979298431,1.2574753480799057,0.0,0.017351046204566956,0.00491922777146101,1.243181872367859,0.0,0.0
1580,0.01737445406615734,0.004493032362969483,1.2881422112969791,0.0,0.017236281558871268,0.004436594108119607,1.2799687385559082,0.0,0.0
1581,0.017010325401583138,0.004018411930540905,1.2991913697298836,0.0,0.017052210122346877,0.004484136775135994,1.2568073987960815,0.0,0.0
1582,0.017121829311637318,0.00439302616423982,1.2728803648668177,0.0,0.01643332503736019,0.004046944715082645,1.2386380195617677,0.0,0.0
1583,0.01740615102736389,0.004790374475038227,1.2615776833365946,0.0,0.017066545225679873,0.004667338915169239,1.239920687675476,0.0,0.0
1584,0.017463654991896713,0.004680828492650215,1.2782826704137467,0.0,0.016457557305693628,0.0038869115989655255,1.2570646047592162,0.0,0.0
1585,0.017524852033923653,0.004599158665822709,1.2925693778430714,0.0,0.01691024750471115,0.00431165168993175,1.2598595857620238,0.0,0.0
1586,0.01687309852636912,0.0041056723087368645,1.2767426617005293,0.0,0.01685011200606823,0.0045038225594908,1.2346290349960327,0.0,0.0
1587,0.01682863592663232,0.004289224387749153,1.2539411853341496,0.0,0.016683160699903964,0.004390300204977393,1.2292860507965089,0.0,0.0
1588,0.017772660426357213,0.005026828388080877,1.274583234506495,0.0,0.01680421195924282,0.003971922583878041,1.2832289695739747,0.0,0.0
1589,0.017061448436887824,0.0040322860209819145,1.3029162533142988,0.0,0.017223355919122697,0.004538914747536182,1.2684441804885864,0.0,0.0
1590,0.017261089154464358,0.004561328616760233,1.269976068945492,0.0,0.018776143714785577,0.006378240976482629,1.2397902965545655,0.0,0.0
1591,0.017070488456417534,0.004424719016670305,1.2645769610124475,0.0,0.01777874566614628,0.005288465134799481,1.2490280389785766,0.0,0.0
1592,0.01701787508585874,0.004386097754297011,1.2631777454825008,0.0,0.016658545657992362,0.004382768925279379,1.2275776863098145,0.0,0.0
1593,0.01713186765418333,0.004731762715998818,1.240010513978846,0.0,0.01776086203753948,0.005581986415199936,1.217887544631958,0.0,0.0
1594,0.016842249671325964,0.0044116741731105484,1.2430575735428755,0.0,0.016569016501307487,0.004333124030381441,1.223589301109314,0.0,0.0
1595,0.017143520033534837,0.004689373993588721,1.2454146216897404,0.0,0.017387553676962854,0.005123135261237621,1.2264418840408324,0.0,0.0
1596,0.017421594875700334,0.004737726097707362,1.2683869039311129,0.0,0.016994456574320794,0.004350832337513566,1.2643624067306518,0.0,0.0
1597,0.017308009295340848,0.004518241991343743,1.2789767349467558,0.0,0.016601833701133727,0.004054625239223242,1.2547208547592164,0.0,0.0
1598,0.01756256725639105,0.004775439498617369,1.2787128055796904,0.0,0.01780281700193882,0.004899309482425451,1.2903507947921753,0.0,0.0
1599,0.017512911875896594,0.004275726181838442,1.323718603919534,0.0,0.01710322331637144,0.004060088982805609,1.3043134689331055,0.0,0.0
1600,0.01728998508085223,0.004247516311485977,1.3042469094781315,0.0,0.01795094795525074,0.005298563558608293,1.2652384519577027,0.0,0.0
1601,0.01717316052492927,0.004408264943562886,1.276489580378813,0.0,0.01686735134571791,0.00452976927626878,1.2337582588195801,0.0,0.0
1602,0.01727876779349411,0.004688131102525136,1.2590636996661915,0.0,0.017089083790779114,0.004674612823873758,1.241447138786316,0.0,0.0
1603,0.01692557564991362,0.004294147427358171,1.2631428452099072,0.0,0.017780847474932672,0.005381252616643906,1.2399595260620118,0.0,0.0
1604,0.017220377100302893,0.004570220939486343,1.265015630161061,0.0,0.016876147501170634,0.004514927277341485,1.2361220359802245,0.0,0.0
1605,0.017542559270034817,0.004878906711169025,1.2663652826757992,0.0,0.01721356026828289,0.004801266361027956,1.2412293910980225,0.0,0.0
1606,0.01716258530231083,0.004461638067903764,1.2700947593240177,0.0,0.01687282118946314,0.00436697737313807,1.2505844354629516,0.0,0.0
1607,0.01720060868298306,0.004496233510401319,1.2704375561545878,0.0,0.018051815032958985,0.005678091105073691,1.2373724460601807,0.0,0.0
1608,0.017261032234219945,0.004501478965668117,1.2759553404415356,0.0,0.01707217488437891,0.0045876115094870325,1.248456358909607,0.0,0.0
1609,0.017084314761792913,0.004329471123021315,1.2754844076493208,0.0,0.017167575284838678,0.004847625456750393,1.2319950342178345,0.0,0.0
1610,0.01752965376876733,0.0050006213269251235,1.2529032721238977,0.0,0.017887729220092297,0.005571560841053725,1.2316168785095214,0.0,0.0
1611,0.017375522402717787,0.004513313993811607,1.2862208660911112,0.0,0.016931349784135817,0.004267416661605239,1.2663933277130126,0.0,0.0
1612,0.017241856631110695,0.004467055804150946,1.2774800623164457,0.0,0.01644809916615486,0.004056075960397721,1.239202356338501,0.0,0.0
1613,0.01742252165122944,0.004815887289998286,1.2606634813196518,0.0,0.01724792383611202,0.004814532492309809,1.2433391571044923,0.0,0.0
1614,0.017351275145569268,0.00447350597995169,1.2877769540337956,0.0,0.016823828965425492,0.0042878070147708055,1.2536022186279296,0.0,0.0
1615,0.017238486832117334,0.004422618363819578,1.2815868994768929,0.0,0.01808466576039791,0.005610735900700092,1.2473930358886718,0.0,0.0
1616,0.0170978153234019,0.004531396032475373,1.2566419629489674,0.0,0.016828900575637816,0.004630865715444088,1.2198035001754761,0.0,0.0
1617,0.017474618576028767,0.0048945252235759705,1.2580093566109152,0.0,0.01775423511862755,0.005362551938742399,1.2391683340072632,0.0,0.0
1618,0.01715035144897068,0.004498771268545705,1.2651580572128296,0.0,0.017932763695716857,0.005513805244117975,1.241895890235901,0.0,0.0
1619,0.016995099647080198,0.004383719882325214,1.2611379974028643,0.0,0.017093946412205695,0.0046730661299079655,1.242088007926941,0.0,0.0
1620,0.01701527735327973,0.004202490398550735,1.2812786803526037,0.0,0.019159500300884248,0.006702913530170917,1.2456587314605714,0.0,0.0
1621,0.017192140878999933,0.004516586976344971,1.2675554191364962,0.0,0.016705628484487534,0.004402849543839693,1.230277943611145,0.0,0.0
1622,0.016814906862290466,0.004325413829920923,1.2489493384080774,0.0,0.016885774582624434,0.004679000750184059,1.2206773996353149,0.0,0.0
1623,0.016956582446308696,0.0044938745524953395,1.2462708389057833,0.0,0.0173485204577446,0.005062198080122471,1.2286323070526124,0.0,0.0
1624,0.016926590517601547,0.004449026193469763,1.247756467146032,0.0,0.01658727303147316,0.004352354723960161,1.2234918832778932,0.0,0.0
1625,0.016816424808519727,0.0044010754345971,1.2415349693859326,0.0,0.01756647750735283,0.0053123017773032185,1.2254176378250121,0.0,0.0
1626,0.01758541922797175,0.004817945882678032,1.276747366961311,0.0,0.01847224570810795,0.005738507816568017,1.273373818397522,0.0,0.0
1627,0.017157574732075718,0.004284789484432515,1.2872785680434282,0.0,0.01678073238581419,0.004066612850874662,1.2714120149612427,0.0,0.0
1628,0.017295135020771447,0.00426199719967211,1.303313788245706,0.0,0.016826648265123367,0.004097055504098534,1.272959327697754,0.0,0.0
1629,0.017150177236865547,0.004327907802208382,1.2822269902509802,0.0,0.016601861640810966,0.004202416120097041,1.239944577217102,0.0,0.0
1630,0.01700128264286939,0.004484557341236402,1.2516725484062643,0.0,0.017384679801762105,0.0052216117270290855,1.2163068056106567,0.0,0.0
1631,0.016957060926977324,0.00448788284762379,1.2469178157694198,0.0,0.01757955476641655,0.005255762534216046,1.2323792219161986,0.0,0.0
1632,0.01722136260393788,0.00464276727015043,1.257859552607817,0.0,0.01662804838269949,0.004256551270373166,1.2371497392654418,0.0,0.0
1633,0.016998574795091852,0.004499182351590956,1.249939245336196,0.0,0.01654285117983818,0.004385632090270519,1.2157219171524047,0.0,0.0
1634,0.01722107466091128,0.004827220910502707,1.239385401501375,0.0,0.016954881697893144,0.00471941689029336,1.223546528816223,0.0,0.0
1635,0.017537708558580455,0.004743347369024859,1.2794361044378841,0.0,0.017764148861169816,0.004866045853123069,1.2898103237152099,0.0,0.0
1636,0.017207494827316087,0.004226843456682914,1.2980651574976303,0.0,0.01724209114909172,0.004628304950892925,1.2613786220550538,0.0,0.0
1637,0.01695988223175792,0.004249067716848324,1.2710814546136295,0.0,0.017958617955446243,0.005609909072518349,1.2348709106445312,0.0,0.0
1638,0.017499700681689906,0.0047807024161824405,1.2718998544356401,0.0,0.017522762715816497,0.004906910145655275,1.2615853309631349,0.0,0.0
1639,0.017544192700263334,0.0045943927595063164,1.2949800351086784,0.0,0.017298893257975578,0.004478851007297635,1.2820042848587037,0.0,0.0
1640,0.017172146259861833,0.004256291849100415,1.2915854804656084,0.0,0.01696304213255644,0.004454638808965683,1.2508403778076171,0.0,0.0
1641,0.017180722590316746,0.004493918228784905,1.2686804673250984,0.0,0.01687987893819809,0.004525238461792469,1.23546404838562,0.0,0.0
1642,0.017245215856853652,0.0046047224964508235,1.2640493687461405,0.0,0.017237220704555512,0.004843109473586083,1.2394111633300782,0.0,0.0
1643,0.01727624171796967,0.004685054314048851,1.2591187533210306,0.0,0.017635846883058547,0.0051634256727993485,1.2472421407699585,0.0,0.0
1644,0.016924403498277944,0.0040877813692478575,1.2836622280233048,0.0,0.01683336142450571,0.004195846477523446,1.2637515306472777,0.0,0.0
1645,0.017256874426761094,0.004310430520597626,1.2946444188847261,0.0,0.017065197788178922,0.004245937243103981,1.2819260835647583,0.0,0.0
1646,0.017283516552518394,0.0043976828318965785,1.288583432926851,0.0,0.017022666335105897,0.004450649255886674,1.2572017669677735,0.0,0.0
1647,0.0173987166627365,0.004634828964138732,1.276388778406031,0.0,0.01663392409682274,0.004059896292164922,1.2574028253555298,0.0,0.0
1648,0.01716636647196377,0.004351941307130105,1.281442544039558,0.0,0.016757237911224365,0.004049046756699681,1.2708191633224488,0.0,0.0
1649,0.017214376588954645,0.004393837250330869,1.2820539754979752,0.0,0.016889958828687667,0.00443620472215116,1.2453754663467407,0.0,0.0
1650,0.017097357550964636,0.004485672380884781,1.2611685290056116,0.0,0.016452506929636002,0.00401320569217205,1.2439301490783692,0.0,0.0
1651,0.017175573198234335,0.004376331864691833,1.2799241542816162,0.0,0.017944617569446562,0.005327215744182467,1.261740231513977,0.0,0.0
1652,0.01718414783039514,0.004484597442890792,1.2699550740859087,0.0,0.016628963872790337,0.004277287563309073,1.235167670249939,0.0,0.0
1653,0.016769544495379225,0.004258144934497336,1.251139991423663,0.0,0.017893723025918008,0.005641112104058266,1.2252610921859741,0.0,0.0
1654,0.016769985668361187,0.004381342927980072,1.238864309647504,0.0,0.0172404270619154,0.005093211308121681,1.2147216081619263,0.0,0.0
1655,0.017340945682543164,0.0048445111606270075,1.2496434730641983,0.0,0.016652341559529306,0.004353285022079945,1.2299057006835938,0.0,0.0
1656,0.0173493221621303,0.0046709863852490395,1.2678335834951961,0.0,0.017203079909086226,0.004599993675947189,1.2603086709976197,0.0,0.0
1657,0.01728510407402235,0.004376356257125735,1.2908748037674849,0.0,0.016582544334232806,0.003947714064270258,1.2634830713272094,0.0,0.0
1658,0.017121306072701428,0.00439306117101189,1.2728245398577522,0.0,0.01767647862434387,0.005378737160935998,1.2297741651535035,0.0,0.0
1659,0.017120712655870354,0.004629657247706372,1.2491055797128117,0.0,0.016749732568860053,0.004582668654620647,1.2167064189910888,0.0,0.0
1660,0.017448114833849317,0.00481317552518757,1.2634939937030567,0.0,0.01670881062746048,0.004111162386834621,1.2597648620605468,0.0,0.0
1661,0.017262830672895208,0.004344846094574998,1.2917984583798576,0.0,0.017008191160857677,0.004230265319347381,1.2777926206588746,0.0,0.0
1662,0.016965407001621583,0.00407404697719304,1.2891360310947193,0.0,0.017919887602329255,0.005456455983221531,1.246343183517456,0.0,0.0
1663,0.016930614378960693,0.004376925843055634,1.2553688778596765,0.0,0.016725355945527553,0.004528166307136416,1.2197189569473266,0.0,0.0
1664,0.017060221501571292,0.004638192243874073,1.2422029551337748,0.0,0.01728820465505123,0.005187587533146143,1.2100617170333863,0.0,0.0
1665,0.017407163320218817,0.0049032660283367425,1.2503897723029642,0.0,0.018382755666971208,0.006036566011607647,1.2346190214157104,0.0,0.0
1666,0.01737480884527459,0.004799536703264012,1.2575272251577938,0.0,0.016256616078317167,0.003988771187141538,1.2267845153808594,0.0,0.0
1667,0.017444733037229848,0.004800859961987418,1.2643873340943281,0.0,0.017927262000739574,0.005414146743714809,1.2513116121292114,0.0,0.0
1668,0.017028163461124197,0.0043093914659146,1.2718772186952478,0.0,0.017428081855177878,0.005045486008748412,1.2382595777511596,0.0,0.0
1669,0.017273483304854703,0.004699284265584806,1.2574199508218205,0.0,0.016404099948704242,0.004070068709552288,1.2334031581878662,0.0,0.0
1670,0.017295220921583036,0.004622636143775547,1.2672585459316479,0.0,0.01662278138101101,0.0041685040108859536,1.2454277515411376,0.0,0.0
1671,0.01716240117435946,0.0044946068322614715,1.266779478858499,0.0,0.016548128612339497,0.004068330791778862,1.2479797840118407,0.0,0.0
1672,0.016902515281210926,0.004274840822772068,1.262767462169423,0.0,0.017410539835691453,0.005226503405719995,1.218403697013855,0.0,0.0
1673,0.017206133507630405,0.0047790080254130505,1.2427125818589155,0.0,0.017106128856539726,0.004795662872493267,1.2310466527938844,0.0,0.0
1674,0.016898715320755455,0.004291513496462037,1.2607201968922335,0.0,0.016331198625266552,0.004046544898301363,1.2284654140472413,0.0,0.0
1675,0.01760725901626489,0.005043805522077224,1.256345370236565,0.0,0.016950533911585807,0.0044614586513489485,1.2489075422286988,0.0,0.0
1676,0.017103943152024466,0.0042723733110024645,1.2831570050295662,0.0,0.0174612944945693,0.004989631054922938,1.2471663236618042,0.0,0.0
1677,0.01705492298830958,0.004356798633713932,1.269812450689428,0.0,0.01698867939412594,0.004633990582078695,1.2354689598083497,0.0,0.0
1678,0.01707282744567184,0.0045950658592011995,1.2477761857649858,0.0,0.017004604265093804,0.00487200878560543,1.2132595539093018,0.0,0.0
1679,0.017755798666792756,0.00515300317612641,1.2602795642964981,0.0,0.01736831050366163,0.004683257360011339,1.2685053586959838,0.0,0.0
1680,0.017044514417648315,0.0040404357235221304,1.3004078724805046,0.0,0.017599340155720712,0.00495583126321435,1.2643509387969971,0.0,0.0
1681,0.01689619494273382,0.004141090492553571,1.2755104724098654,0.0,0.016650323197245596,0.004238303657621146,1.2412020206451415,0.0,0.0
1682,0.017098038786036128,0.0044666620190529265,1.2631377121981453,0.0,0.01694421097636223,0.0046216513030231,1.2322559833526612,0.0,0.0
1683,0.017146635800600052,0.004517642082646489,1.262899398803711,0.0,0.01645694337785244,0.004043514281511307,1.2413429737091064,0.0,0.0
1684,0.017264827757197267,0.004575666012790273,1.2689162001890295,0.0,0.016226708143949508,0.0037686480674892662,1.2458060264587403,0.0,0.0
1685,0.01753463563235367,0.004716837271938429,1.2817798502304976,0.0,0.017160406336188316,0.004460302321240306,1.2700104713439941,0.0,0.0
1686,0.017552192377693513,0.00463203651666203,1.2920156086192411,0.0,0.017133451625704767,0.004429186135530472,1.2704265594482422,0.0,0.0
1687,0.01720692469354938,0.004247299094191369,1.2959625931347118,0.0,0.016561514511704446,0.003826194163411856,1.2735320329666138,0.0,0.0
1688,0.016725091044517124,0.003902438055614338,1.2822653195437264,0.0,0.016999073885381223,0.004680325835943222,1.2318747997283936,0.0,0.0
1689,0.016830266179407343,0.0044813159962787345,1.2348950329948873,0.0,0.016973126120865344,0.004936655750498176,1.2036470651626587,0.0,0.0
1690,0.017091782434898263,0.004815423765274531,1.2276358814800488,0.0,0.01957270912826061,0.007548519130796194,1.2024190425872803,0.0,0.0
1691,0.01710471768370446,0.0046471590997979925,1.2457558968487907,0.0,0.017916931957006454,0.00561033645644784,1.2306595325469971,0.0,0.0
1692,0.01680341554696069,0.004323174861971946,1.248024113038007,0.0,0.01678911130875349,0.004548429977148771,1.2240681409835816,0.0,0.0
1693,0.016855539973167813,0.004304290256079505,1.2551249966901892,0.0,0.016789089143276214,0.004241335112601519,1.2547754526138306,0.0,0.0
1694,0.01710847277632531,0.0044171575539033205,1.2691315622890698,0.0,0.01651509553194046,0.004070647712796927,1.2444448232650758,0.0,0.0
1695,0.017434705213150558,0.004641476676196736,1.2793228696374332,0.0,0.017993900179862975,0.005383368209004402,1.2610532283782958,0.0,0.0
1696,0.01725883425816017,0.004493022077333401,1.276581231285544,0.0,0.0167709881439805,0.004306068271398544,1.2464920282363892,0.0,0.0
1697,0.017341945977771982,0.0047549065476393,1.2587039681041943,0.0,0.016524544917047024,0.004217541264370084,1.230700421333313,0.0,0.0
1698,0.017242359216598904,0.004607914590879399,1.263444507823271,0.0,0.01735594216734171,0.004841351415961981,1.2514590978622437,0.0,0.0
1699,0.017356546595692635,0.0045822334530598976,1.277431326753953,0.0,0.01630009189248085,0.0037959016393870116,1.2504190683364869,0.0,0.0
1700,0.016746430274318245,0.004088418476064415,1.265801233403823,0.0,0.016327107138931752,0.0041547893080860375,1.217231845855713,0.0,0.0
1701,0.0174567416200743,0.005075455547365195,1.2381286761339974,0.0,0.016962377913296224,0.004620182258076966,1.2342195987701416,0.0,0.0
1702,0.017100344138110384,0.004188955350614646,1.2911389014300179,0.0,0.016904176212847233,0.004304550355300307,1.2599626302719116,0.0,0.0
1703,0.017449909602017963,0.004652562277281985,1.2797347447451424,0.0,0.017868955433368684,0.005435388768091798,1.2433566331863404,0.0,0.0
1704,0.017218011705314413,0.00446025760132162,1.27577543258667,0.0,0.01737776808440685,0.004855277948081493,1.252249050140381,0.0,0.0
1705,0.017088723095024332,0.004355219685856034,1.2733503720339607,0.0,0.0171893572434783,0.004853162635117769,1.233619499206543,0.0,0.0
1706,0.01707299513851895,0.004534849116359563,1.2538146271425135,0.0,0.017093021608889102,0.0046997055877000095,1.2393316507339478,0.0,0.0
1707,0.016900849912096474,0.004203474313458975,1.269737622317146,0.0,0.017431629821658134,0.00502221449278295,1.240941548347473,0.0,0.0
1708,0.016691268202574813,0.0041895079399075575,1.2501760440714218,0.0,0.01732106860727072,0.005227904720231891,1.2093164443969726,0.0,0.0
1709,0.017415387117687392,0.005126808304339647,1.2288578888949226,0.0,0.017417728342115878,0.005299193412065506,1.2118535041809082,0.0,0.0
1710,0.017209335613776657,0.004739753039115492,1.2469582768047558,0.0,0.016456526704132557,0.004038544977083803,1.241798210144043,0.0,0.0
1711,0.01714452197227408,0.004456663161844891,1.2687859114478617,0.0,0.017710236087441444,0.005224900878965854,1.24853355884552,0.0,0.0
1712,0.017488326877355576,0.004710846087511848,1.2777481219347786,0.0,0.01682741120457649,0.004269244242459535,1.2558167457580567,0.0,0.0
1713,0.01708639834952705,0.0043072052272584505,1.2779193485484404,0.0,0.018539926782250405,0.006131181307137012,1.2408745765686036,0.0,0.0
1714,0.017264528857434496,0.004605054526644594,1.2659474751528572,0.0,0.0168425053358078,0.0044837824534624815,1.2358723163604737,0.0,0.0
1715,0.017391528660321936,0.004713696975480108,1.2677832070518942,0.0,0.016706725209951402,0.004165555769577623,1.25411696434021,0.0,0.0
1716,0.017584658611346695,0.00482205007060924,1.2762608808629654,0.0,0.01700101885944605,0.0043885026592761275,1.2612516641616822,0.0,0.0
1717,0.017220823203816134,0.004343245781081564,1.2877577613381779,0.0,0.016569354198873044,0.004075929475948215,1.2493424892425538,0.0,0.0
1718,0.017009788685861754,0.004361028016051825,1.2648761202307308,0.0,0.01702120080590248,0.00476016141474247,1.226103949546814,0.0,0.0
1719,0.01716450629208018,0.004706494085600271,1.2458012594896204,0.0,0.01710494067519903,0.004891066486015916,1.2213874578475952,0.0,0.0
1720,0.017385812531061032,0.004772586309734513,1.2613226666170008,0.0,0.017104854062199592,0.004582787211984396,1.2522067546844482,0.0,0.0
1721,0.016624802668743274,0.0040152518434778735,1.2609550952911377,0.0,0.01717909500002861,0.004965364933013916,1.2213730573654176,0.0,0.0
1722,0.017266322475145843,0.004854298169341157,1.241202473640442,0.0,0.01632172055542469,0.004031820641830564,1.2289900064468384,0.0,0.0
1723,0.01749487144543844,0.004831357187974979,1.2663514684228336,0.0,0.01744782757014036,0.004802305856719613,1.2645522356033325,0.0,0.0
1724,0.017142578082926133,0.004080663503640715,1.3061914724462174,0.0,0.016781599074602128,0.003980336710810661,1.2801262140274048,0.0,0.0
1725,0.016906616661478493,0.0040040710557471305,1.290254599907819,0.0,0.016560189984738828,0.004069866752251983,1.2490323781967163,0.0,0.0
1726,0.01727811833295752,0.0044705206939183615,1.2807597903644337,0.0,0.01692202817648649,0.004332153359428048,1.2589874744415284,0.0,0.0
1727,0.017409431857659537,0.004453172838753637,1.295625932076398,0.0,0.017229699715971946,0.004540242673829198,1.2689457416534424,0.0,0.0
1728,0.017347640412695268,0.00446827313862741,1.2879367716172163,0.0,0.016619432717561722,0.003959669545292854,1.2659763097763062,0.0,0.0
1729,0.017556007074959138,0.00475021918742534,1.2805788236505844,0.0,0.016960450634360313,0.004333309410139918,1.2627141237258912,0.0,0.0
1730,0.01728248064789702,0.004292071427163833,1.2990409486434038,0.0,0.017526174336671828,0.004719046922400594,1.2807127475738525,0.0,0.0
1731,0.017242947922033423,0.004379462683573365,1.2863485462525313,0.0,0.016609472781419755,0.004136134358122945,1.2473338842391968,0.0,0.0
1732,0.017104961580651647,0.004575510358657031,1.2529451776953304,0.0,0.01686673127114773,0.004665317805483937,1.2201414346694945,0.0,0.0
1733,0.017033140120260856,0.004571094739196055,1.2462045865900375,0.0,0.016718739084899424,0.004409670550376177,1.2309068441390991,0.0,0.0
1734,0.01701469105832717,0.004430272301439853,1.2584418969995834,0.0,0.01647721938788891,0.004036265891045332,1.2440953731536866,0.0,0.0
1735,0.01684798245482585,0.004265284987495226,1.258269758785472,0.0,0.017363614961504938,0.005175352515652776,1.2188262701034547,0.0,0.0
1736,0.017228825236944592,0.0048716430935789555,1.2357182362500359,0.0,0.01708175577223301,0.004826091509312391,1.2255664110183715,0.0,0.0
1737,0.016852579079568386,0.004341335446738145,1.2511243890313541,0.0,0.016919863410294056,0.004721450852230191,1.2198412656784057,0.0,0.0
1738,0.0168921767240938,0.00456475284334053,1.2327424007303573,0.0,0.01717505156993866,0.005159492325037718,1.2015559434890748,0.0,0.0
1739,0.017126898774329352,0.004816327148171908,1.231057181077845,0.0,0.016965270973742008,0.00479226429015398,1.2173007011413575,0.0,0.0
1740,0.017093788284589264,0.004500860279864248,1.2592928339453304,0.0,0.016889511421322823,0.004520075162872672,1.2369436502456665,0.0,0.0
1741,0.017024861813029823,0.004370132379014702,1.2654729520573336,0.0,0.016558836959302426,0.004198630573228002,1.2360206365585327,0.0,0.0
1742,0.016928181052207947,0.004428570350522504,1.2499611027100508,0.0,0.017799662426114082,0.0054582924582064155,1.2341370344161988,0.0,0.0
1743,0.017299489720779306,0.00456587114261792,1.2733618652119356,0.0,0.01743418201804161,0.004797707591205835,1.263647437095642,0.0,0.0
1744,0.017089160268797594,0.004170081811025739,1.291907871470732,0.0,0.017051145993173124,0.004399549355730415,1.2651596784591674,0.0,0.0
1745,0.017289679168778306,0.004512363113462925,1.277731643003576,0.0,0.0165344787761569,0.00406451327726245,1.2469965934753418,0.0,0.0
1746,0.017627252868431455,0.004784236333387739,1.2843016666524552,0.0,0.016668148711323737,0.0038715860806405543,1.2796563148498534,0.0,0.0
1747,0.017220298047451413,0.0042166853980983,1.3003613037221573,0.0,0.016322973743081094,0.00366984277497977,1.2653131484985352,0.0,0.0
1748,0.01752970044446342,0.004660237922935802,1.2869462966918945,0.0,0.016620528325438498,0.0038211765233427284,1.2799352169036866,0.0,0.0
1749,0.017270607435527968,0.0043080622357699805,1.296254557721755,0.0,0.016499146074056625,0.003940784512087703,1.2558361768722535,0.0,0.0
1750,0.017365183571682256,0.004556054345277303,1.280912953264573,0.0,0.017334266006946562,0.004719449672847986,1.2614816427230835,0.0,0.0
1751,0.017375029787859497,0.004528990891926429,1.2846039112876444,0.0,0.016402040794491767,0.003832146851345897,1.2569894075393677,0.0,0.0
1752,0.017104549826506305,0.0044013748548048385,1.2703175404492546,0.0,0.017112290486693382,0.004864709079265594,1.2247581481933594,0.0,0.0
1753,0.016957792563035208,0.004420826129396172,1.2536966730566586,0.0,0.017327141016721725,0.005132849095389247,1.2194292545318604,0.0,0.0
1754,0.016700047835269394,0.004374452263993376,1.2325595687417423,0.0,0.017156369611620904,0.005116168316453696,1.2040201663970946,0.0,0.0
1755,0.017265727469588026,0.0047237913480357215,1.2541936285355513,0.0,0.01631210185587406,0.003860721969977021,1.2451380014419555,0.0,0.0
1756,0.017135132871129933,0.004407859407365322,1.2727274053237017,0.0,0.017412421107292176,0.004995605628937483,1.2416815996170043,0.0,0.0
1757,0.017217078958364093,0.004404532435514471,1.281254670199226,0.0,0.017557555064558982,0.00491793816909194,1.263961672782898,0.0,0.0
1758,0.017016887445660198,0.004195575465393417,1.2821312511668486,0.0,0.017137652449309825,0.004784345114603639,1.2353307723999023,0.0,0.0
1759,0.0170029681723784,0.00455301086527898,1.2449957553078146,0.0,0.01771244779229164,0.005722092557698488,1.1990355491638183,0.0,0.0
1760,0.016742352067547685,0.004380831138833481,1.2361521159901339,0.0,0.017255377024412155,0.005117267556488514,1.2138109922409057,0.0,0.0
1761,0.017117417581817684,0.004639252965502879,1.2478164995417875,0.0,0.018037519231438637,0.0057861263863742355,1.225139331817627,0.0,0.0
1762,0.01733492161421215,0.004761834793231066,1.2573087285546696,0.0,0.017010723054409028,0.004631653614342213,1.2379070043563842,0.0,0.0
1763,0.017390510067343712,0.004602601272327935,1.2787908876643461,0.0,0.018596627563238145,0.006054231803864241,1.2542396068572998,0.0,0.0
1764,0.017288410214378554,0.004536910092129427,1.275150039616753,0.0,0.01707135122269392,0.004658791609108448,1.2412559986114502,0.0,0.0
1765,0.017103070886257815,0.0043725010473281145,1.2730570260216207,0.0,0.017745291441679002,0.005235958471894264,1.2509333610534668,0.0,0.0
1766,0.016946912524016464,0.004298728603102705,1.264818415922277,0.0,0.01679936796426773,0.004445659089833498,1.235370898246765,0.0,0.0
1767,0.017165854628033498,0.004542291561579879,1.2623563373790068,0.0,0.016559917107224466,0.004164343373849988,1.2395573854446411,0.0,0.0
1768,0.017197344342575353,0.004660556640695123,1.2536788056878483,0.0,0.016438395157456397,0.0042083898792043325,1.2230005502700805,0.0,0.0
1769,0.017282618154935977,0.004697863861699314,1.25847547194537,0.0,0.01685650907456875,0.0044697750825434925,1.2386734008789062,0.0,0.0
1770,0.016937457079834798,0.004275959532927065,1.266149773317225,0.0,0.016779573261737825,0.004471397493034601,1.2308176517486573,0.0,0.0
1771,0.017441183054710135,0.004903331946800737,1.2537851263495052,0.0,0.017361370846629143,0.005104014277458191,1.225735640525818,0.0,0.0
1772,0.016742042156265062,0.004332470392589183,1.240957211045658,0.0,0.016201889514923094,0.004077149741351605,1.21247398853302,0.0,0.0
1773,0.017023565685924363,0.004616093205507188,1.2407473045236923,0.0,0.01776425614953041,0.005571971461176872,1.219228482246399,0.0,0.0
1774,0.01702205277979374,0.004573100191705367,1.2448952829136568,0.0,0.016882641613483428,0.004543107142671943,1.2339534759521484,0.0,0.0
1775,0.017050651285578224,0.004565351478317205,1.2485299951889937,0.0,0.017022617906332017,0.0047258953563869,1.2296722888946534,0.0,0.0
1776,0.017360113122883963,0.004671745015965665,1.2688368418637443,0.0,0.016991904750466347,0.004398304549977183,1.2593600511550904,0.0,0.0
1777,0.017322595888639197,0.004506810664144509,1.2815785828758688,0.0,0.017662740871310235,0.005133951175957918,1.2528789281845092,0.0,0.0
1778,0.01678613869144636,0.004102394272408941,1.2683744570788216,0.0,0.016292350366711617,0.004062955314293504,1.2229395389556885,0.0,0.0
1779,0.017181752249598503,0.004763544975396465,1.241820770151475,0.0,0.016976813599467278,0.004824959579855204,1.2151854276657104,0.0,0.0
1780,0.016926284769878668,0.004420651300974628,1.2505633760901058,0.0,0.016891682520508766,0.0045496801845729355,1.2342003107070922,0.0,0.0
1781,0.01699526569641688,0.0044592445962788425,1.2536021611269783,0.0,0.017721927538514138,0.005496648978441954,1.2225278854370116,0.0,0.0
1782,0.017248757512253875,0.004673808717223651,1.257494891391081,0.0,0.017182848788797854,0.004726197989657521,1.2456651687622071,0.0,0.0
1783,0.01736515716594808,0.004468309172593495,1.2896848356022554,0.0,0.017285096272826195,0.004701860854402185,1.2583235502243042,0.0,0.0
1784,0.01695445492206251,0.004278632031534524,1.267582325374379,0.0,0.016718824207782746,0.004430956020951271,1.2287868499755858,0.0,0.0
1785,0.017363228561247095,0.004750384853276259,1.2612843793981217,0.0,0.016731958091259002,0.004255384299904108,1.2476574182510376,0.0,0.0
1786,0.017684100305332857,0.004887310568900669,1.2796790249207441,0.0,0.017781929299235343,0.005259228451177478,1.2522701501846314,0.0,0.0
1787,0.01770001704640248,0.00467927274568116,1.3020744814592249,0.0,0.017495063692331315,0.0045543830841779705,1.2940680980682373,0.0,0.0
1788,0.017101124148158467,0.00381992306724629,1.3281201194314396,0.0,0.017242051661014557,0.0044190929736942055,1.2822958946228027,0.0,0.0
1789,0.017615994493312696,0.004696066039340461,1.2919928817188038,0.0,0.016501183807849883,0.003817562572658062,1.2683621168136596,0.0,0.0
1790,0.016968012129997507,0.004121978849391727,1.28460333627813,0.0,0.018230800330638886,0.00576372928917408,1.2467071771621705,0.0,0.0
1791,0.016945171169936657,0.004274043939350282,1.2671127179089714,0.0,0.016679833084344863,0.004410163220018149,1.2269670248031617,0.0,0.0
1792,0.01698751643519191,0.004442864262005862,1.2544652574202593,0.0,0.016763325966894626,0.0045809844508767125,1.2182342052459716,0.0,0.0
1793,0.016993124804952565,0.00451545262544909,1.2477672310436474,0.0,0.01799336038529873,0.005707819107919931,1.2285541534423827,0.0,0.0
1794,0.0171846502515323,0.004494183107881862,1.2690467203364653,0.0,0.016888866387307643,0.004383179824799299,1.250568675994873,0.0,0.0
1795,0.017217655775739867,0.004380143918644856,1.283751228276421,0.0,0.01660843938589096,0.004001599084585905,1.260684037208557,0.0,0.0
1796,0.016917862984187463,0.00415668185964665,1.276118138257195,0.0,0.01662999652326107,0.004345572413876652,1.2284424543380736,0.0,0.0
1797,0.017169660779044908,0.00473522422287394,1.243443671394797,0.0,0.016863076575100423,0.004638784658163786,1.2224291801452636,0.0,0.0
1798,0.017293873571735972,0.004595307633280754,1.269856621237362,0.0,0.01704893298447132,0.004344278760254383,1.2704654455184936,0.0,0.0
1799,0.01729388754157459,0.004424647784189266,1.2869239975424374,0.0,0.016921385563910006,0.004397010989487171,1.2524375200271607,0.0,0.0
1800,0.01681036354206941,0.00406838467289858,1.274197922033422,0.0,0.016866667196154594,0.004555169120430946,1.2311497926712036,0.0,0.0
1801,0.017220225732992676,0.004830492181046044,1.2389733791351318,0.0,0.017500870488584043,0.005374843813478946,1.212602710723877,0.0,0.0
1802,0.016840128721121478,0.004342987832120236,1.2497141361236572,0.0,0.016783746890723705,0.004477941524237394,1.2305805444717408,0.0,0.0
1803,0.016838707961142063,0.004390496555167963,1.2448211697971119,0.0,0.016543429344892502,0.00443822811357677,1.2105201721191405,0.0,0.0
1804,0.016910953830708477,0.004581461071639377,1.2329493129954618,0.0,0.017125978693366052,0.0049548189155757425,1.2171160221099853,0.0,0.0
1805,0.017150297980098164,0.004625822485917632,1.252447577083812,0.0,0.01604334209114313,0.003714956110343337,1.2328386306762695,0.0,0.0
1806,0.01674858820350731,0.0041824235197375804,1.2566164872225594,0.0,0.016846715845167635,0.004561405070126057,1.2285310745239257,0.0,0.0
1807,0.0169195922310738,0.004474066773100811,1.2445525632185095,0.0,0.017338603176176547,0.005133404256775975,1.2205199480056763,0.0,0.0
1808,0.016828730702400208,0.004401472725850695,1.242725835126989,0.0,0.016835151053965092,0.004676719009876251,1.2158432245254516,0.0,0.0
1809,0.017037381253698292,0.004594669115784413,1.2442712292951696,0.0,0.017991981655359267,0.005756845697760582,1.223513627052307,0.0,0.0
1810,0.01710132465643041,0.004513289108324577,1.2588035709717695,0.0,0.016826071590185166,0.004375711316242814,1.2450360536575318,0.0,0.0
1811,0.016987258020569298,0.00435594966470757,1.2631308541578405,0.0,0.017011463083326815,0.004653455037623644,1.235800838470459,0.0,0.0
1812,0.017276197891024983,0.004605322925593047,1.2670875156626982,0.0,0.018038271740078927,0.005612001568078995,1.2426270484924316,0.0,0.0
1813,0.017445794087560737,0.004762109122512972,1.2683685176512773,0.0,0.01680502835661173,0.00437312494032085,1.2431903600692749,0.0,0.0
1814,0.016922540305291906,0.0042283975053578615,1.2694143056869507,0.0,0.017231306806206704,0.0048322952818125485,1.2399012088775634,0.0,0.0
1815,0.01725128895657904,0.0046307443750693515,1.2620545064701754,0.0,0.01707901693880558,0.004694199189543724,1.2384817600250244,0.0,0.0
1816,0.017027689363150036,0.004329719019177205,1.2697970516541426,0.0,0.017362861335277556,0.004804753791540861,1.255810809135437,0.0,0.0
1817,0.016998860327636495,0.0042580428177162125,1.274081777123844,0.0,0.017435697093605994,0.0050631556659936905,1.2372541666030883,0.0,0.0
1818,0.017418627846328652,0.004707390360315056,1.27112377391142,0.0,0.017256944067776205,0.004693259112536907,1.2563685178756714,0.0,0.0
1819,0.017154028146144223,0.004417342489913982,1.273668597726261,0.0,0.017376596108078957,0.004866609629243612,1.2509986639022828,0.0,0.0
1820,0.017312335233916256,0.004452079151044874,1.2860256573733162,0.0,0.016849480196833612,0.004306905320845544,1.2542575597763062,0.0,0.0
1821,0.017081929206409874,0.004311142434530398,1.277078719700084,0.0,0.016925307363271712,0.004302472481504083,1.262283492088318,0.0,0.0
1822,0.01757025795386118,0.00466099423904191,1.2909264424267937,0.0,0.017529477924108507,0.004817413445562124,1.2712064743041993,0.0,0.0
1823,0.017147079055361888,0.004030570620670915,1.3116508652182186,0.0,0.017006629146635532,0.0040864927228540186,1.292013669013977,0.0,0.0
1824,0.01701296109925298,0.004066585193333381,1.294637595905977,0.0,0.016837230138480663,0.004303814377635717,1.2533416032791138,0.0,0.0
1825,0.01732783841297907,0.004716722513822948,1.2611116311129402,0.0,0.016660279594361782,0.004276627209037542,1.2383652925491333,0.0,0.0
1826,0.016864226144902846,0.004160639816237723,1.2703586606418384,0.0,0.017218720354139804,0.004709189664572478,1.2509531021118163,0.0,0.0
1827,0.017408000524429715,0.0047157707706312925,1.2692230028264664,0.0,0.01714703403413296,0.004754045233130455,1.239298939704895,0.0,0.0
1828,0.017031282679561305,0.0044861097190090835,1.2545173308428597,0.0,0.0168606236577034,0.0045502535998821255,1.2310369729995727,0.0,0.0
1829,0.017144389121847993,0.004503636881161262,1.264075237161973,0.0,0.01772165335714817,0.005251153325662017,1.2470500707626342,0.0,0.0
1830,0.01722996632623322,0.004444230731357546,1.2785735971787398,0.0,0.017400576546788216,0.004836917202919721,1.2563659429550171,0.0,0.0
1831,0.017087303430718535,0.004169302910347195,1.2918000712114222,0.0,0.017335598170757294,0.004709260631352663,1.2626338243484496,0.0,0.0
1832,0.01735902906340711,0.004505435237661004,1.2853593896417057,0.0,0.016852490976452826,0.0041948467493057254,1.2657644033432007,0.0,0.0
1833,0.01707113572560689,0.004280532025458182,1.2790604128557093,0.0,0.016711435839533807,0.004263810580596328,1.2447625637054442,0.0,0.0
1834,0.016901844235904077,0.004349911996327779,1.2551932405023014,0.0,0.016994498297572137,0.0047652234323322775,1.2229275465011598,0.0,0.0
1835,0.017714986577630043,0.004815926528809702,1.2899060459697949,0.0,0.01684701517224312,0.003887059260159731,1.2959955930709839,0.0,0.0
1836,0.01707122683086816,0.003942151622408453,1.3129075555240406,0.0,0.017704522982239724,0.0050240341573953625,1.268048930168152,0.0,0.0
1837,0.017374292509082484,0.004543511128491338,1.283078165615306,0.0,0.01720290891826153,0.004625504673458636,1.2577404499053955,0.0,0.0
1838,0.017126359155072886,0.004249946994926123,1.2876412377637976,0.0,0.016274996660649778,0.0036731717642396688,1.260182547569275,0.0,0.0
1839,0.01710706248002894,0.004388421746518682,1.2718641267103308,0.0,0.017217642813920974,0.0048392053693532945,1.2378437757492065,0.0,0.0
1840,0.01705255370367976,0.004438921740716871,1.2613632188123816,0.0,0.016976364701986314,0.004703845269978047,1.2272520065307617,0.0,0.0
1841,0.01712433506241616,0.0045749390059534245,1.2549396332572489,0.0,0.016539250686764716,0.004154197452589869,1.2385053396224976,0.0,0.0
1842,0.016920494737432283,0.004257861333077445,1.2662633937947891,0.0,0.0177519291639328,0.00536593496799469,1.2385993719100952,0.0,0.0
1843,0.01713645863620674,0.0044463875785689146,1.2690071358400232,0.0,0.017002786323428155,0.004578054696321487,1.2424731969833374,0.0,0.0
1844,0.016903106451911086,0.0043363827691577815,1.256672417416292,0.0,0.016739846393465995,0.004556993767619133,1.2182852983474732,0.0,0.0
1845,0.017184818163514137,0.004732322755872327,1.2452495659098906,0.0,0.016921790316700935,0.0046452110633254055,1.22765793800354,0.0,0.0
1846,0.01745404237333466,0.0047162997344618336,1.2737743013045366,0.0,0.01741756722331047,0.0047409445978701115,1.2676623344421387,0.0,0.0
1847,0.017254621995722547,0.0040707715020021976,1.3183850681080538,0.0,0.01740650422871113,0.004503189027309418,1.2903315067291259,0.0,0.0
1848,0.017280641888432643,0.004128036828821196,1.3152605435427498,0.0,0.016834718361496925,0.004194736201316118,1.26399827003479,0.0,0.0
1849,0.01723490107585402,0.004504118662546663,1.2730782312505386,0.0,0.01681619808077812,0.004519495647400618,1.2296703100204467,0.0,0.0
1850,0.0173731553094352,0.004663383560803007,1.2709771675222061,0.0,0.01680038757622242,0.004327602637931705,1.2472785234451294,0.0,0.0
1851,0.01699110126013265,0.0042803556630935735,1.2710745895610136,0.0,0.01701853293925524,0.004703607177361846,1.23149254322052,0.0,0.0
1852,0.01728485365781714,0.0047098610906259105,1.257499281097861,0.0,0.017874139547348022,0.005464788619428873,1.2409351348876954,0.0,0.0
1853,0.01736813663121532,0.004514862838036874,1.2853274064905502,0.0,0.01871563494205475,0.0059482425451278685,1.2767392873764039,0.0,0.0
1854,0.01690165523220511,0.003994538051569287,1.2907117394840015,0.0,0.01645107604563236,0.003857843764126301,1.259323287010193,0.0,0.0
1855,0.017298695247839477,0.004597093019744053,1.270160247297848,0.0,0.01701139993965626,0.004435580549761653,1.2575819492340088,0.0,0.0
1856,0.017297950080212426,0.004379491581965019,1.2918458966647877,0.0,0.016779451444745064,0.004057661071419716,1.272179079055786,0.0,0.0
1857,0.017118855215170804,0.004276541089091231,1.2842314103070427,0.0,0.018711455538868903,0.00620980029925704,1.2501655578613282,0.0,0.0
1858,0.017307484632029253,0.004626991158789571,1.2680493733462166,0.0,0.017264408990740776,0.004874662030488253,1.2389747142791747,0.0,0.0
1859,0.01712206964764525,0.0043299440294504166,1.27921260805691,0.0,0.016655293852090837,0.004223488084971905,1.2431806087493897,0.0,0.0
1860,0.0173740334370557,0.004671579569249469,1.27024543986601,0.0,0.016764889657497405,0.004169715708121658,1.2595173835754394,0.0,0.0
1861,0.016916967106654364,0.00401019336491385,1.2906773931839888,0.0,0.017007276974618436,0.004520659567788243,1.2486618041992188,0.0,0.0
1862,0.017267829464638933,0.004754590185578255,1.251323938369751,0.0,0.01875901371240616,0.006565693486481905,1.2193320751190186,0.0,0.0
1863,0.01711554271990762,0.00454160973758382,1.2573933110517614,0.0,0.01729367598891258,0.004895971436053514,1.239770483970642,0.0,0.0
1864,0.016861608416280326,0.004227152190116399,1.2634456648546106,0.0,0.016890384070575238,0.004513857094570995,1.2376526832580566,0.0,0.0
1865,0.01709490143420065,0.00451493778211229,1.25799639785991,0.0,0.016816292703151704,0.0043809573166072365,1.2435335397720337,0.0,0.0
1866,0.017139021964634165,0.00455757524982533,1.2581446801914888,0.0,0.015978651866316796,0.0036053348798304797,1.2373317241668702,0.0,0.0
1867,0.016783274710178375,0.004125389544402852,1.2657885411206413,0.0,0.017250115610659124,0.004797145631164313,1.2452970504760743,0.0,0.0
1868,0.01709304580136257,0.00447816846837454,1.2614877574584062,0.0,0.01693684346973896,0.004639808367937803,1.2297035694122314,0.0,0.0
1869,0.017044503460912144,0.004475615274928072,1.2568888383753158,0.0,0.01757298056036234,0.0052918915171176195,1.2281089067459106,0.0,0.0
1870,0.017012561178382707,0.004518334397717434,1.2494226974599503,0.0,0.016818388551473617,0.004645465407520533,1.2172923326492309,0.0,0.0
1871,0.01740418281406164,0.0048821652445065625,1.2522017745410694,0.0,0.01710799429565668,0.004550876934081316,1.2557117223739624,0.0,0.0
1872,0.01733395139522412,0.0043722899247180015,1.2961661745520199,0.0,0.017552265152335166,0.004835685342550277,1.2716579914093018,0.0,0.0
1873,0.01751199019524981,0.004570682464605745,1.2941308091668522,0.0,0.018216783180832863,0.005462445598095655,1.2754337787628174,0.0,0.0
1874,0.016954375650076306,0.003980049466275994,1.2974326540442074,0.0,0.016869920119643212,0.004332810919731855,1.2537110090255736,0.0,0.0
1875,0.017059688292005482,0.004278788041761693,1.2780900772880106,0.0,0.017532866820693015,0.005044411541894079,1.2488455533981324,0.0,0.0
1876,0.01723895243862096,0.0044815032605958335,1.275744964094723,0.0,0.01779706608504057,0.005250956024974584,1.254611086845398,0.0,0.0
1877,0.017045671832473838,0.004401813946006929,1.264385784373564,0.0,0.01725243479013443,0.004972514696419239,1.2279920339584351,0.0,0.0
1878,0.016874485703952172,0.0044491385958869666,1.2425347215989058,0.0,0.01738975029438734,0.0052412486169487234,1.2148502349853516,0.0,0.0
1879,0.017049578511539626,0.004585449159254923,1.2464129714404835,0.0,0.01722292900085449,0.004893964016810059,1.2328965425491334,0.0,0.0
1880,0.017487845547935543,0.004848046762430493,1.263979904791888,0.0,0.016512538492679595,0.003918366180732847,1.2594172716140748,0.0,0.0
1881,0.01711780605289866,0.0042467572698917455,1.2871049011454863,0.0,0.01682121865451336,0.004253516532480716,1.2567701816558838,0.0,0.0
1882,0.01733175917145084,0.004627254435463864,1.270450465819415,0.0,0.016859404370188714,0.004442323325201869,1.2417081117630004,0.0,0.0
1883,0.01786484635051559,0.004820953287622508,1.3043893225052778,0.0,0.017448445409536363,0.004296275554224849,1.3152170181274414,0.0,0.0
1884,0.01747362151303712,0.004166631931986879,1.330698988016914,0.0,0.017104258202016352,0.004163000825792551,1.294125747680664,0.0,0.0
1885,0.01731782631181619,0.004208097809596974,1.3109728799146765,0.0,0.01722954511642456,0.004426441877149046,1.280310320854187,0.0,0.0
1886,0.01691179196624195,0.004071390393244869,1.2840401986066032,0.0,0.01777694225311279,0.005386862112209201,1.2390080451965333,0.0,0.0
1887,0.01726698152282659,0.0046131357084959745,1.2653846179737764,0.0,0.016225541010499,0.0038361698389053345,1.2389371156692506,0.0,0.0
1888,0.016886287204482976,0.004051634439212435,1.2834653153139002,0.0,0.01640673503279686,0.003792641102336347,1.2614094018936157,0.0,0.0
1889,0.016863242832615095,0.004232121124754057,1.2631121943978703,0.0,0.016379156894981862,0.0041851548478007315,1.2194002151489258,0.0,0.0
1890,0.017183020327459362,0.004775785347994636,1.2407235187642716,0.0,0.017000753805041312,0.004696901701390743,1.2303852319717408,0.0,0.0
1891,0.016888967824771124,0.004273673834498315,1.2615294386358822,0.0,0.016445205733180045,0.0040898896288126705,1.2355316400527954,0.0,0.0
1892,0.01699195391334155,0.004414350260049105,1.2577603845035328,0.0,0.01639805845916271,0.004071368533186614,1.2326689958572388,0.0,0.0
1893,0.01699013087679358,0.00451313000281944,1.247700102189008,0.0,0.01701124235987663,0.0048353088088333605,1.2175934314727783,0.0,0.0
1894,0.01734925340861082,0.004970420617610216,1.2378833293914795,0.0,0.01753058210015297,0.005265018902719021,1.2265563488006592,0.0,0.0
1895,0.017149007714846554,0.004554577021147399,1.2594430867363424,0.0,0.016991351544857026,0.004453992587514222,1.253735899925232,0.0,0.0
1896,0.017211643047630787,0.0043843767386587225,1.2827266594942879,0.0,0.016998765431344508,0.004329147096723318,1.2669618606567383,0.0,0.0
1897,0.017201539731639272,0.004390950848841492,1.2810589425704058,0.0,0.016822027042508125,0.0041495880112051966,1.2672439336776733,0.0,0.0
1898,0.017596360022092566,0.004675018628511359,1.2921341727761662,0.0,0.01679555159062147,0.004090816015377641,1.270473575592041,0.0,0.0
1899,0.0168753451503375,0.0040259693530114255,1.2849376201629639,0.0,0.016153607331216336,0.0037219980731606483,1.2431609869003295,0.0,0.0
1900,0.017243566977627137,0.004643006770707229,1.260056032853968,0.0,0.016318499855697156,0.003893073461949825,1.2425426721572876,0.0,0.0
1901,0.017188614015193546,0.004528763868352946,1.265985040103688,0.0,0.017159172147512437,0.004851448070257902,1.2307724475860595,0.0,0.0
1902,0.017329976620043024,0.00469077263465699,1.2639204333810246,0.0,0.01659256163984537,0.004029892245307564,1.2562669277191163,0.0,0.0
1903,0.017184629269382534,0.004411369479973526,1.2773259808035458,0.0,0.0165549760684371,0.003986624628305435,1.256835150718689,0.0,0.0
1904,0.017157232334070346,0.004371433231212637,1.2785799433203304,0.0,0.016723243147134782,0.004315102705731988,1.2408140659332276,0.0,0.0
1905,0.017241149921627605,0.0044950151213389985,1.2746135066537296,0.0,0.017978417128324507,0.005348231084644795,1.2630186080932617,0.0,0.0
1906,0.017151888186002478,0.0043571001220056235,1.2794788164250992,0.0,0.01667518001049757,0.004196087317541242,1.2479093074798584,0.0,0.0
1907,0.01700690301025615,0.0043301584527773015,1.2676744811675127,0.0,0.017276976257562637,0.005002676090225577,1.2274300575256347,0.0,0.0
1908,0.016951399800532004,0.004376539535930052,1.2574860839282764,0.0,0.01745470203459263,0.005114902649074793,1.2339799642562865,0.0,0.0
1909,0.017142042791580454,0.004595652838949771,1.2546390295028687,0.0,0.01827726550400257,0.006053807772696018,1.2223458290100098,0.0,0.0
1910,0.01730018843184499,0.004736440365805346,1.2563748359680176,0.0,0.016753100231289862,0.004345204820856452,1.2407896041870117,0.0,0.0
1911,0.01690020543687484,0.004379535559564829,1.2520670259700102,0.0,0.016612732969224452,0.004443034389987588,1.216969871520996,0.0,0.0
1912,0.017057774314547285,0.004629769787082777,1.242800467154559,0.0,0.016482604295015336,0.004164293361827731,1.2318311214447022,0.0,0.0
1913,0.017184159115833396,0.004513283808003454,1.2670875787734985,0.0,0.017105961218476295,0.004660794977098703,1.2445166826248169,0.0,0.0
1914,0.01713795412112685,0.004477607825880542,1.2660346662296968,0.0,0.017141611129045487,0.0047880602069199085,1.2353550910949707,0.0,0.0
1915,0.01723310532157912,0.004564227029571638,1.2668878401027006,0.0,0.016873934864997865,0.004442714434117079,1.2431220293045044,0.0,0.0
1916,0.017324754036962986,0.004530304549809764,1.2794449469622444,0.0,0.016533778794109822,0.0037856876850128176,1.274809145927429,0.0,0.0
1917,0.017657394466154715,0.0047045333091827,1.295286122490378,0.0,0.01651277784258127,0.0036851672921329737,1.2827610492706298,0.0,0.0
1918,0.01722156727576957,0.004256566055119038,1.2965001569074743,0.0,0.01651575565338135,0.003979444084689021,1.2536311388015746,0.0,0.0
1919,0.017421463011380506,0.004496117547044859,1.2925345687305225,0.0,0.01652848981320858,0.003733798349276185,1.2794691562652587,0.0,0.0
1920,0.017030334647964027,0.004067484768764938,1.2962850192013908,0.0,0.01608569473028183,0.003544097580015659,1.2541597127914428,0.0,0.0
1921,0.017326469916631195,0.0047068170490948595,1.2619653168846579,0.0,0.01688048094511032,0.004516021907329559,1.236445927619934,0.0,0.0
1922,0.016774609904078877,0.004128111170276123,1.2646499170976526,0.0,0.017024781182408334,0.004776099231094122,1.2248682260513306,0.0,0.0
1923,0.016849785495330307,0.004394895465606276,1.2454890223110424,0.0,0.017091470398008825,0.00484632053412497,1.2245149850845336,0.0,0.0
1924,0.017189132378381843,0.004697408842142014,1.2491723579518936,0.0,0.016316618770360947,0.0040885450318455694,1.2228073835372926,0.0,0.0
1925,0.017106707372209606,0.004549395416260642,1.2557312530629776,0.0,0.016554092057049274,0.004240551823750138,1.231353998184204,0.0,0.0
1926,0.016862830640200305,0.004178422722308075,1.2684408145792343,0.0,0.017214930057525633,0.004869876801967621,1.2345053434371949,0.0,0.0
1927,0.016951949061716303,0.004330231273985084,1.2621718294480269,0.0,0.01654895432293415,0.004169982625171542,1.2378972053527832,0.0,0.0
1928,0.01705472675316474,0.0044638850342701465,1.2590841756147497,0.0,0.017019421979784965,0.004851703904569149,1.2167718172073365,0.0,0.0
1929,0.017160726163317177,0.004766246714793584,1.2394479513168335,0.0,0.01653071753680706,0.004376380890607834,1.215433669090271,0.0,0.0
1930,0.017336105818257612,0.004890251137754496,1.24458549303167,0.0,0.016390876099467277,0.004068663809448481,1.232221245765686,0.0,0.0
1931,0.017255015671253204,0.004476147594259065,1.2778868254493265,0.0,0.01724377740174532,0.004605338536202907,1.2638439178466796,0.0,0.0
1932,0.016973085701465607,0.004125907784327865,1.2847178473192102,0.0,0.017533828876912592,0.004975775349885225,1.2558053731918335,0.0,0.0
1933,0.017430307124467456,0.004610041923382703,1.282026536324445,0.0,0.01739528551697731,0.0049207113217562435,1.2474574804306031,0.0,0.0
1934,0.017015304964254883,0.004309824215905631,1.2705481052398682,0.0,0.01695970818400383,0.004599240142852068,1.236046814918518,0.0,0.0
1935,0.017034799846656182,0.004435525440117892,1.2599274551167208,0.0,0.01673547104001045,0.004273500246927142,1.2461970806121827,0.0,0.0
1936,0.01669625620193341,0.004084275446503478,1.2611981069340426,0.0,0.016153350844979285,0.003776939120143652,1.2376412153244019,0.0,0.0
1937,0.01702012916040771,0.004401842173298492,1.2618287310880774,0.0,0.016435230150818825,0.004065104946494103,1.237012553215027,0.0,0.0
1938,0.01699137638377793,0.004477560273645555,1.2513816216412712,0.0,0.0173336461186409,0.005033479910343886,1.2300166606903076,0.0,0.0
1939,0.017265418270493254,0.004640269654748195,1.2625149067710428,0.0,0.01715151723474264,0.0044921161606907845,1.2659401178359986,0.0,0.0
1940,0.01696615753804936,0.00402478371089434,1.2941374217762667,0.0,0.01647301819175482,0.0038668239954859017,1.2606194496154786,0.0,0.0
1941,0.01698375745292972,0.004263359628727331,1.2720398341908175,0.0,0.017004945501685142,0.00468571474775672,1.2319231271743774,0.0,0.0
1942,0.017209027126869735,0.004649112357155365,1.2559915079790003,0.0,0.01750359032303095,0.00513722007162869,1.2366370677947998,0.0,0.0
1943,0.017321639310787704,0.00463442227748387,1.2687217277639053,0.0,0.016656608320772648,0.004012545477598906,1.2644063234329224,0.0,0.0
1944,0.016831001814673927,0.004010232370894621,1.2820769548416138,0.0,0.01689154002815485,0.004541050037369132,1.235049057006836,0.0,0.0
1945,0.01708777867914999,0.004640557584078873,1.2447221629759844,0.0,0.016354845091700553,0.004121620371006429,1.2233224868774415,0.0,0.0
1946,0.017463107319439158,0.00474973933716469,1.2713368009118473,0.0,0.016687433421611785,0.0041867686901241544,1.2500664949417115,0.0,0.0
1947,0.017003414659377408,0.004264871945933384,1.2738543117747587,0.0,0.016476701945066452,0.004157520178705454,1.231918215751648,0.0,0.0
1948,0.01708231948535232,0.004423129057292552,1.2659190752926994,0.0,0.017991761304438116,0.005388884199783206,1.2602877616882324,0.0,0.0
1949,0.017065834473161137,0.004225445034749368,1.2840389854767744,0.0,0.019241500273346902,0.006829262431710959,1.2412238359451293,0.0,0.0
1950,0.01715530707117389,0.004691541222307612,1.2463766196194817,0.0,0.01604260951280594,0.003837071405723691,1.2205538272857666,0.0,0.0
1951,0.017428464749280143,0.004904767827076071,1.2523697404300465,0.0,0.01626633182168007,0.00389412478543818,1.2372207403182984,0.0,0.0
1952,0.016732329009648633,0.0041781413533231795,1.2554187985027538,0.0,0.018128014728426935,0.005800570547580719,1.2327444314956666,0.0,0.0
1953,0.017462732927764162,0.004894337288158781,1.2568396049387314,0.0,0.016599634289741518,0.004143120301887393,1.2456514358520507,0.0,0.0
1954,0.01719082596109194,0.004337712779969853,1.285311355310328,0.0,0.021831588819622993,0.009180981246754528,1.265060806274414,0.0,0.0
1955,0.016896560240317795,0.004036560723119799,1.2859999642652624,0.0,0.016776717454195022,0.004337634285911917,1.2439083099365233,0.0,0.0
1956,0.016790261820835227,0.0043389972107594505,1.2451264998492073,0.0,0.016420604661107063,0.00443248562514782,1.198811936378479,0.0,0.0
1957,0.017202309716273758,0.004825941725250553,1.2376368115929997,0.0,0.017646749317646027,0.005329773481935263,1.231697678565979,0.0,0.0
1958,0.017105300527285126,0.004520730677006,1.2584570365793564,0.0,0.017596761509776116,0.005222316272556782,1.237444567680359,0.0,0.0
1959,0.017079604680047315,0.004573020015788429,1.2506584980908562,0.0,0.017181914672255515,0.004883898608386517,1.229801630973816,0.0,0.0
1960,0.01702065787771169,0.004338874919887851,1.268178336760577,0.0,0.016897061467170717,0.004481064435094595,1.241599702835083,0.0,0.0
1961,0.01694283037282088,0.0042942944256698385,1.2648536247365616,0.0,0.016324836760759354,0.0039465713780373335,1.2378265619277955,0.0,0.0
1962,0.01655152445549474,0.004068201243439142,1.2483323531992294,0.0,0.01634374409914017,0.004357909923419357,1.198583459854126,0.0,0.0
1963,0.017079414142405287,0.004850996699293747,1.2228417536791634,0.0,0.017999567836523057,0.005820925626903772,1.2178642511367799,0.0,0.0
1964,0.01696784339626046,0.004349691738538882,1.2618151903152466,0.0,0.01700031813234091,0.004397321073338389,1.2602997303009034,0.0,0.0
1965,0.01703425222898231,0.004244296291076085,1.278995626112994,0.0,0.016535423509776593,0.004118683189153672,1.241674041748047,0.0,0.0
1966,0.016748996177578673,0.004236649927299689,1.2512346646364998,0.0,0.01812880001962185,0.005940277595072985,1.2188522577285767,0.0,0.0
1967,0.017022327848655337,0.004607056609957534,1.2415271155974443,0.0,0.016742676869034766,0.004617154318839312,1.212552261352539,0.0,0.0
1968,0.017151292139554724,0.004707647775135496,1.2443644509595984,0.0,0.017362985387444498,0.005145651847124099,1.2217333555221557,0.0,0.0
1969,0.016751143697868374,0.004240694674937164,1.2510449395460241,0.0,0.016757870092988014,0.004501792648807168,1.2256078004837037,0.0,0.0
1970,0.01690473297939581,0.004477054497007938,1.2427678528954,0.0,0.016670936718583107,0.004539334634318948,1.2131602048873902,0.0,0.0
1971,0.01712120959863943,0.004724018015515278,1.2397191664751839,0.0,0.016907963156700134,0.0046574041247367855,1.2250559329986572,0.0,0.0
1972,0.01729589152862044,0.004744833020274253,1.2551058811299942,0.0,0.01610041279345751,0.0037444149842485786,1.2355998277664184,0.0,0.0
1973,0.016947061097358957,0.004264896598589771,1.2682164837332333,0.0,0.01626219116151333,0.0039143901318311695,1.2347801208496094,0.0,0.0
1974,0.01709729674107888,0.004575410857796669,1.252188619445352,0.0,0.01692071631550789,0.004679401870816946,1.2241315126419068,0.0,0.0
1975,0.01719993435065536,0.004693040158599615,1.2506894364076502,0.0,0.017891042307019232,0.005528927594423294,1.2362114906311035,0.0,0.0
1976,0.017427344532573923,0.004536775447537794,1.2890569322249468,0.0,0.0171551875770092,0.00427049221470952,1.2884695529937744,0.0,0.0
1977,0.01730700275477241,0.004276078975047259,1.3030924306196325,0.0,0.016809458285570143,0.0041165630333125595,1.2692895889282227,0.0,0.0
1978,0.017188334015800673,0.0043432837461724,1.2845050797742956,0.0,0.01609720028936863,0.0035822879523038863,1.2514912605285644,0.0,0.0
1979,0.01691289015990846,0.00426840888993705,1.2644481729058659,0.0,0.0160506097599864,0.0037202273961156607,1.2330382823944093,0.0,0.0
1980,0.01668764617951477,0.004143101930180017,1.254454444436466,0.0,0.017554879561066626,0.005358717776834965,1.219616174697876,0.0,0.0
1981,0.016960998065769672,0.004507541834541103,1.2453456556095797,0.0,0.016980635374784468,0.004663465404883027,1.2317169904708862,0.0,0.0
1982,0.016899258281816456,0.004413380013669238,1.2485878537682926,0.0,0.017648563906550407,0.005476774368435145,1.217179036140442,0.0,0.0
1983,0.01755908947876271,0.004993800868225449,1.2565288894316728,0.0,0.017093434929847717,0.004350436292588711,1.2742999076843262,0.0,0.0
1984,0.01682252688881229,0.0037220166037406992,1.3100510625278248,0.0,0.01670884471386671,0.0040189039427787066,1.2689940690994264,0.0,0.0
1985,0.01693114435628933,0.004187818041399997,1.2743326565798592,0.0,0.016379649750888348,0.004039670433849096,1.2339979887008667,0.0,0.0
1986,0.01689513646723593,0.004472838084706489,1.2422298613716574,0.0,0.016657149791717528,0.004630924621596933,1.2026225328445435,0.0,0.0
1987,0.01743322780684513,0.005134563372634789,1.229866441558389,0.0,0.0168466666713357,0.00450580888427794,1.2340858221054076,0.0,0.0
1988,0.0171930065159412,0.00447634282960173,1.271666407585144,0.0,0.016283461824059486,0.003724698070436716,1.2558764219284058,0.0,0.0
1989,0.01690231159548549,0.00418107836123775,1.2721233508166145,0.0,0.01712692342698574,0.004680102225393057,1.2446821451187133,0.0,0.0
1990,0.016905476393945077,0.004219665383810506,1.2685811239130356,0.0,0.016884173080325127,0.004600520059466362,1.2283653736114502,0.0,0.0
1991,0.017074679681921705,0.004663740229957244,1.241093965137706,0.0,0.0167079571634531,0.004774995008483529,1.193296217918396,0.0,0.0
1992,0.017579901853905004,0.005358774954562678,1.22211272576276,0.0,0.016378162801265715,0.004113067081198097,1.2265096426010131,0.0,0.0
1993,0.016742081217029515,0.00401118616847431,1.2730895350961124,0.0,0.017104949802160263,0.004639756679534912,1.246519351005554,0.0,0.0
1994,0.01677560609053163,0.004142998005537426,1.2632608553942513,0.0,0.016712124273180962,0.004432879947125911,1.2279244661331177,0.0,0.0
1995,0.01716875739614753,0.004611479145858218,1.2557278520920698,0.0,0.01611252725124359,0.0038796433247625826,1.2232884168624878,0.0,0.0
1996,0.01703107598073342,0.004435707897166996,1.2595368483487297,0.0,0.01702297106385231,0.004703472647815943,1.2319498538970948,0.0,0.0
1997,0.016956927254796028,0.004451862728113637,1.250506457160501,0.0,0.016448289155960083,0.004302280070260167,1.2146009922027587,0.0,0.0
1998,0.01693155665827148,0.004444169428418665,1.2487387446796192,0.0,0.016444613970816136,0.004286594223231077,1.215801978111267,0.0,0.0
1999,0.017185830072883296,0.0046816372093470655,1.2504192941329058,0.0,0.016503119096159934,0.004108954966068268,1.239416480064392,0.0,0.0
2000,0.017209222047206235,0.004575681626139318,1.2633540700463688,0.0,0.017982782423496248,0.005654759332537651,1.2328023672103883,0.0,0.0
