epoch,train_loss,train_recon,train_kl,train_phys,val_loss,val_recon,val_kl,val_phys,phys_weight
1,0.2587336205384311,0.25598271454081817,0.02598516391042401,9.964234352111816,0.22093819677829743,0.21814732849597931,0.033301065862178805,9.831432914733886,0.00025
2,0.22088832452016718,0.21569928965147803,0.03981960060841897,9.581678951487822,0.19793664515018464,0.19282253384590148,0.04738218635320664,9.280580711364745,0.0005
3,0.2045394611709258,0.19737062997677746,0.053290580782820195,8.847901063806871,0.18708048164844512,0.18017431795597078,0.058482640981674196,8.428449821472167,0.00075
4,0.19542360919363358,0.1868326427305446,0.06288451087825439,7.962120028103099,0.17192925214767457,0.1635776251554489,0.06550835072994232,7.6965433120727536,0.001
5,0.1924997901215273,0.18220749234451966,0.07195822631611544,7.658171597649069,0.17018412351608275,0.16032387614250182,0.07679195404052734,7.273861980438232,0.0012500000000000002
6,0.18780472436371973,0.17596865313894608,0.08759489786975524,7.306748249951531,0.15653283894062042,0.14572495967149734,0.09332610815763473,6.583078002929687,0.0015
7,0.17574794765780954,0.16283363103866577,0.11051710695028305,6.748082778033088,0.157017220556736,0.14425682723522187,0.12141796350479125,6.597835350036621,0.0017500000000000003
8,0.16927130257382111,0.15513935597503886,0.14507220510174246,6.340612411499023,0.14060450494289398,0.12701085209846497,0.16034965813159943,5.995079517364502,0.002
9,0.1526330201064839,0.13737578295609532,0.20458628237247467,5.871721828685088,0.12424055635929107,0.11002923548221588,0.2321142315864563,5.284524393081665,0.00225
10,0.13502191620714524,0.11962192461771123,0.2955058453714146,4.977973405052634,0.10427320003509521,0.08977403789758683,0.3367321491241455,4.452737617492676,0.0025000000000000005
11,0.10874206046847736,0.09383256141753758,0.43259908872492175,3.848548833061667,0.08004438802599907,0.06629481986165046,0.4829217195510864,3.243764114379883,0.0027500000000000003
12,0.08907501180382336,0.07469288303571589,0.5844425804474774,2.845901005408343,0.07147374227643014,0.05752361938357353,0.6249682903289795,2.5668134689331055,0.003
13,0.07540222761385582,0.06118824946529725,0.7363705144209021,2.1077762561685898,0.06640482172369958,0.05202661566436291,0.7667290687561035,2.064896893501282,0.0032500000000000003
14,0.07247557491064072,0.05814027610947104,0.8507086564512814,1.665203473147224,0.05926592238247395,0.0461776427924633,0.8401200413703919,1.339165413379669,0.0035000000000000005
15,0.0687749458148199,0.05413329513633952,0.908845957587747,1.4808512855978573,0.06065216399729252,0.04706357978284359,0.8872362017631531,1.2576595783233642,0.00375
16,0.06725714180399389,0.053400064873344755,0.9391973474446464,1.1162758399458492,0.06048317328095436,0.04707135334610939,0.9074184417724609,1.08440922498703,0.004
17,0.06916369782651172,0.055270296028431726,0.9526518793667064,1.0275018916410559,0.05931697376072407,0.045254075154662135,0.9194946885108948,1.1454007863998412,0.00425
18,0.06778240664040341,0.053557532784693385,0.9672753144713009,1.011582430671243,0.05825286097824574,0.04480052702128887,0.9270113945007324,0.9293818950653077,0.0045
19,0.06625343179878067,0.05196993250180693,0.9704498473335715,0.964000568670385,0.058291344344615935,0.044292220659554,0.9287498831748963,0.9919210195541381,0.004750000000000001
20,0.0667652461458655,0.05229488650665564,0.9654368828324711,0.9631981989916634,0.059339610114693644,0.04498122744262219,0.9260710954666138,1.01953444480896,0.005000000000000001
21,0.06603623378802748,0.0518577532733188,0.9649041154805351,0.8627502848120296,0.05896918550133705,0.044829525798559186,0.9247440099716187,0.9318511366844178,0.00525
22,0.06707882355241214,0.052471995572833455,0.9622929692268372,0.9061633173157188,0.058830509707331655,0.04450078159570694,0.9170442938804626,0.9380517363548279,0.0055000000000000005
23,0.06625472250230172,0.05194020391825367,0.955738365650177,0.8273278509869295,0.05777557529509068,0.04332126621156931,0.9143270611763,0.9236587405204773,0.005750000000000001
24,0.06650509444229744,0.051802143892821145,0.9498939759591046,0.867335203815909,0.057421188056468966,0.04240914862602949,0.915651285648346,0.9759210228919983,0.006
25,0.06682265265023007,0.05206880586988786,0.9559871659559362,0.8310361644800972,0.05839605033397675,0.04461989551782608,0.921552312374115,0.7297011494636536,0.00625
26,0.06538504011490766,0.05067033999983002,0.9521917069659513,0.7988896930918974,0.0590533047914505,0.043708611465990546,0.9140914082527161,0.954427444934845,0.006500000000000001
27,0.06723866962334689,0.052617623963776755,0.9416638788054971,0.771023178801817,0.058354465663433074,0.04409474581480026,0.9017898440361023,0.7765661478042603,0.006750000000000001
28,0.06562569167684107,0.050567228894899875,0.9312836142147288,0.8208037053837496,0.059107625484466554,0.04454755894839764,0.8943504691123962,0.8023657441139221,0.007000000000000001
29,0.06648754788672223,0.05157577158773646,0.9253949102233437,0.7803899225066689,0.05795437693595886,0.04294955860823393,0.8941710948944092,0.8362906217575073,0.0072499999999999995
30,0.06591637673623421,0.0506678267436869,0.9261514930164113,0.7982713229515973,0.056772729754447936,0.04192655049264431,0.8972746014595032,0.7831247806549072,0.0075
31,0.06575446093783659,0.05087405947201392,0.929982791928684,0.720073913826662,0.06088116466999054,0.044731730967760085,0.8965608358383179,0.9269452691078186,0.00775
32,0.06543824361527667,0.05046177217189003,0.9171245483791127,0.7256533643778633,0.05966454744338989,0.04382995665073395,0.8819118022918702,0.8769341111183167,0.008
33,0.06620601827607435,0.051213103620445025,0.9135903365471784,0.7099408174262327,0.0581643283367157,0.0435582110658288,0.8809333682060242,0.7026402592658997,0.00825
34,0.06544136475114261,0.0501467074979754,0.9067174687105066,0.7326450488146614,0.05881395041942596,0.04308034423738718,0.875057327747345,0.8215333223342896,0.0085
35,0.06639687716960907,0.05113391315235811,0.9042165033957538,0.7109483620699715,0.058134381845593455,0.04246271476149559,0.8758301138877869,0.7900989949703217,0.008749999999999999
36,0.06581950034288798,0.04989997177001308,0.9007748155032888,0.7679756634375628,0.05733152516186237,0.042081386968493464,0.871121096611023,0.7265475988388062,0.009
37,0.06655554013217196,0.05132733559345498,0.8992442874347463,0.6741363336058224,0.06102463826537132,0.04482822306454182,0.8709678769111633,0.8093769311904907,0.00925
38,0.06590369760113604,0.050676733200602675,0.8988916277885437,0.6566367552560919,0.05908893123269081,0.04332707803696394,0.8729914426803589,0.7402042865753173,0.009500000000000001
39,0.06559543804649044,0.05032871137647068,0.8978860974311829,0.6449092766817879,0.05904008969664574,0.04283212088048458,0.8646727204322815,0.7755119502544403,0.009750000000000002
40,0.06659674469162435,0.05048721721943687,0.8919155597686768,0.7190371751785278,0.057447987422347066,0.04210216365754604,0.8622515201568604,0.6723308145999909,0.010000000000000002
41,0.06627142407438334,0.05030167212381082,0.8892735698643852,0.6904405320391935,0.05953766740858555,0.04451027438044548,0.8579482793807983,0.6290643692016602,0.01025
42,0.0662332341513213,0.05107940021244919,0.8830749252263237,0.6021986305713654,0.058314786106348035,0.042750814370810984,0.858773922920227,0.6644031286239624,0.0105
43,0.06631973100935712,0.050800951362094456,0.8851415199391982,0.6202198687721702,0.057846499234437944,0.04202573671936989,0.8598888158798218,0.6718023538589477,0.010750000000000001
44,0.06538332713877454,0.04946597753202214,0.8814108371734619,0.6457492130644181,0.059622565656900404,0.04342315196990967,0.8471197485923767,0.7025652408599854,0.011000000000000001
45,0.06501005151692558,0.049329403787851334,0.8706884033539716,0.6198901849634507,0.05781396701931953,0.041655177064239976,0.8451416730880738,0.6850998997688293,0.011250000000000001
46,0.06587270625373896,0.05001659581766409,0.8677748056019053,0.6242054069743437,0.058208318427205086,0.04204091094434261,0.839590060710907,0.6757831931114197,0.011500000000000002
47,0.06763660842004944,0.05185969809398932,0.8647288785261267,0.6067763233886045,0.059758308529853824,0.04270336776971817,0.8422432780265808,0.7346815824508667,0.01175
48,0.06596531697055873,0.04947777968995711,0.8775965220787946,0.6426310486653272,0.059673231840133664,0.042330754175782206,0.8503962874412536,0.7365430474281311,0.012
49,0.06591312083251336,0.050074214608791995,0.8763735083972707,0.577565007350024,0.05987067185342312,0.04413583353161812,0.8464229822158813,0.5935192704200745,0.01225
50,0.06678712017395917,0.050498514052699596,0.8726265360327328,0.6049873057533713,0.059555497765541074,0.04270582515746355,0.8491251111030579,0.668673837184906,0.0125
51,0.06683344547362889,0.050275376176132876,0.8814073555609759,0.6073722593924579,0.05896158218383789,0.041300957649946214,0.8495403885841369,0.7188408970832825,0.012750000000000001
52,0.06757971337612938,0.05124463130007772,0.8760965887237998,0.5826242864131927,0.057908399403095244,0.042328997515141964,0.8459659099578858,0.5476725161075592,0.013000000000000001
53,0.06726132442846018,0.05108404071892009,0.8729736910146826,0.5620790001224069,0.060035668313503265,0.042432494834065436,0.847139298915863,0.6891909122467041,0.013250000000000001
54,0.06699325823608566,0.049876255147597366,0.8752044193884906,0.6196265956934761,0.05836483351886272,0.04233421254903078,0.8510121822357177,0.5570740222930908,0.013500000000000002
55,0.06723167812999557,0.05058943447383011,0.8730438491877388,0.575403935769025,0.060169719904661176,0.042373359017074105,0.8493758320808411,0.6765529155731201,0.013750000000000002
56,0.06725892358843018,0.05070500974269474,0.8843964899287504,0.5507106149897856,0.059180887043476106,0.04224079959094525,0.8605636119842529,0.5953179121017456,0.014000000000000002
57,0.0669377665309345,0.04994617117678418,0.8845161339815926,0.571679669267991,0.059158739447593686,0.04266399797052145,0.8538551330566406,0.5583292543888092,0.014249999999999999
58,0.06746232553439982,0.05084360500468927,0.8786317635984982,0.5401657416540033,0.05895422324538231,0.041993857361376286,0.8507620692253113,0.5829480111598968,0.014499999999999999
59,0.06714939041172757,0.050344197408241385,0.8786866489578696,0.5436153972850126,0.059694623202085496,0.04234138280153275,0.8514070987701416,0.5992656469345092,0.01475
60,0.0675712591584991,0.05086776241660118,0.8740536360179677,0.530864030122757,0.05861293040215969,0.042626211419701576,0.8471912503242492,0.5009869337081909,0.015
61,0.06794589231995975,0.0507372602382127,0.8783633183030521,0.5524589138872483,0.059827589243650434,0.04171782545745373,0.8555464029312134,0.6265116155147552,0.01525
62,0.0677199830465457,0.050517905832213515,0.8797622708713307,0.5422229433760923,0.06043953597545624,0.04232693966478109,0.8510244131088257,0.6195065677165985,0.0155
63,0.06805084908709806,0.05092327789786984,0.8801642551141626,0.5286304267013774,0.06149979755282402,0.04336761012673378,0.854498028755188,0.6087114930152893,0.01575
64,0.06747031474814695,0.05058430529692594,0.8742407385040732,0.5089751148925108,0.06259335279464721,0.04183497112244368,0.8447828531265259,0.769409465789795,0.016
65,0.06821515389225062,0.050586614429074174,0.8753931136692271,0.5461298262371737,0.06076923236250877,0.04358959011733532,0.8570334672927856,0.5298035204410553,0.01625
66,0.06782958305933896,0.050592548378250175,0.888945484862608,0.5059139325338251,0.060332652926445005,0.04136569742113352,0.868767499923706,0.6229866743087769,0.0165
67,0.06701173348461881,0.049672250471570915,0.8921496447394875,0.5025663744000828,0.05920670293271542,0.04225763138383627,0.8583531379699707,0.4994352161884308,0.01675
68,0.0682472251355648,0.05052691172151005,0.8815766397644492,0.5237968003048616,0.059893352538347246,0.04283224530518055,0.8570169091224671,0.4994669497013092,0.017
69,0.06800796946181971,0.050596374799223506,0.8875036344808691,0.49487294169033275,0.059588443487882614,0.04283880293369293,0.8592657327651978,0.47286866307258607,0.017249999999999998
70,0.06821785450858228,0.050677370773080516,0.8800659565364614,0.4994184883201824,0.06072286665439606,0.04275885559618473,0.8483324885368347,0.5417533993721009,0.017499999999999998
71,0.06832854077219963,0.05080830130506964,0.8785744940533358,0.49208419463213754,0.05983752608299255,0.04261592086404562,0.8504595875740051,0.4910990476608276,0.01775
72,0.06822476075852618,0.05090321863398833,0.8788358499022091,0.47406576836810393,0.06052888035774231,0.04231467992067337,0.8495841145515441,0.5399088859558105,0.018
73,0.06785941737539627,0.04999834233347107,0.8777869028203628,0.4977099281900069,0.06116798967123031,0.043232511729002,0.8454076528549195,0.519528990983963,0.01825
74,0.06819456991027384,0.05027175639920375,0.8739652633666992,0.496387078481562,0.06042663305997849,0.04247869234532118,0.8479895234107971,0.5117862522602081,0.0185
75,0.06793793356593918,0.04973234225283651,0.8799834391650032,0.5016403303426855,0.060666204616427424,0.04267026651650667,0.8558774828910828,0.5033153712749481,0.018750000000000003
76,0.068496623679119,0.05064760203308919,0.8905344675568974,0.4707198388436261,0.06073336154222488,0.04200345277786255,0.8655190348625184,0.5302484512329102,0.019000000000000003
77,0.06889869075487642,0.05032202820567524,0.8910288635422202,0.5021492681082558,0.0616884246468544,0.04213053230196238,0.8549499630928039,0.5718646883964539,0.019250000000000003
78,0.06816350778236109,0.04973941690781537,0.893231616300695,0.48675769392181845,0.060476941987872124,0.042815129086375234,0.8683476090431214,0.46042760014533995,0.019500000000000003
79,0.0687934506465407,0.050519018269637055,0.8908377780633814,0.474230582223219,0.06129460260272026,0.04360783584415913,0.8592819929122925,0.46045294404029846,0.019750000000000004
80,0.06844788702095256,0.050107330522116494,0.8904244058272418,0.4718155895962435,0.06394746229052543,0.042444116249680516,0.8606415748596191,0.6448465526103974,0.020000000000000004
81,0.06936268311213045,0.05065695941448212,0.8915027274804956,0.48349121914190407,0.06099708154797554,0.04218517951667309,0.8644720673561096,0.5020830929279327,0.020250000000000004
82,0.06984420865774155,0.05172740032567697,0.888468812493717,0.45034724473953247,0.0610177680850029,0.04274006225168705,0.854022216796875,0.4749992251396179,0.0205
83,0.07025342456558172,0.051736177438322234,0.8887516435454873,0.4640834086081561,0.06164852380752563,0.04401125498116017,0.8629665613174439,0.43410142660140993,0.02075
84,0.06953963111428653,0.05075239609269535,0.8914385823642507,0.4701356817694271,0.06137556582689285,0.04226981196552515,0.8555549860000611,0.5023906886577606,0.021
85,0.07039270243223976,0.051811574574779064,0.8847982743207146,0.4580303728580475,0.06171206384897232,0.04329466409981251,0.8582187533378601,0.46283361315727234,0.02125
86,0.06864452405887492,0.04987901054760989,0.8826159694615532,0.46229558131274057,0.061920351535081866,0.0423986654728651,0.8515177249908448,0.5119307219982148,0.021500000000000002
87,0.06894630369018107,0.05011718796894831,0.8786626598414253,0.4617236624745762,0.062355921417474744,0.042772771790623665,0.8459185242652894,0.5114466905593872,0.021750000000000002
88,0.06960103989524,0.05106448294485316,0.8790117326904746,0.4430200124488157,0.06500356644392014,0.04233794156461954,0.8543791532516479,0.6419015228748322,0.022000000000000002
89,0.06895690126454129,0.050247645553420574,0.890611750238082,0.4405904710292816,0.06242378726601601,0.04256149176508188,0.8669973969459533,0.5030256628990173,0.022250000000000002
90,0.0695691873483798,0.05037178252549732,0.8945362602963167,0.4556463325724882,0.06186150684952736,0.04282292481511831,0.8582945704460144,0.46469494700431824,0.022500000000000003
91,0.06930312908747617,0.049998584532124156,0.8831507493467892,0.460353260531145,0.06283075958490372,0.0437143737450242,0.8531542897224427,0.4652677834033966,0.022750000000000003
92,0.06951476611635264,0.05050148540998206,0.8853748756296494,0.44171882026335774,0.06155357137322426,0.04208415113389492,0.8514209032058716,0.47631351351737977,0.023000000000000003
93,0.0699366734308355,0.050339390140245945,0.8862341642379761,0.4617179001078886,0.061953847855329515,0.042719486728310586,0.8690481185913086,0.4535003244876862,0.023250000000000003
94,0.06964006910429281,0.0503235933754374,0.9044923010994407,0.4370873658096089,0.06318118423223495,0.042553155310451986,0.8763691186904907,0.5048654913902283,0.0235
95,0.07005917697268374,0.050465993254500276,0.9056544128586265,0.44364799120846915,0.06237222403287888,0.042929938063025475,0.8727062582969666,0.451167368888855,0.02375
96,0.07120911097701858,0.05182646412183257,0.902113840860479,0.43172954636461597,0.06403876766562462,0.042764570005238055,0.8736846208572387,0.5223896265029907,0.024
97,0.07099556396989261,0.05056363546892124,0.9142987728118896,0.46552330255508423,0.06311580166220665,0.04243650548160076,0.8925064444541931,0.48471060395240784,0.02425
98,0.06981738591018845,0.05012094503378167,0.9236340347458335,0.4269428621320164,0.062656719237566,0.042780292220413685,0.8891839146614074,0.4483505845069885,0.0245
99,0.07029690724961898,0.050379778203718806,0.9169753018547507,0.4342374976943521,0.06278425455093384,0.043130042031407356,0.878797423839569,0.4390398979187012,0.02475
100,0.07066386061556199,0.05093519433456309,0.9006671484778909,0.4288797834340264,0.062369470670819285,0.04237036481499672,0.8639778375625611,0.45437312722206114,0.025
101,0.07000349001849399,0.05049259719603202,0.8905994541504804,0.4199959495488335,0.06328123658895493,0.042662028782069684,0.8466568350791931,0.48129263520240784,0.02525
102,0.07107542937292773,0.051306934917674345,0.8728438089875614,0.43294333359774423,0.0624257817864418,0.043086133897304535,0.8390122771263122,0.4293931484222412,0.025500000000000002
103,0.07056409273954,0.050896622240543365,0.8714573628762189,0.4253552047645344,0.06292647793889046,0.04296308550983667,0.8480291724205017,0.44594568610191343,0.025750000000000002
104,0.06997936788727255,0.050384635653565914,0.8840736255926245,0.41361522674560547,0.06331554502248764,0.04399061258882284,0.8531766533851624,0.4151217401027679,0.026000000000000002
105,0.07036505771033905,0.05063443751457859,0.8819349232841941,0.41566747777602253,0.06403295770287513,0.042980735562741755,0.846574354171753,0.4794848620891571,0.026250000000000002
106,0.07018509003169396,0.05024071519865709,0.8754799856859095,0.4222481320886051,0.0639774665236473,0.04418274760246277,0.8403944373130798,0.4298406183719635,0.026500000000000003
107,0.06986002076198072,0.05040315757779514,0.873533497838413,0.400804794886533,0.06351830400526523,0.0439348828047514,0.8354099154472351,0.4197877049446106,0.026750000000000003
108,0.07077318166985232,0.050723308368640786,0.8680098863208995,0.42110277449383454,0.06334741562604904,0.04327271990478039,0.8398353934288025,0.4324571669101715,0.027000000000000003
109,0.07160502299666405,0.051295605981174636,0.8753074793254628,0.4240859799525317,0.06397777646780015,0.043708637729287146,0.8396294832229614,0.43570072054862974,0.027250000000000003
110,0.0714753653634997,0.05141766248818706,0.8720187404576469,0.4122733035508324,0.06524106636643409,0.042882080934941766,0.836310350894928,0.5089411795139313,0.027500000000000004
111,0.07120079569080297,0.050461816546671534,0.8672331641702091,0.43483415771933165,0.06299975626170636,0.042899449542164805,0.8320521235466003,0.42449676990509033,0.027750000000000004
112,0.07136508362258182,0.05133349196437527,0.8627427430713878,0.4072915140320273,0.06436565257608891,0.04397003781050444,0.8271910667419433,0.4329893887042999,0.028000000000000004
113,0.0716908714350532,0.05157656617024366,0.8582112193107605,0.4082192533156451,0.06439015716314316,0.042826772294938566,0.8270186901092529,0.4705556869506836,0.028249999999999997
114,0.07132428205188583,0.05167176596382085,0.8605069272658404,0.38762974914382486,0.0630380805581808,0.04376403652131557,0.8263538122177124,0.3863335490226746,0.028499999999999998
115,0.071084095932105,0.05106080290587509,0.8568238125127905,0.3984366848188288,0.06368268728256225,0.04378516990691424,0.8201952934265136,0.4068022191524506,0.028749999999999998
116,0.07144582994720515,0.05132900813923163,0.8547301748219658,0.3989490042714512,0.0641187384724617,0.042738966085016726,0.8304757833480835,0.45086257457733153,0.028999999999999998
117,0.07102881919811754,0.05162237014840631,0.8663971494225895,0.3672642146839815,0.06441292837262154,0.04431571401655674,0.8276995539665222,0.40411003232002257,0.029249999999999998
118,0.07080473071512054,0.05078092694063397,0.8601620618034812,0.38719266127137575,0.06585539877414703,0.04516887627542019,0.8230805158615112,0.42222765684127805,0.0295
119,0.0725844870595371,0.0529044911484508,0.8559585178599638,0.3737952972159666,0.06372026428580284,0.043967155180871485,0.8216553807258606,0.3877833902835846,0.02975
120,0.07134645125445198,0.0512930295046638,0.8567277228131014,0.38287148931447196,0.06412951052188873,0.043698960170149806,0.828717565536499,0.40477910041809084,0.03
121,0.07159492592601215,0.051025972865960174,0.8747145743931041,0.3908035422072691,0.06384150795638562,0.04379631914198399,0.8479092478752136,0.3823503017425537,0.03025
122,0.07263895233764368,0.05196152145371718,0.8932514611412498,0.38507921380155224,0.06445890255272388,0.04308463968336582,0.8570656061172486,0.41979033350944517,0.0305
123,0.07165215558865491,0.05147955172202166,0.8859497448977303,0.3679058998823166,0.06638416349887848,0.043820316717028615,0.8433169007301331,0.4595341682434082,0.03075
124,0.0715441640247317,0.050958548069876784,0.8757863781031441,0.3815404299427481,0.06429388225078583,0.043811052851378915,0.8391611695289611,0.39003926515579224,0.031
125,0.0713485466206775,0.05065285414457321,0.8709542400696698,0.3835568252731772,0.06455544233322144,0.043734168820083144,0.8333935141563416,0.3995948970317841,0.03125
126,0.0715369531775222,0.05085331420688068,0.8688424369868111,0.38080047859865074,0.0652576930820942,0.04283497836440801,0.8255367398262023,0.4497570514678955,0.0315
127,0.07212776734548457,0.051545861012795395,0.8624310107792125,0.3766171791974236,0.0650680273771286,0.045976652577519414,0.835135543346405,0.3382683753967285,0.03175
128,0.07129655427792493,0.05119306440739071,0.8657646389568553,0.35768261551856995,0.06438349336385726,0.0431915296241641,0.8269594788551331,0.40382404923439025,0.032
129,0.07183227490852861,0.05103737893788254,0.8621151342111475,0.37748046657618356,0.06364513039588929,0.04319517221301794,0.8327392339706421,0.3758935332298279,0.03225
130,0.07175475972540238,0.05160252629395794,0.8610221778645235,0.3551388435504016,0.06664837375283242,0.04472639225423336,0.8196466207504273,0.4223235845565796,0.0325
131,0.07228609525105532,0.051806350950809085,0.8625863299650305,0.3619505596511504,0.06343905702233314,0.04245186783373356,0.8233076691627502,0.3894385457038879,0.03275
132,0.0717883243718568,0.05123626889989657,0.8495514042237226,0.36534975732074065,0.06703952550888062,0.0443399028852582,0.8049446702003479,0.44394474625587466,0.033
133,0.07264717273852404,0.051928320132634216,0.8404957056045532,0.3703426999204299,0.06450521647930145,0.04487801901996136,0.8062628030776977,0.3478066146373749,0.03325
134,0.07211467952412717,0.051279741832438636,0.841486345319187,0.3707484830828274,0.0645872987806797,0.04335157237946987,0.8090380311012269,0.3923983633518219,0.0335
135,0.07346363760092679,0.052906567669090104,0.8471189912627725,0.3581001109936658,0.06560356542468071,0.043948428332805635,0.8117196202278137,0.4011241316795349,0.03375
136,0.07193081913625493,0.05132826735429904,0.8493665772325852,0.35614369546665864,0.0654662698507309,0.04336673207581043,0.8143593549728394,0.41046893000602724,0.034
137,0.07199900838382103,0.05145901200525901,0.8422002687173731,0.3538100491551792,0.06671488285064697,0.044632533378899095,0.802949583530426,0.41030234694480894,0.03425
138,0.0720357035889345,0.051594754790558535,0.834430852357079,0.3506272926050074,0.0656247653067112,0.044580586813390256,0.7945503234863281,0.37967180013656615,0.034499999999999996
139,0.07264984815436251,0.05206976787132375,0.8300766173531028,0.3533615750425002,0.06465288847684861,0.04499532859772444,0.801655387878418,0.33499295115470884,0.034749999999999996
140,0.07273484174819554,0.05128227985080551,0.8367634520811194,0.3738551017116098,0.06552986204624175,0.043971954472363,0.8029329657554627,0.3865308344364166,0.034999999999999996
141,0.073556799441576,0.05280905874336467,0.8352218200178707,0.35164601662579703,0.06550408154726028,0.044478883221745494,0.8009979128837585,0.3692260146141052,0.03525
142,0.0726451613008976,0.05141980365356978,0.8426867618280298,0.3605208396911621,0.06515621393918991,0.04605697020888329,0.8016413450241089,0.31219243407249453,0.0355
143,0.0740930438041687,0.053515790687764395,0.8329157373484444,0.34260408142033744,0.06495335698127747,0.04436844531446695,0.7997628331184388,0.35209184885025024,0.03575
144,0.07256047559135101,0.0518872424521867,0.8365778958096224,0.34187376411522136,0.06468718945980072,0.04461928270757198,0.8004075050354004,0.33510646820068357,0.036
145,0.07228141650557518,0.05144637472489301,0.8367428288740271,0.3439341467969558,0.06536025777459145,0.04471612889319658,0.7980372428894043,0.34934509098529815,0.03625
146,0.07375176185194184,0.05280458291663843,0.8435496933319989,0.3427857949453242,0.0656295195221901,0.0449996929615736,0.8168678402900695,0.3414012849330902,0.0365
147,0.07300454772570554,0.052152061834931374,0.8535582002471475,0.33515385845128226,0.06572860032320023,0.04526422843337059,0.8169860243797302,0.33454456329345705,0.03675
148,0.07362766980248339,0.05321704431930009,0.8436711150057176,0.3236193130998051,0.06551124677062034,0.0460626557469368,0.8014871597290039,0.3090194404125214,0.037
149,0.07388466552776449,0.05286313429036561,0.8266782795681673,0.34240935304585624,0.06603786945343018,0.044897624850273134,0.7744894742965698,0.35960668325424194,0.03725
150,0.07306288796312668,0.051859155735548806,0.8116038126104018,0.34900515219744516,0.06674609035253525,0.0459038283675909,0.7829099178314209,0.3470176875591278,0.037500000000000006
151,0.07404638717279714,0.053445543546010464,0.8200459690654979,0.32848702283466563,0.0681925855576992,0.045610897801816465,0.7854500770568847,0.3901241600513458,0.037750000000000006
152,0.07385479439707364,0.05281577062080888,0.8221756605541005,0.3372965244685902,0.06555118337273598,0.0445852030068636,0.785274612903595,0.3450850546360016,0.038000000000000006
153,0.07331385748351321,0.05266808192519581,0.8262442175079795,0.3237472562228932,0.0660865731537342,0.04471919853240251,0.7959005951881408,0.3505455732345581,0.038250000000000006
154,0.0733481987434275,0.05289911796503207,0.8312665925306433,0.3152315730557722,0.06671158075332642,0.0454307671636343,0.7984732151031494,0.3453527748584747,0.038500000000000006
155,0.07371872400536257,0.05290214574950583,0.8391452642048106,0.3206483791856205,0.065982536226511,0.044806305319070816,0.8001105546951294,0.3400033235549927,0.03875000000000001
156,0.07377681640141151,0.05299618730650229,0.8379876333124497,0.31796802843318267,0.0660644993185997,0.04474884606897831,0.7945471286773682,0.3428251683712006,0.03900000000000001
157,0.07308392664965462,0.052404596415512705,0.8221415316357332,0.3173990968395682,0.06614642441272736,0.04621024075895548,0.7787535548210144,0.30951973497867585,0.03925000000000001
158,0.0740954520947793,0.05318215149728691,0.8192370533943176,0.3220488499192631,0.06548132970929146,0.04509892482310533,0.7930926561355591,0.3152273118495941,0.03950000000000001
159,0.07293753282112234,0.052198640673476106,0.834926072288962,0.3116888614261852,0.06561391651630402,0.04562653601169586,0.8041634559631348,0.30052189230918885,0.03975000000000001
160,0.07300323401303853,0.05182229563155595,0.8404393476598403,0.3194136374136981,0.06695795357227326,0.045753300189971924,0.804346227645874,0.329029792547226,0.04000000000000001
161,0.07388756183140419,0.052733233308090884,0.8419787848696989,0.31638611239545483,0.06613334864377976,0.046007243916392326,0.8023780703544616,0.3006789058446884,0.04025000000000001
162,0.073997872936375,0.052512944730765676,0.8437383560573354,0.32216159824062796,0.06697282493114472,0.04453516826033592,0.8038525462150574,0.35553412437438964,0.04050000000000001
163,0.07343712054631289,0.052440086927484066,0.8333173814941855,0.31076956408865314,0.06591001451015473,0.044892321527004245,0.7934425473213196,0.3210618019104004,0.04075
164,0.07452031553668134,0.05332447325482088,0.8270671718260821,0.315248066888136,0.0692264623939991,0.04614915437996388,0.7858435153961182,0.37119197845458984,0.041
165,0.07472288608551025,0.0535414836862508,0.8194943736581242,0.3148232400417328,0.06533346325159073,0.0450004443526268,0.7814732193946838,0.30347358584403994,0.04125
166,0.07337490600698135,0.05239657400285497,0.8235158920288086,0.3070644052589641,0.06654273942112923,0.0453056663274765,0.7902966856956481,0.3213037848472595,0.0415
167,0.07454053487847834,0.05319551575709792,0.8249770192538991,0.31365865118363323,0.06766158491373062,0.04507360644638538,0.7803921222686767,0.3541091799736023,0.04175
168,0.07309688583892934,0.05240402721306857,0.8163450325236601,0.2983192564810024,0.06755238771438599,0.04529402684420347,0.775882112979889,0.34522712230682373,0.042
169,0.0744057792951079,0.05324029308908126,0.8145743187736062,0.30815959152053385,0.0669547125697136,0.045091204717755316,0.7757952332496643,0.33385929465293884,0.04225
170,0.07322109819335096,0.052095775218570936,0.8141914886586806,0.3054919497055166,0.06731437519192696,0.045816353894770144,0.7842117071151733,0.3213154137134552,0.0425
171,0.07372407768579091,0.05178012348273221,0.827252654468312,0.31979945039047913,0.06614201962947845,0.04543044809252024,0.793327522277832,0.2989074528217316,0.04275
172,0.07453318860600977,0.05240592218058951,0.8278737769407385,0.3220587951295516,0.06672783121466637,0.04454161748290062,0.798922860622406,0.33016241788864137,0.043000000000000003
173,0.0742496276164756,0.05186258015387198,0.834152407505933,0.32475201434948864,0.06722109839320183,0.046090915240347384,0.7953738212585449,0.30465768873691557,0.043250000000000004
174,0.0749491926501779,0.05304341927609023,0.8347102298456079,0.31169358071158915,0.06758442595601082,0.04569047577679157,0.8123926639556884,0.3165522933006287,0.043500000000000004
175,0.07555574573138181,0.05333752963034546,0.868272511398091,0.3093826577943914,0.06719343215227128,0.044060306437313554,0.8351381897926331,0.33786843419075013,0.043750000000000004
176,0.07412623592159327,0.052552727872834486,0.8648547179558698,0.2937491132932551,0.06674783453345298,0.04501157887279987,0.8247198820114136,0.30656946301460264,0.044000000000000004
177,0.07480359318501809,0.052545493030372786,0.8615200239069322,0.30831410078441396,0.06730115562677383,0.045136886462569234,0.8185402870178222,0.31590655744075774,0.044250000000000005
178,0.07446907482603017,0.05278660795267891,0.8484414184794706,0.29658545290722566,0.06717205792665482,0.045302269980311394,0.7994681596755981,0.3118001163005829,0.044500000000000005
179,0.07478773067979251,0.05252478622338351,0.8339786424356348,0.3111320243162267,0.06757817268371583,0.046601228415966034,0.7916550874710083,0.29185237884521487,0.044750000000000005
180,0.07470472310395802,0.05285740238340462,0.8287447620840633,0.30133050329544964,0.06627611741423607,0.04413432404398918,0.7843849420547485,0.31773207783699037,0.045000000000000005
181,0.07499369956991252,0.052484390380627965,0.8286033307804781,0.3143265484010472,0.06706970259547233,0.045902680791914466,0.7940575003623962,0.2922971248626709,0.045250000000000005
182,0.07493073734290459,0.05232784524559975,0.8320263098267948,0.31390394095112295,0.06736205741763115,0.045797036960721016,0.7920859694480896,0.29987166821956635,0.045500000000000006
183,0.07519947123878143,0.05205592951353859,0.8370015165385079,0.3229186254389146,0.06900072991847991,0.04532906450331211,0.7965181589126586,0.34331113696098325,0.045750000000000006
184,0.07376678704338915,0.05111216841375127,0.8308974294101491,0.3118618428707123,0.06713899150490761,0.04444017466157675,0.7848702549934388,0.3228285193443298,0.046000000000000006
185,0.07457868754863739,0.051856082809322024,0.830444195691277,0.3117440562037861,0.06905758306384087,0.04695346653461456,0.8181790351867676,0.3010232537984848,0.046250000000000006
186,0.07546470927841523,0.052707568139714354,0.8724904726533329,0.3017685492249096,0.067626690864563,0.045489991456270217,0.8395071625709534,0.29551885426044466,0.04650000000000001
187,0.07486574527095347,0.052534730118863726,0.8768629677155438,0.29010449525188,0.0675727292895317,0.04426104687154293,0.8403580904006958,0.31888986825942994,0.04675000000000001
188,0.07521934566252372,0.052632454563589656,0.8807308112873751,0.2931826254900764,0.0687769666314125,0.043609419651329515,0.8352076888084412,0.3577759563922882,0.047
189,0.07405296833637882,0.05177253955865607,0.8669014012112337,0.2880722950486576,0.06654881238937378,0.04446145109832287,0.8191030502319336,0.29410221576690676,0.04725
190,0.0752980067011188,0.05237110682270106,0.8580775401171516,0.30202369128956513,0.07051109224557876,0.04759075678884983,0.8133157253265381,0.3113089740276337,0.0475
191,0.07417476396350299,0.051235796774134916,0.8541465086095473,0.3015183622346205,0.06900852024555207,0.04481973983347416,0.8106765389442444,0.33679614663124086,0.04775
192,0.07490960727719699,0.05136916129028096,0.8508780072717106,0.3131597173564574,0.06781131029129028,0.04578118696808815,0.816620934009552,0.2888315260410309,0.048
193,0.07434275242335656,0.05161276032381198,0.8639554346308989,0.2920298067962422,0.0666501559317112,0.04440988972783089,0.8213431715965271,0.2907116234302521,0.04825
194,0.07492121681571007,0.05175484377233421,0.8574675461825203,0.300859726527158,0.06838866099715232,0.04478419590741396,0.8144378900527954,0.31876460313796995,0.0485
195,0.07553426395444308,0.05192569204989601,0.8530692703583661,0.3092898288193871,0.06771194711327552,0.04576970860362053,0.8103724002838135,0.2838669836521149,0.04875
196,0.07380065278095357,0.05155613240511978,0.8495171876514659,0.2805989603785908,0.06838002651929856,0.04493441097438335,0.8084581375122071,0.31349050998687744,0.049
197,0.07466000033652082,0.05143516357330715,0.8492606036803302,0.2991315959131016,0.06678130626678466,0.045018088445067404,0.80496746301651,0.2784475237131119,0.04925
198,0.07475920174928273,0.052495216622072106,0.849041132365956,0.2782539988265318,0.06647216379642487,0.04524633940309286,0.8048957228660584,0.2661993205547333,0.0495
199,0.07601078555864446,0.052556924960192514,0.8679915561395533,0.2969637162545148,0.06755901277065277,0.044033150747418405,0.8339056253433228,0.30526238679885864,0.04975
200,0.074350334923057,0.05119826754226404,0.8802512288093567,0.28699109747129325,0.06592531949281692,0.04424893632531166,0.8295274138450622,0.2676221698522568,0.05
201,0.07454446001964457,0.051381562452982456,0.8733838586246266,0.2885811670738108,0.06717722043395043,0.04520517643541098,0.8420268893241882,0.27103549242019653,0.05
202,0.07495425400488517,0.05207877693807378,0.8800578503047719,0.28149796496419344,0.06690330579876899,0.042884104140102866,0.8388157725334168,0.3126209020614624,0.05
203,0.07440534409354715,0.05204661431557992,0.8866509234204012,0.2698444136801888,0.06692076623439788,0.04408474750816822,0.8353802800178528,0.28964426517486574,0.05
204,0.07371454116176157,0.051083814243183416,0.8801421628278845,0.2765861109775655,0.06769549772143364,0.04468974284827709,0.8285570263862609,0.2944037079811096,0.05
205,0.0736700458561673,0.050562787143623125,0.8636724843698389,0.28941070770516114,0.06696320995688439,0.04555780552327633,0.8072883129119873,0.26665041148662566,0.05
206,0.07329969940816655,0.05040644536561826,0.8401761054992676,0.2898298510733773,0.06726885586977005,0.04531922787427902,0.7939910769462586,0.280194365978241,0.05
207,0.07479006271151935,0.05145840489250772,0.8437897527919096,0.29787520626012015,0.07097335159778595,0.04386813584715128,0.8030898690223693,0.3814863085746765,0.05
208,0.07369236735736623,0.0508298900197534,0.8362521914874806,0.2899991019683726,0.06661917716264724,0.04320684857666492,0.7838876366615295,0.3114690601825714,0.05
209,0.07463665481875925,0.05060337878325406,0.8419674985549029,0.31227200522142295,0.0666546180844307,0.04522785879671574,0.8212698698043823,0.26428118646144866,0.05
210,0.07294283281354343,0.05085230180445839,0.8773438930511475,0.26634186330963583,0.06713382005691529,0.044709126278758046,0.8295504093170166,0.2825838029384613,0.05
211,0.07379923738977488,0.050876238438136434,0.8653922606916988,0.2853815371499342,0.06791961640119552,0.046297327056527136,0.8147648930549621,0.26949281990528107,0.05
212,0.07508391865036067,0.05171731114387512,0.8570997644873226,0.2959121781236985,0.06639404296875,0.04371810182929039,0.8167454957962036,0.2901697337627411,0.05
213,0.07417392402010806,0.05167426388053333,0.8609554662423975,0.27780210971832275,0.06678636968135834,0.04467891901731491,0.8170601963996887,0.2787369668483734,0.05
214,0.07380910524550606,0.05160775890245157,0.8517078231362736,0.27368536416222067,0.06725684106349945,0.04596158973872662,0.8008715033531189,0.2657307028770447,0.05
215,0.07366877750438802,0.05154445679748759,0.8409217035069185,0.27430205397746144,0.06674442663788796,0.045923154428601266,0.790997302532196,0.2582260012626648,0.05
216,0.07330350753139048,0.051447259481338894,0.8367213256218854,0.2697807042037739,0.06625188291072845,0.04386972729116678,0.7942513585090637,0.28879281878471375,0.05
217,0.07354384573066935,0.05145684114712126,0.8371370785376605,0.2743126846411649,0.06846757382154464,0.04511805102229118,0.7872970819473266,0.30953104197978976,0.05
218,0.0737086814992568,0.051201965112019986,0.8298879546277663,0.2841567213044447,0.06579426005482673,0.044408983923494814,0.7883138060569763,0.27004273533821105,0.05
219,0.07379658958491157,0.050987242447102774,0.8420532380833345,0.28777628260500293,0.06667750626802445,0.04469583034515381,0.8117368578910827,0.2772861897945404,0.05
220,0.0727617782266701,0.05056862489265554,0.8559834571445689,0.2726663605255239,0.067057154327631,0.044786179810762404,0.8158056497573852,0.2822583824396133,0.05
221,0.0728602380875279,0.05107972091611694,0.8566131135996651,0.26428772509098053,0.06714892238378525,0.046272318065166476,0.8089824438095092,0.25573553442955016,0.05
222,0.07374455231954069,0.051664523670778555,0.8492033656905679,0.27175989221124086,0.06746886447072029,0.0458674855530262,0.801999032497406,0.27162777781486513,0.05
223,0.07329768293044146,0.0506153470453094,0.8450358860632953,0.28463953032213096,0.06655795127153397,0.04419810250401497,0.8003954768180848,0.2871178865432739,0.05
224,0.07375015077345512,0.05098474573563127,0.8512887358665466,0.285050350077012,0.06708262637257575,0.04463193546980619,0.8244353890419006,0.2841267466545105,0.05
225,0.07483140905113782,0.05158358604154166,0.8819941352395451,0.2885576398933635,0.06850644722580909,0.04526328593492508,0.8413554906845093,0.29659212231636045,0.05
226,0.0727614585091086,0.050749891821075886,0.878065123277552,0.2646183126112994,0.06707999631762504,0.04545655734837055,0.8271824479103088,0.26703228056430817,0.05
227,0.07418897616512635,0.05078451565521605,0.8648122584118563,0.295126736164093,0.06685105413198471,0.04339358899742365,0.8274026393890381,0.30366880595684054,0.05
228,0.07393540573470733,0.051422485314747864,0.8977200318785274,0.2707144030753304,0.06775774508714676,0.04467697311192751,0.8716137528419494,0.28729268312454226,0.05
229,0.07350856504019569,0.05049636247841751,0.9181474973173702,0.27661454765235677,0.06648088544607163,0.0445618936792016,0.8826993465423584,0.2618399679660797,0.05
230,0.07380903709460707,0.05144439188434797,0.9237245426458471,0.26254799699082093,0.06630510836839676,0.044066693261265756,0.8724600315093994,0.2702763020992279,0.05
231,0.07328221092329305,0.050698709071559066,0.9049833311754114,0.27067337930202484,0.06610985100269318,0.04571074657142162,0.8500937461853028,0.23796337842941284,0.05
232,0.07399422149447833,0.05203432480202002,0.8931506626746234,0.2605677851859261,0.06648872643709183,0.04459803812205791,0.8438970685005188,0.26903432309627534,0.05
233,0.07335387433276457,0.05134756523458397,0.8852508909562055,0.2630759968477137,0.06611626520752907,0.04351644553244114,0.8306711196899415,0.28586218059062957,0.05
234,0.0739710407660288,0.05099889449775219,0.8801198356291827,0.2834189648137373,0.06744552478194236,0.04521330576390028,0.8442908763885498,0.27578622102737427,0.05
235,0.07240783795714378,0.05048652825986638,0.8859223162426668,0.26124175243517933,0.06682770922780037,0.044294112361967564,0.8359554052352905,0.28348087668418886,0.05
236,0.07287968585596365,0.0506718959659338,0.8750119910520666,0.2691534038852243,0.06800089702010155,0.044995568692684174,0.830238676071167,0.29405883252620696,0.05
237,0.07276760217021494,0.050469931653317285,0.8785046970143038,0.270252484609099,0.06662841737270356,0.043697026930749415,0.839256751537323,0.29077647626399994,0.05
238,0.07297376652850825,0.05021768742624451,0.8800398707389832,0.2791135986061657,0.06695653051137924,0.04446562454104423,0.8359038949012756,0.28263733088970183,0.05
239,0.07296927185619578,0.050397341961369795,0.8753663301467896,0.2763653082006118,0.0663982518017292,0.044389234855771065,0.8237335562705994,0.27543361485004425,0.05
240,0.07326609816621332,0.05075958064373802,0.8615591631216162,0.2778185097610249,0.06603923365473748,0.045224538445472716,0.8115438342094421,0.2539851665496826,0.05
241,0.07294878078734174,0.05063688042847549,0.8564966671607074,0.2749386543736738,0.06667235940694809,0.04411559607833624,0.821611475944519,0.28681295216083524,0.05
242,0.07357338180436808,0.05092698291820638,0.8756278437726638,0.27780241563039665,0.06781759336590767,0.043125256150960925,0.8324284672737121,0.32736105024814605,0.05
243,0.07413823332856684,0.0512265638612649,0.8693519760580624,0.2843630068442401,0.06693194881081581,0.04446438141167164,0.8163393378257752,0.2860834777355194,0.05
244,0.07347186545238775,0.05144273489713669,0.8563264152582954,0.26931729737450094,0.06704759299755096,0.044372766837477685,0.8122122287750244,0.2910540610551834,0.05
245,0.0728837924406809,0.050860173452426403,0.852655431803535,0.2699412834994933,0.06735697388648987,0.04524474125355482,0.8079911947250367,0.28064643144607543,0.05
246,0.07348868754856727,0.051208036239532864,0.8509251545457279,0.27542798834688526,0.06647089123725891,0.04411318115890026,0.8005194067955017,0.2870503544807434,0.05
247,0.07286545458961935,0.0510568776551415,0.8395254682092106,0.2682664455736385,0.06657062545418739,0.04517396464943886,0.7955061435699463,0.26883196234703066,0.05
248,0.07313526728573967,0.0506728024167173,0.8415829679545235,0.2809327148339328,0.06579838618636132,0.04452356602996588,0.8173763632774353,0.2620211005210876,0.05
249,0.0731421316809514,0.05117745675584849,0.8780232247184304,0.2636888491756776,0.06616153344511985,0.045452441275119784,0.8367533802986145,0.2468311756849289,0.05
250,0.07353452987530652,0.051371479735654944,0.8720219485899982,0.26885660168002634,0.06704225912690162,0.044794541969895366,0.821965217590332,0.2805613219738007,0.05
251,0.07219568552339778,0.05036103944568073,0.8561874522882349,0.2654554309213863,0.06647717580199242,0.044989175349473956,0.8077643990516663,0.2682071357965469,0.05
252,0.0729599621366052,0.051150569144417256,0.827167339184705,0.2707543977919747,0.06708576157689095,0.04524509571492672,0.778026533126831,0.2812079846858978,0.05
253,0.072826378266601,0.0512538760462228,0.8240993373534259,0.26663016484064217,0.06753280460834503,0.04474404715001583,0.7924386620521545,0.2972873955965042,0.05
254,0.07294114766752019,0.05110040986362625,0.8363209366798401,0.2695505689172184,0.06781638637185097,0.044970590621232986,0.8016995429992676,0.2965760171413422,0.05
255,0.07374348403776393,0.05090242383234641,0.8552158159368178,0.2857780439012191,0.06795858070254326,0.04549927338957786,0.8257323026657104,0.284039705991745,0.05
256,0.07346654968226657,0.051699873169555384,0.8633074094267452,0.2626720482812208,0.06603648439049721,0.04452416356652975,0.8250625729560852,0.2652339369058609,0.05
257,0.07254745351041064,0.05034202874145087,0.8661249385160559,0.2708834874279359,0.06560341417789459,0.04449688494205475,0.8175155878067016,0.25862745344638827,0.05
258,0.07413584870450637,0.05096836497678476,0.8636711625491872,0.2906154437976725,0.0665670469403267,0.04496751092374325,0.8319581031799317,0.2655990689992905,0.05
259,0.07270859510583036,0.05070371268426671,0.8763639471110176,0.26482486286584067,0.06645424887537957,0.04507146365940571,0.8348054409027099,0.26069462299346924,0.05
260,0.07252687566420611,0.05036760713247692,0.8781871304792517,0.2675479308647268,0.066045593470335,0.04422978740185499,0.8299726843833923,0.2703215658664703,0.05
261,0.07364702421952696,0.05139840207993984,0.8687252542551827,0.271227388697512,0.06615529730916023,0.04554864950478077,0.8162423968315125,0.2488844722509384,0.05
262,0.07277705695699244,0.05024937102023293,0.8527517669341144,0.2800033671014449,0.06819364950060844,0.046447375789284706,0.8073006987571716,0.27346535325050353,0.05
263,0.07383183828171562,0.05126077583169236,0.8535495961413664,0.2807113537017037,0.06684219464659691,0.044722921401262286,0.8128816246986389,0.27980917096138,0.05
264,0.07326852442587123,0.051251448143054455,0.8644223072949577,0.2674570469295277,0.06692540496587754,0.04378142021596432,0.8251826524734497,0.2978431522846222,0.05
265,0.07371785097262439,0.0505982118056101,0.8676367051461163,0.28886543740244475,0.06741523891687393,0.044977564550936225,0.8111685872077942,0.28651976585388184,0.05
266,0.07298511266708374,0.05061591164592434,0.8608424347989699,0.27521552233135,0.06583854109048844,0.04540867954492569,0.8345521569252015,0.24168678522109985,0.05
267,0.0728873507503201,0.050213576568400156,0.8780229302013621,0.27787091013263254,0.06617579236626625,0.044577359594404696,0.8263777971267701,0.266693115234375,0.05
268,0.07321826061781715,0.05068004898288671,0.8644231592907625,0.27787957997883067,0.06593579277396203,0.04520612023770809,0.8165823936462402,0.2512769788503647,0.05
269,0.07226585837848046,0.05043884794063428,0.8474548353868372,0.26704924334498015,0.06560002937912941,0.04492875039577484,0.795455002784729,0.254334619641304,0.05
270,0.07314606295788989,0.05126592757947305,0.8327452119658975,0.27105366745415854,0.06585203036665917,0.044434331357479095,0.8001322507858276,0.26832754015922544,0.05
271,0.0725770984940669,0.051218383452471566,0.8500551090520971,0.25716327744371753,0.06610529497265816,0.0454677976667881,0.8150890111923218,0.24973212778568268,0.05
272,0.0735605475218857,0.051610061570125466,0.8608504183152142,0.2668396409820108,0.06580584794282913,0.0457057062536478,0.8118451952934265,0.2396337866783142,0.05
273,0.07179598860880908,0.05003062701400589,0.850213555728688,0.26526451899724846,0.06704993173480034,0.045227056741714476,0.7994441032409668,0.2765686959028244,0.05
274,0.07251577495652087,0.050752730492283314,0.8420231587746564,0.26685628382598653,0.06701944395899773,0.04529387466609478,0.7905138731002808,0.27640862464904786,0.05
275,0.07258418618756182,0.05102503891376888,0.8302888344315922,0.26512518700431376,0.06665816903114319,0.04451809152960777,0.7963711023330688,0.28352733254432677,0.05
276,0.07288609269787283,0.05117470135583597,0.8439558323691873,0.26543665370520425,0.06603568568825721,0.04517534673213959,0.8110209703445435,0.2550026118755341,0.05
277,0.07343439385294914,0.05172928630867425,0.8606904149055481,0.2619640599278843,0.06628824770450592,0.04490722268819809,0.8293321847915649,0.2617540657520294,0.05
278,0.07265210699509173,0.05113506382879089,0.8769629983340993,0.25494827417766347,0.06726548299193383,0.04475782811641693,0.8376796841621399,0.28261719048023226,0.05
279,0.07208878108683754,0.050468825789935445,0.8761632477535921,0.2571664505145129,0.0645531415939331,0.04291194584220648,0.8250548720359803,0.2678129464387894,0.05
280,0.0725936959771549,0.05036706389749751,0.8643271572449628,0.2716672087416929,0.06570803895592689,0.04436094760894775,0.8194865584373474,0.2630445271730423,0.05
281,0.07244776057846405,0.05079484709045466,0.8571892485899084,0.2616204067188151,0.0663742758333683,0.04517848826944828,0.8073045611381531,0.26245487332344053,0.05
282,0.07332590857849401,0.05107444075538831,0.8476131312987384,0.2755067295887891,0.06709565594792366,0.04426088184118271,0.8016061305999755,0.2963743329048157,0.05
283,0.07298064538661171,0.051214669666746086,0.839979911551756,0.26732351850060854,0.06632838547229766,0.04530643038451672,0.7927562475204468,0.2618878364562988,0.05
284,0.07268551956204806,0.051347252200631535,0.8326888084411621,0.2602276004412595,0.06608190760016441,0.0440292913466692,0.7923922657966613,0.2825738966464996,0.05
285,0.07285262403242729,0.051197784678900946,0.8360265844008502,0.2658914511694628,0.06637401208281517,0.044018473476171494,0.8009402751922607,0.2869227141141891,0.05
286,0.07235930356032708,0.0503263499806909,0.8564803354880389,0.26936302991474376,0.06786100044846535,0.04412558116018772,0.8184827566146851,0.3110118627548218,0.05
287,0.07329870190690546,0.051297014688744265,0.8607097653781667,0.2678917874308193,0.06664176508784295,0.04557317867875099,0.8342840433120727,0.254514941573143,0.05
288,0.07388737293727257,0.05168240122935351,0.8754332626567167,0.26901277899742126,0.0665303498506546,0.04476041272282601,0.8393904209136963,0.26752067506313326,0.05
289,0.07306113948716837,0.051224741646472144,0.8804583584561068,0.26063627004623413,0.06613051667809486,0.044283298403024675,0.8345208287239074,0.2700402319431305,0.05
290,0.07236837639528163,0.050861978684278095,0.8645877242088318,0.2572103966684902,0.06584474444389343,0.044431626424193384,0.8157230138778686,0.2651177704334259,0.05
291,0.07171978691921514,0.04957682036739938,0.8572149662410512,0.2714163319152944,0.0673499807715416,0.04582141414284706,0.8177796721458435,0.2670153915882111,0.05
292,0.07295535329510183,0.050794105100281095,0.8543985450969023,0.27234523261294646,0.06682613492012024,0.04351728167384863,0.807536506652832,0.30466977059841155,0.05
293,0.07311849997324102,0.050942486371187604,0.8429441136472365,0.2749314194216448,0.06706429272890091,0.04435332380235195,0.8013300895690918,0.2939533591270447,0.05
294,0.07241602022858228,0.05057328479254947,0.8487876513425041,0.2670971847632352,0.06646092534065247,0.045402542501688,0.8134646773338318,0.25847470164299013,0.05
295,0.07256583935197662,0.05102305278620299,0.8470879162059111,0.26143815675202536,0.06642160788178444,0.04520214386284351,0.7996858119964599,0.2644521713256836,0.05
296,0.07206471483497058,0.050282200688824934,0.828559556428124,0.26993837251382713,0.06590728983283042,0.045096573606133464,0.7842934846878051,0.25935559868812563,0.05
297,0.07386632395141265,0.051533635048305285,0.8381210810997907,0.27902955255087686,0.06655372008681297,0.04500838220119476,0.8109471321105957,0.268717297911644,0.05
298,0.07387939796728246,0.052044559598845595,0.8526901111883276,0.26615873855703015,0.06578313559293747,0.044599106349050996,0.8049942135810852,0.26268174350261686,0.05
299,0.07282014454112333,0.05032045394182205,0.8397387651836171,0.28204603668521433,0.0660806842148304,0.04441788867115974,0.8003826856613159,0.2731793522834778,0.05
300,0.0729218903271591,0.050417807829730654,0.8401279694893781,0.2820560537716922,0.06450988501310348,0.04462173283100128,0.8139602541923523,0.23497101962566375,0.05
301,0.07239382604465765,0.0504297294160899,0.8500832985429203,0.2692652782973121,0.06649423763155937,0.04461427740752697,0.806795334815979,0.2762400954961777,0.05
302,0.07209764771601733,0.05042689972940613,0.8431941340951359,0.2647761273033479,0.06565148457884788,0.045982183516025545,0.8003103137016296,0.23332391381263734,0.05
303,0.07220903542988441,0.05056411159389159,0.8330657552270329,0.26628534320522756,0.0657240740954876,0.04359172657132149,0.8016499161720276,0.28231697976589204,0.05
304,0.07223160959341947,0.051020852344877576,0.8465700991013471,0.25490113654557395,0.06750649362802505,0.04510441832244396,0.8094862580299378,0.28614426851272584,0.05
305,0.07261384453843622,0.051056453958153725,0.8492250056827769,0.261302814764135,0.06681223139166832,0.04470777288079262,0.8042567610740662,0.28123781979084017,0.05
306,0.07256158572785995,0.05126742448876886,0.834514740635367,0.25898030312622294,0.06544768214225768,0.044949787110090254,0.7854212284088135,0.25287365913391113,0.05
307,0.07301109853912802,0.050876152646892214,0.8177991193883559,0.27913909098681283,0.06944761052727699,0.045169876888394356,0.7775329351425171,0.33004807829856875,0.05
308,0.07317182399770793,0.05121057195698514,0.8203008104773128,0.275164882049841,0.06788998916745186,0.04445102512836456,0.7878214359283447,0.3112149626016617,0.05
309,0.07248445994713727,0.05129209708641557,0.8217804607223061,0.2594911666477428,0.06529745161533355,0.04511253945529461,0.7804252862930298,0.24761320650577545,0.05
310,0.0721678858732476,0.05037141328348833,0.8188514008241541,0.272159177590819,0.06749979183077812,0.04649265483021736,0.7886231422424317,0.2624181419610977,0.05
311,0.072453521849478,0.05029738508164883,0.8337258065448088,0.2763775858808966,0.0668332114815712,0.04498787075281143,0.805714750289917,0.2757638722658157,0.05
312,0.0713384784758091,0.04980071771013386,0.8451865911483765,0.26171791465843425,0.06674848198890686,0.04419849440455437,0.7971619367599487,0.29156736135482786,0.05
313,0.07206579407348353,0.050548228599569374,0.8292974514119765,0.26449181402430816,0.06657389849424362,0.04401712715625763,0.7803755760192871,0.2950603097677231,0.05
314,0.0729619393892148,0.05064717603518682,0.8282648885951323,0.2806422736714868,0.06483464837074279,0.04503426514565945,0.7934448957443238,0.23731865882873535,0.05
315,0.07260963802828509,0.050525033298660725,0.8417831238578347,0.27333546999622793,0.06719891726970673,0.04601991921663284,0.8117883682250977,0.26122222244739535,0.05
316,0.07261317727320335,0.051078754751121294,0.8471042233354905,0.26126760244369507,0.06536221951246261,0.04544762186706066,0.8042121052742004,0.2374495416879654,0.05
317,0.07329069450497627,0.05130626107839977,0.8458847719080308,0.2705117192338495,0.06574105024337769,0.0449595607817173,0.8109506726264953,0.253439673781395,0.05
318,0.07237107438199661,0.05012215498615714,0.8550385166617,0.27397069597945495,0.06449589878320694,0.04338423945009708,0.8208662152290345,0.25805998742580416,0.05
319,0.07308659045135274,0.05094699145239942,0.8641503102639142,0.2699619023238911,0.06483968496322631,0.04485373254865408,0.8171182036399841,0.236295422911644,0.05
320,0.0718363295583164,0.05038950515582281,0.8437506977249595,0.2601863470147638,0.06665505543351173,0.04462656285613775,0.7933228373527527,0.28190527856349945,0.05
321,0.07366817948572776,0.05150017043685212,0.8315410017967224,0.27705197036266327,0.06588425040245056,0.04480482935905457,0.7895958304405213,0.26366923153400423,0.05
322,0.07356603706584257,0.05093827383483157,0.8191290743210736,0.2887294406400007,0.06677833721041679,0.04715691767632961,0.7760891199111939,0.23721058070659637,0.05
323,0.07324011974474963,0.05077415376025088,0.8246201522210065,0.2843952678582248,0.06929063647985459,0.045528759434819224,0.7885735869407654,0.3175228416919708,0.05
324,0.07324953618295052,0.05105198393849766,0.8281050184193779,0.27833003331633177,0.06548824310302734,0.04522181786596775,0.7798306345939636,0.24936237633228303,0.05
325,0.0719676966614583,0.05056214595542235,0.8180406619520748,0.2645028724389918,0.06449485123157501,0.04376568384468556,0.786950945854187,0.2571931630373001,0.05
326,0.07243073665920426,0.05047750626416767,0.8346883374101975,0.2721269498853123,0.06649129539728164,0.043984601832926275,0.7971666693687439,0.290700563788414,0.05
327,0.07278368600151118,0.05096511498970144,0.835877281777999,0.26919594582389383,0.06734681576490402,0.04465779960155487,0.799751877784729,0.29382994771003723,0.05
328,0.07242030277848244,0.05103232733467046,0.8339169305913589,0.2609761217061211,0.06626637279987335,0.044840164482593536,0.7955755829811096,0.2694090485572815,0.05
329,0.0725207284969442,0.05081047698417131,0.8321857592638802,0.26776788865818696,0.06491017416119575,0.04558690525591373,0.7961256384849549,0.22724026441574097,0.05
330,0.07109269390211385,0.04975155538276715,0.825632814098807,0.2616962168146582,0.06545803621411324,0.044587955623865125,0.7908979415893554,0.2592220038175583,0.05
331,0.07353594636215884,0.0510605991105823,0.8413763396880206,0.28123166192980376,0.06605717167258263,0.04525515548884869,0.8107276082038879,0.25389483869075774,0.05
332,0.07203927438925295,0.05036080672460444,0.8440904442001792,0.26475125726531534,0.06607399880886078,0.04503376595675945,0.8005712628364563,0.26069042682647703,0.05
333,0.07220825289978701,0.05047921726808829,0.8387947152642643,0.26682176309473377,0.0664242647588253,0.04432937279343605,0.8029470205307007,0.2813084125518799,0.05
334,0.07250450551509857,0.050442523049081076,0.8424445460824406,0.27275074141867023,0.06557836830615997,0.04554663076996803,0.80721195936203,0.2391923785209656,0.05
335,0.0719797468799002,0.050153201884206605,0.8529586231007296,0.2659391760826111,0.06539984717965126,0.044381158426404,0.81796795129776,0.25678018629550936,0.05
336,0.07297592916909386,0.05079132362323649,0.8643346604178933,0.27082517830764546,0.06765036657452583,0.04583707675337791,0.8348469376564026,0.269296395778656,0.05
337,0.0733680740437087,0.051067579756764805,0.8720041478381437,0.2716090398676255,0.0666119672358036,0.04450102560222149,0.8391055822372436,0.2743977129459381,0.05
338,0.07173015484038521,0.04960572642876821,0.8712174752179314,0.2682450860738754,0.06547844782471657,0.04367751441895962,0.8279145359992981,0.2704357743263245,0.05
339,0.07262490339138929,0.05024092973155134,0.8611953013083514,0.27544042380417094,0.06665903925895691,0.04602507241070271,0.8276304244995117,0.24715325236320496,0.05
340,0.07235193186823059,0.050449715598541146,0.8747029900550842,0.26310372527907877,0.06961186230182648,0.04692256525158882,0.8449789643287658,0.2847901344299316,0.05
341,0.07239085994660854,0.04970550964422086,0.8815809698665843,0.2773908052374335,0.06562687084078789,0.0444513414055109,0.8422275066375733,0.2550650805234909,0.05
342,0.07172603357364149,0.04973729294450844,0.8681817580671871,0.2661384572001064,0.06558369994163513,0.04530300702899694,0.8168732404708863,0.24223920404911042,0.05
343,0.07288160021690761,0.050540428937358016,0.8486115862341488,0.2771011012441972,0.06573464348912239,0.04527918696403503,0.8112236976623535,0.24686440527439119,0.05
344,0.07247706897118512,0.0505806718240766,0.8523909870316001,0.2674497392247705,0.06475010067224503,0.04504837356507778,0.8156590580940246,0.23090274930000304,0.05
345,0.07188359735643163,0.05020790733397007,0.8543311532805947,0.2626475691795349,0.0669571653008461,0.04517125189304352,0.8127432703971863,0.27316961586475375,0.05
346,0.07279044104849591,0.050400497391819954,0.8507782781825346,0.27764322389574614,0.06710579022765159,0.043223724514245984,0.8112287521362305,0.3153955936431885,0.05
347,0.07182923375683672,0.049678853767759656,0.8472793172387516,0.2735517393140232,0.06649860069155693,0.04556032586842775,0.8063075542449951,0.2575039952993393,0.05
348,0.07187346062239479,0.05053613926557934,0.8477425750564126,0.25719792702618766,0.06675436720252037,0.04484043195843697,0.8101808309555054,0.27624253630638124,0.05
349,0.07273008608642746,0.050076615394038314,0.8538767835673164,0.28229405774789695,0.0648023895919323,0.04373795948922634,0.8286331295967102,0.25556198358535764,0.05
350,0.07201873094719999,0.05047435313463211,0.8704042750246385,0.2568066996686599,0.06562813892960548,0.04457979239523411,0.828587555885315,0.2552494317293167,0.05
351,0.07469120753162048,0.05153092895360554,0.8579173929551068,0.2916221119025174,0.06932398751378059,0.046438834816217425,0.8115191698074341,0.2953992307186127,0.05
352,0.07277435787460383,0.05146545303218505,0.8530740632730371,0.25556327753207264,0.06488826870918274,0.04403547085821628,0.8216113328933716,0.25273373126983645,0.05
353,0.07258454381543047,0.05027778172755942,0.8673352388774648,0.27266817934372845,0.07363493293523789,0.04869979321956634,0.8326566219329834,0.33217141330242156,0.05
354,0.07192104046835619,0.050290384603773844,0.869324547402999,0.25874821929370656,0.06546454951167106,0.0452139962464571,0.823652732372284,0.2402805507183075,0.05
355,0.0715783735846772,0.049769842887625974,0.860719267059775,0.2640267619315316,0.06500310301780701,0.044198811426758765,0.8151084780693054,0.25306413471698763,0.05
356,0.0720397742355571,0.050362869330188804,0.8521397779969608,0.2631101362845477,0.06545282527804375,0.04433178324252367,0.8066724419593811,0.2610863447189331,0.05
357,0.07245004242833923,0.05063328037367148,0.8474719839937547,0.2668408365810619,0.06623349338769913,0.0455782949924469,0.8092310309410096,0.2512578010559082,0.05
358,0.07232355041538968,0.05075796452515265,0.8467833960757536,0.26195503333035636,0.0642612911760807,0.043272484466433524,0.8063745379447937,0.25850117206573486,0.05
359,0.07234224370297264,0.05002334198969252,0.8434730663019068,0.27768343248788047,0.06686028614640235,0.04526048265397549,0.8003396153450012,0.27192818820476533,0.05
360,0.07247353410896133,0.05119728614740512,0.8342566840788898,0.25867360742653117,0.0658569060266018,0.04453612063080072,0.7921777486801147,0.2679801553487778,0.05
361,0.07244283267680336,0.05050041285507819,0.8357252408476437,0.27170336684759927,0.06534768342971801,0.04396011997014284,0.8276029467582703,0.2622306764125824,0.05
362,0.07301580927827779,0.050293704933103395,0.8921378325013554,0.2760145164587918,0.06548789292573928,0.0449784904718399,0.8654847145080566,0.23709113001823426,0.05
363,0.07181298973805764,0.04986675719127936,0.9007398170583388,0.2587766831412035,0.06531058698892593,0.043821812979876994,0.8518235445022583,0.25941077470779417,0.05
364,0.07223241294131559,0.050153462983229584,0.8855406571837032,0.2644708489670473,0.06510151475667954,0.042904676869511604,0.8413702487945557,0.27566271722316743,0.05
365,0.07250449499663185,0.05084363316350123,0.8790281905847437,0.2574116114307852,0.06516169682145119,0.04286870323121548,0.8253890037536621,0.28078208267688753,0.05
366,0.07284427938215873,0.05115121033261804,0.8565417703460244,0.26255301868214326,0.06641044840216637,0.04540288634598255,0.8120670914649963,0.2577378511428833,0.05
367,0.07270385478349294,0.05018859104636837,0.8595764391562518,0.27838997367550344,0.06610578522086144,0.04417150523513556,0.8299895405769349,0.27268773019313813,0.05
368,0.07278205958359382,0.051012231694424856,0.8656382525668425,0.26226890350089355,0.0659500502049923,0.04544080570340157,0.821269154548645,0.24593105614185334,0.05
369,0.07208172692095532,0.05058232311378507,0.8516708051457125,0.2596539232660742,0.0650988295674324,0.04313395023345947,0.8179889917373657,0.275699782371521,0.05
370,0.07149885594844818,0.04984157762544997,0.8547064206179451,0.26220428768326254,0.06826691776514053,0.04543762449175119,0.8141229629516602,0.2937612563371658,0.05
371,0.0727963000535965,0.051335463081212604,0.848619653898127,0.25949280402239633,0.0653196856379509,0.04487257339060306,0.8032672286033631,0.2482888400554657,0.05
372,0.07130805118119016,0.04929327066330349,0.837937593460083,0.27270809078917785,0.06639913246035575,0.045965902507305145,0.7944431900978088,0.24977592527866363,0.05
373,0.07268678353113286,0.0500081344781553,0.836104087969836,0.2863521786297069,0.06568165272474288,0.04444627910852432,0.8186376929283142,0.2609799563884735,0.05
374,0.07194585813318982,0.05048227266353719,0.8616471571080825,0.2569422783220516,0.06550870239734649,0.04461910389363766,0.8143598556518554,0.25492000579833984,0.05
375,0.07213292402379654,0.04993293116636136,0.8552132354063147,0.2729571873650831,0.0654762253165245,0.045007217675447464,0.8226933598518371,0.24484147429466246,0.05
376,0.07228706404566765,0.050460337058586234,0.8600764905705172,0.26451921988936034,0.06470415592193604,0.043206464312970635,0.8148818135261535,0.26697748005390165,0.05
377,0.07209203085478615,0.05015400205464924,0.8403203206903794,0.27069651992882,0.06532407328486442,0.044311283901333806,0.7991339325904846,0.2604289919137955,0.05
378,0.07204338513752993,0.050486399189514274,0.8345661654191858,0.26422648920732383,0.06536552011966705,0.04484751522541046,0.7929850697517395,0.2517630606889725,0.05
379,0.07187195801559616,0.05007878723828232,0.8232550691155827,0.2712123849812676,0.06420640349388122,0.04395565409213305,0.7874694228172302,0.24752114713191986,0.05
380,0.0726007816984373,0.05062856273177792,0.8320650703766767,0.2730313644689672,0.06688873916864395,0.04502268470823765,0.8052495241165161,0.2762712091207504,0.05
381,0.07184236277552213,0.05022718669737086,0.8486951870076797,0.2625644645270179,0.0663933888077736,0.0443903811275959,0.8107624411582947,0.2779076874256134,0.05
382,0.07307150740833844,0.050774098976570016,0.8500241952783921,0.2759433178340687,0.06551247090101242,0.043367823399603364,0.812907087802887,0.2803115606307983,0.05
383,0.07177935957032092,0.04901540104080649,0.8690915703773499,0.28146085230743184,0.06395037770271302,0.04346748478710651,0.8454378247261047,0.24057030379772187,0.05
384,0.07206122051267062,0.04971038615878891,0.8863126670613009,0.2697541503345265,0.06475704535841942,0.043481750413775444,0.8363545536994934,0.25823498964309693,0.05
385,0.07225575933561605,0.049801751642542726,0.8625325595631319,0.27657364922411304,0.06665180027484893,0.044713936001062396,0.8140584826469421,0.27594560384750366,0.05
386,0.07275394591338494,0.05056132376194,0.8608115736175986,0.27169012146837573,0.06484882459044457,0.04351094011217356,0.8413228392601013,0.25849310755729676,0.05
387,0.07196960620143834,0.04954470694065094,0.8882681692347807,0.27084435610210195,0.06637313440442086,0.0455075915902853,0.8488902091979981,0.24753284752368926,0.05
388,0.07298846937277738,0.05024155601859093,0.8948295502101674,0.2759723654564689,0.06441539525985718,0.04344658888876438,0.8495200276374817,0.24947213232517243,0.05
389,0.07331609528730898,0.050868578803013355,0.8815547894029057,0.272639381534913,0.06542042568325997,0.04337226506322622,0.8307428598403931,0.27481466829776763,0.05
390,0.07125931693350568,0.04986368393635049,0.8638807500109953,0.25513651441125307,0.066170784085989,0.04403786174952984,0.8157187938690186,0.2795146644115448,0.05
391,0.07281824091778082,0.05075254532344201,0.855795376441058,0.27015482239863453,0.06680642738938332,0.043899327889084815,0.826058292388916,0.2929303407669067,0.05
392,0.07192424969638095,0.04959733970463276,0.8687998652458191,0.272778241073384,0.06529785767197609,0.043746314197778705,0.8360055088996887,0.26382980942726136,0.05
393,0.0727305725655135,0.050227451850386226,0.8838522819911733,0.2732919524697697,0.06590614467859268,0.044780974835157396,0.8483280301094055,0.2528378129005432,0.05
394,0.07219208294854444,0.04961892053046647,0.8930215695325066,0.27285890982431527,0.06967575401067734,0.04606404602527618,0.8528333067893982,0.3016675114631653,0.05
395,0.07243361039196744,0.04950472712516785,0.8905985776115867,0.2804579349125133,0.0648017019033432,0.04300861097872257,0.8353895306587219,0.2687839239835739,0.05
396,0.07208831301506828,0.04992001799537855,0.8620398780878853,0.2709579266169492,0.06613020002841949,0.043020333722233774,0.8136520385742188,0.2994668871164322,0.05
397,0.0717471393153948,0.04940422054599313,0.8550686520688674,0.27584465111003204,0.06527024582028389,0.04452674277126789,0.8173952460289001,0.25139102041721345,0.05
398,0.07191624974503237,0.049429599633988214,0.8538624574156368,0.27896049969336567,0.06585657745599746,0.04475080408155918,0.8219534277915954,0.2577247679233551,0.05
399,0.07214791568763115,0.05041447774890591,0.8571988484438728,0.263228978304302,0.06520043462514877,0.04356405772268772,0.8146344661712647,0.269800591468811,0.05
400,0.07205476020188893,0.05003195518956465,0.8568834311821881,0.269079409977969,0.06409490779042244,0.04269682876765728,0.8266340613365173,0.26263477504253385,0.05
401,0.07105469265404869,0.04928562297102283,0.869187099092147,0.26154396639150734,0.06474963724613189,0.04318924285471439,0.8373372316360473,0.26374044418334963,0.05
402,0.07120643402723704,0.04898928193485036,0.8701463481959175,0.2703137564308503,0.06474196836352349,0.043852982297539714,0.8390530705451965,0.24996909201145173,0.05
403,0.07180646894609227,0.04973778073840281,0.8739033797208,0.2665931012700586,0.06487645208835602,0.043038005009293556,0.8325142860412598,0.27026610970497134,0.05
404,0.07172353258904289,0.04971599819905618,0.866377097718856,0.26687530033728657,0.06552912145853043,0.043093318305909636,0.8268951535224914,0.28333704471588134,0.05
405,0.07192210217609125,0.04992192917886902,0.8567692917935988,0.2686495929956436,0.06497887298464775,0.044252962619066236,0.8176029443740844,0.25099762678146365,0.05
406,0.07100948713281575,0.04946387274300351,0.8508250117301941,0.2607472898329006,0.06659312471747399,0.045092255994677546,0.8161662101745606,0.2667840957641602,0.05
407,0.07226352722329252,0.050458528101444244,0.8526047433123869,0.265579013263478,0.06493725702166557,0.04323915336281061,0.8168311357498169,0.2705957978963852,0.05
408,0.0716699142666424,0.049834618016200906,0.8499241716721478,0.26672108296085806,0.06431729570031167,0.04300051387399435,0.8183862686157226,0.2626583695411682,0.05
409,0.07176602829028578,0.04969064507852582,0.8504420729244456,0.2714192464071162,0.06560421139001846,0.045200832560658454,0.8115910291671753,0.24574940800666809,0.05
410,0.07102932474192451,0.049485491479144376,0.8434481866219464,0.26218703213860006,0.06466636583209037,0.0437705660238862,0.8097914457321167,0.25595775842666624,0.05
411,0.07246263719656888,0.05009044586297344,0.8531227357247296,0.27681926681714897,0.06687458455562592,0.04382248632609844,0.8416646480560303,0.29270901083946227,0.05
412,0.07188992158455007,0.050171793164575804,0.8761294414015377,0.25913669256603017,0.06524583995342255,0.0440607650205493,0.8430911421775817,0.25508328080177306,0.05
413,0.07270115964552935,0.049988959751584953,0.9017721765181598,0.27388956792214336,0.06468253880739212,0.043656018935143946,0.8963763475418091,0.24125511050224305,0.05
414,0.07273135947830536,0.04943144748754361,0.948085251976462,0.2763812016038334,0.06476518213748932,0.04421542882919312,0.9080884218215942,0.22937739193439483,0.05
415,0.07214915861978251,0.0491967279025737,0.930074979277218,0.27303361892700195,0.06491241082549096,0.044456175342202184,0.8774048209190368,0.2336437851190567,0.05
416,0.07324092418831937,0.05109816910151173,0.9025415006805869,0.2623467848581426,0.06626530289649964,0.04331589937210083,0.8451702356338501,0.2899540364742279,0.05
417,0.07181489818236407,0.049566421657800674,0.8682827213231255,0.2713129792143317,0.06658256202936172,0.044570273533463475,0.8301614046096801,0.2742134898900986,0.05
418,0.07129695595187299,0.049573337987941855,0.8611082504777348,0.2622507293434704,0.06574855744838715,0.04367878884077072,0.8240758895874023,0.2765802055597305,0.05
419,0.07096094506628373,0.049306886489777005,0.8518194906851825,0.26271727505852194,0.06467278227210045,0.04345567878335714,0.8102725744247437,0.26228752732276917,0.05
420,0.07169493616503828,0.0498502245720695,0.8345256132238051,0.26998912937500896,0.06566089168190956,0.044814664870500565,0.800555968284607,0.25681335031986235,0.05
421,0.0718208314741359,0.04994110828813385,0.8483365598846885,0.2679271531455657,0.06347277015447617,0.04305319432169199,0.8195253133773803,0.24448646306991578,0.05
422,0.07190592236378614,0.04977318414432161,0.855124179054709,0.271629933925236,0.06422331184148788,0.04293116834014654,0.8259708404541015,0.2606487423181534,0.05
423,0.07260592150337555,0.050106631153646636,0.8678829424521503,0.276409230688039,0.06657090112566948,0.04524136669933796,0.8386437892913818,0.25886194705963134,0.05
424,0.07208375545109019,0.049341773066450566,0.8788634959389182,0.2790669404408511,0.06521979793906212,0.04326405972242355,0.8418156147003174,0.27075161337852477,0.05
425,0.07188600060694358,0.049819356378387004,0.8737112038275775,0.2665906417019227,0.06557365655899047,0.04191712848842144,0.8239328622817993,0.30834397077560427,0.05
426,0.0719125393558951,0.050248163149637336,0.8488767427556655,0.26351218100856333,0.06426953598856926,0.04335934575647116,0.8007917881011963,0.25804545879364016,0.05
427,0.07181812516030144,0.04978258644833284,0.840014422641081,0.27270789619754343,0.06464434638619423,0.04333110097795725,0.8133899569511414,0.26358691453933714,0.05
428,0.0713864716098589,0.049600733772796744,0.8436299737762002,0.26698876479092765,0.06525973603129387,0.04327676258981228,0.8022065043449402,0.27921819388866426,0.05
429,0.07192537561058998,0.04972955957055092,0.8343573878793156,0.2770448423483792,0.06711639016866684,0.044240760058164595,0.8104699850082397,0.2954185724258423,0.05
430,0.07102616657229031,0.04963722567567054,0.8552668375127456,0.25672545415513653,0.06544209271669388,0.043750650249421597,0.8318723320960999,0.2674543887376785,0.05
431,0.0720264385728275,0.049372688593233335,0.8753298345734092,0.27800903688458833,0.0653316967189312,0.043302026391029355,0.8471351981163024,0.2711663693189621,0.05
432,0.07144051045179367,0.049309566617012024,0.8805641251451829,0.26650604430366964,0.0654282420873642,0.044179876893758775,0.8334269762039185,0.258281934261322,0.05
433,0.07207285196465604,0.04965868734699838,0.8642406393499935,0.2754351698300418,0.06515577808022499,0.043500227853655815,0.8240002751350403,0.26831094622612,0.05
434,0.0712393697570352,0.04922420169939013,0.85088089985006,0.27012718951000886,0.06506472826004028,0.044003212824463844,0.8152096629142761,0.2581883937120438,0.05
435,0.07107878564035192,0.0492000772672541,0.8450260092230404,0.2685689680716571,0.06633108928799629,0.042747483029961585,0.8064477920532227,0.3103825360536575,0.05
436,0.07227587568409302,0.04991868039702668,0.8605166217860054,0.2750405713039286,0.06528842374682427,0.043463447317481044,0.8441906332969665,0.267661452293396,0.05
437,0.07082406431436539,0.04873344236437012,0.877918169778936,0.2662288292365916,0.06479464545845985,0.04378632977604866,0.8382596492767334,0.2525144010782242,0.05
438,0.07132174096563283,0.049435528871767664,0.8657671949442696,0.26457079806748557,0.06534822881221772,0.04452011026442051,0.8246932744979858,0.2516237050294876,0.05
439,0.07193799207315725,0.04909839722163537,0.8609920179142672,0.28459349362289205,0.06618881225585938,0.044158974289894105,0.8306948065757751,0.274457785487175,0.05
440,0.07170439577277969,0.049794403726563734,0.8676606977687162,0.264667709960657,0.0658792495727539,0.042987828329205516,0.8343894839286804,0.29095051288604734,0.05
441,0.0716546723509536,0.049211436663480365,0.8732607925639433,0.2742125540971756,0.06632089912891388,0.04397724773734808,0.8395688533782959,0.2789592623710632,0.05
442,0.0723206738338751,0.04941565192797605,0.8809722521725822,0.28190599820193124,0.06521009206771851,0.04372084606438875,0.8603923797607422,0.2577064573764801,0.05
443,0.07138762272456113,0.048948412213255375,0.88567575637032,0.2716490705223644,0.06617562472820282,0.04318835567682981,0.8341882467269898,0.2929077297449112,0.05
444,0.07234584430561346,0.049975025193656195,0.8661771837402793,0.27418094698120565,0.07044346854090691,0.045762010663747785,0.8332350730895997,0.3269821316003799,0.05
445,0.07154788317925789,0.049185958855292373,0.8707781924920923,0.2730828549932031,0.06677961647510529,0.04423404615372419,0.8324869990348815,0.2844140350818634,0.05
446,0.07168685951653649,0.049133470501093304,0.8600308404249304,0.2790616067016826,0.06606551557779312,0.044046450033783914,0.8101345658302307,0.27835437655448914,0.05
447,0.0720613313948407,0.0497123218853684,0.8463302359861486,0.27771415079341216,0.06447343975305557,0.04246205808594823,0.8087570548057557,0.2784762382507324,0.05
448,0.07098036478547488,0.04891113805420259,0.8489253205411574,0.271599465433289,0.06530434712767601,0.04336618259549141,0.8197867751121521,0.27480596005916597,0.05
449,0.07189257618258982,0.04981899721657529,0.8569027010132285,0.2700910208856358,0.06361148655414581,0.04162860456854105,0.8156346321105957,0.27653070390224455,0.05
450,0.07174560449579183,0.04933281111366609,0.8524086370187647,0.277774122707984,0.06586137786507607,0.04458659179508686,0.8204508900642395,0.26140556037425994,0.05
451,0.07064357290373129,0.048807791050742656,0.8486196083181045,0.2669917248627719,0.06537926346063613,0.04259918760508299,0.8151067018508911,0.2925801783800125,0.05
452,0.07190926723620471,0.0500126393402324,0.8475977743373198,0.2684129941112855,0.06439961791038513,0.04309659935534001,0.8201077938079834,0.2620388507843018,0.05
453,0.07212523349067744,0.04922801135655712,0.8627891470404232,0.2853866105570513,0.06453298702836037,0.04338010307401419,0.8280188560485839,0.2574538975954056,0.05
454,0.07289771122090957,0.05035748223171515,0.8678515553474426,0.2772342799340977,0.06424035280942916,0.04297131709754467,0.8283986330032349,0.25970097780227663,0.05
455,0.07062941285617211,0.048393914914306474,0.8565409954856423,0.2734017319539014,0.06621374487876892,0.04477236159145832,0.8223162889480591,0.26436443626880646,0.05
456,0.07190510192338158,0.049931677825310654,0.857703380724963,0.26792780792011933,0.06586932241916657,0.044208926148712635,0.8285275340080261,0.26750242710113525,0.05
457,0.07165665310971878,0.04952097623882925,0.8637512291178984,0.2699632837491877,0.06472333446145058,0.04260109513998032,0.8366961717605591,0.2751055508852005,0.05
458,0.07149571048862793,0.04923167769961497,0.8728074606727151,0.2707191609284457,0.064596788585186,0.044022914581000806,0.8425081968307495,0.242975851893425,0.05
459,0.0711714629741276,0.04903645232758101,0.8737220027867485,0.26795579931315255,0.06423751637339592,0.043005565740168096,0.837324583530426,0.25717408657073976,0.05
460,0.0726163911030573,0.05010851867058698,0.8607741489129908,0.2780026179902694,0.06420940831303597,0.04333146922290325,0.8495766997337342,0.24764346182346345,0.05
461,0.07126407741623766,0.04902608298203524,0.8907304686658523,0.26661380511872906,0.06515157893300057,0.04396924916654825,0.8602283477783204,0.25160089135169983,0.05
462,0.07097344714052536,0.04900878141908085,0.8844837967087241,0.26239654421806335,0.06379707306623458,0.04336815979331732,0.8390636563301086,0.24076553881168367,0.05
463,0.07060806146439384,0.04900067562566084,0.8688318413846633,0.2583813421866473,0.06662526279687882,0.044347983226180075,0.8334476232528687,0.27885605692863463,0.05
464,0.07199944117489983,0.049914409680401575,0.8685692128013162,0.26798677970381346,0.06459744572639466,0.042163638211786744,0.8255130052566528,0.2835735559463501,0.05
465,0.07242182379259783,0.05011229808716213,0.8477653790922726,0.2766374393421061,0.06660903245210648,0.04438654743134975,0.805832302570343,0.28328321874141693,0.05
466,0.07117854738060166,0.04901560143951107,0.8448987182448892,0.2742791754357955,0.06414482817053795,0.042719153128564356,0.8168770551681519,0.26513810753822326,0.05
467,0.07133504025199834,0.049467071890830994,0.8514415481511284,0.26707107003997355,0.0679777666926384,0.044694457203149796,0.8250442981719971,0.3006573349237442,0.05
468,0.07162774485700271,0.04938429237945991,0.8776483570828157,0.2693393712534624,0.06514707282185554,0.04435240961611271,0.8480592727661133,0.24628140330314635,0.05
469,0.0711067478884669,0.04897737985148149,0.8737444667255178,0.2678384614341399,0.06502254530787469,0.04318560734391212,0.8307916998863221,0.27058042883872985,0.05
470,0.07133448759422582,0.0495137346579748,0.8548406958580017,0.26544692498796124,0.06579407453536987,0.045171215385198596,0.8030843615531922,0.2518403172492981,0.05
471,0.07225811547216247,0.05004544479443746,0.8391651896869435,0.27642038026276755,0.06503388434648513,0.042037852294743064,0.8066153049468994,0.29859755635261537,0.05
472,0.07034455656128771,0.04865568700958701,0.8351835818851695,0.26674067798782797,0.06332144886255264,0.04155936725437641,0.7979506850242615,0.2756515145301819,0.05
473,0.07135589311228079,0.049029370002886825,0.8338578939437866,0.27975889514474306,0.06493851244449615,0.04351983591914177,0.8201739311218261,0.2643387645483017,0.05
474,0.07159542730625938,0.04981478807680747,0.863911369267632,0.262830508982434,0.06429626941680908,0.042810342833399774,0.8374765276908874,0.26222321689128875,0.05
475,0.07138753287932452,0.049272360718425584,0.8705864408436943,0.26818615198135376,0.06635827347636222,0.04409845918416977,0.8346297264099121,0.2782703012228012,0.05
476,0.07219536251881543,0.050093246404738986,0.8727132818278145,0.26749968967017007,0.06581723392009735,0.04416017569601536,0.8545915007591247,0.2622228801250458,0.05
477,0.07129127882859286,0.04906326302272432,0.8986333222950206,0.2648336475386339,0.06482265144586563,0.04298731572926044,0.8649700164794922,0.2637126982212067,0.05
478,0.07351863428073771,0.05090496941086124,0.8939580531681285,0.2734816600294674,0.06471803486347198,0.04341891072690487,0.8529749035835266,0.2553875297307968,0.05
479,0.07123292018385495,0.049108988550655985,0.8914151507265428,0.26419562189018025,0.06448658406734467,0.04352268986403942,0.8505624890327453,0.24916537404060363,0.05
480,0.07150927405146991,0.049481150420273054,0.881702629958882,0.2642219513654709,0.06567742079496383,0.044003926776349546,0.8396257162094116,0.26554474234580994,0.05
481,0.07089513255392804,0.04901688808903975,0.8674176054842332,0.2640813659219181,0.06969009041786194,0.044735778123140335,0.8331569552421569,0.33245484828948973,0.05
482,0.07122421352302327,0.04968860098982558,0.872408554834478,0.25623053575263305,0.06489637419581414,0.04387997724115848,0.83935706615448,0.2524565190076828,0.05
483,0.07154093945727628,0.04977007593740435,0.8665066221181084,0.2621159527231665,0.06629238650202751,0.044036437571048734,0.8226568341255188,0.2805875658988953,0.05
484,0.0711282296654056,0.04895778778283035,0.8488835446974811,0.27363212494289174,0.06455947384238243,0.04276085905730724,0.8099842548370362,0.27397542297840116,0.05
485,0.07110507369917982,0.04902399966821951,0.842360373805551,0.27314940357909484,0.06592181473970413,0.043799524568021296,0.8128863573074341,0.2798685133457184,0.05
486,0.07133079320192337,0.049492217271643525,0.8464933107880985,0.2674728588146322,0.0652758926153183,0.044357757270336154,0.8211939930915833,0.25412388145923615,0.05
487,0.07138717656626421,0.049315172083237595,0.8730712252504685,0.2668258258525063,0.06525218039751053,0.04407373946160078,0.8661986708641052,0.2503290981054306,0.05
488,0.07118512120317011,0.04938047817524742,0.907461380257326,0.2546005880131441,0.06480614989995956,0.04284885711967945,0.8694530010223389,0.26525524258613586,0.05
489,0.07213934510946274,0.04934387604760773,0.8998617249376634,0.2759370400625117,0.06515650823712349,0.04294426552951336,0.857038152217865,0.27283720672130585,0.05
490,0.07186388750286664,0.049582837587770295,0.8934886315289665,0.26692327857017517,0.06459597945213318,0.04392162542790175,0.8603294253349304,0.24142118990421296,0.05
491,0.07185591954518766,0.04933229647576809,0.9045204835779527,0.26956834600252266,0.06556961834430694,0.04406721889972687,0.8699511408805847,0.2560577571392059,0.05
492,0.07088100603398155,0.04873913033481907,0.9044715937446145,0.26194318427759056,0.06563548967242241,0.044165713526308534,0.8647593140602112,0.25644364655017854,0.05
493,0.07085046632324948,0.04826367427321041,0.8955291439505184,0.2726300122106777,0.06594133377075195,0.0437722509726882,0.854735267162323,0.27243457138538363,0.05
494,0.07114244800280123,0.04891481688793968,0.8851491212844849,0.26752278734655943,0.06398600786924362,0.04262888263911009,0.8577650547027588,0.25558950901031496,0.05
495,0.07145654212902575,0.0491561782272423,0.8886373323552749,0.2682797917548348,0.06500790640711784,0.04425307381898165,0.8468134522438049,0.24573394656181335,0.05
496,0.07304848248467725,0.04981132498120561,0.8759560339591083,0.2895519470467287,0.06543035581707954,0.04388819206506014,0.8439610838890076,0.26205106973648074,0.05
497,0.0710005104980048,0.0487312104772119,0.8894553675371057,0.26749493707628813,0.0653826765716076,0.04220464900135994,0.8597269296646118,0.29161520302295685,0.05
498,0.07081190496683121,0.0486386050196255,0.8931184305864222,0.26484231738483205,0.06353957578539848,0.04331156797707081,0.8595455527305603,0.23265106678009034,0.05
499,0.07171067880357013,0.04939927686663235,0.9051747848005856,0.26519307406509623,0.0652288094162941,0.043331815674901006,0.8699145555496216,0.26395693719387053,0.05
500,0.07181957977659562,0.04945670418879565,0.890205046709846,0.26921651994480805,0.06451216191053391,0.04342581145465374,0.8415219783782959,0.2534225881099701,0.05
501,0.07195275474120588,0.04946303740143776,0.8748880975386676,0.27481672956663017,0.0637806460261345,0.04255534987896681,0.8526854991912842,0.25396883189678193,0.05
502,0.0721006158958463,0.04910322103430243,0.8934806655435001,0.2812517548308653,0.06420680806040764,0.04334540124982596,0.8580310106277466,0.24562192261219024,0.05
503,0.07129866082002134,0.04946119710803032,0.8879931674284094,0.2591506418059854,0.06567268222570419,0.04332553464919329,0.8550942778587342,0.2759240806102753,0.05
504,0.07072441214147736,0.0487728755482856,0.8803954299758462,0.26295164753408995,0.06529375836253166,0.0428742777556181,0.8443964719772339,0.2795102894306183,0.05
505,0.07165735653218101,0.049217385732952285,0.8970045657718883,0.269398495554924,0.06782425716519355,0.04486387148499489,0.9057497978210449,0.278057786822319,0.05
506,0.07106328185866861,0.048294746481320434,0.9468520283699036,0.26600028574466705,0.06519533395767212,0.04386502001434565,0.9237237334251404,0.24186151325702668,0.05
507,0.07122784305144758,0.04846897765117533,0.9420313133912928,0.2667710789862801,0.06488412246108055,0.04252843353897333,0.8991388559341431,0.26728602051734923,0.05
508,0.07124601589406238,0.048772361786926496,0.9181644986657536,0.26584019906380596,0.06421953588724136,0.04276214428246021,0.8772468566894531,0.25369844436645506,0.05
509,0.07104275309864212,0.04890433216796202,0.8971165523809546,0.2633451197077246,0.06365768909454346,0.043578625470399854,0.855549943447113,0.23047129809856415,0.05
510,0.07145074141376159,0.04873668490087285,0.899133727830999,0.27445440081989064,0.06433401405811309,0.04236732553690672,0.8881323575973511,0.2617072492837906,0.05
511,0.0712982694454053,0.04844393898897311,0.9191039975951699,0.2732657895368688,0.06405684649944306,0.04244269244372845,0.8803554654121399,0.25621196925640105,0.05
512,0.07147323384004481,0.04839389201472787,0.9069529175758362,0.2801962275715435,0.06626334488391876,0.0433170523494482,0.8677586197853089,0.2853741258382797,0.05
513,0.07084981790360283,0.04854376537396627,0.8954722670947804,0.26702658481457653,0.06353517547249794,0.04134768955409527,0.8598984360694886,0.2717700570821762,0.05
514,0.0711769387125969,0.04926005400278989,0.8840864616281846,0.2615204006433487,0.06446471810340881,0.0434879582375288,0.8545945763587952,0.2486163020133972,0.05
515,0.07053742798812249,0.04825599634033792,0.8908178630997153,0.2674650786554112,0.06574327051639557,0.04221075195819139,0.860079288482666,0.2986344903707504,0.05
516,0.0721628056729541,0.04929336609647555,0.887073534376481,0.2799740775543101,0.06627680882811546,0.04393281247466803,0.8505399346351623,0.27677193880081175,0.05
517,0.0722675527281621,0.049786094028283566,0.874337515410255,0.2747616557513966,0.06432078257203103,0.04262813925743103,0.8384100437164307,0.26617085337638857,0.05
518,0.0718868188560009,0.04883599938715205,0.8765010413001565,0.28571618392187004,0.06516222804784774,0.043394146487116814,0.8624297857284546,0.2628756701946259,0.05
519,0.07151328158729217,0.048942981068702304,0.9024673489963307,0.2709125376799527,0.06638473272323608,0.042549447156488895,0.8807899713516235,0.3005477041006088,0.05
520,0.07063442512470133,0.048287921968628376,0.9083472595495337,0.2652606280410991,0.06487681269645691,0.04296118151396513,0.8747307896614075,0.26336647272109986,0.05
521,0.07198222310227506,0.04961484791163136,0.9033928092788247,0.2666689464274575,0.06497933343052864,0.043318315967917444,0.8700600862503052,0.25920833349227906,0.05
522,0.07231426655369647,0.04981776524116011,0.9024015770238989,0.26944971785825844,0.06506074219942093,0.042556168511509895,0.8756653666496277,0.2749583661556244,0.05
523,0.07109747432610568,0.04827254364157424,0.9206937025575077,0.2723598848370945,0.06409523338079452,0.042634396068751815,0.9020305514335633,0.2488106071949005,0.05
524,0.07116726917379043,0.04802098103305873,0.9368047223371618,0.27556483535205617,0.06452985480427742,0.042527241818606856,0.901909339427948,0.2596704065799713,0.05
525,0.0716596077031949,0.0490351680885343,0.927372560781591,0.2670142782085082,0.06562705859541892,0.04379126653075218,0.8831840753555298,0.2600789964199066,0.05
526,0.07122876999132774,0.048764631590422464,0.903287806931664,0.26862520680708046,0.06621919646859169,0.04328680671751499,0.8546260237693787,0.2877225935459137,0.05
527,0.07114930670051013,0.04908615701338824,0.8753236006287968,0.26619825555997734,0.06392282471060753,0.041929375380277634,0.8497672915458679,0.2699155300855637,0.05
528,0.07044403101591502,0.048105036292005986,0.8924799035577213,0.2682838922037798,0.06416783332824708,0.04292320050299168,0.8692229390144348,0.2510480582714081,0.05
529,0.07096188296290006,0.04843192076420083,0.8957185219315922,0.27145550794461193,0.06615913510322571,0.044199769385159016,0.8687238216400146,0.26544255316257476,0.05
530,0.07199251870898639,0.04926901080590837,0.8993026544066036,0.2746096332283581,0.06363463774323463,0.0431256752461195,0.8645701885223389,0.23726521730422973,0.05
531,0.07188783717506073,0.049139401163248456,0.8964804025257335,0.27567263035213246,0.06360050961375237,0.04355472605675459,0.880005168914795,0.22491463124752045,0.05
532,0.07160446705187068,0.0490594025263015,0.9136050343513489,0.2681802572572933,0.06447122097015381,0.04243850614875555,0.8883504509925843,0.26298418939113616,0.05
533,0.07035582841319196,0.0479350904112353,0.9423976154888377,0.25993527033749747,0.06453069895505906,0.04256979711353779,0.9254371285438537,0.2541305869817734,0.05
534,0.07098039612174034,0.048734470544492495,0.9560239279971403,0.2537137156023699,0.06509642079472541,0.04273765794932842,0.92081698179245,0.2630118727684021,0.05
535,0.07163461977068115,0.0489816202179474,0.9380871057510376,0.2654425642069648,0.06387208849191665,0.04252917375415564,0.890085780620575,0.24884113669395447,0.05
536,0.070883968297173,0.04867946400361903,0.903792654766756,0.26333155526834373,0.06335091665387153,0.04233183171600104,0.8626519560813903,0.24785131812095643,0.05
537,0.07160135906408815,0.04966058998423464,0.8824519690345315,0.2623249905950883,0.06441757977008819,0.044405252858996394,0.8576358318328857,0.2287193477153778,0.05
538,0.07047767104471431,0.04815767267171074,0.8859103322029114,0.2692178873454823,0.06385079249739647,0.042355680651962754,0.8681437730789184,0.2562734842300415,0.05
539,0.07111579990562271,0.04854759760200977,0.9144424410427318,0.26847557723522186,0.0637405827641487,0.043236018158495426,0.8917519569396972,0.23174091279506684,0.05
540,0.07087125760667465,0.04827089717282968,0.9136908790644478,0.26926902024184957,0.06462980955839157,0.043273388594388965,0.8667625784873962,0.25377590358257296,0.05
541,0.07134759338463054,0.04861089127028689,0.9004188144908232,0.27465025028761697,0.06371376067399978,0.04255220834165811,0.8765871167182923,0.24791358411312103,0.05
542,0.07038405099335839,0.04828088533352403,0.9052030829822316,0.26102270624216867,0.06327485889196396,0.042831473611295225,0.8747174620628357,0.233924201130867,0.05
543,0.07092087102286956,0.048799541669295114,0.8935351126334247,0.263719561345437,0.06496603712439537,0.04389518983662129,0.8478725671768188,0.2518424391746521,0.05
544,0.07085880286553327,0.048385204966453946,0.8794865012168884,0.27357466781840606,0.06351532004773616,0.04243038054555655,0.86316978931427,0.249064838886261,0.05
545,0.07058088065070264,0.04831383519751184,0.8953678327448228,0.2662673338371165,0.06456544846296311,0.04384106453508139,0.8713569045066833,0.2402162581682205,0.05
546,0.07051345421110883,0.048253641628167206,0.8955193477518418,0.26609238894546733,0.06349124312400818,0.042063167318701744,0.8616506457328796,0.25623136162757876,0.05
547,0.07099474352948806,0.048806335119640123,0.8805486174190745,0.26765842823421254,0.06492915526032447,0.04430496618151665,0.851448905467987,0.24219399690628052,0.05
548,0.07119716221795362,0.04907120216418715,0.8805703555836397,0.2664051126031315,0.06491795927286148,0.04431834667921066,0.8537704229354859,0.24123816192150116,0.05
549,0.07232107791830511,0.049805664731299173,0.8903687421013328,0.2722345292568207,0.0644271656870842,0.04314216263592243,0.8593259692192078,0.2538348436355591,0.05
550,0.07155601548797944,0.04916853008463102,0.9014054782250348,0.26746862425523643,0.06372603327035904,0.04248262178152799,0.8785857200622559,0.2491511046886444,0.05
551,0.0704571028404376,0.048366890014971006,0.9079105608603534,0.2602221396039514,0.06366903185844422,0.042955138348042966,0.8744956612586975,0.23937875628471375,0.05
552,0.07164179402239182,0.049081346677506674,0.9022510121850407,0.2707587314002654,0.0637079156935215,0.04117496367543936,0.8657638311386109,0.27750628292560575,0.05
553,0.0710763482048231,0.049056011306888914,0.8961840938119328,0.2611699209493749,0.06334498971700668,0.0420526172965765,0.8564011096954346,0.2545672357082367,0.05
554,0.07020260437446482,0.04798276163637638,0.8798786577056436,0.26842110998490276,0.06376733183860779,0.04195833709090948,0.8480766773223877,0.26656456887722013,0.05
555,0.07049319695900469,0.048825471278499157,0.8793798895443187,0.2574785246568568,0.06570594683289528,0.04380941223353148,0.8499713659286499,0.2679363936185837,0.05
556,0.07174892570166026,0.04885494845974095,0.8905670362360337,0.27976614499793334,0.06596255227923394,0.04413097575306892,0.8771812081336975,0.2611952841281891,0.05
557,0.07191703884917147,0.04912081864826819,0.922650603687062,0.2713942711844164,0.06440673246979714,0.041931331530213355,0.893700897693634,0.27076785564422606,0.05
558,0.07154107356772703,0.048919655601767933,0.9234099388122559,0.267746380146812,0.06526069194078446,0.04231223538517952,0.8829727649688721,0.28237459659576414,0.05
559,0.07034970052978572,0.047953469130922764,0.9020614624023438,0.26751233724986806,0.0639632597565651,0.042867467366158964,0.8599077582359314,0.24993428885936736,0.05
560,0.0716949793345788,0.04917218711446313,0.8875348427716423,0.27294887251713695,0.06397116407752038,0.041448643803596495,0.850947916507721,0.28026084005832674,0.05
561,0.07119520030477468,0.04893711647566627,0.883656852385577,0.26843029260635376,0.06457716524600983,0.04360948819667101,0.8528574466705322,0.24878205358982086,0.05
562,0.07060985573950936,0.04789921049686039,0.8816636380027322,0.27788016200065613,0.06330088153481483,0.04177892226725817,0.8574967741966247,0.2589398056268692,0.05
563,0.07123201997841105,0.04851341904962764,0.8985415065989775,0.2746637034065583,0.06380360424518586,0.042536456137895584,0.8701974153518677,0.25130345225334166,0.05
564,0.07173151281826637,0.04972595842007328,0.8866416005527272,0.2627827691681245,0.06465518400073052,0.042287321761250496,0.8506152749061584,0.27723415195941925,0.05
565,0.07178639861590722,0.04876358204466455,0.8934302224832422,0.2817702863146277,0.0651138998568058,0.04260444827377796,0.8707498669624328,0.27603904008865354,0.05
566,0.07132115434197818,0.04942147302276948,0.8976891426479116,0.2584558015360552,0.06598310768604279,0.04336803238838911,0.8579580783843994,0.28070987164974215,0.05
567,0.07206614162115489,0.050026409218416494,0.8931350883315591,0.26216765361673694,0.06524139046669006,0.04197215158492327,0.8690972328186035,0.2915653377771378,0.05
568,0.07024414859273855,0.048189266420462555,0.895577567465165,0.26198212714756236,0.06525969505310059,0.042937378957867624,0.8579906225204468,0.27484816312789917,0.05
569,0.07235977272776996,0.04999360770863645,0.8875985285815071,0.26980359326390657,0.06634215340018272,0.0447804220020771,0.8623947501182556,0.2587556928396225,0.05
570,0.0715953247512088,0.04941389052306905,0.8910678449799033,0.26541511889766245,0.06364020705223083,0.04369827080518007,0.8583854556083679,0.22716163098812103,0.05
571,0.07011832055800102,0.04845135856200667,0.8839008106904871,0.2565590721719405,0.06329772025346755,0.04281171225011349,0.8519390940666198,0.23933231830596924,0.05
572,0.07099896274945315,0.04847694155486191,0.8768659339231604,0.27506723298745994,0.06377216875553131,0.04274178519845009,0.8389826774597168,0.2528111308813095,0.05
573,0.0707049821229542,0.04934389429057345,0.8613169824375826,0.2549583631403306,0.06333223283290863,0.04291731752455234,0.827726173400879,0.24275308549404145,0.05
574,0.07180032528498594,0.049448475899065245,0.8685381447567659,0.27332934649551616,0.06519555971026421,0.042367097735404965,0.8647847056388855,0.2836123168468475,0.05
575,0.07093626742853838,0.048740863142644655,0.8994714091805851,0.2640138172051486,0.06323026567697525,0.04272025264799595,0.8705490946769714,0.23609044551849365,0.05
576,0.07005509493105552,0.04803219996392727,0.8990850413546843,0.2606408920358209,0.06439857408404351,0.04298258572816849,0.8727982759475708,0.25376011431217194,0.05
577,0.07129630468347493,0.04908215013497016,0.8973793492597693,0.26480722164406495,0.06390932574868202,0.04208120293915272,0.8672726631164551,0.26310794055461884,0.05
578,0.07096410148284014,0.04824340507826384,0.9019671643481535,0.2740205044255537,0.06587069034576416,0.044096318632364274,0.8746970534324646,0.26054802238941194,0.05
579,0.07065807414405487,0.04873564072391566,0.9047551295336556,0.2574976691428353,0.06396640837192535,0.04299148730933666,0.8675040483474732,0.2459976226091385,0.05
580,0.07040977565681233,0.04825239025932901,0.9001168643727022,0.26312434673309326,0.06492812037467957,0.04258553553372622,0.8738802433013916,0.27207565009593965,0.05
581,0.0703941903570119,0.04841718450188637,0.904902391573962,0.25855962669148164,0.06437828987836838,0.04186792057007551,0.878987979888916,0.2744097948074341,0.05
582,0.07133551073424957,0.0488228553577381,0.9123762986239266,0.2677778496461756,0.06406592577695847,0.04256025496870279,0.8813601970672608,0.25384131669998167,0.05
583,0.0725403412738267,0.05038571215289481,0.9114771800882676,0.2607971385997884,0.06457378044724464,0.04260827861726284,0.8802388906478882,0.26326224505901336,0.05
584,0.07158134505152702,0.049418976201730615,0.9221467831555534,0.25881803386351643,0.06461804136633872,0.042873316630721095,0.896217691898346,0.25565093755722046,0.05
585,0.07172357181415838,0.04888060053481775,0.920093743240132,0.27284067430916953,0.06293466687202454,0.04104225840419531,0.8831234216690064,0.2612234830856323,0.05
586,0.07107679304831169,0.04849857880788691,0.9156337766086354,0.26843753457069397,0.06476692631840705,0.04172111079096794,0.8900167942047119,0.28291297554969785,0.05
587,0.0712613496272003,0.048792601946522206,0.9169438516392427,0.2659861752215554,0.06558271944522857,0.04310761801898479,0.8932939767837524,0.2708432495594025,0.05
588,0.07121336021844078,0.04887579973129665,0.9298315749448889,0.26078489948721495,0.0638655222952366,0.04292195811867714,0.9082563281059265,0.23722002804279327,0.05
589,0.07129740977988523,0.04862404143547311,0.9403387588613173,0.26539961906040416,0.06355467364192009,0.042045583948493004,0.900540554523468,0.25007372796535493,0.05
590,0.07076035702929777,0.04762978731271099,0.9265290603918188,0.27730561880504384,0.06372425034642219,0.04280722476541996,0.8888068556785583,0.24057912528514863,0.05
591,0.07115271008189987,0.048572534037863505,0.9161786752588609,0.26836775769205656,0.06516418159008026,0.042815002426505086,0.8770184516906738,0.27157987356185914,0.05
592,0.07103851590962972,0.04887869647320579,0.8987104962853825,0.26345426983693065,0.063335882127285,0.0432475944980979,0.857978343963623,0.23017005622386932,0.05
593,0.07103249014300458,0.04921079120215248,0.8795892070321476,0.26051612461314483,0.06325137764215469,0.042189726047217845,0.841941237449646,0.2528448194265366,0.05
594,0.07021301875219625,0.04815469156293308,0.8670439930523143,0.26775774009087505,0.06391110271215439,0.043540306761860846,0.8378456354141235,0.23984676003456115,0.05
595,0.0712270063950735,0.04860181810663027,0.8654483802178327,0.2794140866574119,0.06418680101633072,0.042757341638207436,0.8430902600288391,0.2599711656570435,0.05
596,0.07072412507498965,0.048479671425679154,0.8943494838826797,0.2660191611332052,0.06360719203948975,0.04222236648201942,0.882616376876831,0.25117321610450744,0.05
597,0.07140019185402814,0.049287707709214264,0.9151458564926597,0.25922052299275117,0.0645313836634159,0.043809530511498454,0.8750717043876648,0.2394227236509323,0.05
598,0.07290476209977094,0.05055187763098408,0.9074464194914874,0.26556842292056365,0.06326633766293525,0.042056642845273016,0.8740843415260315,0.24937704205513,0.05
599,0.070130553753937,0.04786577448248863,0.9028828319381265,0.26471902254749746,0.06374898105859757,0.043346422538161275,0.8717932105064392,0.2336925357580185,0.05
600,0.07084616361295476,0.0484410261406618,0.905886288951425,0.26692549709011526,0.066892109811306,0.04106529429554939,0.8726336598396301,0.342009562253952,0.05
601,0.07123384296017535,0.04880709902328603,0.8798060417175293,0.27257366653750925,0.06385575979948044,0.042292284592986104,0.8406991720199585,0.2631296873092651,0.05
602,0.07027691668447326,0.04795588980264524,0.8842548272188973,0.2695695740335128,0.06440813019871712,0.04265018347650766,0.8725871682167053,0.2606415212154388,0.05
603,0.07055356112473152,0.048484188833219165,0.9036281073794645,0.26066183079691496,0.06505417376756668,0.043341560289263725,0.8693018078804016,0.2603918701410294,0.05
604,0.07132937123670298,0.04967388028607649,0.8929610427688149,0.2545176025699167,0.06390315890312195,0.042457730323076245,0.8519500851631164,0.25851853787899015,0.05
605,0.07227282642441638,0.0502465935971807,0.8753341436386108,0.26545783176141624,0.06535891070961952,0.04122860170900822,0.8466907262802124,0.3132680356502533,0.05
606,0.0710496628547416,0.04868180764948621,0.8891706677044139,0.2695229894974652,0.06543907746672631,0.04301902465522289,0.8648910880088806,0.27542281448841094,0.05
607,0.07023971308680142,0.04851005774210481,0.895952533273136,0.25540260181707497,0.06302429512143135,0.04233472011983395,0.8667686223983765,0.24043777585029602,0.05
608,0.06993181893930715,0.048256783362697155,0.8850814980619094,0.2564844234901316,0.0651510015130043,0.04411317855119705,0.8386842608451843,0.2530196011066437,0.05
609,0.07162689417600632,0.04939327180823859,0.8550047979635351,0.2736714911811492,0.06377773508429527,0.043297077715396884,0.8285431027412414,0.2439045399427414,0.05
610,0.07058697895092123,0.048621810096151685,0.8657606033717885,0.2661512695691165,0.06362500935792922,0.043081722036004064,0.8489465832710266,0.24107640981674194,0.05
611,0.07093458644607488,0.04904545536812614,0.8788187503814697,0.2620188550037496,0.06475664749741554,0.042125976830720904,0.8501263380050659,0.2825881212949753,0.05
612,0.07039698739262189,0.04826818932505215,0.867897142382229,0.26899653936133666,0.06292088255286217,0.04204682130366564,0.8418506860733033,0.24911108911037444,0.05
613,0.07003132998943329,0.04807137445930172,0.8665312072810005,0.2658928694093929,0.06367266625165939,0.04301347825676203,0.842154574394226,0.24475283026695252,0.05
614,0.07088674122796339,0.04836353670586558,0.8757206832661348,0.275319961940541,0.06419409215450286,0.04231776110827923,0.8468504667282104,0.2681565672159195,0.05
615,0.07045803942224559,0.04885453467859941,0.8778778875575346,0.25649452735395994,0.06431933119893074,0.04304506778717041,0.8480276107788086,0.2558797687292099,0.05
616,0.07001387919573222,0.04818747817155193,0.869957660927492,0.26253650907207937,0.06343268752098083,0.041986134462058546,0.8321272373199463,0.26250559389591216,0.05
617,0.07032083194045459,0.048151402460301626,0.8698897992863375,0.2694106259766747,0.06286802813410759,0.041326858848333356,0.865789258480072,0.2576655387878418,0.05
618,0.0717884889420341,0.04897605364813524,0.9446217557963204,0.26732435033601876,0.06360628008842469,0.04179813489317894,0.9430485010147095,0.24755316376686096,0.05
619,0.07073576156707372,0.04815828657763846,0.9713581379722146,0.2572778971756206,0.0641596719622612,0.04234101977199316,0.9282988786697388,0.2507132887840271,0.05
620,0.07125196803142042,0.04830111946691485,0.943841765908634,0.2702486269614276,0.06471406742930412,0.04350208044052124,0.8949071288108825,0.24525828361511232,0.05
621,0.07171947005040505,0.04875925238079885,0.9145488107905668,0.2762945890426636,0.06495507657527924,0.04282251801341772,0.8879238843917847,0.2650663733482361,0.05
622,0.07109933324596461,0.04871299665640382,0.9415922585655662,0.25940827937687144,0.06523189246654511,0.042469028197228906,0.9207629323005676,0.27110470831394196,0.05
623,0.07076580493765719,0.048293928889667284,0.9454871661522809,0.2603401015786564,0.0643167331814766,0.04282936565577984,0.9116240382194519,0.2474225103855133,0.05
624,0.07117695646250949,0.04929733342107605,0.9331928491592407,0.25095390221651864,0.06386376768350602,0.04294789433479309,0.8923106551170349,0.23985531628131868,0.05
625,0.07050927816068425,0.04817786516950411,0.9262593879419214,0.26137636689578786,0.06400803327560425,0.04232570007443428,0.8929999589920044,0.25504668354988097,0.05
626,0.07154490776798304,0.049467270865159875,0.918144496048198,0.2579238633899128,0.06431493535637856,0.041707496531307696,0.8873103976249694,0.27468674182891845,0.05
627,0.07085417430190478,0.04857810016940622,0.9156550098867977,0.26239047593930187,0.062455445528030396,0.041380449384450915,0.8827843308448792,0.24494304060935973,0.05
628,0.07153537913280375,0.049120793666909725,0.9037463033900541,0.26754243584240184,0.06386598497629166,0.04239302575588226,0.8740179896354675,0.25465557277202605,0.05
629,0.07060430505696465,0.04845373967991156,0.9008470878881567,0.2628419048645917,0.06320052668452263,0.04222694635391235,0.8761686682701111,0.24423788189888002,0.05
630,0.07025142035940114,0.04817840435049113,0.9058003180167254,0.26030025324400735,0.06392194628715515,0.04322227630764246,0.8740249991416931,0.23918842077255248,0.05
631,0.07162794229738853,0.04923912159660283,0.8994212641435511,0.26789219239178824,0.06466519236564636,0.044294776394963264,0.8767524123191833,0.23205783665180207,0.05
632,0.07034285782891161,0.048509500592070466,0.9057444474276375,0.2555182646302616,0.06459616348147393,0.04369380585849285,0.875186812877655,0.2430097848176956,0.05
633,0.06956099258626208,0.047710005084381384,0.8969702405088088,0.25762568063595714,0.06482133790850639,0.04312677513808012,0.8672848343849182,0.2604342997074127,0.05
634,0.07027971350094851,0.04853022438200081,0.8910642897381502,0.25677692627205567,0.06302527189254761,0.04313272573053837,0.8587318897247315,0.2261045217514038,0.05
635,0.07046199940583285,0.048629040336784196,0.8833817173452938,0.25998284711557273,0.06443609297275543,0.043054765090346336,0.857513678073883,0.25612380504608157,0.05
636,0.07061579779667013,0.04837664413978072,0.9016645235173842,0.2644501705380047,0.06386133506894112,0.042011701688170436,0.8873303055763244,0.2595266103744507,0.05
637,0.07184065220987096,0.049125557217527836,0.9184624447542078,0.27060944981434765,0.06332379728555679,0.04221786893904209,0.8993084788322449,0.24225686192512513,0.05
638,0.07069859829019098,0.04868407350252656,0.9456594972049489,0.25115857404821057,0.06439232751727104,0.042791754193603995,0.919878339767456,0.2480357527732849,0.05
639,0.07112258234444786,0.04845175442888456,0.9490688969107235,0.26360277568592744,0.06413887068629265,0.041391828656196596,0.9092892050743103,0.2730830103158951,0.05
640,0.07050420146654635,0.04820132332251353,0.9306254036286298,0.2599324759315042,0.0639914371073246,0.04248075745999813,0.8843549609184265,0.2533425509929657,0.05
641,0.07102315938648056,0.04881031844107544,0.9107051176183364,0.2621157730326933,0.06323834136128426,0.04188126977533102,0.8759705662727356,0.25194730460643766,0.05
642,0.0708856026039404,0.0485410333118018,0.911418104872984,0.2646077450583963,0.06286948695778846,0.04190861731767655,0.8784313559532165,0.24353111684322357,0.05
643,0.07057944619480301,0.0478020595277057,0.9092317924780005,0.27370137677473183,0.06370556205511094,0.04273554570972919,0.8834721922874451,0.24270591139793396,0.05
644,0.07052922993898392,0.04880164651309743,0.9132250266916612,0.2519066509078531,0.06365937069058418,0.042649959400296214,0.8792797684669494,0.24433223605155946,0.05
645,0.07050922644488952,0.04819235567222623,0.9042944171849419,0.26547853648662567,0.06402503326535225,0.04253205545246601,0.8661849498748779,0.25662257671356203,0.05
646,0.07041879261241239,0.04831897160586189,0.8854115149554085,0.264914111179464,0.06352434828877448,0.043242376670241355,0.8558371424674988,0.23447202742099763,0.05
647,0.069846121046473,0.048107115332694614,0.8864027962965124,0.2574995501953013,0.06527734696865081,0.043546827509999275,0.8546337962150574,0.26368363201618195,0.05
648,0.07081867776372854,0.04825353710090413,0.8808174974778119,0.2751392976326101,0.06385927125811577,0.041602729633450505,0.8434111952781678,0.27644856870174406,0.05
649,0.07036515654009931,0.04862259624197202,0.870715881095213,0.2607080217669992,0.06366426646709442,0.0426024192944169,0.8389224171638489,0.2534524828195572,0.05
650,0.07099748380920466,0.0488380477489794,0.8719141763799331,0.2688058939050226,0.06312058866024017,0.04115987811237574,0.8521326899528503,0.26878767311573026,0.05
651,0.07090663778431275,0.048831884694450045,0.901434155071483,0.26120824060019326,0.06703643053770066,0.04108743630349636,0.8908896565437316,0.3408019781112671,0.05
652,0.07062755349804373,0.04872791951193529,0.9177842525874867,0.25443581272574034,0.06359588801860809,0.0420651638880372,0.8845542430877685,0.2537036418914795,0.05
653,0.0706560129628462,0.04863897360423032,0.9157260516110588,0.2571955735192579,0.06507301107048988,0.042303666658699515,0.8902947783470154,0.27732794880867007,0.05
654,0.07088362009209745,0.04808561153271619,0.9141672709408928,0.2731267310240689,0.06316522806882859,0.04257788993418217,0.8736284255981446,0.23702107071876527,0.05
655,0.07069572346175418,0.048727493075763476,0.8891892783782062,0.26152676606879516,0.06518305093050003,0.043582092598080636,0.8540560960769653,0.2612079381942749,0.05
656,0.06959148101946887,0.0475394220694023,0.8733235737856697,0.26637645504053903,0.06420829370617867,0.04310002829879522,0.8490233659744263,0.25236065983772277,0.05
657,0.07126013978439219,0.04896456846857772,0.8913748579866746,0.26763644551529603,0.06429859697818756,0.04218020476400852,0.8684509992599487,0.26867762207984924,0.05
658,0.07072303948156974,0.04867221278083675,0.904381019227645,0.260140317327836,0.06431087777018547,0.043505219742655754,0.8967664480209351,0.2367599129676819,0.05
659,0.07047123724923414,0.04845357664367732,0.9293004099060508,0.2544931278509252,0.06397016122937202,0.043056045472621915,0.9027767896652221,0.23772697746753693,0.05
660,0.06991706722799469,0.048040605095379496,0.9153840822332046,0.2544524266439326,0.06291286051273345,0.042156968638300894,0.8786828517913818,0.23938125371932983,0.05
661,0.06975764386794146,0.04834991835934274,0.8908921725609723,0.24997607048820047,0.06266305744647979,0.04130176268517971,0.8628472566604615,0.2546564370393753,0.05
662,0.07082565698553533,0.04892007809351472,0.8879415708429673,0.2605232613928178,0.06374080255627632,0.04246264342218638,0.8713865876197815,0.25128588676452634,0.05
663,0.07072717608774409,0.04850566157085054,0.9140970671878141,0.26161087523488435,0.06338144019246102,0.042424668185412885,0.8961737275123596,0.2399006426334381,0.05
664,0.07129454218289431,0.049170494736994017,0.917152019108043,0.25905054544701295,0.06397231072187423,0.04239367134869099,0.8871523141860962,0.2541423559188843,0.05
665,0.07200370553661795,0.04973474736599361,0.9052495921359343,0.2643292423556833,0.06442795619368553,0.04169677216559649,0.872169041633606,0.2801899015903473,0.05
666,0.0709766719271155,0.048385453246095604,0.9038290311308468,0.2710585708127302,0.06385820731520653,0.04214017111808062,0.8945830225944519,0.2554441332817078,0.05
667,0.07071975793908625,0.048482360099168384,0.9248904585838318,0.25976986744824576,0.06374447643756867,0.04214716348797083,0.8949825882911682,0.25294975340366366,0.05
668,0.07047221042654093,0.048244683838942475,0.911735639852636,0.2622034251689911,0.06418719366192818,0.042634866759181024,0.8775988817214966,0.2555267870426178,0.05
669,0.07096532491200111,0.048828961327672005,0.90613954558092,0.2614993409198873,0.06406947821378708,0.04327947571873665,0.8791593670845032,0.2399681657552719,0.05
670,0.07047329317120944,0.04839227140388068,0.9045849652851329,0.2607034479870516,0.0633528359234333,0.042705636471509933,0.877114188671112,0.23752114176750183,0.05
671,0.06983290766091908,0.048090596628539706,0.8977352030137006,0.2552991956472397,0.06418790146708489,0.041525451093912126,0.8792606115341186,0.2773969054222107,0.05
672,0.07064214085831362,0.04782004999544691,0.9144897846614614,0.2735438495874405,0.0637156456708908,0.04256764408200979,0.8959243178367615,0.24377514123916627,0.05
673,0.07098421322948792,0.048539497286957854,0.9205843245281893,0.26477743948207183,0.06477468833327293,0.042769030667841434,0.9009502291679382,0.2599231034517288,0.05
674,0.07039100041284281,0.048141123069559824,0.9315408082569346,0.25868939301546884,0.06442001163959503,0.04215228147804737,0.9116407752037048,0.2630264312028885,0.05
675,0.0707793557906852,0.048267295693649966,0.9340413317960852,0.2634329278679455,0.06398452520370483,0.042138964496552946,0.9000916242599487,0.25689286589622495,0.05
676,0.07036286526743103,0.04827281832695007,0.9184690223020666,0.25810713715413036,0.06356957033276558,0.04273878652602434,0.897426986694336,0.23713027834892272,0.05
677,0.07052791578804746,0.048419554553487724,0.9251916338415707,0.25712888994637656,0.06678343340754508,0.04322302844375372,0.8921812772750854,0.29277185201644895,0.05
678,0.07045188984450172,0.04834124073386192,0.912148142562193,0.25978336351759296,0.06414142102003098,0.043222949653863904,0.8810430407524109,0.24216085076332092,0.05
679,0.07086165227434214,0.0483392360894119,0.9043128034647774,0.2695857584476471,0.06342348903417587,0.04119655601680279,0.8754075527191162,0.26945713758468626,0.05
680,0.07092817390666288,0.04902085157878259,0.8980730842141544,0.2585318342727773,0.06497615650296211,0.042098923958837985,0.8731170058250427,0.2829212576150894,0.05
681,0.0702240736607243,0.04801551647046033,0.8874425923123079,0.26668263884151683,0.06479595452547074,0.04195225946605206,0.8529471158981323,0.28628448247909544,0.05
682,0.07043869596193819,0.0481313057243824,0.875378173940322,0.2710721957332948,0.06325871348381043,0.04228611551225185,0.8666800379753112,0.2461159348487854,0.05
683,0.07086133474812788,0.04795685432413045,0.9193593053256764,0.27421774233088775,0.0649664930999279,0.041786076687276366,0.9288345813751221,0.27784140706062316,0.05
684,0.07035052885904032,0.04798142776331481,0.9675619391834035,0.2538696089211632,0.06389622166752815,0.04224643968045712,0.947758138179779,0.2434440076351166,0.05
685,0.07053947558297831,0.04805221036076546,0.9719075770939097,0.2553637983167873,0.0649373359978199,0.04163833446800709,0.9336326360702515,0.27925351858139036,0.05
686,0.07069649897954043,0.04812099850353073,0.9625289229785695,0.2590042440330281,0.06569143310189247,0.04380010142922401,0.9326614022254944,0.25129433870315554,0.05
687,0.07131349689820234,0.048741284319583106,0.9522321434581981,0.2609978099079693,0.06349413841962814,0.041342738457024096,0.9124926328659058,0.2605294555425644,0.05
688,0.07131867811960332,0.04865360435317544,0.9381016703212962,0.2656811379334506,0.06289571151137352,0.04185850936919451,0.9022662043571472,0.24029080867767333,0.05
689,0.07159117127166074,0.04865536247106159,0.9145685153848985,0.27580245540422554,0.06423446387052537,0.04298269581049681,0.8810883641242981,0.24881769418716432,0.05
690,0.0706517198944793,0.0487150864346939,0.9115221290027394,0.25642825487781973,0.06420381292700768,0.0438957903534174,0.8874276757240296,0.22867489457130433,0.05
691,0.07106424780452952,0.04952098473029978,0.9107770428938025,0.24870985746383667,0.06565394178032875,0.043761559017002585,0.8766835689544678,0.26251092851161956,0.05
692,0.07134830557248172,0.049265945878098995,0.9056027636808508,0.26052666411680336,0.06332176625728607,0.04233395159244537,0.8766862869262695,0.24441901445388795,0.05
693,0.0706347669748699,0.04896839149296284,0.9015053861281451,0.25302644424578724,0.06410479694604873,0.042889248579740524,0.8719004154205322,0.2499309152364731,0.05
694,0.07074839205426328,0.04900280046550667,0.8937099646119511,0.2561698459527072,0.06402554586529732,0.042265602573752406,0.8569527864456177,0.26380831003189087,0.05
695,0.07055815769469037,0.048335949835531855,0.892791351851295,0.2658858711228651,0.0639475978910923,0.0429473027586937,0.8769077181816101,0.24462435245513917,0.05
696,0.07051865252501824,0.048304330667152125,0.9049207743476418,0.2633023139308481,0.06463637053966523,0.042764611355960366,0.8695789217948914,0.263519412279129,0.05
697,0.07011293006293914,0.04826645914684324,0.8886571105788735,0.25919799419010386,0.06404477283358574,0.04239526279270649,0.8534510850906372,0.2622999846935272,0.05
698,0.07077344090623014,0.04849446597783005,0.8747573705280528,0.27062802279696746,0.06235593259334564,0.04204011084511876,0.8434845924377441,0.23761953115463258,0.05
699,0.07079230555716683,0.048879437148571014,0.8666605598786298,0.2649252467295703,0.06247843652963638,0.04252398945391178,0.8459012746810913,0.2299087017774582,0.05
700,0.07068740773726911,0.04863166798125295,0.8808415952850791,0.26494649052619934,0.0631846696138382,0.04281813632696867,0.8507510781288147,0.2371804654598236,0.05
701,0.0711013983715983,0.04910967247012783,0.8839241651927724,0.2630496875328176,0.06406222432851791,0.042809052392840385,0.8649040102958679,0.2520826280117035,0.05
702,0.07007306879934143,0.048020452589673156,0.906355503727408,0.2597812212565366,0.06387567669153213,0.042630954459309575,0.8817904114723205,0.2485363155603409,0.05
703,0.07035607143360026,0.04854210422319524,0.9111977605258718,0.25403981173739715,0.06373321861028672,0.04275705683976412,0.8744066238403321,0.24464191198349,0.05
704,0.07065604627132416,0.048517844584934855,0.902171625810511,0.2623297186458812,0.06396475285291672,0.04312737807631493,0.8642443299293519,0.2438986361026764,0.05
705,0.07169272531481351,0.049737617592601216,0.8971632368424359,0.259669509880683,0.06294387802481652,0.04211732316762209,0.8683802962303162,0.2428550362586975,0.05
706,0.07062786992858439,0.04863120659309275,0.9034525752067566,0.25924276429064136,0.06368944942951202,0.041995492205023764,0.8755500078201294,0.2587691396474838,0.05
707,0.0706793792984065,0.04819422149482895,0.9034544299630558,0.2690122662221684,0.06482016518712044,0.043208400905132296,0.8677333474159241,0.2586885869503021,0.05
708,0.07035220940323438,0.048562064547749126,0.8902393053559696,0.257755053393981,0.06351940780878067,0.04243576265871525,0.8564658284187316,0.2503797322511673,0.05
709,0.07007000398109942,0.048331127337673134,0.8797614784801707,0.25882523200091195,0.06254172027111053,0.041191957890987396,0.8501974701881408,0.25695578157901766,0.05
710,0.07133040971615735,0.04939498303129392,0.8748588737319497,0.26373673624852123,0.06377829238772392,0.04175831098109484,0.8460523605346679,0.27118915021419526,0.05
711,0.07042466279338389,0.04853074822355719,0.8740748307284187,0.26306329930529876,0.06337268874049187,0.04279075693339109,0.8551472187042236,0.24060918092727662,0.05
712,0.07073205095880172,0.047977687243153065,0.8984389375237858,0.27539950609207153,0.06338345631957054,0.042051258683204654,0.8863025069236755,0.24938341081142426,0.05
713,0.07019147802801694,0.04853990805499694,0.909936480662402,0.2510440963156083,0.06490552574396133,0.042243384011089805,0.8785492420196533,0.27753299474716187,0.05
714,0.07096805160536486,0.049288478406036604,0.9057370494393742,0.2524440420024535,0.06582217067480087,0.04215678991749883,0.8678969144821167,0.2997282236814499,0.05
715,0.07040377969250959,0.04883725853527293,0.8931673554813161,0.2526969550287022,0.06407238766551018,0.04281539618968964,0.8640006899833679,0.25233967900276183,0.05
716,0.07067258108188124,0.04825896758805303,0.8906953159500571,0.2701332209741368,0.06428665220737458,0.04260472860187292,0.8536028146743775,0.26291791498661043,0.05
717,0.07018193734042785,0.048172438955482316,0.881294846534729,0.2639309947981554,0.06375051662325859,0.04217574987560511,0.8568539500236512,0.260124534368515,0.05
718,0.07024174972492106,0.048561226466999334,0.8945216185906354,0.25470613469095793,0.06300951093435288,0.04271976817399263,0.8844685912132263,0.22890112698078155,0.05
719,0.07070945049909984,0.04878375964129672,0.9093545149354374,0.256642899092506,0.06304166465997696,0.041606003418564796,0.8809902310371399,0.25251521468162536,0.05
720,0.0709739691194366,0.04889876307810054,0.9010560161927167,0.2612929247757968,0.06305671855807304,0.042401877045631406,0.8774006485939025,0.23761669993400575,0.05
721,0.07080929616794866,0.04861800767043058,0.8983863416840049,0.2641484877642463,0.06406952515244484,0.04385431259870529,0.8722970843315124,0.22984482645988463,0.05
722,0.07000556763480692,0.04810555706567624,0.8951280257281136,0.258974585463019,0.0667569912970066,0.04498829133808613,0.8659804105758667,0.2621779412031174,0.05
723,0.07014097426744069,0.04840877531644176,0.892691549132852,0.25610565613297853,0.06428231000900268,0.04189691860228777,0.8646835327148438,0.274771112203598,0.05
724,0.0700048008824096,0.04848386829390245,0.8775961153647479,0.25489944131935344,0.06346139833331108,0.04217792917042971,0.8361405372619629,0.2584412515163422,0.05
725,0.07105866622398882,0.04919928706744138,0.85889973710565,0.26540765078628764,0.06471031233668327,0.044093502685427666,0.8274248600006103,0.24685121178627015,0.05
726,0.07047771092723398,0.048848728265832454,0.8602878977270687,0.2605220561518389,0.06419051215052604,0.04396696463227272,0.8521580696105957,0.2340393602848053,0.05
727,0.07030407580382683,0.04840335907304988,0.882724758456735,0.2614693738081876,0.06437302678823471,0.0440918916836381,0.8529212951660157,0.23503845930099487,0.05
728,0.07015180018018274,0.04807942579774296,0.88227239075829,0.26499301019836874,0.06365764662623405,0.04282585959881544,0.8510113477706909,0.24643348157405853,0.05
729,0.07006651754764949,0.04877327831790728,0.8754431465092827,0.25077616028925953,0.06292914897203446,0.04195854589343071,0.8461010336875916,0.2501918852329254,0.05
730,0.06995496548273984,0.04826224430957261,0.8682176540879643,0.26021088747417226,0.06587548479437828,0.04468686524778605,0.8468655586242676,0.2543992638587952,0.05
731,0.07052515929236132,0.04882994721479276,0.8916632147396312,0.255571590626941,0.06414274349808693,0.0434814166277647,0.8958515644073486,0.23405621945858002,0.05
732,0.07099997887716573,0.048638543223633486,0.9346096200101516,0.26030680449569926,0.06480244323611259,0.043133673071861264,0.9118201851844787,0.2510113924741745,0.05
733,0.07008075275841881,0.047696874860455006,0.9377814741695628,0.2601212491007412,0.06391519606113434,0.0434532368555665,0.8970231890678406,0.22983453571796417,0.05
734,0.06997394496027161,0.048071591183543205,0.917391836643219,0.2545686977751115,0.06342805102467537,0.041623365320265296,0.8808302044868469,0.25992765128612516,0.05
735,0.07021267098539016,0.048235070289057845,0.8949189747081083,0.26056820329497843,0.06350911632180214,0.04339156784117222,0.8589581251144409,0.2305593639612198,0.05
736,0.070106130969875,0.04857444346827619,0.8836161073516396,0.25391053539865155,0.0632966972887516,0.043062775023281576,0.8501255750656128,0.23465332984924317,0.05
737,0.07193888570455943,0.049337094430537784,0.8755513850380393,0.2769255567999447,0.06384135484695434,0.04370594955980778,0.8444116353988648,0.23382579386234284,0.05
738,0.07139514978317653,0.04947303312228007,0.8646814262165743,0.2655060405240339,0.06347238682210446,0.042112639360129836,0.838763415813446,0.2594422698020935,0.05
739,0.06988828738822657,0.04767784585847574,0.8713605824638816,0.2699367062133901,0.06397428214550019,0.04143812023103237,0.8553078413009644,0.27966168224811555,0.05
740,0.07059156807029948,0.048461488831569165,0.8880870868177975,0.2649841685505474,0.06290448158979416,0.04272447098046541,0.8707400321960449,0.2294522613286972,0.05
741,0.07062297665020999,0.04830197935156962,0.9116150281008553,0.2640969385119045,0.06353964656591415,0.04078122759237886,0.8932370543479919,0.27652098834514616,0.05
742,0.07114586606621742,0.04885915360030006,0.9349444052752327,0.25874535564114065,0.06387113705277443,0.042763641104102135,0.914862060546875,0.23917752802371978,0.05
743,0.06988926648217089,0.048125954564003384,0.938833071905024,0.2474996228428448,0.06324229165911674,0.041969744488596916,0.902444851398468,0.2449620008468628,0.05
744,0.07038094782653977,0.048205741242889094,0.9312143956913668,0.2572612464427948,0.06301227957010269,0.04219324942678213,0.897639536857605,0.2368527203798294,0.05
745,0.07002652699456495,0.04831580905353322,0.9180703794254976,0.25060027574791627,0.062444161623716354,0.04208000712096691,0.8794985175132751,0.23138341903686524,0.05
746,0.07017154969713267,0.048226349274901784,0.9010006785392761,0.2587038515245213,0.0642543651163578,0.04260399341583252,0.8690312504768372,0.25920115411281586,0.05
747,0.07024379271794767,0.04842704644098001,0.8954483936814701,0.257245247854906,0.06347398608922958,0.04206978715956211,0.8631386518478393,0.25545623898506165,0.05
748,0.07060908832970787,0.04864222260520739,0.879425164531259,0.26345227921710296,0.06435563787817955,0.04371083416044712,0.8579744577407837,0.24130119681358336,0.05
749,0.0717176604358589,0.04905788085478194,0.9386894352295819,0.26545771956443787,0.0641828566789627,0.04177042953670025,0.954240906238556,0.2574003547430038,0.05
750,0.07149279161411173,0.048660111887490046,0.9991382044904372,0.2568259572281557,0.06487457156181335,0.04296941123902798,0.965903639793396,0.2449224591255188,0.05
751,0.0705516798531308,0.04752299890798681,0.9920506056617288,0.2621634847977582,0.06489763855934143,0.04261641427874565,0.9508086919784546,0.255462771654129,0.05
752,0.07114619191955118,0.04875434803612092,0.9795547548462363,0.25192594177582683,0.06346321180462837,0.041546549275517465,0.9385398507118226,0.25062525272369385,0.05
753,0.07072248507071943,0.048269630245426125,0.9703394034329582,0.25498922081554637,0.06338383853435517,0.042150899581611154,0.9290972709655761,0.23883934915065766,0.05
754,0.0705687337938477,0.0484471484361326,0.9463176727294922,0.25316817357259636,0.06433669999241828,0.04261043276637792,0.9040319442749023,0.25371893048286437,0.05
755,0.07041305128265829,0.048459399381981176,0.9211269967696246,0.2548476378707325,0.06329834312200547,0.042223135009408,0.88188236951828,0.2451276510953903,0.05
756,0.07092701577964951,0.04873337092645028,0.9055810079855078,0.26275670265450196,0.06371103972196579,0.04232928846031427,0.8746993541717529,0.2526951551437378,0.05
757,0.07241651065209333,0.05005079135298729,0.9035254962304059,0.26660927604226503,0.06661005169153214,0.04571269303560257,0.8703564047813416,0.24387588798999787,0.05
758,0.07117264432942166,0.04883705430171069,0.9109957709031946,0.26451265548958497,0.06403982490301133,0.04187636151909828,0.8851314306259155,0.26624295115470886,0.05
759,0.07001240945914212,0.04810393722180058,0.9154777316486135,0.2550738786949831,0.06323368102312088,0.043121319636702536,0.8756614089012146,0.22711490392684935,0.05
760,0.07109107296256457,0.04857575586613487,0.9129712406326743,0.2677120987106772,0.06403054520487786,0.04208338409662247,0.8930603861808777,0.26033118069171907,0.05
761,0.06996725981726366,0.04750950207166812,0.9213418785263511,0.2648867806967567,0.0634912185370922,0.04222593083977699,0.9046424508094788,0.2443772256374359,0.05
762,0.070678690338836,0.04848009150694398,0.9466860224218929,0.2546347826719284,0.06316187828779221,0.04253730196505785,0.9206247210502625,0.2283666044473648,0.05
763,0.07056677933124934,0.04842959640218931,0.9451316419769736,0.2537173286956899,0.0630224458873272,0.04158422239124775,0.9208228468894959,0.24459991455078126,0.05
764,0.07009749552782844,0.047530038063140476,0.9446478731491986,0.26241957264788013,0.06412512585520744,0.04215384181588888,0.9188131332397461,0.2556630462408066,0.05
765,0.07037637689534355,0.04830820518819725,0.9450443211723777,0.25235457192449007,0.06383812576532363,0.041174818947911265,0.9207072973251342,0.2691247075796127,0.05
766,0.0695312202853315,0.04716923033051631,0.9408405002425698,0.2590716928243637,0.06484055742621422,0.04242566023021936,0.9048902869224549,0.2673198699951172,0.05
767,0.06964639881077934,0.04766216260545394,0.9182394252103918,0.25603685747174654,0.06304672956466675,0.04098429642617703,0.8796320915222168,0.26532226204872134,0.05
768,0.0707322302110055,0.04791422812815975,0.9046000101987053,0.2754400486455244,0.06334125846624375,0.04273837562650442,0.8766359329223633,0.23673050105571747,0.05
769,0.07010971206952543,0.047513580388006044,0.8946361261255601,0.27299539131276745,0.0641832895576954,0.042060776613652706,0.8672794818878173,0.2689943552017212,0.05
770,0.0700381008141181,0.04811245334499022,0.8896979935028974,0.2605733292944291,0.0635053388774395,0.04151240568608046,0.8601947784423828,0.26781973242759705,0.05
771,0.07046364488847115,0.04840279984123567,0.8859168887138367,0.2640335095279357,0.06279574558138848,0.04191491790115833,0.8545972466468811,0.2466971069574356,0.05
772,0.07092775229145498,0.04877205905230606,0.8720273515757393,0.2687083842123256,0.06320762559771538,0.04215174242854118,0.8374799013137817,0.25362169146537783,0.05
773,0.06979281564845759,0.04809408886905979,0.8578474311267629,0.262405044892255,0.06369151398539544,0.04363900758326054,0.8446792960166931,0.2321143329143524,0.05
774,0.070084410116953,0.048117096481077815,0.8737108707427979,0.2646041030392927,0.06388875767588616,0.0429421192035079,0.8540348887443543,0.24812579154968262,0.05
775,0.06985601958106546,0.04803864186739221,0.8738765891860513,0.2615722374004476,0.06389856636524201,0.04260786604136228,0.8517012357711792,0.2554737478494644,0.05
776,0.07012042885317522,0.048384283395374525,0.8821045440786025,0.2583019978859845,0.06323966160416603,0.04246583487838507,0.865070378780365,0.24246242344379426,0.05
777,0.06984685470952708,0.04779906598303248,0.898770760087406,0.2612016271142399,0.06306069940328599,0.04211317729204893,0.8884223699569702,0.24126596748828888,0.05
778,0.07150345514802371,0.048972917501540744,0.9282041051808525,0.26496993005275726,0.06375010013580322,0.042178929410874845,0.9110859513282776,0.24920623898506164,0.05
779,0.07027991116046906,0.04802995558608981,0.9468823881710277,0.25562260957325206,0.06334461495280266,0.04212076980620623,0.9099823117256165,0.24248042702674866,0.05
780,0.07049259083235965,0.04846193685251124,0.9212950783617356,0.25635408390970793,0.06467095017433167,0.0426454845815897,0.8849847078323364,0.26351233422756193,0.05
781,0.07060873376972535,0.04818811705883812,0.8977304626913631,0.26886626201517444,0.06376477032899856,0.04232507683336735,0.8648596167564392,0.2558219075202942,0.05
782,0.0709873431307428,0.04836924045401461,0.8887723509003135,0.274607562843491,0.06390919759869576,0.04196096751838922,0.8767235398292541,0.2636198937892914,0.05
783,0.06993956732399323,0.047968956367934454,0.9088612198829651,0.25763996821992535,0.06431994214653969,0.04111327864229679,0.8814714670181274,0.28783897757530214,0.05
784,0.07023586792980924,0.048035830478457844,0.9003106811467338,0.26393860753844767,0.06440161392092705,0.04274196736514568,0.865402626991272,0.26011238992214203,0.05
785,0.07120887014795751,0.048601905650952286,0.8780652494991527,0.27652622671688304,0.06444870904088021,0.04225138574838638,0.8365198850631714,0.2766425281763077,0.05
786,0.07143900653018671,0.04904730541302877,0.8669411224477431,0.2744458116152707,0.06449327915906906,0.04284531138837337,0.8560119271278381,0.2617569863796234,0.05
787,0.07033247785533175,0.04794822151170058,0.8952052698415869,0.2686440927140853,0.06468224301934242,0.04181726463139057,0.8841154217720032,0.28047649264335633,0.05
788,0.07043957052861943,0.04837331011453096,0.9069730604396147,0.2599305992617327,0.06508508995175362,0.04280940610915422,0.8758277297019958,0.27034814059734347,0.05
789,0.07011999693863533,0.04834871629581732,0.8909488320350647,0.257235850481426,0.06391113921999932,0.04233426498249173,0.8628795146942139,0.25896158814430237,0.05
790,0.07114361818222438,0.04883450707968544,0.9091857601614559,0.26434506125309887,0.0644238419830799,0.041858970560133456,0.9090147376060486,0.26949447989463804,0.05
791,0.0713547862627927,0.04879917127682882,0.945271208005793,0.2620580546996173,0.06397450119256973,0.04136602152138948,0.9197585582733154,0.26821787655353546,0.05
792,0.07074899774263887,0.04767006832887145,0.9485081153757432,0.2718769732643576,0.0637000098824501,0.04230325128883124,0.9207728505134583,0.24378059208393096,0.05
793,0.07032226551981534,0.04793494107092128,0.9427555273560917,0.2591954084003673,0.0637451983988285,0.04290689639747143,0.908769404888153,0.23501214981079102,0.05
794,0.0706992304938681,0.04773331893717542,0.9313905414413003,0.27304011758636026,0.06365982666611672,0.04241889901459217,0.8984345436096192,0.24513161480426787,0.05
795,0.0708041180144338,0.04887483258019475,0.9196462701348698,0.25465645597261544,0.06503976434469223,0.04187014885246754,0.8869930505752563,0.2859937071800232,0.05
796,0.07023164586109273,0.048156261334524435,0.902892596581403,0.2609291909372105,0.06304992139339446,0.04155968092381954,0.8698221802711487,0.2558403640985489,0.05
797,0.07078044795814682,0.0490795957910664,0.8920487691374386,0.2556072631303002,0.06462782621383667,0.041890431009232995,0.862736988067627,0.28220049738883973,0.05
798,0.07049951483221616,0.048660619403509534,0.8853870244587169,0.2597004797528772,0.06325991451740265,0.040795938298106196,0.8623442411422729,0.27681066989898684,0.05
799,0.07059067860245705,0.04822905109647442,0.887132960207322,0.26980595728930307,0.06431090608239173,0.043339894339442256,0.8746196866035462,0.2444962739944458,0.05
800,0.07077034190297127,0.04838747268213945,0.9106641797458425,0.2655245460131589,0.0636809729039669,0.043350205011665824,0.8852767705917358,0.229559987783432,0.05
801,0.07126367815277156,0.04921260147410281,0.9034659091164084,0.26032835420440226,0.06433011516928673,0.04328098781406879,0.8677235960960388,0.24743783473968506,0.05
802,0.07045693761285614,0.04826370539034114,0.883901035084444,0.2670844416407978,0.06354629546403885,0.04322116579860449,0.8557069540023804,0.23536115884780884,0.05
803,0.07098003170069526,0.049157594166257805,0.8969934617771822,0.2570500777048223,0.06319954916834832,0.04189037159085274,0.8813078761100769,0.2499220073223114,0.05
804,0.07082522331791766,0.048867169548483455,0.9038542053278755,0.2583902294144911,0.06517458185553551,0.042981432750821114,0.8759044885635376,0.26868208646774294,0.05
805,0.07164473064682063,0.04901960163432009,0.903542252147899,0.2717941289438921,0.06282566636800765,0.0421135475859046,0.8810525894165039,0.23803187906742096,0.05
806,0.07016711156157886,0.0479191074914792,0.8961694836616516,0.2657261841437396,0.06508253440260887,0.043460430949926375,0.8665234804153442,0.259137362241745,0.05
807,0.0701829784494989,0.04779327562188401,0.8863591166103587,0.27052223419441895,0.0642002210021019,0.04295499362051487,0.8578301072120667,0.25333847999572756,0.05
808,0.07130988511969061,0.04881836287677288,0.9046484126764185,0.26890074593179364,0.06420796215534211,0.04224055502563715,0.9027944564819336,0.25878923535346987,0.05
809,0.07008132141302614,0.04790422397063059,0.9353994867380928,0.25646206824218526,0.06320143193006515,0.04202400799840689,0.9094268441200256,0.24166310131549834,0.05
810,0.07085702239590533,0.048462369205320585,0.9333424252622268,0.26122456438401165,0.06326404064893723,0.04128499459475279,0.9004964351654052,0.2594816267490387,0.05
811,0.07015916661304586,0.04798121432609418,0.9237088280565598,0.25881729932392344,0.06384737864136696,0.043319191224873065,0.8926347851753235,0.23203679621219636,0.05
812,0.07095575266901184,0.04849289587753661,0.9142805408028996,0.26640104107997,0.06264681592583657,0.042536208778619765,0.8869377493858337,0.22482461035251616,0.05
813,0.07035102760967087,0.04827691329752698,0.913803847397075,0.258721518165925,0.06359026432037354,0.0422013821080327,0.8994930148124695,0.2478790521621704,0.05
814,0.07057693271952517,0.048068227355971056,0.9342301277553334,0.26332808943355784,0.06347616389393806,0.04222463574260473,0.9131750941276551,0.24239555597305298,0.05
815,0.06975104199612842,0.047471189214026224,0.9352269207730013,0.2585516580763985,0.06341910511255264,0.04178822468966246,0.9117188334465027,0.2502738356590271,0.05
816,0.07055081120308708,0.04842030969174469,0.9386320640059078,0.25488360313808217,0.06387975141406059,0.04252941571176052,0.9030967593193054,0.24638733863830567,0.05
817,0.07016672654186978,0.04828723169424955,0.9237425818162806,0.25284138409530416,0.06418729349970817,0.04319315068423748,0.888741135597229,0.242134627699852,0.05
818,0.07073352529722102,0.04846444134326542,0.9138899024795083,0.2626037062967525,0.0631411463022232,0.04189502187073231,0.8774875640869141,0.24942498207092284,0.05
819,0.07074576287585146,0.0488514904590214,0.8905065305092755,0.25978414188413057,0.06338849291205406,0.04221754837781191,0.8615448117256165,0.2511099010705948,0.05
820,0.07066873417181127,0.04795751457705217,0.8988797980196336,0.2744484280838686,0.06321317702531815,0.04208531957119703,0.8874968886375427,0.2450577586889267,0.05
821,0.07035281815949608,0.048362762174185586,0.9289281263070948,0.2540154904127121,0.06355354562401772,0.0414640486240387,0.9136429905891419,0.2590613096952438,0.05
822,0.07055535759119426,0.0480320310110555,0.9444948154337266,0.2615675803493051,0.06420524045825005,0.04173397533595562,0.9270535111427307,0.2640146195888519,0.05
823,0.07019621068063904,0.04812578057103297,0.9500346253899967,0.2514016654561548,0.0646742232143879,0.043384025990962985,0.9146960616111756,0.2428647369146347,0.05
824,0.07012303480330635,0.04804916153935825,0.9260170214316424,0.2562740602914025,0.06305579245090484,0.04248890709131956,0.8869401931762695,0.2339497208595276,0.05
825,0.07083875773584142,0.0485446145210196,0.9210226044935339,0.2616783503223868,0.06343294903635979,0.042047311924397944,0.8913347363471985,0.24944580793380738,0.05
826,0.07049544199424632,0.04862603610929321,0.9103481278699987,0.2553184847621357,0.06338093802332878,0.041778176091611385,0.8813103437423706,0.2557931631803513,0.05
827,0.07068197451093618,0.04875964035882669,0.9018731993787429,0.25807205017875223,0.06395950764417649,0.042883040755987166,0.8671841025352478,0.24809255599975585,0.05
828,0.07062503805055338,0.04891192343305139,0.8905552485409904,0.2561512720935485,0.06318920254707336,0.04239496495574713,0.870357871055603,0.24181317687034606,0.05
829,0.07034228062805008,0.04904256246107466,0.8917691392057082,0.24764053786502166,0.06408486813306809,0.043124229088425635,0.8643428444862366,0.24634422063827516,0.05
830,0.07071142906651777,0.04873993609319715,0.8951940746868358,0.2603910241056891,0.06298226043581963,0.04238588083535433,0.8775440454483032,0.23641878068447114,0.05
831,0.07048610356800697,0.049000324243131804,0.9022378535831675,0.24926800324636347,0.0635073333978653,0.042892666161060335,0.8750930786132812,0.23727475106716156,0.05
832,0.07052587871165837,0.04837277334402589,0.9034616561496959,0.2623697659548591,0.06336541548371315,0.04376937262713909,0.890091848373413,0.21390249133110045,0.05
833,0.0708699202274575,0.04886971085387118,0.9194491715992198,0.2561143505222657,0.06334086358547211,0.042887451127171516,0.9218827605247497,0.22469171583652497,0.05
834,0.07186825310482699,0.04959451681112542,0.9771584307446199,0.2500430371831445,0.06357060074806213,0.04266675822436809,0.9605448842048645,0.22596789598464967,0.05
835,0.0704808197915554,0.048456294242950046,0.9813085408771739,0.24422880393617294,0.06412522196769714,0.04265724383294582,0.9445890665054322,0.24044176638126374,0.05
836,0.07138419019825318,0.04893416560748044,0.979596355382134,0.25308123055626364,0.06334151551127434,0.04242685548961163,0.9466520071029663,0.22896280884742737,0.05
837,0.07022653520107269,0.04771118194741361,0.9735162152963526,0.2556038043078254,0.06450309678912163,0.043364204838871954,0.9472627282142639,0.23332528471946717,0.05
838,0.07160420189885532,0.04904118147404755,0.9808180823045618,0.25509678528589363,0.06465261355042458,0.04330583028495312,0.956882905960083,0.2355591058731079,0.05
839,0.07050055857090388,0.04822616301038686,0.9880862095776726,0.24787066701580496,0.0638172060251236,0.04283076860010624,0.9611286878585815,0.2275030016899109,0.05
840,0.07057966795914314,0.04815188225577859,0.9841003593276528,0.2517356381696813,0.0639071635901928,0.04293777383863926,0.947661566734314,0.22985551357269288,0.05
841,0.07044937768403221,0.0482195932418108,0.9702615772976595,0.25054336908985586,0.06298315972089767,0.04191880989819765,0.931316328048706,0.23502373099327087,0.05
842,0.07010924947612426,0.04810186585082727,0.9513071004082175,0.24988624891814062,0.06279834136366844,0.042163139395415786,0.9140616297721863,0.22989174127578735,0.05
843,0.07052379298736067,0.048271485220860035,0.937941312789917,0.2574578935609144,0.06517749875783921,0.04325254298746586,0.9038634777069092,0.2577264368534088,0.05
844,0.07049852938336484,0.04845487633172203,0.9373458483639885,0.2534039046834497,0.06314492076635361,0.04089036695659161,0.9013203024864197,0.264827036857605,0.05
845,0.070439293542329,0.0482969656586647,0.9272730946540833,0.25739194277454824,0.06409258171916007,0.042972538992762564,0.8875043392181396,0.24490000307559967,0.05
846,0.07075442176531344,0.048640350208562964,0.907506245024064,0.260780188090661,0.06463132277131081,0.04299166314303875,0.8621914148330688,0.26035488545894625,0.05
847,0.06995740598615478,0.048286344089052254,0.8787319975740769,0.25767483606058006,0.06399222239851951,0.04386513940989971,0.8578293085098266,0.23097582459449767,0.05
848,0.07082490469602977,0.04871132630197441,0.9040142788606531,0.26146871728055615,0.06281241849064827,0.0426929896697402,0.9000734090805054,0.22237387001514436,0.05
849,0.07110414106179686,0.04898927021114265,0.9305011174258064,0.25619719484273124,0.06566883847117425,0.04312633015215397,0.9024936199188233,0.2703514277935028,0.05
850,0.07051724020172567,0.048031886053435946,0.9234931153409621,0.26500844166559334,0.06290685907006263,0.04246563017368317,0.9020291209220886,0.2284187525510788,0.05
851,0.070600346169051,0.048326739822240436,0.929502150591682,0.25957169252283435,0.06322929039597511,0.042942616529762744,0.8919687628746032,0.22733975052833558,0.05
852,0.07097699975266177,0.04883093584109755,0.9135389959110933,0.2602134758935255,0.06563624143600463,0.04571299124509096,0.8779491901397705,0.22287518084049224,0.05
853,0.06981491604272057,0.04834729564540526,0.9033201091429767,0.24868837261901183,0.06419030576944351,0.042148808389902113,0.8667999029159545,0.2674699693918228,0.05
854,0.07029799065169166,0.048550780205165636,0.8884720416630015,0.25724978744983673,0.062260134518146514,0.04192588794976473,0.8617444515228272,0.2343360662460327,0.05
855,0.07050537186510422,0.04870439759072136,0.8872331941829008,0.2585728448979995,0.0641096830368042,0.04363252650946379,0.8740229606628418,0.23473854959011078,0.05
856,0.07076523080468178,0.048725929220809656,0.9076256296213936,0.2592608718311085,0.0633674643933773,0.04262544773519039,0.8849449992179871,0.23785135447978972,0.05
857,0.07052572246860056,0.048790269805228006,0.9054538011550903,0.2536182999610901,0.0631309136748314,0.04290268626064062,0.8697819232940673,0.23060812950134277,0.05
858,0.07092579826712608,0.04965140648624476,0.8880736652542564,0.24787309853469625,0.0642492301762104,0.043453777208924294,0.8514315009117126,0.24562276899814606,0.05
859,0.07050059100284296,0.04892311420510797,0.8757012837073382,0.25640929008231444,0.06372401043772698,0.043499155156314376,0.846632468700409,0.23517054915428162,0.05
860,0.07090737517265712,0.0490416933727615,0.884372756761663,0.26043909437516155,0.06272727474570275,0.04178535714745522,0.8619878768920899,0.2464407742023468,0.05
861,0.07103208978386487,0.04845174884094911,0.8887611767824959,0.2738545861314325,0.06369185969233512,0.042891076393425466,0.8604567885398865,0.24392433762550353,0.05
862,0.07076107053195729,0.048814100815969354,0.8978310578009662,0.25937318801879883,0.06820615082979202,0.04420541189610958,0.8827163338661194,0.30347150564193726,0.05
863,0.07003255078897756,0.047856966910116816,0.9351178933592403,0.25648809531155753,0.06463484764099121,0.04288648404181004,0.9170724272727966,0.2515527576208115,0.05
864,0.07070952566230998,0.048205152811372984,0.9478215049294865,0.2605231597143061,0.06358336061239242,0.04178416207432747,0.9139585733413697,0.25319222509860995,0.05
865,0.07156661547282163,0.04898818045416299,0.9470556658857009,0.26215757166638093,0.06248784735798836,0.04167104549705982,0.9148531198501587,0.2333654284477234,0.05
866,0.07095422004075612,0.04906035357100122,0.9478737115859985,0.24830257541993084,0.06340699195861817,0.04247489236295223,0.9150150418281555,0.2356390118598938,0.05
867,0.07034753065775423,0.04839397988775197,0.9396335798151353,0.25114430311848135,0.06363439708948135,0.042913132533431056,0.9064145922660828,0.23314234614372253,0.05
868,0.06998029219753601,0.04800193406203214,0.9328262665692497,0.2530018950209898,0.06340672150254249,0.042360369116067886,0.8898822665214539,0.24295062720775604,0.05
869,0.06958469858064371,0.04804148031946491,0.9074906496440663,0.24936622907133663,0.06597360372543334,0.04589442610740661,0.8701372027397156,0.22755610048770905,0.05
870,0.06997892874128678,0.04807820960002787,0.8913191521868986,0.25975056869142193,0.06588460579514503,0.045242630317807196,0.8677734971046448,0.23928481638431548,0.05
871,0.07068182922461454,0.04884299296228325,0.9164460511768565,0.2534875072100583,0.06466282233595848,0.042028264701366426,0.8990078091621398,0.27288962304592135,0.05
872,0.07026052387321696,0.048102600719122326,0.9260789541637197,0.25794265200110045,0.06428294852375985,0.04341365192085504,0.8933939456939697,0.23870713412761688,0.05
873,0.07025335203198825,0.048038773676928354,0.9206995928988737,0.2601516685065101,0.06320527158677577,0.04161327611654997,0.8951675891876221,0.2528063952922821,0.05
874,0.0712118617752019,0.04951754738302792,0.9250828728956335,0.24886971887420206,0.06377366036176682,0.04355962928384542,0.8919195890426636,0.2258966952562332,0.05
875,0.0696389236870934,0.04797312913133817,0.9112207258448881,0.2510717695250231,0.0628165327012539,0.04188040141016245,0.8751652836799622,0.24368956387043,0.05
876,0.07088279548813314,0.0490854610415066,0.9014176095233244,0.25566316439824943,0.06366223022341728,0.04218324273824692,0.8832354664802551,0.2529326528310776,0.05
877,0.07024922966957092,0.048016256817123466,0.9124887235024396,0.2621617299668929,0.06282780840992927,0.04181738533079624,0.877788245677948,0.244650799036026,0.05
878,0.07102416346178335,0.049304133609813804,0.8949726188884062,0.25540607992340536,0.0643851637840271,0.04395025260746479,0.8602737188339233,0.23664348423480988,0.05
879,0.0702318503137897,0.0485814764876576,0.8839334705296684,0.25622077636859,0.06281058564782142,0.04173127766698599,0.8580230355262757,0.24998156130313873,0.05
880,0.07092556576518451,0.048791898304925245,0.8864228515064015,0.2653887929285274,0.0628293588757515,0.04134469497948885,0.8561609268188477,0.25846110880374906,0.05
881,0.07106855248703677,0.04922413815032033,0.8852464381386252,0.2598389799104017,0.06350906863808632,0.04225091990083456,0.8561056017875671,0.2539418965578079,0.05
882,0.07040147549089264,0.04848835157120929,0.8770316137987024,0.2628561573870042,0.0630873642861843,0.04206933546811342,0.8505776047706604,0.2502450555562973,0.05
883,0.07094642629518229,0.04911314652246587,0.8787308019750258,0.26091943155316744,0.06452521979808808,0.04404755942523479,0.8472135543823243,0.24011048376560212,0.05
884,0.06963064828339745,0.04784840904176235,0.8700974303133348,0.2616253153366201,0.06381997801363468,0.041904684901237485,0.8494383215904235,0.26841819286346436,0.05
885,0.07023947773610845,0.04857586028383059,0.8837219792253831,0.25652794627582326,0.06277234107255936,0.04112417437136173,0.8575403571128846,0.26145526468753816,0.05
886,0.0702513872700579,0.04797543278511833,0.8922688119551715,0.2670653216979083,0.06386470720171929,0.04290752317756415,0.8703189015388488,0.24507988691329957,0.05
887,0.06996568796389244,0.04731996236916851,0.8996149757329155,0.27299151087508483,0.06404360830783844,0.043189951591193675,0.8734063744544983,0.24239183962345123,0.05
888,0.0703988901394255,0.04826277176685193,0.8991481030688566,0.26289274412042957,0.06349855661392212,0.042982648871839044,0.8770976424217224,0.2348986268043518,0.05
889,0.07032324110760409,0.048866179716937685,0.8995140685754663,0.2492384226883159,0.06298323273658753,0.04195786602795124,0.8694249629974365,0.24662231504917145,0.05
890,0.06992435017052819,0.04861544488983996,0.888188007999869,0.24854049700147965,0.06337124481797218,0.04243712816387415,0.8585606455802918,0.24697019159793854,0.05
891,0.07012144673396559,0.04853030907757142,0.8868542559006635,0.2544518919552074,0.06410164758563042,0.04274953193962574,0.8701438426971435,0.25301354229450224,0.05
892,0.07046342860249911,0.048514172434806824,0.9098890248466941,0.25700732802643494,0.06302174180746078,0.0424805860966444,0.888611912727356,0.23310069143772125,0.05
893,0.0699895280687248,0.04833694602198461,0.9118492252686444,0.2506818122723523,0.06350575909018516,0.0424620209261775,0.8719313502311706,0.24648850858211518,0.05
894,0.07011497086461853,0.048377018641023076,0.8904037685955272,0.2566782867207247,0.06407685950398445,0.04315885826945305,0.8526041984558106,0.24783915281295776,0.05
895,0.07024043864187073,0.04914535056142246,0.8740266456323511,0.24709641933441162,0.06461790725588798,0.04490184523165226,0.8379364490509034,0.22673395574092864,0.05
896,0.06991324310793597,0.04869955306982293,0.8590119025286507,0.2524714268305722,0.06365610137581826,0.04273061417043209,0.8269893646240234,0.2531118869781494,0.05
897,0.07053518229547669,0.049129282398258936,0.8618228365393246,0.25575342862045064,0.06422912180423737,0.043310478515923026,0.8500182628631592,0.24836924970149993,0.05
898,0.07093098650083822,0.04913901011733448,0.8854335651678198,0.25875280972789316,0.06308853253722191,0.04144572708755732,0.8624937653541564,0.2603573828935623,0.05
899,0.07042298838496208,0.04876219908542493,0.8890596417819753,0.25540383861345406,0.0631040446460247,0.04269885830581188,0.8607119202613831,0.23596136569976806,0.05
900,0.07093375570633832,0.0491796249852461,0.8799754416241365,0.25908750821562376,0.06321411058306695,0.04266972132027149,0.8438409447669983,0.24211962819099425,0.05
901,0.06997495999231058,0.04877896902754026,0.861293284332051,0.25166113762294545,0.06387802958488464,0.042037247121334075,0.8386973857879638,0.2690761864185333,0.05
902,0.07143864408135414,0.04968933279023451,0.8708372782258427,0.2608187733327641,0.06278889700770378,0.04254593327641487,0.8491381764411926,0.2350316345691681,0.05
903,0.06982884709449376,0.048051115454119796,0.8747687760521384,0.26060087452916536,0.06605614647269249,0.045515233837068084,0.8455157518386841,0.24171511828899384,0.05
904,0.07047064492807668,0.048821131096166724,0.8679625777637258,0.2593977538978352,0.06322455257177353,0.043206711299717426,0.8530982136726379,0.22973715960979463,0.05
905,0.0713194492546951,0.048795022508677316,0.8811435839709114,0.2742598188274047,0.0637153409421444,0.042863151803612706,0.8648313999176025,0.24407752156257628,0.05
906,0.07107079182477559,0.04897361424039392,0.9070070876794702,0.2605421429171282,0.06337126418948173,0.04213256649672985,0.8959016323089599,0.2455935835838318,0.05
907,0.07049027063390788,0.04843550164471654,0.9236960586379556,0.2563561735784306,0.06299662664532661,0.04218824971467257,0.9000978589057922,0.23614797592163086,0.05
908,0.07047821165007703,0.048444424481952894,0.9291275774731356,0.25485021489508014,0.06370867863297462,0.04319862984120846,0.902315878868103,0.2297377735376358,0.05
909,0.07063397721332662,0.04780010900953237,0.9319241818259744,0.2702925380538492,0.06494028121232986,0.04295856188982725,0.9132370114326477,0.25698697566986084,0.05
910,0.07123331857078216,0.04892016355605686,0.9399049141827751,0.2582821285023409,0.06377831548452377,0.0430605486035347,0.9167538523674011,0.23100454211235047,0.05
911,0.07032996394178447,0.04809635296902236,0.9398985364857841,0.25669251031735363,0.06387188285589218,0.042138698324561116,0.9150878310203552,0.2516461104154587,0.05
912,0.0699828648391892,0.04814556854612687,0.9357664234497968,0.2495926294256659,0.06407067701220512,0.042961472645401955,0.8982964038848877,0.24252479076385497,0.05
913,0.0700346958987853,0.04808229974964086,0.9174954786020166,0.2555488383068758,0.06400110423564911,0.0428874846547842,0.883013105392456,0.24566975235939026,0.05
914,0.07044812313774053,0.048811419264358634,0.9056271595113418,0.25160865222706513,0.0635714553296566,0.042822336032986644,0.8693375706672668,0.24111489057540894,0.05
915,0.06982192046502057,0.04801852151970653,0.8982533006107106,0.25641731216627006,0.0633549451828003,0.04319591782987118,0.8722747921943664,0.22872559130191802,0.05
916,0.07116817507673712,0.0489064196453375,0.8999035989536959,0.2652544046149534,0.0645054116845131,0.04291916117072105,0.8762159466743469,0.2564818114042282,0.05
917,0.07013706775272593,0.047759023768936884,0.9277762384975657,0.26200564030338735,0.06353679969906807,0.04234429113566875,0.9262510776519776,0.2385999709367752,0.05
918,0.07089480604319011,0.04854055384502692,0.9552480753730325,0.25603542608373303,0.06325120776891709,0.04249254129827022,0.9154322504997253,0.2320868730545044,0.05
919,0.07112755845574771,0.049440956181463075,0.9264125368174385,0.2484495578443303,0.06364536881446839,0.042605374567210676,0.882524847984314,0.24429490566253662,0.05
920,0.07020431252963402,0.04777962330947904,0.9017214704962337,0.268149494248278,0.06360097676515579,0.042573752254247664,0.8758836627006531,0.24536775648593903,0.05
921,0.07034751005909022,0.04874207692987779,0.9042511897928575,0.2512584354947595,0.06307445392012596,0.04217561241239309,0.8769249081611633,0.24259181320667267,0.05
922,0.07039663787273799,0.048539391883155876,0.8973265009767869,0.25767963160486784,0.06263000294566154,0.0421402158215642,0.863532018661499,0.23708933889865874,0.05
923,0.07006165429073222,0.048448249916819966,0.8801391405217788,0.25624025306280923,0.06314576864242553,0.042539932765066624,0.8530806422233581,0.2415005922317505,0.05
924,0.07182813063263893,0.04926101644249523,0.8740527489606071,0.27653174540575814,0.06598608791828156,0.04284025430679321,0.8482648015022278,0.29326374232769015,0.05
925,0.06992526045616936,0.04854995045153534,0.8743148691513959,0.25264321881182056,0.06276454851031303,0.04262180160731077,0.8457284450531006,0.23370927572250366,0.05
926,0.07179024443030357,0.04972975755877355,0.8769626266816083,0.2658172013128505,0.06441561579704284,0.042738685570657256,0.871163833141327,0.2593058317899704,0.05
927,0.07167059314601562,0.04955978658707703,0.9008882817100076,0.2620384491541806,0.06475274413824081,0.04219966363161802,0.8841786742210388,0.27422590255737306,0.05
928,0.0707203016123351,0.04872366468257764,0.9088151489987093,0.2581697158953723,0.06538669541478156,0.043271487765014174,0.8897478699684143,0.2643545985221863,0.05
929,0.07065362286041765,0.0481394553447471,0.9131844920270583,0.267646445070996,0.06345312446355819,0.04150945190340281,0.9029073357582093,0.2582919418811798,0.05
930,0.07112838284057729,0.04910934157669544,0.9287906920208651,0.2546226890648113,0.06273300051689149,0.04142206460237503,0.9156847119331359,0.24308177828788757,0.05
931,0.07002448947990642,0.0479330367901746,0.937887966632843,0.25425146607791677,0.06312868818640709,0.04125254638493061,0.9046643018722534,0.2565899819135666,0.05
932,0.0706658661365509,0.04891249230679344,0.9222894135643455,0.2506095968625125,0.06355543434619904,0.042305737547576425,0.8891132593154907,0.24717128574848174,0.05
933,0.07006588885012795,0.0482678714701358,0.9037094466826495,0.25521845502011914,0.06440543383359909,0.04331184774637222,0.8755842447280884,0.2467549055814743,0.05
934,0.07004514117451276,0.048071297323879075,0.8938559749547172,0.26070568491430846,0.06446624174714088,0.043720423430204394,0.8747397065162659,0.23996844589710237,0.05
935,0.07057040360044031,0.04888852006372284,0.8976147981250987,0.254114733022802,0.06267863810062409,0.042295077629387376,0.8719725847244263,0.2332766741514206,0.05
936,0.07067451516495031,0.0486056290786056,0.9027704491334803,0.2608236311113133,0.06381556838750839,0.043500167317688465,0.8871095299720764,0.22888608574867247,0.05
937,0.07009212190614027,0.04810148269376334,0.9174684251055998,0.2563191091313082,0.06293685436248779,0.04199002739042044,0.9032523274421692,0.23828606009483339,0.05
938,0.0695488415658474,0.047656688620062435,0.9211911594166475,0.25360481966944304,0.06300387233495712,0.04293873943388462,0.9000024318695068,0.22130216658115387,0.05
939,0.07036882266402245,0.04787241963340955,0.9385303258895874,0.2622220042873831,0.0634174443781376,0.04183658678084612,0.9188161849975586,0.24785391986370087,0.05
940,0.0707201192922452,0.04846010751583997,0.9398505126728731,0.25723011967013865,0.0631667360663414,0.04212771393358707,0.903054928779602,0.24016949832439421,0.05
941,0.07050909605972908,0.048687945393955004,0.9187301572631387,0.2526769971146303,0.06280106976628304,0.04180026594549417,0.8870848298072815,0.24259911775588988,0.05
942,0.07002448838423281,0.04829371413763832,0.9012925624847412,0.25435696016339693,0.06341375038027763,0.04281163886189461,0.8786408185958863,0.2363140732049942,0.05
943,0.0702085924499175,0.04845494218170643,0.9033198111197528,0.2544090143021415,0.06431465446949006,0.04285887684673071,0.8881910562515258,0.2514773190021515,0.05
944,0.07098709616590948,0.04896829616935814,0.9173089020392474,0.2569142255712958,0.06422243192791939,0.042665602080523966,0.8910013914108277,0.2529363453388214,0.05
945,0.07049137047108482,0.04838929402039332,0.9046241430675283,0.2611166773473515,0.0639214612543583,0.0426321879029274,0.8585392594337463,0.2540776640176773,0.05
946,0.070442135719692,0.049325935542583466,0.8724760728723863,0.24782880439477808,0.06503684893250465,0.043547324277460574,0.8451847076416016,0.2607535541057587,0.05
947,0.07103028871557292,0.04891502944862142,0.8694829169441672,0.2684085991452722,0.06319453343749046,0.04222152959555388,0.8423820495605469,0.2509836614131927,0.05
948,0.07082336637027123,0.048853272024322957,0.8583438221146079,0.2677331260021995,0.0670315980911255,0.045477803237736224,0.8464726328849792,0.2617814064025879,0.05
949,0.07057139145977356,0.04952419045216897,0.8734103406176847,0.24626195255447836,0.06289855241775513,0.042731458134949205,0.8575587034225464,0.23183014392852783,0.05
950,0.07063249739653923,0.04848631865837995,0.8803721876705394,0.2668491400340024,0.06309201642870903,0.04202702697366476,0.8495651364326477,0.2513867348432541,0.05
951,0.06980632902944789,0.04811275750398636,0.8754581809043884,0.2587798009900486,0.06310674026608468,0.04251039978116751,0.8526751756668091,0.24139178395271302,0.05
952,0.07084502476979704,0.048807593391222114,0.8768599944956162,0.26537663621060986,0.06385612785816193,0.042119298875331876,0.8571259379386902,0.26331140398979186,0.05
953,0.07135942359181012,0.0489881721270435,0.8914756178855896,0.2691299082601772,0.0633320152759552,0.04197371732443571,0.8616581797599793,0.254834309220314,0.05
954,0.07080137422856163,0.0489196459598401,0.9046264676486745,0.2567092732471578,0.06325900927186012,0.0418959803879261,0.9104464769363403,0.24517129063606263,0.05
955,0.07072576201137375,0.048430828925441295,0.9519607179305133,0.2555065014783074,0.06321143954992295,0.041947947815060616,0.932961106300354,0.23867762684822083,0.05
956,0.07083237105432678,0.04884087644955691,0.9488355832941392,0.2500627917401931,0.06353437677025794,0.04283960927277804,0.9085982084274292,0.23217571079730986,0.05
957,0.070720603579984,0.04860937935026253,0.922901335884543,0.25764421154471007,0.0648719035089016,0.04432957898825407,0.8907961010932922,0.23268726468086243,0.05
958,0.07086821557844386,0.048622538061702955,0.9097942604738123,0.2629546978894402,0.06516889035701752,0.04334785379469395,0.8797662019729614,0.260467529296875,0.05
959,0.07120640203356743,0.049521568286068296,0.8958624145563912,0.25452418975970326,0.06345189958810807,0.04319269936531782,0.8634449243545532,0.2324950098991394,0.05
960,0.0697556920349598,0.048480408814023525,0.8832813922096702,0.24884939281379476,0.06290294006466865,0.042779949866235255,0.8547284483909607,0.2315141201019287,0.05
961,0.07047873428639244,0.04886805572930504,0.8744138829848346,0.2573307743843864,0.06512834876775742,0.04399086758494377,0.8528011441230774,0.2521893799304962,0.05
962,0.07017819955945015,0.04855243039920049,0.8815330792875851,0.25620877479805665,0.06313751265406609,0.04217970184981823,0.8657406568527222,0.24600808024406434,0.05
963,0.06946779261617099,0.04825425290447824,0.8885848066386055,0.24655383737648234,0.0628664456307888,0.04278285186737776,0.8663308978080749,0.22840569913387299,0.05
964,0.07027812236372162,0.04882035360616796,0.8798056700650383,0.2531942532343023,0.06263953298330308,0.041977899894118306,0.8469908833503723,0.24383446872234343,0.05
965,0.06995767902802019,0.04865679210599731,0.8641293574781979,0.25319186028312235,0.06389405727386474,0.0431295070797205,0.8435600876808167,0.24657899439334868,0.05
966,0.06935674258891274,0.04808846872080775,0.8666559562963598,0.25203429863733406,0.0630147747695446,0.04253730792552233,0.842663049697876,0.2410167336463928,0.05
967,0.07012562563314158,0.048565923619796246,0.861818832509658,0.2588302791118622,0.06243188232183457,0.04191562384366989,0.8426607251167297,0.24179301857948304,0.05
968,0.07060136251589831,0.04924293147290454,0.8761314819840824,0.2519423304235234,0.06263718828558922,0.0423673827201128,0.8595742821693421,0.23348124027252198,0.05
969,0.07100110150435392,0.048622824361219126,0.895095919861513,0.26854637002243714,0.06255071833729745,0.04172145705670118,0.880980622768402,0.2403891384601593,0.05
970,0.07105059023289119,0.0485327317215064,0.9191194667535669,0.2665332871324876,0.06355049833655357,0.042081783339381215,0.9001791834831238,0.24933847784996033,0.05
971,0.06986513295594383,0.048205715549342776,0.9173079448587754,0.2497267749379663,0.06481047868728637,0.04257210977375507,0.8834338068962098,0.2680806189775467,0.05
972,0.0694422759115696,0.04776149023981655,0.9055592102162978,0.2525038745473413,0.06245062798261643,0.042448907159268856,0.8839931130409241,0.22323581278324128,0.05
973,0.07115129732033786,0.04917512406759402,0.9056924932143268,0.25838496141573963,0.06346623748540878,0.04308708142489195,0.8744247555732727,0.2326981782913208,0.05
974,0.06962384108234854,0.0479285725775887,0.888236897833207,0.2562579942100188,0.06408074051141739,0.04271266125142574,0.8588531851768494,0.2555909126996994,0.05
975,0.07123723648050252,0.04975562805638594,0.8910140745780047,0.25142934129518624,0.06353895738720894,0.04252121336758137,0.8738979220390319,0.24557527303695678,0.05
976,0.06941886794041185,0.047814240460010135,0.8994690881055944,0.2521987364572637,0.06427655071020126,0.043839257955551145,0.8847496986389161,0.23179591298103333,0.05
977,0.07061400231631364,0.04853988690849613,0.8983536257463343,0.26181158861693216,0.06351044699549675,0.042583446577191354,0.8758763670921326,0.24336477220058442,0.05
978,0.06969954270650358,0.04788150090505095,0.899886832517736,0.2563834549749599,0.06299740597605705,0.04235335793346166,0.8773011803627014,0.23742071390151978,0.05
979,0.07059110525776358,0.04859544994199977,0.9146236286443823,0.25698838076170755,0.06595010086894035,0.04290483184158802,0.8938023090362549,0.28214491307735445,0.05
980,0.07083870404783417,0.04889180664630497,0.9121081583640155,0.25651631109854756,0.06482545807957649,0.0416626863181591,0.8799277305603027,0.28726989924907687,0.05
981,0.06925684476599973,0.047370255760410256,0.8928785990266239,0.259156057063271,0.0632508136332035,0.04195470176637173,0.8603582859039307,0.2538505792617798,0.05
982,0.07158705000491704,0.04967415420448079,0.8823323740678675,0.2617914378643036,0.06312785893678666,0.042619616724550724,0.8478203654289246,0.24060078263282775,0.05
983,0.07023423274650294,0.04869772165137179,0.8655986189842224,0.25761047882192273,0.06356062144041061,0.04365054033696651,0.8435940265655517,0.22948284447193146,0.05
984,0.07027034614892567,0.048282764742479604,0.9015662670135498,0.259438363068244,0.064084692299366,0.042883149720728396,0.8989811301231384,0.24423461854457856,0.05
985,0.07099556703777875,0.048516412210815096,0.9330679563915029,0.2629695219152114,0.06371132507920266,0.04237097688019276,0.9000030398368836,0.2468063324689865,0.05
986,0.07004756765330539,0.04800569046946133,0.9213509419385124,0.2565673616002588,0.06365904361009597,0.04265558086335659,0.8856899261474609,0.242931267619133,0.05
987,0.06935712979996905,0.047804460806005145,0.9018744054962607,0.2506785024614895,0.0635893777012825,0.0424172330647707,0.8716207146644592,0.24911876916885375,0.05
988,0.07076189097236185,0.0487061462858144,0.8924299127915326,0.262628914678798,0.06296006515622139,0.04288808684796095,0.8709489583969117,0.22724978625774384,0.05
989,0.07010449096560478,0.04823571114855654,0.8918067602550283,0.25901424183565025,0.06410536020994187,0.04200643338263035,0.8674136400222778,0.2684957951307297,0.05
990,0.07017969186691676,0.0482182946494397,0.9008506045621985,0.2590578259790645,0.0627656877040863,0.04174102079123258,0.8858122825622559,0.24333085119724274,0.05
991,0.07072627259527936,0.048912140266860235,0.913725684670841,0.25353749885278587,0.06397510319948196,0.04209696091711521,0.8897564291954041,0.2596115380525589,0.05
992,0.06985973873559166,0.048310603508177924,0.9095960890545565,0.24906349620398352,0.06263151988387108,0.04129757024347782,0.8813915967941284,0.25040067732334137,0.05
993,0.07018460311433848,0.04873871080139104,0.9011341719066396,0.24869101976647096,0.06342101544141769,0.04263153485953808,0.8725884795188904,0.24127192199230194,0.05
994,0.07130794051815481,0.04945343086386428,0.8852740105460671,0.26003537458531994,0.06289061903953552,0.041924440488219264,0.8482145667076111,0.24968064725399017,0.05
995,0.06988850345506388,0.048484412076718664,0.868053632624009,0.2544710793915917,0.06319264397025108,0.04306242354214192,0.8487053751945496,0.23286331593990325,0.05
996,0.07050253735745654,0.04920680300496957,0.868749688653385,0.25216473288395824,0.06354346051812172,0.04283282645046711,0.846175241470337,0.24497760236263275,0.05
997,0.06982490880524411,0.04823086969554424,0.8750257842680987,0.2568756333168815,0.0626916341483593,0.042385381646454334,0.8679941654205322,0.23252625465393068,0.05
998,0.07011415042421397,0.0484616653445889,0.8947029674754423,0.2541091214208042,0.06369087845087051,0.042778296023607255,0.8695340394973755,0.24434485137462617,0.05
999,0.0702333573032828,0.04815269086290808,0.8925465941429138,0.26310402680845824,0.06461041569709777,0.04254771638661623,0.8754793763160705,0.26615808010101316,0.05
1000,0.06989216344321475,0.04834806798573803,0.8980693150969112,0.25126804060795727,0.06390272676944733,0.042888466641306876,0.8693211793899536,0.2464209407567978,0.05
1001,0.06965227929108284,0.04803432666641824,0.8902877499075497,0.2543015033006668,0.06287989020347595,0.042345731146633626,0.8563549280166626,0.2394121617078781,0.05
1002,0.07050815794397802,0.048660696758066904,0.8778946574996499,0.2613702968639486,0.06322589665651321,0.04211707375943661,0.8533347368240356,0.2515095204114914,0.05
1003,0.07024667872225537,0.04871983869987376,0.8818795225199532,0.2541608906844083,0.06442710161209106,0.0427530013024807,0.8608875393867492,0.26130450069904326,0.05
1004,0.07085376693045392,0.048821969176916516,0.8894091949743383,0.26275410809937644,0.0628641776740551,0.0414213253185153,0.8737987041473388,0.2540973246097565,0.05
1005,0.07004928369732465,0.04810970901128124,0.8959860941943001,0.25959426778204303,0.06311385333538055,0.042028297670185566,0.8634620189666748,0.24901871085166932,0.05
1006,0.07019784389173284,0.04853567678262206,0.8787303847425124,0.25749727995956645,0.06396280527114868,0.041901196166872975,0.8431719899177551,0.27259776890277865,0.05
1007,0.07019398668233086,0.048739378943162805,0.8514259142034194,0.2588069649303661,0.06341828927397727,0.042913662269711494,0.8211333394050598,0.2458658516407013,0.05
1008,0.07015667680431814,0.04844050394261584,0.8432223937090706,0.2656789904131609,0.06299915164709091,0.043075497075915334,0.8304071664810181,0.2323916643857956,0.05
1009,0.07004719161811997,0.04863984345951501,0.8620856053688947,0.2557298514772864,0.06340515837073327,0.04337179232388735,0.8491754531860352,0.23083225190639495,0.05
1010,0.07111669813885409,0.04914834098342587,0.8785311509581173,0.26366091826382804,0.06307430267333984,0.04122469918802381,0.868420672416687,0.2633079349994659,0.05
1011,0.07029661777264931,0.048583329819581085,0.8933949505581575,0.25558676439173084,0.0646081030368805,0.04258093945682049,0.8657970070838928,0.26738387942314146,0.05
1012,0.07037344224312726,0.04813643687349908,0.8906170690760893,0.26661667052437277,0.06342645585536957,0.04231068380177021,0.8703831911087037,0.24823880195617676,0.05
1013,0.06939575777334325,0.04746372115743511,0.8870541488423067,0.26122989899971905,0.06342849507927895,0.04275901727378369,0.8586259007453918,0.24166437089443207,0.05
1014,0.06975071197923492,0.04793399736723479,0.8739089545081643,0.26155249774456024,0.0649026557803154,0.043801332265138625,0.8482576131820678,0.2523749560117722,0.05
1015,0.07040554197395549,0.048744521377717745,0.8757081978461322,0.25807877060245066,0.06424921378493309,0.043462805449962616,0.8630549430847168,0.24311718344688416,0.05
1016,0.0703534352428773,0.04803756843594944,0.8918109606294071,0.26795513314359326,0.06282486990094185,0.04210163969546556,0.8750694751739502,0.23945072293281555,0.05
1017,0.07053703551783282,0.04882725941784242,0.9072952761369593,0.2527364772908828,0.06369408145546913,0.04241131823509932,0.8875873684883118,0.24813780784606934,0.05
1018,0.07062854135737699,0.04911040722885553,0.9090193895732656,0.24855878949165344,0.06308248117566109,0.04312328025698662,0.8765576958656311,0.22387250661849975,0.05
1019,0.07031027381034459,0.04804006054559175,0.90457202055875,0.2644898707375807,0.06343909427523613,0.04192216992378235,0.8906268239021301,0.2522130966186523,0.05
1020,0.07048404633122332,0.048255053294055605,0.9300060131970573,0.2585786423262428,0.0647076889872551,0.043412791565060616,0.9180262804031372,0.2422926813364029,0.05
1021,0.06977501796448932,0.0478671195314211,0.9387734006432926,0.2504032885327059,0.06318775564432144,0.04247382804751396,0.9136274933815003,0.23155311048030852,0.05
1022,0.07023537509581622,0.048275829128482765,0.9369141985388363,0.2518080753438613,0.0648760013282299,0.043865956366062164,0.9059173583984375,0.23901742994785308,0.05
1023,0.07108059284441612,0.04871815103380119,0.9193750654949862,0.26337381145533395,0.06383156478404999,0.04274166412651539,0.8825402855873108,0.2452899247407913,0.05
1024,0.07011407657581217,0.04823270418188151,0.8934960470480078,0.25892825249363394,0.06427513137459755,0.04336573481559754,0.8617137312889099,0.24584520161151885,0.05
1025,0.07032439660500078,0.04847982558695709,0.8775677400476792,0.2613778780488407,0.06378463581204415,0.04353824779391289,0.8696070194244385,0.23100636303424835,0.05
1026,0.07093630270922885,0.04906905332908911,0.9093529056100285,0.25547439911786246,0.06369019150733948,0.043555707670748234,0.9074122428894043,0.22120720744132996,0.05
1027,0.06978952424491153,0.04786414050442331,0.9495214399169473,0.24860338077825658,0.06463293209671975,0.04418025705963373,0.9357285261154175,0.22190779447555542,0.05
1028,0.07052672018899638,0.04837813644724734,0.9524110485525692,0.25248945372946124,0.06343350782990456,0.0427585419267416,0.9160532712936401,0.23028863966464996,0.05
1029,0.07074198411668048,0.048581961980637384,0.9244482096503762,0.25831080710186677,0.0634568214416504,0.04255551025271416,0.8985122799873352,0.238323774933815,0.05
1030,0.06966933805276365,0.04773451311185079,0.9141639541177189,0.2558637094848296,0.06263972520828247,0.041865427419543265,0.8846754193305969,0.23855082094669341,0.05
1031,0.06986106997903656,0.04854963095310856,0.9025589473107282,0.2457169969292248,0.06272907033562661,0.041617085225880146,0.8707550406455994,0.24808870553970336,0.05
1032,0.06999192364952143,0.048701263854608816,0.8865863330223981,0.24849594252951004,0.06536900475621224,0.04291865639388561,0.8579488396644592,0.2774172306060791,0.05
1033,0.06946793593028013,0.04772589662495781,0.8725177820991067,0.2603372317903182,0.06379328519105912,0.04320337362587452,0.8496310591697693,0.24187204837799073,0.05
1034,0.06942507558885742,0.04767551766160656,0.8819376966532539,0.2586036271908704,0.063295166939497,0.04180237427353859,0.868062150478363,0.25624341070652007,0.05
1035,0.07010538591181531,0.04872501444290666,0.8920902329332688,0.24918939874452703,0.06446728855371475,0.043150816857814786,0.8642764687538147,0.2534741163253784,0.05
1036,0.07033736149177831,0.048934536492999864,0.9015950139831094,0.24773750848629894,0.06559995859861374,0.04425454959273338,0.8859232664108276,0.24972352683544158,0.05
1037,0.07076468055739123,0.04895793295958463,0.9098962790825788,0.2541556822903016,0.06361489221453667,0.042216248251497744,0.8935422778129578,0.24926443696022033,0.05
1038,0.07049905377275803,0.04861588261145003,0.9268020847264458,0.25230299199328704,0.06461420208215714,0.043168292939662935,0.9045258283615112,0.24801301956176758,0.05
1039,0.06962703299873016,0.04780430280986954,0.9164693355560303,0.2531607554239385,0.06367237865924835,0.042844314500689505,0.8944556236267089,0.2376701772212982,0.05
1040,0.07009133718469564,0.048307189279619384,0.9153707728666418,0.2526087962529239,0.0640187032520771,0.043961858935654165,0.8883070826530457,0.22347549796104432,0.05
1041,0.07052288949489594,0.04914850303355385,0.9054564623271718,0.24639643553425283,0.06445387005805969,0.04287589322775602,0.8789022088050842,0.2557790994644165,0.05
1042,0.06991936595124357,0.047477437621530366,0.9309735753956963,0.26264385528424206,0.06366488188505173,0.04266544599086046,0.9247500419616699,0.2350387006998062,0.05
1043,0.07093587145209312,0.04884052649140358,0.948940701344434,0.2521187549128252,0.06263288334012032,0.04179959874600172,0.9214374899864197,0.23237819969654083,0.05
1044,0.07042405491366106,0.04807179399272975,0.9452219114584082,0.2580008419121013,0.063578412681818,0.04176247827708721,0.9204631447792053,0.2522260397672653,0.05
1045,0.06939609677476041,0.04726125036968904,0.9437310520340415,0.25395071857115803,0.06297200545668602,0.04118019612506032,0.9179380416870118,0.25224858820438384,0.05
1046,0.06952550503260949,0.047762308488873875,0.9436039959683138,0.2465431488612119,0.06321221366524696,0.04221799578517675,0.9156370878219604,0.23675693571567535,0.05
1047,0.07058329661102856,0.04859947237898322,0.940293063135708,0.2516178760458441,0.06568381339311599,0.04425208959728479,0.9085331916809082,0.24692783653736114,0.05
1048,0.07028868728700806,0.048276743468116314,0.9294564759030062,0.2543475768145393,0.0632814422249794,0.04261576719582081,0.8910877704620361,0.23509590327739716,0.05
1049,0.07018488886601784,0.04826214964337209,0.9088144793229944,0.25669189148089466,0.06445958316326142,0.041217241529375316,0.873004150390625,0.290246045589447,0.05
1050,0.06976577771060608,0.04789965249159757,0.8896718971869525,0.25938811021692615,0.06375035718083381,0.042802637070417406,0.8589225292205811,0.2471699148416519,0.05
1051,0.0706259152468513,0.04872419838519657,0.8818931544528288,0.26165568215005536,0.0633233718574047,0.042387183755636215,0.8574643611907959,0.24723088443279267,0.05
1052,0.07135594351326718,0.04932035133242607,0.8844204930698171,0.2638277621830211,0.06320321559906006,0.04183569513261318,0.8629817366600037,0.2547540754079819,0.05
1053,0.06996235974571284,0.04857127992984127,0.8850414262098425,0.2508133229087381,0.06315101608633995,0.042325297743082045,0.8526845693588256,0.24597743451595305,0.05
1054,0.07030459822100751,0.048143267850665486,0.8705750984304091,0.2691115815849865,0.06339129284024239,0.04320563338696957,0.8577407240867615,0.23216505944728852,0.05
1055,0.07027749826802927,0.048646660192924386,0.8861022311098435,0.2553963179097456,0.06396062448620796,0.04298190232366324,0.8608991622924804,0.24739459455013274,0.05
1056,0.06941834618063535,0.04765023071976269,0.8844010409186868,0.25848210646825676,0.06267763301730156,0.04211183656007052,0.8607086181640625,0.2391742140054703,0.05
1057,0.07034472419935114,0.04889718596549595,0.8792969233849469,0.25309138350627003,0.062381673604249954,0.041926005855202675,0.859725272655487,0.23716833293437958,0.05
1058,0.06980046607992228,0.048222039771430636,0.8833896798246047,0.2548905944122988,0.06461148336529732,0.043704822286963464,0.8691292524337768,0.24430740773677825,0.05
1059,0.06972603521802846,0.04794026593513349,0.8883446700432721,0.2580464569961323,0.06434707343578339,0.043037463910877705,0.8719529271125793,0.2518015831708908,0.05
1060,0.07065322337781682,0.04920134649557226,0.8860144685296452,0.2518346563858144,0.06380193158984185,0.04228443745523691,0.8627245306968689,0.25780498385429385,0.05
1061,0.07101308905026492,0.048999080872711015,0.8938899636268616,0.2615021668812808,0.0632794089615345,0.042528862692415716,0.8777551651000977,0.23945986926555635,0.05
1062,0.07195060349562589,0.049464363823918736,0.8964187818415025,0.2704410333843792,0.06269145160913467,0.04248874522745609,0.8734784841537475,0.22935841083526612,0.05
1063,0.06987019956988447,0.048327873515732145,0.8867368312443004,0.253499151152723,0.06356733664870262,0.04303129445761442,0.8678516507148742,0.2371504783630371,0.05
1064,0.0703234619954053,0.048615167136578,0.8875051771893221,0.25666486691026125,0.06476460695266724,0.04320288449525833,0.8623786807060242,0.25875871181488036,0.05
1065,0.06986942142248154,0.04873189932721503,0.8839769153033986,0.24595506489276886,0.06263593807816506,0.042514145374298096,0.8625526070594788,0.22992531955242157,0.05
1066,0.0702923450838117,0.04838416002252523,0.8819403858745799,0.2617756154607324,0.06296963021159172,0.04288501385599375,0.8586851000785828,0.229955318570137,0.05
1067,0.07086002125459559,0.04865146176341702,0.8840211068882662,0.26736696678049426,0.06299851611256599,0.042337031848728654,0.8643465638160706,0.24036034047603608,0.05
1068,0.07031302307458485,0.0490249737220652,0.8875837922096252,0.24824425227501812,0.06210378333926201,0.04174328353255987,0.8607495307922364,0.23506011068820953,0.05
1069,0.06957303382018033,0.04786414160009693,0.8679230984519509,0.260593238122323,0.06421546339988708,0.04289169125258922,0.8383620977401733,0.2588030070066452,0.05
1070,0.07008260817212217,0.04852865241906222,0.8560908261467429,0.25986095035777373,0.0630574494600296,0.042378899082541464,0.8481646656990052,0.24393808245658874,0.05
1071,0.07013591861023623,0.04852599026087452,0.8738849724040312,0.257421554887996,0.06339944377541543,0.041872403025627135,0.8664654493331909,0.2572476863861084,0.05
1072,0.07027563912903562,0.048623415805837684,0.8977800046696383,0.2534884714028415,0.0648991733789444,0.04387762155383825,0.8736202359199524,0.24570700526237488,0.05
1073,0.07025039020706625,0.04856251278782592,0.8980516756282133,0.2541472368380603,0.06322635114192962,0.04236349817365408,0.8806870102882385,0.2411196619272232,0.05
1074,0.07069395920809578,0.04887540134436944,0.9075131170889911,0.2548685152741039,0.0626985915005207,0.04079917874187231,0.8785537600517273,0.26227748692035674,0.05
1075,0.0702912923606003,0.0487477352075717,0.8955282989670249,0.25176550623248606,0.06298026964068412,0.04219070710241794,0.869824206829071,0.24182641208171846,0.05
1076,0.06965586060986799,0.048084398074185145,0.8910242950215059,0.2532243798760807,0.06442845091223717,0.04264175873249769,0.8673795938491822,0.26225793063640596,0.05
1077,0.06948502427514862,0.04781475772752481,0.8901659425567178,0.2553721342016669,0.06312047764658928,0.04145856462419033,0.8717159390449524,0.25889508724212645,0.05
1078,0.06989841973956894,0.04815246427760405,0.8953769136877621,0.2558437235215131,0.06365493014454841,0.04249276928603649,0.8702640652656555,0.24919040203094484,0.05
1079,0.07005156138364006,0.048523465061888975,0.8872281803804285,0.25311630438355837,0.06465511620044709,0.04388804938644171,0.8557917356491089,0.24418300092220308,0.05
1080,0.07064997207592516,0.04942871159052148,0.8778716676375445,0.24885089520145864,0.062368350476026534,0.042095187865197656,0.8497420430183411,0.23551485538482667,0.05
1081,0.07054054890485371,0.0491489276618642,0.8741548131493961,0.25300146639347076,0.06353189498186111,0.042715932801365854,0.8555707097053528,0.2452051192522049,0.05
1082,0.07040069317992996,0.04853807477390065,0.8891614885891185,0.25942007408422585,0.06359799057245255,0.04249475933611393,0.8820293188095093,0.24565875828266143,0.05
1083,0.06972601702984642,0.04781004129087224,0.9067660114344429,0.25696631477159615,0.06297229379415512,0.042990731075406075,0.8827754497528076,0.22307616770267485,0.05
1084,0.07058805030058413,0.048542596728486175,0.8944716137998244,0.2620147422832601,0.06329440623521805,0.04296920262277126,0.8702060341835022,0.23246288895606995,0.05
1085,0.07076726174529861,0.04909781870596549,0.8791713714599609,0.25755459596129027,0.06347509175539016,0.041419297084212305,0.8430577516555786,0.2725043684244156,0.05
1086,0.0700534503249561,0.048254778718247134,0.8722310872638926,0.2615272069678587,0.0630741685628891,0.04261565487831831,0.85503648519516,0.2381629765033722,0.05
1087,0.07067550740697805,0.048774919746553194,0.8693510679637685,0.2641415254158132,0.06250831373035907,0.042359300144016745,0.854011881351471,0.23217794597148894,0.05
1088,0.07005860196316943,0.048624043955522424,0.8862543667063993,0.2514403225744472,0.06298770681023598,0.04235712680965662,0.8705973982810974,0.23849215507507324,0.05
1089,0.07067698612809181,0.048736908637425476,0.8881512214155758,0.26117130412774925,0.06276177242398262,0.04195190779864788,0.8709876894950866,0.241999751329422,0.05
1090,0.0700860948247068,0.04859033435144845,0.8931446426055011,0.2512862831354141,0.0637565091252327,0.042708384804427624,0.8794286727905274,0.24507673382759093,0.05
1091,0.07025899738073349,0.04865165602634935,0.9011367559432983,0.2519194948322633,0.06470093950629234,0.04352787807583809,0.8747801899909973,0.24850518703460694,0.05
1092,0.06991065008675351,0.04873943197376588,0.8886807175243602,0.2456882341819651,0.0638360820710659,0.042914294824004176,0.8626691699028015,0.2459019184112549,0.05
1093,0.0711487649994738,0.04949921007980319,0.8772247538847082,0.25754614700289336,0.06318203583359719,0.042814484983682635,0.8495286464691162,0.23744530081748963,0.05
1094,0.07024657463326174,0.04844984247842256,0.8817857258460101,0.25957748732146096,0.06436810791492462,0.043601632490754126,0.861631441116333,0.24300321340560913,0.05
1095,0.07093571170287974,0.049541644752025604,0.8853718533235437,0.2508069574832916,0.06386073157191277,0.04302531462162733,0.8729517340660096,0.2421180099248886,0.05
1096,0.07039127586519017,0.048828715458512306,0.9067303398076225,0.24990515060284557,0.06379917114973069,0.04314171578735113,0.8887741565704346,0.23539424538612366,0.05
1097,0.06959950091207728,0.048161011189222336,0.9109042356995976,0.24658895766033845,0.06363346427679062,0.04324427805840969,0.8873181939125061,0.2303200602531433,0.05
1098,0.07090802666018992,0.04863814856199657,0.9071001866284538,0.263977512717247,0.06339234635233879,0.04314484875649214,0.8827568650245666,0.2283986032009125,0.05
1099,0.07043454533114153,0.049033125095507675,0.9064950136577382,0.2467293975984349,0.06283176019787788,0.04293944016098976,0.8809137344360352,0.2216636747121811,0.05
1100,0.0701603299992926,0.048760084106641656,0.898116805974175,0.24838155508041382,0.06399417147040368,0.04352240152657032,0.872873866558075,0.2348605751991272,0.05
1101,0.07030901137520285,0.048764092190300715,0.8926345004754908,0.25237149438437295,0.06292660608887672,0.04216956775635481,0.8676251411437989,0.2416157066822052,0.05
1102,0.06934911122216898,0.04793569281259004,0.8899405949256,0.2502802592866561,0.06348122954368592,0.042541851103305814,0.8637380838394165,0.2460399568080902,0.05
1103,0.06986095800119288,0.04872622088912655,0.8783714911516975,0.24702044006656199,0.06323942318558692,0.0406943928450346,0.84944167137146,0.2810122758150101,0.05
1104,0.06980326311553225,0.04831653186941848,0.868526371086345,0.25602934903958263,0.06347375512123107,0.042788265645503996,0.8423538446426392,0.2452390432357788,0.05
1105,0.0697272509774741,0.04823112553533386,0.8790923847871668,0.2541040401248371,0.06276914700865746,0.042151502706110476,0.8686919927597045,0.2386145144701004,0.05
1106,0.06967420744545319,0.04798781521180097,0.8900983579018537,0.25570818168275494,0.06245539784431457,0.04151974692940712,0.866415822505951,0.24542986750602722,0.05
1107,0.0710095568176578,0.04908069935353363,0.8915860617862028,0.2602599324548946,0.06278475821018219,0.04121413789689541,0.8664695978164673,0.2581184983253479,0.05
1108,0.06998889674158658,0.048515966271652895,0.8847653865814209,0.2525055127985337,0.0636816866695881,0.04233823902904987,0.8620963454246521,0.2544496715068817,0.05
1109,0.06941522964659859,0.0482510232969242,0.8801379764781279,0.24725653932375066,0.06326419785618782,0.043109703063964847,0.8549087285995484,0.23210815489292144,0.05
1110,0.07023330624489223,0.048801313702236206,0.8760855793952942,0.25342273186234865,0.06305064931511879,0.042662853747606276,0.8638277411460876,0.2349903792142868,0.05
1111,0.07035561037414215,0.048811252174132014,0.8917463036144481,0.25253791668835807,0.06258170828223228,0.042615382373332976,0.8707606673240662,0.225174418091774,0.05
1112,0.06986492916065104,0.048535731675870275,0.894090522738064,0.24776584611219518,0.06362566351890564,0.04273952376097441,0.8659677863121032,0.24452921152114868,0.05
1113,0.06942605709328371,0.04770899618811467,0.8891636869486641,0.2565084713346818,0.06319848969578742,0.042513337731361386,0.8763990521430969,0.2384231925010681,0.05
1114,0.07003783763331525,0.048035422668737525,0.900041846668019,0.26003993521718416,0.06546891406178475,0.043109194561839106,0.8713459372520447,0.27292520701885226,0.05
1115,0.06947313643553678,0.04790170172996381,0.8893547373659471,0.253557752160465,0.06291866973042488,0.042509712465107444,0.8698503255844117,0.2342090666294098,0.05
1116,0.06957732798422084,0.048418655662852174,0.8946419814053703,0.2442450374364853,0.06470699533820153,0.04301437437534332,0.8699404239654541,0.25986434817314147,0.05
1117,0.07103314842371379,0.048779709593338126,0.8894358347443974,0.2671816094833262,0.06253856569528579,0.04198237471282482,0.8752649545669555,0.23607082962989806,0.05
1118,0.07019605640979375,0.048606839030981064,0.9031262397766113,0.25115911311963024,0.06322266757488251,0.0417809184640646,0.8820461153984069,0.2524257689714432,0.05
1119,0.07096055106205099,0.048802092013990175,0.9050232242135441,0.26216454716289744,0.06352904215455055,0.04215504620224238,0.8922942519187927,0.2490210622549057,0.05
1120,0.0705551989376545,0.04869091061546522,0.9218795930638033,0.2529098409063676,0.06403100788593293,0.04228590577840805,0.9026653885841369,0.25436895787715913,0.05
1121,0.06960685989435982,0.04755648083108313,0.9172758389921749,0.2575524168856004,0.06264738291501999,0.042235341295599936,0.8868041276931763,0.2308800309896469,0.05
1122,0.06978359270621748,0.04772140600663774,0.921786392436308,0.25688644805375266,0.06477226838469505,0.04294089414179325,0.9096259474754333,0.2547023266553879,0.05
1123,0.07068894518648877,0.04899989243815927,0.9285031346713796,0.24808041926692515,0.06431106179952621,0.043142736330628394,0.9076508045196533,0.24183635413646698,0.05
1124,0.06987699690987081,0.04795715311432586,0.9340837983524098,0.2515801103676067,0.06334304064512253,0.04275843761861324,0.9172890782356262,0.2282342493534088,0.05
1125,0.07101711762302063,0.04864126104204094,0.9341678444076987,0.2606835514307022,0.06366154477000237,0.04333342127501964,0.9092745423316956,0.22470760643482207,0.05
1126,0.0699835792183876,0.04787618206704364,0.9262384351562051,0.25690026143017936,0.06315149292349816,0.04220322426408529,0.9006142616271973,0.23884250819683076,0.05
1127,0.07022649400374469,0.04834034666419029,0.9176527401980232,0.25419240839341106,0.06287877187132836,0.04288150761276484,0.8874392747879029,0.22245745062828065,0.05
1128,0.07066386434085228,0.04888697362997953,0.9066705528427573,0.2542037017205182,0.06296406909823418,0.04182842317968607,0.8787832140922547,0.2469562768936157,0.05
1129,0.06976002586238525,0.04856391119606355,0.8949466452879065,0.24493296093800487,0.0623794935643673,0.04147426001727581,0.8672039389610291,0.24466390311717987,0.05
1130,0.07047158194815412,0.04901561645023963,0.8867950369330013,0.251760292579146,0.0637543760240078,0.042079487815499306,0.8623677849769592,0.26102418899536134,0.05
1131,0.0707623215720934,0.049365091849775874,0.8873918792780708,0.2504662187660442,0.06315558031201363,0.04215945657342672,0.87865309715271,0.24419187307357787,0.05
1132,0.06969644983901697,0.04806270548964248,0.9014410131117877,0.252386666396085,0.06307443976402283,0.04302078876644373,0.8789384961128235,0.22528530061244964,0.05
1133,0.07032492450054954,0.04888996810597532,0.8812815757358775,0.2524428323787801,0.06330168023705482,0.04286397136747837,0.8483280181884766,0.23908858597278596,0.05
1134,0.0706620582324617,0.0490602285546415,0.8675324145485374,0.2585301171330845,0.06387967988848686,0.04262890759855509,0.8645240187644958,0.2521106690168381,0.05
1135,0.07027060056433958,0.04843106986406971,0.8897105841075673,0.25884849008391886,0.06387046948075295,0.042737271450459954,0.8639323234558105,0.24987755119800567,0.05
1136,0.07099523417213384,0.049479178646031546,0.8896102414411657,0.2523990667918149,0.06199232265353203,0.0409114264883101,0.8673402190208435,0.24814990758895875,0.05
1137,0.07037846503012321,0.04873287929769825,0.888159825521357,0.2552797627799651,0.06356415823101998,0.042874785140156746,0.8588759422302246,0.24201228022575377,0.05
1138,0.07020694740554866,0.04906007592730662,0.8732380621573504,0.2482898217790267,0.06339841857552528,0.04303787164390087,0.8528836607933045,0.2366342306137085,0.05
1139,0.07113469479715123,0.04945479903151007,0.8877847264794743,0.25604098421685834,0.06261348202824593,0.04217669628560543,0.8771749973297119,0.23330073058605194,0.05
1140,0.07046563813791555,0.04869204891078612,0.9010642381275401,0.2552589370923884,0.06322201788425445,0.04359083231538534,0.881442928314209,0.21633513271808624,0.05
1141,0.07040463935802965,0.04910791139392292,0.9140335391549503,0.24312786582638235,0.06318072974681854,0.04311751015484333,0.8965845108032227,0.2219475358724594,0.05
1142,0.06976168274002917,0.04786913962486912,0.9129827373168048,0.2552543256212683,0.0682111881673336,0.04716331735253334,0.8944782733917236,0.24206178188323973,0.05
1143,0.06951810200424756,0.04804176891989568,0.909868994179894,0.24755284102524028,0.0634790189564228,0.04276795536279678,0.8889093160629272,0.23643941879272462,0.05
1144,0.0698838628390256,0.04843301084988257,0.9096615980653202,0.2470847315648023,0.06267010569572448,0.042202514782547954,0.8897374868392944,0.23140433728694915,0.05
1145,0.06995669445570778,0.04810794990728883,0.9007514119148254,0.25682460385210376,0.06320368126034737,0.04320436827838421,0.8624602556228638,0.2274942308664322,0.05
1146,0.06980382782571457,0.04836595562451026,0.8673429138520184,0.25528887352522683,0.06518095582723618,0.04408622607588768,0.8363600850105286,0.25462258160114287,0.05
1147,0.07101170740583364,0.04937486471060444,0.8515225508633781,0.26243235346148996,0.06354624181985855,0.04303858559578657,0.8326210737228393,0.24362886250019072,0.05
1148,0.07059780990376192,0.0493715080049108,0.852293635115904,0.2540672868490219,0.0655288614332676,0.04404001999646425,0.8442308068275451,0.26093062162399294,0.05
1149,0.06995627700405962,0.04823866760467782,0.8934447800411898,0.2556632432867499,0.06334765627980232,0.04213517755270004,0.9035653352737427,0.24353652596473693,0.05
1150,0.07126150828074007,0.04936909083934391,0.9316070149926579,0.25152695792562824,0.06322739422321319,0.04130295757204294,0.9114724159240722,0.25619423687458037,0.05
1151,0.07019464233342339,0.048276935430134046,0.9260774850845337,0.253138649113038,0.062478427588939664,0.0420133214443922,0.9004788517951965,0.2292063742876053,0.05
1152,0.07087644474471316,0.04870370841201614,0.9340801309136784,0.25663870310082154,0.0637466698884964,0.04324307292699814,0.9214484691619873,0.22578222155570984,0.05
1153,0.07003035988001262,0.048432624077095705,0.9444079328985775,0.2430730996763005,0.06351033672690391,0.0426830243319273,0.9128949999809265,0.23396725058555604,0.05
1154,0.07031917221405927,0.04843651996377636,0.9259731909807991,0.2524583900676054,0.06317019388079644,0.04252652022987604,0.8890362620353699,0.23506622314453124,0.05
1155,0.06968781746485654,0.04792056999662343,0.9006187530124888,0.25522120384609,0.06313614919781685,0.042483231797814366,0.8678401350975037,0.23949031233787538,0.05
1156,0.0698197545374141,0.048279695212841034,0.88103607822867,0.25459395699641285,0.062400569766759874,0.04226303193718195,0.8542769908905029,0.23189537823200226,0.05
1157,0.06943892884780378,0.04808089673957404,0.8727727181771222,0.2526060947600533,0.06345728039741516,0.04314043466001749,0.8471359968185425,0.2369097203016281,0.05
1158,0.06952094396247584,0.04800414041999508,0.8601183505619273,0.2583123910076478,0.06323462054133415,0.04372098129242659,0.8330601572990417,0.22366077005863189,0.05
1159,0.07048883595887352,0.048469438272363996,0.8553998575491064,0.2693079946672215,0.06417590975761414,0.043631530553102496,0.8344709277153015,0.24399342238903046,0.05
1160,0.07081273220041219,0.049546648145598525,0.853739107356352,0.25457385182380676,0.06394046321511268,0.0430786507204175,0.8366643786430359,0.2499033659696579,0.05
1161,0.06956818612182841,0.04813714697957039,0.8580336500616634,0.2570140607216779,0.06435694321990013,0.04361414723098278,0.8360592722892761,0.2476440191268921,0.05
1162,0.07063002029762548,0.04915291399640195,0.8535616643288556,0.2588297847439261,0.06355270966887475,0.04307271745055914,0.8350236654281616,0.2425951451063156,0.05
1163,0.06956115189720602,0.048632895026136845,0.8511759077801424,0.24832993921111612,0.06327613815665245,0.04270804803818464,0.8373675227165223,0.24388827979564667,0.05
1164,0.0713522852781941,0.04938107312602155,0.8763074769693262,0.26416274817550883,0.06414896100759507,0.04340222422033548,0.8744669556617737,0.2400413781404495,0.05
1165,0.0708820863681681,0.04856975573827239,0.9039681413594414,0.26545297661248374,0.06344247162342072,0.04216327015310526,0.8882153272628784,0.2479409784078598,0.05
1166,0.07048141101703924,0.048457577605457866,0.906869674430174,0.2591027293135138,0.06269194185733795,0.04205415528267622,0.8844637036323547,0.23586300909519195,0.05
1167,0.06971148883595187,0.04817381895640317,0.8996220651794883,0.2508289831526139,0.06385665461421013,0.04297792185097933,0.8699532508850097,0.2435839742422104,0.05
1168,0.07175503649255809,0.0493617301039836,0.8799126078100765,0.27188362268840566,0.06347482576966286,0.043345553800463676,0.8536440372467041,0.23185657560825348,0.05
1169,0.07051491474404055,0.048928341006531435,0.8790668319253361,0.25591810836511497,0.06336269974708557,0.042659692279994485,0.8673320651054383,0.24059374928474425,0.05
1170,0.07028249848414869,0.048394309466376025,0.8876417174058802,0.2602354463408975,0.06339144259691239,0.04147968459874392,0.8550439238548279,0.2672263830900192,0.05
1171,0.07211706875001683,0.05042863659122411,0.8702634537921232,0.2597159471581964,0.06340980306267738,0.043346150778234005,0.8445733785629272,0.23235836923122405,0.05
1172,0.06967978354762583,0.0479779124040814,0.8670968518537634,0.26061803453108845,0.0634733259677887,0.04272080287337303,0.8502245783805847,0.24500555396080018,0.05
1173,0.06895841899163582,0.04760571700685164,0.8758384655503666,0.2518863458843792,0.06301107183098793,0.04113500863313675,0.8584469079971313,0.2658318758010864,0.05
1174,0.0700660361086621,0.048401798285982185,0.8693387087653665,0.2594170316177256,0.06344363912940025,0.042320492677390575,0.8367698788642883,0.25510897040367125,0.05
1175,0.07049476618275922,0.0485097495291163,0.8486802577972412,0.2699642847566044,0.06272446066141128,0.041635808534920216,0.8206378579139709,0.25764548480510713,0.05
1176,0.07119292634374955,0.04934251209830537,0.8440997074632084,0.26818833368666034,0.06303052753210067,0.04276310242712498,0.8249365568161011,0.24036120772361755,0.05
1177,0.07076553408713902,0.04923849848701673,0.8550333626130048,0.2595340337823419,0.06388602554798126,0.04222755059599877,0.847028934955597,0.2637637197971344,0.05
1178,0.07065594218233053,0.048969670034506745,0.863883491824655,0.26094874126069684,0.0623343788087368,0.04151373188942671,0.8346917033195496,0.24947459995746613,0.05
1179,0.06971234302310382,0.047413166612386703,0.8796840555527631,0.27004672674571767,0.06358172744512558,0.042877302318811414,0.8997394204139709,0.2341406226158142,0.05
1180,0.07055823724059497,0.04828285601209192,0.9330399842823253,0.25889962035066943,0.06348058581352234,0.04130891878157854,0.9164557933807373,0.26014217734336853,0.05
1181,0.06975950081558789,0.0482660974649822,0.9341311524896061,0.2430418230154935,0.06528351232409477,0.04268576875329018,0.9057760596275329,0.27079965472221373,0.05
1182,0.07087278892012204,0.04857303278849406,0.9199081028209013,0.2620135098695755,0.06271924898028373,0.04199466090649366,0.8951736092567444,0.2354570209980011,0.05
1183,0.07102848655160736,0.04924917560728157,0.9110717072206385,0.2533718864707386,0.06369530260562897,0.04244223218411207,0.8889477968215942,0.24727182686328888,0.05
1184,0.07024963200092316,0.0481101247098516,0.9047409331097322,0.26184193789958954,0.063781026750803,0.04243503157049418,0.8818934559822083,0.2505412369966507,0.05
1185,0.06920837128863615,0.04777450443190687,0.8975304154788747,0.24917125438942628,0.06210535019636154,0.041915337182581426,0.8713286995887757,0.22953450679779053,0.05
1186,0.069874066640349,0.0485407911679324,0.8788791824789608,0.25088966594022866,0.06206894516944885,0.0417419258505106,0.8478873610496521,0.23696296215057372,0.05
1187,0.0700721738531309,0.048296530785806036,0.8649288906770594,0.26252708540243264,0.06497998982667923,0.04299243576824665,0.8631657600402832,0.26711792349815366,0.05
1188,0.07085912893800174,0.0494726935730261,0.8831561698633081,0.2510975082130993,0.06462647616863251,0.04409238509833813,0.8544281721115112,0.2397961974143982,0.05
1189,0.07129615435705465,0.04956203304669436,0.850784115931567,0.26452560284558463,0.06449072360992432,0.04266141392290592,0.8234587550163269,0.27189441919326784,0.05
1190,0.07069439550533015,0.048715027597020656,0.8615443285773782,0.2672784819322474,0.06343663409352303,0.04318085070699453,0.8683193922042847,0.23145175874233245,0.05
1191,0.07046596048509374,0.048222619273206764,0.9195299008313347,0.2609608366208918,0.06407644972205162,0.04157343953847885,0.927188777923584,0.2646224409341812,0.05
1192,0.07023114798700109,0.04824557703207521,0.9507835682700662,0.2495547033408109,0.06226799637079239,0.041582574136555195,0.9235639929771423,0.22899564504623413,0.05
1193,0.07015185277251636,0.04813506328226889,0.9406980766969568,0.25219617959331064,0.06380592733621597,0.04099908769130707,0.90926513671875,0.27428379058837893,0.05
1194,0.07009844306637258,0.048149302273112184,0.923085026881274,0.25436581495930166,0.06397103890776634,0.0419125135987997,0.8918136596679688,0.26280776858329774,0.05
1195,0.07075281550779063,0.04815670015180812,0.9218781730707954,0.26754667566103096,0.0634194478392601,0.042052051052451134,0.9133552432060241,0.2446768820285797,0.05
1196,0.07024941220879555,0.04822721266571213,0.9415992919136497,0.2521241245900883,0.06304566487669945,0.04175293110311031,0.916429078578949,0.2425688922405243,0.05
1197,0.0703743981087909,0.048168200342094195,0.9358769059181213,0.256948569241692,0.06288407072424888,0.04195589609444141,0.9111674666404724,0.23633000254631042,0.05
1198,0.06974418833851814,0.04776578100726885,0.9305504244916579,0.25345806163900036,0.06242369040846825,0.04123658984899521,0.9055525302886963,0.24263152480125427,0.05
1199,0.07081201431505821,0.04862969697398298,0.9237500113599441,0.2588963543667513,0.06280754134058952,0.041477840021252634,0.8880427479743958,0.24898546934127808,0.05
1200,0.06971089213209994,0.047991752953213805,0.9010408275267657,0.2541746260488735,0.06295262202620507,0.04231621064245701,0.8752544522285461,0.23767734467983245,0.05
1201,0.07079173865563729,0.04879438493619947,0.8979712689624113,0.26035283155301037,0.06257575005292892,0.041836128756403926,0.877175796031952,0.2393572896718979,0.05
1202,0.07015645241036135,0.048298077767386156,0.905399294460521,0.25608763011062846,0.06276430264115333,0.04232833012938499,0.8882219433784485,0.2310750514268875,0.05
1203,0.0694108870537842,0.047766178408089804,0.9040030837059021,0.2520935649380964,0.06284096539020538,0.042275532335042956,0.8731283187866211,0.23668301701545716,0.05
1204,0.06952591919723679,0.04796377098297372,0.8894711838049048,0.2533487134120044,0.06332631558179855,0.04235079288482666,0.8653018474578857,0.24645002484321593,0.05
1205,0.06987157288719625,0.04812743569559911,0.8868318340357613,0.25751636834705577,0.06313979029655456,0.042858293652534483,0.8690981984138488,0.23181028366088868,0.05
1206,0.06966784202000674,0.04847482832915643,0.8888440447695115,0.2460914604804095,0.06272269189357757,0.0416455939412117,0.8668365836143493,0.24817462265491486,0.05
1207,0.06941396173308878,0.04816080388777396,0.8842209191883311,0.24821895711562214,0.06341295689344406,0.04229854140430689,0.860542106628418,0.2501798808574677,0.05
1208,0.06956346333026886,0.04838114681051058,0.8756157124743742,0.24852318974102244,0.0630268968641758,0.042534217983484265,0.857943058013916,0.2382649928331375,0.05
1209,0.07098828212303274,0.04883243614698157,0.8918167773415061,0.2647535555502948,0.07117058411240577,0.046149712055921555,0.8750280499458313,0.32541180551052096,0.05
1210,0.07129988403004758,0.04929093753590303,0.8993692678563735,0.2603050856029286,0.06425192132592202,0.04384075459092855,0.8755171895027161,0.23311993181705476,0.05
1211,0.06966959246817757,0.048224876579992915,0.8882287074537838,0.25124859020990487,0.06405745074152946,0.04292816929519176,0.8623661398887634,0.25011237263679503,0.05
1212,0.07018366412204854,0.04841963344198816,0.8821733734186958,0.25884594987420473,0.062491053342819215,0.042112333700060844,0.8545980811119079,0.2366547703742981,0.05
1213,0.07179439747158219,0.04980152976863524,0.876675430466147,0.2645222570966272,0.06295752078294754,0.04253415167331696,0.8722374916076661,0.23401989936828613,0.05
1214,0.0700058619327405,0.04799374357304152,0.9010253688868355,0.26003728193395276,0.06373299062252044,0.04339135177433491,0.8836417436599732,0.23010441958904265,0.05
1215,0.07096928905914812,0.04877588141928701,0.9250409182380227,0.25885997361996593,0.06347726434469222,0.04255958870053291,0.9171093344688416,0.23493164777755737,0.05
1216,0.07008726631893832,0.04790226468706832,0.9714138613027685,0.2494172743138145,0.06346191838383675,0.04191510584205389,0.9577905416488648,0.2393781065940857,0.05
1217,0.07100702953689239,0.048728003330967,0.9819242743884816,0.24919567213338964,0.06311260238289833,0.04208005964756012,0.9487102031707764,0.23090883195400239,0.05
1218,0.07053829181720228,0.04832521880812505,0.9644822548417484,0.2513650191180846,0.06515539065003395,0.0431241724640131,0.9292648673057556,0.25477139055728915,0.05
1219,0.06982020091484575,0.04783878541168045,0.9462241635603064,0.25038348664255705,0.06292232871055603,0.04167810399085283,0.9190524220466614,0.24107399880886077,0.05
1220,0.07015158608555794,0.047791813664576584,0.9447428829529706,0.25824686008341174,0.06321575045585633,0.04245484955608845,0.933378267288208,0.22854235172271728,0.05
1221,0.07043954072629705,0.04784582796342233,0.9645340442657471,0.25896742063410144,0.06386257708072662,0.041414400562644005,0.941338038444519,0.2606959044933319,0.05
1222,0.07061967911089168,0.04784206739243339,0.9575281844419592,0.26404660151285286,0.06350846439599991,0.04167546611279249,0.9200614333152771,0.25264768600463866,0.05
1223,0.0705495586290079,0.04866535512401777,0.9365646348280066,0.2503711405922385,0.06409344673156739,0.042777692712843415,0.9174179077148438,0.24283151924610138,0.05
1224,0.07128324863665245,0.0492877038743566,0.942793747958015,0.25135215766289654,0.06322480738162994,0.0421070609241724,0.908902895450592,0.2405743420124054,0.05
1225,0.06977900994174621,0.04773895716404214,0.9216736134360818,0.2564663431223701,0.06301353201270103,0.04250478409230709,0.8904298067092895,0.23208899796009064,0.05
1226,0.06982675128999878,0.048261230701909345,0.898958823260139,0.2515186378184487,0.06307406425476074,0.04228013399988413,0.8665827870368957,0.24256207346916198,0.05
1227,0.07032463940627434,0.048814412315978724,0.8735334943322575,0.2554978544221205,0.06259534172713757,0.04211102481931448,0.8478712320327759,0.2401120901107788,0.05
1228,0.06990465039716047,0.04846222567207673,0.8633944953189177,0.25616961016374473,0.06484718769788742,0.04375982489436865,0.845622980594635,0.25262267887592316,0.05
1229,0.06980163713588435,0.048405172632021064,0.8726823084494647,0.2533928401329938,0.0627228394150734,0.041946175135672094,0.860923683643341,0.24334854781627654,0.05
1230,0.06957456929718747,0.04808730555369573,0.882992733927334,0.2531467141473995,0.06359798237681388,0.04304096549749374,0.8571884632110596,0.23970264196395874,0.05
1231,0.07006362716064733,0.04857783830341171,0.8732795995824477,0.255059837418444,0.0635681115090847,0.04411092102527618,0.8483366131782532,0.21947650313377381,0.05
1232,0.06996651563574285,0.04863565667148899,0.8661079266492058,0.25339558632934794,0.06327363699674607,0.042502956464886665,0.8425244927406311,0.24690871238708495,0.05
1233,0.07039292222436737,0.04820950975751176,0.8638025837786057,0.27090774914797616,0.06378591731190682,0.04355340413749218,0.8496686577796936,0.23471654951572418,0.05
1234,0.06949816381230074,0.04804005013669238,0.8887654052061194,0.25140917914755206,0.06309921517968178,0.04234408959746361,0.8812512516975403,0.2388522744178772,0.05
1235,0.07017721958896693,0.04874793976983603,0.8997757785460528,0.2486304596943014,0.06394487619400024,0.04286368116736412,0.8807702660560608,0.24546983242034912,0.05
1236,0.07006411473540698,0.048441330737927384,0.9042860409792732,0.2515984650920419,0.06254390552639962,0.04125074315816164,0.881570291519165,0.2495491772890091,0.05
1237,0.06985915868597872,0.04794998587492634,0.895100358654471,0.25916337440995607,0.06282845363020897,0.04278035927563906,0.8670518159866333,0.22755154967308044,0.05
1238,0.0696828246993177,0.048154085326720684,0.9116331584313336,0.24824816602117875,0.06480328291654587,0.04179599843919277,0.8982384085655213,0.2804979979991913,0.05
1239,0.07040702704997624,0.04858160062747843,0.9157696541617898,0.25335458534605365,0.06361466571688652,0.041974904015660286,0.8850125312805176,0.255792698264122,0.05
1240,0.07039115599849645,0.04841593488612596,0.9086588165339302,0.25777265955420103,0.06337387934327125,0.04225003831088543,0.886923325061798,0.24509213566780091,0.05
1241,0.07001539144445867,0.04792555410634069,0.9145918874179616,0.2588783669121125,0.06471922844648362,0.04258780460804701,0.894807231426239,0.263667032122612,0.05
1242,0.07133663818240166,0.048718254136688566,0.9174641440896427,0.2688748275532442,0.06356238424777985,0.04213161151856184,0.885890007019043,0.2514374673366547,0.05
1243,0.0714346179190804,0.04879553977619199,0.9062524017165688,0.27153108400457043,0.06377315521240234,0.04259092938154936,0.8776656150817871,0.24811139404773713,0.05
1244,0.07102722411646563,0.048835512031527126,0.892715706544764,0.26529109740958495,0.06427554786205292,0.042496643401682375,0.8624709486961365,0.2630839258432388,0.05
1245,0.06968518017845995,0.0481653750381049,0.8783901544178233,0.2547180933110854,0.06688997521996498,0.04658527597784996,0.8615573763847351,0.2337825208902359,0.05
1246,0.07003181405803736,0.0484207524534534,0.8827591889044818,0.25566938256516175,0.06257728934288025,0.04159711636602879,0.8575263142585754,0.2480981767177582,0.05
1247,0.07011044419863645,0.04876178130507469,0.875560974373537,0.2518610480953665,0.0628904052078724,0.042604736424982546,0.8568175673484802,0.23434990048408508,0.05
1248,0.07022381705396316,0.04828030024381245,0.8898612681557151,0.26089808432494893,0.0628788411617279,0.04150995090603828,0.887367844581604,0.24990424513816833,0.05
1249,0.0703292022294858,0.04851157108650488,0.908347792485181,0.25468306681689096,0.06388184428215027,0.04275741651654243,0.8830537796020508,0.24587781727313995,0.05
1250,0.06950613220824915,0.04789933397927705,0.8970894357737373,0.2527180717271917,0.06410641893744469,0.041385676339268686,0.8733238816261292,0.2797500520944595,0.05
1251,0.06906165029196178,0.0479849537505823,0.8807758864234475,0.24537873794050777,0.06308131143450738,0.04235109258443117,0.8582392334938049,0.24295653402805328,0.05
1252,0.06977400928735733,0.04843229186885497,0.8762687795302447,0.25158058983438153,0.06293174847960473,0.043133921548724176,0.8567340612411499,0.2246097207069397,0.05
1253,0.0708755671101458,0.04880064243779463,0.8810075451346004,0.26529699038056764,0.06273971796035767,0.042346996068954465,0.8806804537773132,0.23171832263469697,0.05
1254,0.07008038220160148,0.04838357526151573,0.9122993104598102,0.2514762808294857,0.06272295862436295,0.04101369278505444,0.8929185032844543,0.2556015908718109,0.05
1255,0.07014333434841212,0.04838841375620926,0.9162193852312425,0.2518545319052303,0.06357477828860283,0.04316549748182297,0.8857658624649047,0.2310324490070343,0.05
1256,0.06986522674560547,0.04795652047237929,0.9017028913778418,0.25783353430383343,0.06288827210664749,0.041760843992233274,0.8729208111763,0.24796438217163086,0.05
1257,0.07052778693683007,0.04878418498179492,0.8892933515941396,0.25701337526826296,0.06275404021143913,0.04267808590084314,0.8576579451560974,0.22998749911785127,0.05
1258,0.07133041563279488,0.04927977766184246,0.8949345280142391,0.2620258462779662,0.06384501233696938,0.04351073317229748,0.8931966304779053,0.22804625928401948,0.05
1259,0.07028873637318611,0.048629097750081736,0.8980102433877832,0.25359071002287026,0.06333572790026665,0.04206534922122955,0.8760947823524475,0.2501885861158371,0.05
1260,0.07055848486283246,0.04848183516193839,0.8914494093726663,0.26324312038281383,0.06621324345469475,0.04458456002175808,0.8779701590538025,0.2569795995950699,0.05
1261,0.07082132732166964,0.048888869802741444,0.8999122381210327,0.258666711695054,0.06245184987783432,0.04203087575733662,0.8974425673484803,0.22893093526363373,0.05
1262,0.07027155862135046,0.0482995422447429,0.9186700792873607,0.2557063225437613,0.06343754082918167,0.04256662502884865,0.8965502977371216,0.23810827732086182,0.05
1263,0.07042824739918989,0.04855259168235695,0.912728043163524,0.25496752209523144,0.06302383020520211,0.041455000266432764,0.893999445438385,0.25257673263549807,0.05
1264,0.06986505341003924,0.0481383625198813,0.9183259781669167,0.25086862024138956,0.0629985824227333,0.04092912133783102,0.8912955045700073,0.2631301283836365,0.05
1265,0.07118554720107247,0.04934877255821929,0.9087796070996452,0.25497958327040954,0.06449097990989686,0.04404431339353323,0.8901063323020935,0.23091210126876832,0.05
1266,0.07041288101497818,0.048277183161938894,0.9136017140220193,0.25999360049472137,0.06356220245361328,0.04222392532974482,0.9008975625038147,0.24658603072166443,0.05
1267,0.07060564857195406,0.049195165252860856,0.9175827292835012,0.2446931022055009,0.06295953541994095,0.04259358011186123,0.8956208109855652,0.22819495797157288,0.05
1268,0.06991139383000486,0.048340502468978655,0.910076709354625,0.2494024757076712,0.06300363391637802,0.042259365878999235,0.8885004162788391,0.23718528747558593,0.05
1269,0.06950312896686442,0.04799229805083836,0.8998646525775685,0.25024370060247536,0.06254743039608002,0.041883525997400285,0.8721384882926941,0.23885037004947662,0.05
1270,0.07005547973162987,0.048046661431298536,0.89131098985672,0.2619141945067574,0.06359964311122894,0.04285706933587789,0.873226010799408,0.24020625948905944,0.05
1271,0.06987058261738104,0.04845489988870481,0.8862912514630485,0.25105542032157674,0.06326495409011841,0.04247460141777992,0.8661766290664673,0.24257173538208007,0.05
1272,0.07069282277542002,0.04923705647096915,0.8975852061720455,0.24959828222499175,0.06488628089427947,0.04279969185590744,0.8838317155838012,0.2649654448032379,0.05
1273,0.0703153982758522,0.0486427546643159,0.9097848920261159,0.2514958986464669,0.06432066932320595,0.04245179612189531,0.8834968209266663,0.2606781214475632,0.05
1274,0.06938926152446691,0.04748330177629695,0.9004780685200411,0.25802359335562763,0.06310910508036613,0.04189222939312458,0.8723962068557739,0.24985828399658203,0.05
1275,0.06922262907028198,0.04725097623818061,0.888286383712993,0.26177578025004444,0.06297524571418762,0.04208130203187466,0.8567941308021545,0.2465200573205948,0.05
1276,0.07039407750262934,0.048537845558979935,0.8729902155259076,0.26252659892334657,0.0634392410516739,0.042091585136950015,0.8460256576538085,0.25774797797203064,0.05
1277,0.06986559401540195,0.04851397039259181,0.8629986258114085,0.2544327650000067,0.06347736865282058,0.04290413595736027,0.8366214871406555,0.2441403388977051,0.05
1278,0.0698308865813648,0.04866005173500847,0.8553044024635764,0.252355835017036,0.06279749944806098,0.04248875565826893,0.8324553728103637,0.239683797955513,0.05
1279,0.07064312411581769,0.04873017901006867,0.8555290102958679,0.26715310356196237,0.0627421721816063,0.04199350215494633,0.8388214707374573,0.24720908403396608,0.05
1280,0.07027593123562195,0.0488673391587594,0.8600262964473051,0.25616656243801117,0.06248612031340599,0.042237868346273896,0.8340581655502319,0.2381534069776535,0.05
1281,0.0715941037325298,0.04946085306651452,0.8473559267380658,0.2731938195579192,0.06307371482253074,0.04294430017471314,0.8248482465744018,0.2376186728477478,0.05
1282,0.07070087729131475,0.04882036708295345,0.8775425097521614,0.2621017203611486,0.0633616179227829,0.04293506164103746,0.8960249066352844,0.22932618260383605,0.05
1283,0.07013016654288068,0.04767234119422296,0.9322205396259532,0.26271238484803366,0.06543861031532287,0.04429146349430084,0.9134124040603637,0.2402604639530182,0.05
1284,0.07131919089485617,0.049079465953742754,0.924756085171419,0.25984328985214233,0.06417479664087296,0.043090850859880445,0.9002365589141845,0.24163159728050232,0.05
1285,0.06963956575183307,0.047763895791243106,0.9201977989252876,0.25347384722793803,0.06467248499393463,0.04255163576453924,0.8981382131576539,0.26278938055038453,0.05
1286,0.07028127198710162,0.04807295628330287,0.914619877057917,0.2612423432223937,0.06347292810678482,0.04084170609712601,0.8851590633392334,0.27559263408184054,0.05
1287,0.07079372313969276,0.04846371020026067,0.9071541218196645,0.2651694355642094,0.06462453678250313,0.042655054666101935,0.8765775203704834,0.26407414078712466,0.05
1288,0.06977887846091214,0.04795632445636917,0.8981855686973123,0.2568139688057058,0.0630592241883278,0.04199415761977434,0.8722454309463501,0.24685224890708923,0.05
1289,0.06981617694391924,0.048337357995264674,0.8876067084424636,0.25205501563408794,0.06304946690797805,0.041744808480143544,0.863518214225769,0.2533895254135132,0.05
1290,0.07041747035349116,0.0485934265615309,0.8819307264159707,0.2600947451942107,0.06262662038207054,0.04191099032759667,0.8663015842437745,0.24105227291584014,0.05
1291,0.0704272845212151,0.04834828799700036,0.8871641474611619,0.26414710896856647,0.06480207815766334,0.04221738521009684,0.8715269804000855,0.2773884773254395,0.05
1292,0.07037409153931282,0.04866000242969569,0.8987850371529075,0.2545247709049898,0.06344257518649102,0.04241983480751514,0.8776347756385803,0.2449278473854065,0.05
1293,0.07046663761138916,0.04852380439200822,0.891196773332708,0.2606173096334233,0.06304358541965485,0.04206014312803745,0.8603055834770202,0.24760773479938508,0.05
1294,0.070577961337917,0.04880269036135253,0.8741203020600712,0.260681374984629,0.06276300549507141,0.04219159372150898,0.8466310977935791,0.24210201501846312,0.05
1295,0.07024034287999659,0.048202564282452356,0.8652858278330635,0.26769842119777904,0.06373655125498771,0.04115395434200764,0.8588479518890381,0.27988238334655763,0.05
1296,0.07007079900187604,0.0481588002294302,0.8940351745661568,0.25943294781095844,0.06302035748958587,0.04184706676751375,0.894201111793518,0.2446255624294281,0.05
1297,0.06990546952275668,0.04816465452313423,0.9157732234281653,0.25166166792897615,0.06255474537611008,0.04164777006953955,0.8959003567695618,0.2389594167470932,0.05
1298,0.06978973286116824,0.048177271643105674,0.9067200246979209,0.25090521924635945,0.06334090381860732,0.04255037698894739,0.8852604985237121,0.2387584388256073,0.05
1299,0.06995408368461273,0.0481177213437417,0.9021202921867371,0.2563031841726864,0.06267182528972626,0.04061851277947426,0.8981558322906494,0.26143509745597837,0.05
1300,0.06966585008537068,0.047574182534042525,0.9323498571620268,0.25536338196081276,0.06310074701905251,0.041432269662618634,0.9204419493675232,0.2492811620235443,0.05
1301,0.0710072129526559,0.04881352843607173,0.9375215242890751,0.2563693979207207,0.0636431522667408,0.04085275791585445,0.9210976004600525,0.2715883493423462,0.05
1302,0.07041981969686116,0.04799390836235355,0.9367001547532923,0.2611781893407597,0.06667092591524124,0.04470853060483933,0.9039463758468628,0.25845861732959746,0.05
1303,0.07043079221073319,0.048256889204768574,0.9168388527982375,0.2601103002534193,0.06372471675276756,0.042204687371850014,0.8913955926895142,0.25212149024009706,0.05
1304,0.07045181928312078,0.04854847205912366,0.9073346467579112,0.2566000100444345,0.0623355895280838,0.04169781524688006,0.8824994564056396,0.23625556230545045,0.05
1305,0.06997880514930277,0.04827720233622719,0.9063906564432032,0.25275394057526307,0.06293903812766075,0.04174367804080248,0.8911628723144531,0.24567464292049407,0.05
1306,0.06988524426432217,0.0480859206222436,0.907111827064963,0.25456411172361937,0.06245472654700279,0.040338514000177385,0.8777796506881714,0.2667683094739914,0.05
1307,0.07002254290615811,0.048055210095994616,0.8904208891532001,0.2612624746911666,0.0637373797595501,0.04201301392167807,0.8682953953742981,0.2608282476663589,0.05
1308,0.06991549668943181,0.04814693134497194,0.8923530894167283,0.2569006786626928,0.06330025121569634,0.04274478368461132,0.865692389011383,0.23797087669372557,0.05
1309,0.07138355229707326,0.04884272682316163,0.8951047027812284,0.2717955682207556,0.06278145909309388,0.04184423536062241,0.8739284873008728,0.2439587742090225,0.05
1310,0.07031170958105255,0.04827716650769991,0.9185093395850238,0.2569889864500831,0.06258806213736534,0.041764522716403005,0.9052608728408813,0.23541859090328215,0.05
1311,0.07112329891499351,0.04845756555304808,0.938132924192092,0.26568808538072247,0.06566294506192208,0.043267582543194294,0.9168559193611145,0.26453604102134703,0.05
1312,0.07054395579239901,0.048340267994824576,0.9469724227400387,0.25467927666271434,0.06360952109098435,0.04247314929962158,0.9087706685066224,0.24097329378128052,0.05
1313,0.07030288217698827,0.04837374597349588,0.9269562363624573,0.25319146496408124,0.06375103965401649,0.04213781841099262,0.8911229014396668,0.25403982400894165,0.05
1314,0.07070494881447624,0.04845300689339638,0.9109058870988733,0.2628576588981292,0.06368161141872405,0.04263423215597868,0.8927599191665649,0.2423956036567688,0.05
1315,0.0697131253340665,0.048012917532640344,0.9238314242923961,0.24923786170342388,0.061758023127913474,0.04031856693327427,0.8948107957839966,0.24982698559761046,0.05
1316,0.07028122662621386,0.04802308406899957,0.912199079990387,0.26272303128943725,0.06311465203762054,0.042319178394973275,0.8836161851882934,0.23918621242046356,0.05
1317,0.06977558355121051,0.04805599306436146,0.9032020674032324,0.2537514155401903,0.06587416976690293,0.04398791454732418,0.8674988985061646,0.26422529816627505,0.05
1318,0.06989721099243444,0.04833963425720439,0.8869251153048348,0.2537665314534131,0.06260029822587967,0.041050605848431586,0.8779530048370361,0.2554032295942307,0.05
1319,0.07016712449052755,0.04798626658671042,0.9050819102455588,0.26260077427415285,0.06405402049422264,0.043652448989450934,0.8965094447135925,0.22872956693172455,0.05
1320,0.07010378206477445,0.048144805519019854,0.9213775326223934,0.2549040089635288,0.06342286467552186,0.04311603419482708,0.9060691714286804,0.22492275834083558,0.05
1321,0.07025156871360891,0.048197342082858086,0.9207763882244334,0.25692926873179045,0.06333147808909416,0.0428699191659689,0.8922233819961548,0.2307865172624588,0.05
1322,0.06981663537376068,0.048176678335841966,0.8996055687175077,0.2528780295568354,0.06341393440961837,0.04319861326366663,0.8714010357856751,0.23002620935440063,0.05
1323,0.06960907315506655,0.048476430970956295,0.886703585877138,0.24531213763882131,0.06343225687742234,0.042050335370004174,0.8652559161186218,0.2545872390270233,0.05
1324,0.07007088665576543,0.04822621034348712,0.8830851877436918,0.2602764929042143,0.06365752890706063,0.04318405371159315,0.8645389437675476,0.2365616500377655,0.05
1325,0.06960260473630007,0.04810985364019871,0.8808545014437508,0.2536841227727778,0.06314154341816902,0.04281936250627041,0.8560734987258911,0.2352289080619812,0.05
1326,0.07010849981623538,0.04890906624495983,0.8723471936057595,0.2495192447129418,0.06321244686841965,0.042661961354315284,0.8419129490852356,0.24262711107730867,0.05
1327,0.06947243695749956,0.048207892433685416,0.8568140513756696,0.25392807143576007,0.0644314631819725,0.043376455828547475,0.8333332896232605,0.25443349182605746,0.05
1328,0.06983054034850177,0.04849164472783313,0.858069475959329,0.2551639921524945,0.07340195327997208,0.047748763859272,0.845282506942749,0.34400731027126313,0.05
1329,0.07001637163407662,0.04860042145147043,0.8681427555925706,0.25469044815091524,0.06364894658327103,0.04364730566740036,0.8580048441886902,0.22843186557292938,0.05
1330,0.07043055401128881,0.04885185674271163,0.8909397405736587,0.2533860057592392,0.06469361037015915,0.043623772263526914,0.8774367690086364,0.24590943455696107,0.05
1331,0.07067445731338333,0.048772862071500105,0.9014934792238123,0.25773321267436533,0.06386064663529396,0.04270848091691733,0.8757314682006836,0.24789702594280244,0.05
1332,0.07155626069973497,0.04929095791543231,0.8938525880084318,0.26653553633128896,0.06479704901576042,0.044033115915954116,0.8813156127929688,0.23901556432247162,0.05
1333,0.07139675450675628,0.04931959630373646,0.9106516206965727,0.25941284526796904,0.06314840093255043,0.04338209796696901,0.8937028884887696,0.2165855050086975,0.05
1334,0.06970306726939537,0.048204336096258724,0.9162334168658537,0.2467279355315601,0.06437797173857689,0.04367154985666275,0.8894559025764466,0.2362372875213623,0.05
1335,0.07064318043344162,0.048865031670121586,0.9011862488353953,0.25532571708454804,0.06614354103803635,0.0453009270131588,0.8752213597297669,0.2418080300092697,0.05
1336,0.07040438297040322,0.04811279081246432,0.9089676001492668,0.2640383077018401,0.06398326009511948,0.04334551729261875,0.8807470798492432,0.2366054594516754,0.05
1337,0.06960736675297513,0.047984784359441084,0.899455561357386,0.2525605524287504,0.0630725808441639,0.0429881788790226,0.869343888759613,0.2278193026781082,0.05
1338,0.0709822506589048,0.04945446791894296,0.8815110886798185,0.2542534251423443,0.06296064481139182,0.04280070308595896,0.8441075205802917,0.23437729775905608,0.05
1339,0.07002199791810092,0.04895738786196008,0.8579344959820018,0.24970528834006367,0.06291530281305313,0.04317880216985941,0.8292048215866089,0.22888905107975005,0.05
1340,0.07077475286581937,0.049295518656863886,0.8515297490007737,0.2592787497183856,0.0632660448551178,0.042664030008018015,0.8418720483779907,0.24366590082645417,0.05
1341,0.06983037292957306,0.04823036196039004,0.8742197296198677,0.25715628266334534,0.06297969743609429,0.04293386843055487,0.8513567447662354,0.23064519166946412,0.05
1342,0.06955055892467499,0.04827792164595688,0.8716574556687299,0.25112125452827005,0.06303405240178109,0.041981543973088266,0.8388850331306458,0.25327318012714384,0.05
1343,0.06968868962105583,0.048562905477250326,0.8561704789890963,0.25128156122039347,0.06316653490066529,0.04369808100163937,0.8246987104415894,0.2244293749332428,0.05
1344,0.07006724178791046,0.04861409206162481,0.8390090886284324,0.26126114585820365,0.062260155379772184,0.0428824070841074,0.810492479801178,0.22545650005340576,0.05
1345,0.07040475243154694,0.04883874131037908,0.8419858778224272,0.26292304957614226,0.06340416520833969,0.042934395186603067,0.8371085166931153,0.24197369515895845,0.05
1346,0.07045409894164871,0.04871443560456529,0.8797936790129718,0.2588345154243357,0.06295691505074501,0.04232377931475639,0.8577755093574524,0.24110763072967528,0.05
1347,0.0706644787946168,0.04906144321841352,0.8810555864782894,0.25584957880132336,0.06332334131002426,0.0429290808737278,0.848615288734436,0.23816218078136445,0.05
1348,0.06987471067730118,0.048723855658489114,0.871813507641063,0.2486544190084233,0.06343139186501504,0.04174775518476963,0.840593159198761,0.2655541330575943,0.05
1349,0.0694050326505128,0.04812663300510715,0.8612598005463096,0.2533160386716618,0.06452909931540489,0.044899791851639746,0.8303582310676575,0.22651454210281372,0.05
1350,0.06919284077251658,0.04802802632398465,0.8462594081373775,0.25404440480120044,0.06289676427841187,0.04305909499526024,0.819036316871643,0.23294615149497985,0.05
1351,0.06973812466158587,0.0483879891826826,0.8431925633374382,0.2583641988389632,0.06298344656825065,0.04236025381833315,0.828554379940033,0.24675299525260924,0.05
1352,0.07089502276743159,0.04920239231603987,0.8940639040049385,0.2550398198997273,0.06318718120455742,0.04192477129399776,0.9008129358291626,0.24508560597896575,0.05
1353,0.07067511931938283,0.048772182206020635,0.936738347305971,0.2507110746467815,0.0629048764705658,0.04224746506661177,0.9162705779075623,0.22989410161972046,0.05
1354,0.07031962735687985,0.04828991477980333,0.9412944386987125,0.2523353564388612,0.06427825838327408,0.0437972541898489,0.9110151886940002,0.22741702795028687,0.05
1355,0.0704260869499515,0.0482911513570477,0.9517709437538596,0.2523445390603122,0.06262048706412315,0.04183329474180937,0.9453871130943299,0.2266664206981659,0.05
1356,0.07113497879575281,0.04891795599285294,0.9735288690118229,0.2496346612186993,0.0637317456305027,0.043014810793101786,0.9436572670936585,0.22560722827911378,0.05
1357,0.07033110694850192,0.048370322212576866,0.9761008024215698,0.2439955323934555,0.0635966956615448,0.042736143618822095,0.9454281568527222,0.2281253755092621,0.05
1358,0.06952792866265073,0.04743762785459266,0.9639131041134105,0.24902340506806092,0.06417038440704345,0.043249467574059966,0.9233864426612854,0.23374101519584656,0.05
1359,0.07004645203842837,0.04797550696222221,0.9433521488133598,0.2527484771083383,0.0632453739643097,0.0425891000777483,0.9072887420654296,0.23166775107383727,0.05
1360,0.0705358013510704,0.048603075830375445,0.9291495119824129,0.2528246053877999,0.06347523108124734,0.0422077301889658,0.8915017008781433,0.24704966247081755,0.05
1361,0.07023628384751432,0.048188726910773444,0.9124301075935364,0.25846512177411246,0.06363792270421982,0.04285316243767738,0.8774002194404602,0.24021517038345336,0.05
1362,0.07082787156105042,0.049069222501095605,0.9027923450750464,0.25461450920385476,0.06261077672243118,0.042691107094287875,0.871944260597229,0.22400450706481934,0.05
1363,0.06986271984436933,0.047666442306602705,0.8928970659480375,0.26534611337325154,0.06438620388507843,0.0433668240904808,0.8654317736625672,0.24730122089385986,0.05
1364,0.06929636637077612,0.04815443090217955,0.8809188253739301,0.2466549408786437,0.0627550795674324,0.04254766348749399,0.8510369181632995,0.23394093811511993,0.05
1365,0.07115855593891705,0.04949933005606427,0.873469938250149,0.25849054315510916,0.06478895246982574,0.0440157949924469,0.8441451907157898,0.2466340869665146,0.05
1366,0.06971666457898476,0.048278327921734136,0.8659189483698677,0.25558295407715964,0.06262464895844459,0.04275569580495357,0.835440707206726,0.23029091954231262,0.05
1367,0.07046713373240303,0.04861166744547732,0.8688697253956514,0.263335381360615,0.0631428562104702,0.04176054559648037,0.864674735069275,0.2547112703323364,0.05
1368,0.0700194557361743,0.0480201636605403,0.8876884439412285,0.26244814956889434,0.06371141001582145,0.042904780991375444,0.8671467661857605,0.24270324110984803,0.05
1369,0.07063542963827357,0.04905837960541248,0.8761427998542786,0.25631245444802675,0.0644824355840683,0.043746246956288815,0.842041289806366,0.24631548225879668,0.05
1370,0.07128766748835058,0.04948084122117828,0.8634101257604712,0.26345449949012084,0.06336842626333236,0.042649198696017264,0.8542634725570679,0.24353184401988984,0.05
1371,0.07061984302366481,0.04865558960420244,0.8810326702454511,0.2630785256624222,0.06669735684990882,0.04486698992550373,0.8648020625114441,0.26364692747592927,0.05
1372,0.0707482697770876,0.04883595336886013,0.8873818656977486,0.2607699650175431,0.06298883110284806,0.04249433726072312,0.8703200221061707,0.23582588732242585,0.05
1373,0.07026491533307468,0.04851590524263242,0.9044549465179443,0.2540892020744436,0.06395231112837792,0.043304814770817754,0.8879713296890259,0.23535565733909608,0.05
1374,0.07038628770148053,0.04850083260851748,0.9246734731337604,0.252774418276899,0.06466326713562012,0.042830567434430124,0.8975286602973938,0.257148277759552,0.05
1375,0.07087060962529744,0.04852873590939185,0.9259878186618581,0.26163992636344013,0.06252770647406578,0.0416547417640686,0.8945816397666931,0.23854296505451203,0.05
1376,0.07041915286989774,0.04865917771616403,0.9219689334140104,0.2508057276992237,0.0637659639120102,0.04275551643222571,0.8881810665130615,0.24257273375988006,0.05
1377,0.06991768453051062,0.048431541880264,0.9083213981460122,0.24805857942384832,0.06369326785206794,0.04338870868086815,0.8806535005569458,0.22996051609516144,0.05
1378,0.07035698785501368,0.048549185452215815,0.9021875893368441,0.25571854237247915,0.06468920633196831,0.0430493276566267,0.8717709422111511,0.2584433495998383,0.05
1379,0.06995190921075203,0.04852882290587706,0.8906963993521297,0.25032244622707367,0.06267191544175148,0.042581569775938986,0.865270733833313,0.22875276803970337,0.05
1380,0.06928111744277618,0.047556826625676715,0.8832828647950116,0.2578292497817208,0.06304544731974601,0.042081933654844764,0.8631124019622802,0.24664784967899323,0.05
1381,0.0712279142702327,0.049031670917482936,0.8927625663140241,0.2653723683427362,0.06269031316041947,0.04192348774522543,0.8721668243408203,0.2409031569957733,0.05
1382,0.07009855263373431,0.04819613804712015,0.8906112313270569,0.259926034247174,0.06311305165290833,0.04187854044139385,0.8555625796318054,0.25357769429683685,0.05
1383,0.07021733395317022,0.04829699546098709,0.8856068428824929,0.261285398812855,0.06292792335152626,0.04207955114543438,0.8687734007835388,0.24321274161338807,0.05
1384,0.0697097044218989,0.0474907376748674,0.9062970946816837,0.2631199114462909,0.06287702918052673,0.042807213589549066,0.8828806400299072,0.22482017576694488,0.05
1385,0.07033827462617089,0.04829735758111758,0.9142790822421804,0.25796253190321083,0.06334075480699539,0.041705642268061636,0.8830536127090454,0.2560915231704712,0.05
1386,0.0702961575897301,0.04780962844105328,0.9373135496588314,0.2622678612961489,0.06290862262248993,0.04203669279813767,0.9328907370567322,0.23086047768592835,0.05
1387,0.0706590188338476,0.04837397025788531,0.9650915335206425,0.2526826551731895,0.06420218199491501,0.04200999867171049,0.9391849160194397,0.25600664913654325,0.05
1388,0.07078694990452598,0.048408672870958555,0.9528003405122196,0.2570054741466747,0.06347528174519539,0.04172444399446249,0.9183991551399231,0.2513369172811508,0.05
1389,0.07013872901306432,0.04823284355156562,0.9278289535466362,0.2525519237798803,0.06436231061816215,0.04184088446199894,0.8982781529426574,0.27077288925647736,0.05
1390,0.06986348352888051,0.04786238063345937,0.912578754565295,0.25750631882863884,0.06252780258655548,0.04229614771902561,0.8832366585731506,0.22798576056957245,0.05
1391,0.06956968938603121,0.04785312295836561,0.8915569677072412,0.2560199420241749,0.06332022175192834,0.042462111450731754,0.8625219821929931,0.2446577787399292,0.05
1392,0.0714241310077555,0.04933537236031364,0.8888201012330896,0.2640111954773174,0.06268051266670227,0.041315423883497716,0.8694215536117553,0.25341746509075164,0.05
1393,0.06992860927301295,0.048340970212045836,0.8867887013098773,0.2543950352598639,0.06282377727329731,0.04230078943073749,0.8705861091613769,0.23634254038333893,0.05
1394,0.06989091459442587,0.048056245069293416,0.8901302814483643,0.25866732351920185,0.06411523371934891,0.042754143849015235,0.8706283450126648,0.2530961275100708,0.05
1395,0.07023562534767039,0.048633878283640915,0.8889402010861565,0.25424689317450805,0.06258200630545616,0.04234549533575773,0.8640056490898133,0.2319290667772293,0.05
1396,0.0695557346677079,0.04813769503551371,0.8767113510300132,0.25301852121072654,0.06267726197838783,0.042120540514588356,0.8540108799934387,0.2403322458267212,0.05
1397,0.0706145382102798,0.04922372113694163,0.8820865960682139,0.25139902795062347,0.062473473697900773,0.04113159868866205,0.8609719634056091,0.2546430975198746,0.05
1398,0.06935586320126758,0.0479286132270799,0.872685383347904,0.2540079127339756,0.06365236937999726,0.04267704449594021,0.8494762063026429,0.24961123764514923,0.05
1399,0.07073287139920627,0.04898442897726508,0.8718784135930678,0.2605931785176782,0.06320385038852691,0.04325294755399227,0.8559098243713379,0.22783611416816713,0.05
1400,0.06995976935414706,0.048773829770438815,0.8643192894318524,0.2508549418519525,0.06369123160839081,0.043263403698801994,0.8376335740089417,0.24102984964847565,0.05
1401,0.07104171198957107,0.04970664969261955,0.8546922873048222,0.2557627970681471,0.06291184946894646,0.04195073414593935,0.8340949296951294,0.2524033308029175,0.05
1402,0.06965614000664037,0.048320211470127106,0.8589263873941758,0.25493328360950246,0.062344088405370715,0.04155547376722098,0.8517998576164245,0.24541235268115996,0.05
1403,0.06999155024395269,0.04853890978676431,0.8718969962176155,0.25467341700020957,0.06273558884859085,0.04280933886766434,0.8485976815223694,0.2288054645061493,0.05
1404,0.06981807114446864,0.04828509063843418,0.8759706195663003,0.2554655048777075,0.06299836039543152,0.04259753338992596,0.8601133704185486,0.235993891954422,0.05
1405,0.06950440915191874,0.04819579575868214,0.8773942274205825,0.2506934369311613,0.06325923204421997,0.042623980157077315,0.8503220200538635,0.24264066219329833,0.05
1406,0.06937848513617235,0.04817681825336288,0.8664290308952332,0.25074752989937277,0.06257423162460327,0.042128151282668114,0.8409409284591675,0.24073342680931092,0.05
1407,0.07043088643866427,0.048820648780640435,0.8766410245614893,0.25687655280618105,0.06276018843054772,0.043153359368443486,0.8642117023468018,0.2192942589521408,0.05
1408,0.06925523697453387,0.04803148821434554,0.8809591216199538,0.24828313466380625,0.0634409323334694,0.04296441748738289,0.8560607314109803,0.23831813037395477,0.05
1409,0.07032037526369095,0.04865906058865435,0.8776425158276278,0.25769779261420755,0.06300954818725586,0.0423787634819746,0.8541121482849121,0.2417932629585266,0.05
1410,0.07040319701327998,0.048939493430011416,0.8729107450036442,0.25469192248933453,0.06271992325782776,0.041985878720879555,0.8498576164245606,0.2447093665599823,0.05
1411,0.07046499432009809,0.04856713444871061,0.8718067442669588,0.2635958624236724,0.06332855299115181,0.04212766289710999,0.8467467308044434,0.25466843843460085,0.05
1412,0.06964189186692238,0.04818884732530398,0.8655376644695506,0.2559533575001885,0.06453226283192634,0.043592536076903346,0.8505743026733399,0.24867967069149016,0.05
1413,0.0700118173571194,0.04827276847380049,0.8781174736864427,0.2591574937105179,0.06314133480191231,0.04171222969889641,0.8544694185256958,0.2576882362365723,0.05
1414,0.07080933889921974,0.04895629158572239,0.8804423388312844,0.2609724726747064,0.06302207931876183,0.04193731993436813,0.8636003136634827,0.24897513091564177,0.05
1415,0.06964334319619571,0.04791694726137554,0.8817556921173545,0.258176796576556,0.06431972831487656,0.044039889238774776,0.8477402329444885,0.23604875504970552,0.05
1416,0.07045056035413462,0.04913437826668515,0.8644877847503213,0.25342609251246734,0.06449129283428193,0.043627719208598134,0.8482739090919494,0.24761668741703033,0.05
1417,0.07017081954023417,0.04886968707775369,0.8740367223234737,0.2512153089046478,0.06328371167182922,0.04333688039332628,0.8583930850028991,0.2272580087184906,0.05
1418,0.06968021020293236,0.04837588889195638,0.8806919455528259,0.2499480326386059,0.06277065798640251,0.04272432588040829,0.8624905705451965,0.22842854857444764,0.05
1419,0.07055007907397606,0.04898987929610645,0.8839187867501203,0.2544202287407482,0.06396792978048324,0.04189147315919399,0.8570284008979797,0.27012348771095274,0.05
1420,0.07088406822260689,0.04915576132343096,0.8820598020273096,0.25815416872501373,0.06276092454791068,0.04195353053510189,0.8612251877784729,0.243902850151062,0.05
1421,0.06961548021611046,0.04812297915272853,0.8820114311049966,0.2534477377639097,0.06409544646739959,0.042981654219329354,0.8544231057167053,0.25139121115207674,0.05
1422,0.07232447582132676,0.04966274210635353,0.8763002157211304,0.27797463273300843,0.06453398391604423,0.04386286661028862,0.8491913795471191,0.24358405470848082,0.05
1423,0.07092127379249125,0.04943918217630947,0.8801214730038363,0.2536175347426358,0.06316263750195503,0.04249535258859396,0.8574559569358826,0.24185453355312347,0.05
1424,0.0698725811260588,0.04779295316513847,0.8766323187771965,0.26626608652227063,0.0622161403298378,0.040520953200757506,0.8501149654388428,0.2638807356357574,0.05
1425,0.07049026077284533,0.04879273222211529,0.870481880272136,0.25985419224290285,0.06328661590814591,0.04328961744904518,0.845409893989563,0.23085797727108,0.05
1426,0.07108677288188654,0.04906060393242275,0.8926567680695477,0.26199202940744515,0.06274100095033645,0.04127850420773029,0.8858271479606629,0.2520845293998718,0.05
1427,0.06950702496311244,0.04791015255100587,0.9080039262771606,0.2503366549225414,0.06361352875828744,0.042617902904748914,0.8799166560173035,0.24392918050289153,0.05
1428,0.06957172032664805,0.04792173119152293,0.8873989406753989,0.25551999491803784,0.063656984269619,0.04271070156246424,0.8526062488555908,0.24840441048145295,0.05
1429,0.07043167072183945,0.048707694472635496,0.8663756812320036,0.26120439434752746,0.06180682852864265,0.04135932456701994,0.8428897500038147,0.24037213027477264,0.05
1430,0.06980329993016579,0.04826082442613209,0.8641263562090257,0.25802425251287575,0.06382132396101951,0.04351361207664013,0.8466038227081298,0.23683343827724457,0.05
1431,0.07014171428540174,0.04834061652860221,0.8674090925384971,0.2625401432023329,0.06297306902706623,0.04089270923286677,0.8613797903060914,0.26933122873306276,0.05
1432,0.069815463222125,0.04797207728466567,0.8730003062416526,0.26226767021067005,0.06384623125195503,0.04321333989500999,0.8409601211547851,0.24446578323841095,0.05
1433,0.07035020475878435,0.04921261210213689,0.8709248164120842,0.24856690536527073,0.0625480517745018,0.04215569254010916,0.8632555842399597,0.23519608974456788,0.05
1434,0.06951541497426875,0.04821903773528688,0.8809239268302917,0.249742749859305,0.06308685094118119,0.042517661675810815,0.8576734304428101,0.2398491084575653,0.05
1435,0.06957966461777687,0.04827841699999921,0.8709771668209749,0.25182952074443593,0.06241781637072563,0.04209370519965887,0.8447299599647522,0.23753622472286223,0.05
1436,0.06998422719976481,0.048165459404973424,0.8600066689883962,0.2643740501473932,0.06251745745539665,0.04214178472757339,0.8352129220962524,0.24047090113162994,0.05
1437,0.07021893319838188,0.049046823864474016,0.8488479607245502,0.2536725980394027,0.06377076134085655,0.043108157068490985,0.8415069818496704,0.24495069086551666,0.05
1438,0.0694279539234498,0.04829723420826828,0.8715241130660561,0.24830958334838643,0.06483893170952797,0.04390849955379963,0.8599056482315064,0.24662754237651824,0.05
1439,0.0697796680033207,0.04818978653672863,0.882349315811606,0.2553277725682539,0.06372705027461052,0.042859644070267676,0.8770653486251831,0.24193506240844725,0.05
1440,0.06966955280479263,0.04725801429766066,0.9046270707074333,0.26730535486165213,0.06259412840008735,0.04215195514261723,0.892706835269928,0.23030211627483368,0.05
1441,0.07019657356774106,0.048493529943858873,0.9112507350304547,0.2518107058370815,0.06299952268600464,0.04250246565788984,0.890615975856781,0.23181796967983245,0.05
1442,0.07022147822905989,0.04844058896688854,0.9178670539575464,0.2520443928592345,0.06436858922243119,0.043181813322007656,0.8995812773704529,0.2438192754983902,0.05
1443,0.06983800013275708,0.048040559405789655,0.9156660122029922,0.25281562787645,0.06379488185048103,0.04220432695001364,0.8859214544296264,0.2546267807483673,0.05
1444,0.07033693549387596,0.048583768089027965,0.9009589903494891,0.25487154897521525,0.06330996006727219,0.04157789871096611,0.873539125919342,0.2599334120750427,0.05
1445,0.07097940804327235,0.04931555250111748,0.8960473747814403,0.25406763483496275,0.0637353591620922,0.04247808866202831,0.8725196480751037,0.2506414920091629,0.05
1446,0.07073147704496104,0.048848066369400304,0.8944453667191898,0.2587791321908726,0.06309848576784134,0.042356149293482304,0.8685362458229064,0.24113953709602357,0.05
1447,0.06933773856829195,0.04756804511827581,0.8811380933312809,0.259166238062522,0.06344070062041282,0.0419479126110673,0.8466690063476563,0.2605219542980194,0.05
1448,0.069899382398409,0.048498355400036365,0.8577194985221414,0.25647664070129395,0.06266905963420868,0.04209080953150988,0.8318307042121887,0.2451988309621811,0.05
1449,0.07050392491852536,0.049143761615542805,0.8525848108179429,0.25668631844660816,0.06593036502599717,0.044488161243498324,0.8335402846336365,0.26213600039482116,0.05
1450,0.06967238446368891,0.04854404268895879,0.8537913771236644,0.2518085486748639,0.06336268559098243,0.042358119040727615,0.8287857413291931,0.25433416068553927,0.05
1451,0.06968955169705783,0.04837692967232536,0.848780961597667,0.25649623485172496,0.06412866041064262,0.04248153381049633,0.8445101380348206,0.264040544629097,0.05
1452,0.06930067105328336,0.04799706784679609,0.868421288097606,0.2523878260570414,0.07295525819063187,0.051405302435159686,0.8441286325454712,0.26217341125011445,0.05
1453,0.07124349124291364,0.04888782496838009,0.8655876797788283,0.2739957912879832,0.06356306448578834,0.042966215126216414,0.8516588687896729,0.2416052371263504,0.05
1454,0.0708121059133726,0.049026881289832736,0.8872174620628357,0.25826097498921785,0.0633915439248085,0.04179137572646141,0.8750553727149963,0.2569922894239426,0.05
1455,0.07054255113882177,0.0486927928731722,0.9037035914028392,0.25625443984480467,0.06335855573415757,0.04324343390762806,0.8828086972236633,0.22574074268341066,0.05
1456,0.0693269670009613,0.04760719594710013,0.8971038916531731,0.2549746334552765,0.061959320306777955,0.04140857644379139,0.8650262355804443,0.2380096584558487,0.05
1457,0.07022196054458618,0.04838590685497312,0.87108893254224,0.2625032742233837,0.0631084218621254,0.04273144286125898,0.8352171778678894,0.24049613177776336,0.05
1458,0.06946202257976812,0.04846456800313557,0.8521496478249045,0.24951914654058568,0.06278454884886742,0.04208140429109335,0.8385049700737,0.24636189937591552,0.05
1459,0.0696891270139638,0.048112968092455584,0.8545043468475342,0.26062231467050667,0.06178259551525116,0.04025962259620428,0.8371222138404846,0.2630349785089493,0.05
1460,0.06955227474955951,0.04820271975853864,0.8599561978788937,0.25499986725694995,0.06254237964749336,0.041415924578905104,0.8448958396911621,0.25354992747306826,0.05
1461,0.07003685678629314,0.04858430431169622,0.8684326410293579,0.2553645214613746,0.06349910348653794,0.042620834335684775,0.8508241653442383,0.24740057587623596,0.05
1462,0.0700447237228646,0.04849936604938086,0.8685044050216675,0.2572062778122285,0.06356804370880127,0.04261818733066321,0.8456766963005066,0.24986178576946258,0.05
1463,0.07105052843689919,0.04943101579213843,0.866215821574716,0.2591470620211433,0.06697794646024705,0.041414659842848776,0.8549239754676818,0.34028095901012423,0.05
1464,0.07060951454674497,0.04866803700433058,0.8790040507036097,0.2630287470186458,0.06486872583627701,0.043126972019672395,0.8541107773780823,0.2640129208564758,0.05
1465,0.07172548727077596,0.04915096380693071,0.8890548278303707,0.27367950099356037,0.06174809038639069,0.04166660774499178,0.887934935092926,0.22404265999794007,0.05
1466,0.07074932885520599,0.04849913135609206,0.9274447069448584,0.25951499097487507,0.06309910118579865,0.04184858985245228,0.9141105771064758,0.2421881377696991,0.05
1467,0.06994271607083433,0.04771803823464057,0.9306235664031085,0.2583688471247168,0.06388432309031486,0.042643215879797934,0.9081643342971801,0.24318929612636567,0.05
1468,0.0703391478780438,0.04869701099746367,0.9166357166626874,0.24951560357037714,0.06380324959754943,0.0425955805927515,0.8889635324478149,0.24636067152023317,0.05
1469,0.07082227091578876,0.048492851612322474,0.8943607631851646,0.2677162263323279,0.06383932232856751,0.04243674837052822,0.8725927472114563,0.2535329103469849,0.05
1470,0.07080996847328018,0.04887773962143589,0.9052035808563232,0.25760384868173036,0.0641885131597519,0.04320181254297495,0.9136704325675964,0.2369999498128891,0.05
1471,0.07080038702663254,0.048331234056283444,0.9464724589796627,0.26008856734808755,0.06411693766713142,0.041471238061785695,0.9242777824401855,0.26805844008922575,0.05
1472,0.06996393357129659,0.048013604191296244,0.9418874803711387,0.25062906829749837,0.06580808982253075,0.04252415020018816,0.9117394328117371,0.2833308964967728,0.05
1473,0.06997479717521106,0.04765460333403419,0.9219765628085417,0.26200853814097014,0.06410927549004555,0.042061968520283696,0.8884395241737366,0.2632582187652588,0.05
1474,0.06972572010229616,0.04779160658226294,0.8994829304078046,0.2587856825660257,0.06260716691613197,0.04210833627730608,0.8681589245796204,0.2363447815179825,0.05
1475,0.0715917055221165,0.049889993141679204,0.883278464569765,0.25737855539602394,0.06240351125597954,0.04211128074675798,0.8607008576393127,0.23370442986488343,0.05
1476,0.06997992295552702,0.04821043593042037,0.8776513232904322,0.25985945410588207,0.06393454968929291,0.042964547500014307,0.854108738899231,0.2485783040523529,0.05
1477,0.07176900655031204,0.04959558717468206,0.8946763417300057,0.2645330884877373,0.0632095530629158,0.04222187362611294,0.8923693656921386,0.24127970039844512,0.05
1478,0.07023956407518948,0.049032607827993,0.9112447289859548,0.2418901841430103,0.0634598709642887,0.04344377890229225,0.8911230802536011,0.222097185254097,0.05
1479,0.06997203366721377,0.048538360087310564,0.8982645308270174,0.24902057121781743,0.06332159861922264,0.043187026679515836,0.868871533870697,0.2289171487092972,0.05
1480,0.07023460352245499,0.048371224280665905,0.8964277330566855,0.2579820524243748,0.06298287808895112,0.04199368916451931,0.8896144151687622,0.2418609082698822,0.05
1481,0.07029592355384547,0.0484823434449294,0.9072892210062813,0.2548137517536388,0.06265760138630867,0.04178110025823116,0.8783681035041809,0.2418563812971115,0.05
1482,0.06919938260141541,0.04761870424537098,0.8942877685322481,0.2527560144662857,0.06243155226111412,0.041979143768548964,0.8708347082138062,0.23488126695156097,0.05
1483,0.06981360233005356,0.04831973309902584,0.891494260114782,0.25157852470874786,0.06402875781059265,0.0418736957013607,0.8710404396057129,0.26889313757419586,0.05
1484,0.070019301465329,0.0488701673115001,0.8876771295771879,0.24544727188699386,0.06754980981349945,0.04566380456089973,0.8602239727973938,0.2656752973794937,0.05
1485,0.0703200036112,0.04865384868839208,0.8796487555784338,0.25739336101447835,0.0631768450140953,0.04197713937610388,0.8604032158851623,0.2519134670495987,0.05
1486,0.07037943163338829,0.04822111830991857,0.8814054061384762,0.2668851999675526,0.06345984786748886,0.041931206546723845,0.8593903660774231,0.2586947500705719,0.05
1487,0.07201456738745465,0.050243110779453724,0.8765371932702906,0.2601217031478882,0.06252832934260369,0.0427419900894165,0.8445666313171387,0.22681343853473662,0.05
1488,0.06941959546769366,0.04792580249554971,0.8649016127866858,0.2568955281201531,0.06353010311722755,0.042815177515149114,0.8475830554962158,0.24478189647197723,0.05
1489,0.06971092478317373,0.04779676884851035,0.8736455791136798,0.26355400944457336,0.06413065865635872,0.04260701928287745,0.8685510754585266,0.25676256120204927,0.05
1490,0.06993177905678749,0.047816199140951914,0.8918093162424424,0.26394975185394287,0.06452147662639618,0.04251157976686955,0.8677559494972229,0.26664676070213317,0.05
1491,0.07087456413051661,0.04911541697733542,0.8912830563152537,0.2569263218080296,0.06603140905499458,0.04372489340603351,0.8729078292846679,0.27154874205589297,0.05
1492,0.06987609232173246,0.047882795881699115,0.8917192781672758,0.2615220713264802,0.06298776492476463,0.04234254416078329,0.8654776215553284,0.23980889618396758,0.05
1493,0.06909113289678798,0.04743763190858504,0.876783591859481,0.25771329157492695,0.06282733976840973,0.041581683605909345,0.8485679388046264,0.25519950985908507,0.05
1494,0.0700605463455705,0.048328212517149305,0.8623156021623051,0.2621835505261141,0.06323961317539215,0.04216684903949499,0.8390336155891418,0.2536485195159912,0.05
1495,0.07048675023457583,0.04848948592210517,0.8621479518273297,0.2675156900111367,0.06409288123250008,0.04349483009427786,0.8587116003036499,0.2402186930179596,0.05
1496,0.07032961661324781,0.048425015609930545,0.8960646741530475,0.2588791084640166,0.0648307092487812,0.04332588240504265,0.8943332076072693,0.2512298822402954,0.05
1497,0.06968953328974106,0.04793266601422254,0.9218160720432506,0.2507741249659482,0.06335315704345704,0.04255581330507994,0.904248058795929,0.2350972592830658,0.05
1498,0.06967588777051252,0.04784520211465219,0.9193788275999182,0.25273797091315775,0.06322937458753586,0.04271704070270062,0.8930309534072876,0.2316404640674591,0.05
1499,0.0700017053853063,0.04847883893286481,0.9045250415802002,0.2495523287969477,0.06367823928594589,0.04337549079209566,0.8784033298492432,0.23037435114383698,0.05
1500,0.06961606793543872,0.048420987913713735,0.8920891600496629,0.24548375957152424,0.06315963789820671,0.04196322672069073,0.8686302304267883,0.2502022087574005,0.05
1501,0.06996664098080467,0.04849987301756354,0.8783602854784798,0.2536633014678955,0.06316164806485176,0.04334717337042093,0.8594155788421631,0.22440637350082399,0.05
1502,0.07003103766371221,0.04871144200510839,0.8845422899021822,0.24948343459297628,0.06262275651097297,0.04204192832112312,0.8709998607635498,0.23741660714149476,0.05
1503,0.07022340398500948,0.04858695376006996,0.8836042635581073,0.2560081718599095,0.0623543381690979,0.042212598398327826,0.8665571808815002,0.2295233577489853,0.05
1504,0.06972087437615675,0.048243050956550765,0.8824792504310608,0.25306061874417696,0.06342391073703765,0.04330017808824778,0.8805214166641235,0.22637032568454743,0.05
1505,0.07050196081399918,0.048214302124346006,0.9291534914689905,0.25992248864734874,0.06251702085137367,0.04142350740730762,0.9312119245529175,0.2356278896331787,0.05
1506,0.06923586962854161,0.047338278635459786,0.9528677603777718,0.24737825726761536,0.06393390521407127,0.04166259951889515,0.9285851836204528,0.25970907509326935,0.05
1507,0.07020725244108368,0.04812248456565773,0.9472379929879132,0.25224776040105257,0.06269713714718819,0.04209290836006403,0.9188642621040344,0.2283117115497589,0.05
1508,0.07090681944699849,0.04892439011703519,0.9395864781211404,0.2517312659936793,0.06381466090679169,0.042262406460940836,0.9166427493095398,0.24771657586097717,0.05
1509,0.06982374432332375,0.04833417341989629,0.9301218565772561,0.24376704061732574,0.06362973973155021,0.04167095497250557,0.9033316969871521,0.25850934982299806,0.05
1510,0.07069644134710817,0.04879304821438649,0.912899935946745,0.25548789606374855,0.06291376873850822,0.042581615038216114,0.8850714802742005,0.22962877452373504,0.05
1511,0.07035642818493001,0.04852046466925565,0.9009515362627366,0.25652897533248453,0.06261560395359993,0.041219975985586646,0.8767469525337219,0.2525631785392761,0.05
1512,0.06962303203694961,0.04745686613023281,0.8872757869608262,0.2658681475064334,0.06299357488751411,0.042877915874123575,0.8609722495079041,0.23011874854564668,0.05
1513,0.06999309930731268,0.04848174739848165,0.8745584207422593,0.255315346752896,0.06282868646085263,0.042559832148253915,0.864785885810852,0.23241990506649018,0.05
1514,0.0706715055686586,0.04861400440773543,0.9028469709789052,0.2605806256041807,0.06311340034008026,0.04143469128757715,0.8885459780693055,0.25586498379707334,0.05
1515,0.07040724333594828,0.048586728927843714,0.9067080266335431,0.25506867818972645,0.06369001194834709,0.04297403730452061,0.8755226016044617,0.23921499252319336,0.05
1516,0.07026659960255903,0.048636958331746215,0.8899890219464022,0.2545950167319354,0.06261440366506577,0.042016027681529525,0.8593470215797424,0.2400981068611145,0.05
1517,0.06972629576921463,0.048305943060447186,0.872667487929849,0.2538735489634907,0.06363714709877968,0.04350914284586906,0.8485841035842896,0.2328432559967041,0.05
1518,0.07013392536079183,0.04848734727677177,0.859381822978749,0.26105519340318795,0.0628831434994936,0.04192442027851939,0.8364050507545471,0.2518934547901154,0.05
1519,0.07016398757696152,0.048519123564748204,0.8611401564934674,0.2606692436863394,0.06271475106477738,0.042369676567614076,0.8493664622306824,0.23702822625637054,0.05
1520,0.06994737575159353,0.04829347769127173,0.8759010749704698,0.2578977802220513,0.06435807794332504,0.04159628786146641,0.8636901021003723,0.2824977546930313,0.05
1521,0.07018590784248184,0.048037095324081534,0.9098745829918805,0.26100136953241687,0.06352801769971847,0.042226867750287056,0.9035458922386169,0.24531384706497192,0.05
1522,0.0693202570957296,0.04787139276809552,0.9214335294330821,0.2446905733907924,0.06270541325211525,0.042291253432631494,0.8955253839492798,0.22917812168598176,0.05
1523,0.07009475809686325,0.04804695945452241,0.9109631601501914,0.2587633588734795,0.06288902163505554,0.04292649030685425,0.880864942073822,0.22307761311531066,0.05
1524,0.07026589508442317,0.04837869085809764,0.9060746781966266,0.25652915064026327,0.06289631649851798,0.04178900457918644,0.888861334323883,0.24437397718429565,0.05
1525,0.06977251172065735,0.0480864890577162,0.9048939838128931,0.2527416532530504,0.06573039665818214,0.04491417333483696,0.8821542620658874,0.2398936003446579,0.05
1526,0.070460474009023,0.04836420813465819,0.9141156217631172,0.2591021981309442,0.06306302398443223,0.04259305018931627,0.9064137935638428,0.22811673879623412,0.05
1527,0.07089985622202649,0.048711920047507566,0.9381239870015312,0.25613389470997977,0.0629238098859787,0.04269492253661156,0.9228565573692322,0.22000640630722046,0.05
1528,0.0704718192710596,0.048334408113185096,0.9473280591123244,0.2532826039720984,0.06515642404556274,0.04256941098719835,0.9254556179046631,0.26664910316467283,0.05
1529,0.0704595054335454,0.048331970129819476,0.9483465096529793,0.25288143403389873,0.06347821354866028,0.042306322045624255,0.9079691767692566,0.24184401333332062,0.05
1530,0.06936609482063967,0.04753398018724778,0.9180388310376335,0.2530345215516932,0.06447853818535805,0.0427726274356246,0.8847509145736694,0.25716799795627593,0.05
1531,0.06953289995298666,0.048247749533723384,0.8971753506099477,0.24626793405588934,0.06247358173131943,0.0413264337927103,0.8660955905914307,0.24972388446331023,0.05
1532,0.07059571146965027,0.049153024769004655,0.8716836747001199,0.25451699951115775,0.06263181939721107,0.0428507374599576,0.8379295587539672,0.22803571224212646,0.05
1533,0.07068053808282404,0.04893220468040775,0.8675791691331303,0.2614508262451957,0.06434380114078522,0.04375097379088402,0.8669179558753968,0.23847295641899108,0.05
1534,0.0705454467850573,0.04875503863920184,0.9111797949847054,0.2535722027806675,0.062308473885059355,0.04094758648425341,0.9002239108085632,0.2471729874610901,0.05
1535,0.07028083678554087,0.04812184359659167,0.9233673179850859,0.2585064032498528,0.06317908689379692,0.04223172068595886,0.891688871383667,0.2406095176935196,0.05
1536,0.07093400376684525,0.04895567872068461,0.9129381249932682,0.2569788659320158,0.06389862671494484,0.04269981635734439,0.8836010813713073,0.24725600183010102,0.05
1537,0.06955888319541426,0.04781750633436091,0.9033342354437884,0.25416069083354054,0.06270038560032845,0.04128872621804476,0.8772666573524475,0.252779883146286,0.05
1538,0.06960056853644989,0.048100157476523346,0.8943656367414138,0.25113508017624125,0.0645898424088955,0.044229503720998764,0.869019603729248,0.23340283930301667,0.05
1539,0.0703201401321327,0.04864227936110076,0.8837394153370577,0.2568093319149578,0.06351334005594253,0.04235733505338431,0.8538999557495117,0.2523401141166687,0.05
1540,0.06955297313192312,0.047819854362922555,0.8618940956452313,0.2622835303054136,0.06311246603727341,0.04270861856639385,0.8389265656471252,0.2402916133403778,0.05
1541,0.07052923563648672,0.049113994135576135,0.8626752390581018,0.2557697787004359,0.062306832149624826,0.04197857361286879,0.8451003909111023,0.23754509389400483,0.05
1542,0.06959297003991463,0.04846654525574516,0.8630798178560594,0.24991253631956437,0.062092828750610354,0.0423018217086792,0.8417374610900878,0.22747264206409454,0.05
1543,0.07050205000183161,0.049183333402170855,0.8555143230101642,0.25527145231471343,0.06288663297891617,0.04212501440197229,0.84706209897995,0.24581995308399202,0.05
1544,0.07063722741954467,0.04882250024991877,0.8759230971336365,0.26110990783747506,0.06253480985760689,0.04241631105542183,0.8504814028739929,0.2322737008333206,0.05
1545,0.06945717794930234,0.04798702534069033,0.8609340786933899,0.2572162125040503,0.06253812089562416,0.04232090413570404,0.8315483212471009,0.2380346655845642,0.05
1546,0.07021201467689346,0.04850712484296631,0.854992901577669,0.26309923652340383,0.06232355907559395,0.04262387212365866,0.8446701884269714,0.2250596970319748,0.05
1547,0.07098255569443983,0.048684394096626955,0.874669050469118,0.2710294486845241,0.06297487467527389,0.042043862491846086,0.8692580103874207,0.2447686642408371,0.05
1548,0.06953305882566116,0.048280780587126225,0.8991600976270788,0.24521353402558496,0.06260623410344124,0.04224638435989618,0.8792059063911438,0.23135579824447633,0.05
1549,0.07060587318504558,0.04897881364997696,0.8998584466822007,0.2525695124093224,0.06895555779337884,0.04455824159085751,0.8748827338218689,0.31296980679035186,0.05
1550,0.07018832073492162,0.048512277576853245,0.9023422668961918,0.2530524204759037,0.06307511776685715,0.04297975711524486,0.8813478589057923,0.22563765943050385,0.05
1551,0.0699780837577932,0.048187641098218804,0.9084658692864811,0.2541156753021128,0.06283587738871574,0.04173516407608986,0.8861152052879333,0.2447912335395813,0.05
1552,0.07005617964793653,0.04852714170427883,0.9069271017523373,0.24919533554245443,0.06347311437129974,0.042979291453957555,0.8783158302307129,0.23421331346035004,0.05
1553,0.06938301969100447,0.04796602226355497,0.9109458011739394,0.2461508135585224,0.06481554657220841,0.043861095979809764,0.8944316744804383,0.2402026653289795,0.05
1554,0.07032587664092288,0.04887422667268444,0.9181660659172955,0.24539978363934686,0.062312380969524385,0.04168071700260043,0.884920620918274,0.23564915657043456,0.05
1555,0.07074426026905284,0.04898477510056075,0.9117104376063627,0.252847605768372,0.06282047927379608,0.0423438522964716,0.8926353812217712,0.2310054838657379,0.05
1556,0.07022082433104515,0.04871538029435803,0.9157758600571576,0.2469536863705691,0.06263292953372002,0.04178397171199322,0.8887448072433471,0.23923023641109467,0.05
1557,0.07008821539142553,0.04810521620161393,0.9112382531166077,0.25741233720498924,0.06467946320772171,0.042541456036269666,0.8844351053237915,0.26587313413619995,0.05
1558,0.07030806821935318,0.048462473184746856,0.9054912258596981,0.2558136582374573,0.06264579445123672,0.0423261372372508,0.88019278049469,0.23035457730293274,0.05
1559,0.06894571334123611,0.04751191375886693,0.8910442590713501,0.2504671373788048,0.062487465888261796,0.04225713387131691,0.858137571811676,0.23297911286354064,0.05
1560,0.06957574495497872,0.04799313306370202,0.8772204097579507,0.256208136677742,0.06437605768442153,0.043495384976267815,0.8582831621170044,0.24595682322978973,0.05
1561,0.06925341245882652,0.04808294882669168,0.8761624834116768,0.24817675965673783,0.06527982130646706,0.04379187822341919,0.8572806119918823,0.25830269455909727,0.05
1562,0.07016096570912529,0.048688490162877476,0.8749537643264321,0.2544587578843622,0.06243992149829865,0.04229834321886301,0.8535228371620178,0.23212698996067047,0.05
1563,0.07013874588643804,0.04845864698290825,0.8897974526180941,0.25564250174690695,0.06273214146494865,0.04218750093132258,0.8779409408569336,0.23530462384223938,0.05
1564,0.0700007219086675,0.04839552949894877,0.9020847117199617,0.2516869008541107,0.0631792664527893,0.04349794518202543,0.8746514797210694,0.21869612336158753,0.05
1565,0.07006480457151637,0.04862288812942365,0.9001724825185888,0.24880383295171402,0.06359052211046219,0.04313711002469063,0.8712336897850037,0.23482151329517365,0.05
1566,0.07011724460650892,0.048364637529148775,0.8950909376144409,0.2560339473626193,0.06337930560112,0.04301018603146076,0.8699482917785645,0.23339269459247589,0.05
1567,0.0696261779350393,0.04809233349035768,0.8942280692212722,0.2518312554149067,0.06436237171292306,0.04330663606524467,0.872899878025055,0.2465347468852997,0.05
1568,0.06957434512236539,0.04807926856857889,0.8890615947106305,0.2520892365890391,0.06327087953686714,0.04320448264479637,0.8622874855995178,0.2288704663515091,0.05
1569,0.06937325154157246,0.048368431079913586,0.8809309531660641,0.24391021798638737,0.06203799620270729,0.04207364767789841,0.8619533896446228,0.22689628303050996,0.05
1570,0.06999766738975749,0.04844773363541154,0.8829324525945327,0.2544121926321703,0.061886582523584366,0.042102718539535997,0.8547354698181152,0.2247302085161209,0.05
1571,0.06920220461838386,0.0478517817442908,0.8680932697127847,0.25338979153072133,0.06310215070843697,0.04240927565842867,0.8426330804824829,0.24533087015151978,0.05
1572,0.06919709220528603,0.047506614752552086,0.8675032959264868,0.260308860855944,0.06288405135273933,0.04332351088523865,0.8481282114982605,0.2215851664543152,0.05
1573,0.07036322223789551,0.04885232218486421,0.8743211171206307,0.25535378473646503,0.06393321380019187,0.043290093168616296,0.85239337682724,0.24238373339176178,0.05
1574,0.0703268108122489,0.048898424514952826,0.8777057879111346,0.2530265634550768,0.06340642124414445,0.043240129947662354,0.858823299407959,0.23156115412712097,0.05
1575,0.06925452303360491,0.04792918023817679,0.8725439765874077,0.2519980730379329,0.06227227821946144,0.042695673555135726,0.8440566778182983,0.2227207452058792,0.05
1576,0.07012155673959676,0.04900136513306814,0.8623976321781383,0.2499243257676854,0.06409929245710373,0.0436571042984724,0.8387535333633422,0.24109304547309876,0.05
1577,0.06943828634479467,0.04836927924086066,0.85898598502664,0.24958296207820668,0.0639786697924137,0.04236964583396911,0.8371289968490601,0.2647546499967575,0.05
1578,0.07067012764951762,0.049356133950983774,0.8568670013371635,0.2549064808032092,0.06331265866756439,0.04309419989585876,0.8325047373771668,0.23786824345588684,0.05
1579,0.07008606085882467,0.049207004554131455,0.8522806272787207,0.24712502255159266,0.06556671485304832,0.04386430773884058,0.8290130734443665,0.2682455539703369,0.05
1580,0.06926818652188077,0.04797447494724218,0.8516653250245487,0.25554117998656106,0.06422976478934288,0.044228470884263515,0.8300617694854736,0.23401354849338532,0.05
1581,0.07018036110436215,0.049012566752293533,0.852884548551896,0.2527789894272299,0.06352901458740234,0.043384547159075734,0.8400142669677735,0.2348864883184433,0.05
1582,0.07094723117702148,0.04934359747259056,0.8608098275521222,0.2599107097176945,0.06259208247065544,0.04243655912578106,0.830746078491211,0.23696123361587523,0.05
1583,0.07111342580002897,0.04962224053109393,0.85787393766291,0.2582489103078842,0.06314415410161019,0.0426029508933425,0.8438376784324646,0.24205654859542847,0.05
1584,0.0703509428045329,0.04884085223516997,0.8799828711678,0.25420525845359354,0.0630616895854473,0.04281800426542759,0.864024555683136,0.23206881582736968,0.05
1585,0.07008857718285393,0.04850793246398954,0.8848914083312539,0.2546345994752996,0.06386199668049812,0.043056901171803476,0.8539348483085633,0.2453149676322937,0.05
1586,0.06966155197690516,0.04793874700279797,0.8754257068914526,0.25937094758538637,0.062483809888362885,0.042469240725040436,0.8529643654823303,0.22969848811626434,0.05
1587,0.07072601248236264,0.04908767737009946,0.8697989197338328,0.25880691146149354,0.06283090636134148,0.04313800148665905,0.8465381860733032,0.2245504677295685,0.05
1588,0.07005870035466026,0.048608748242259026,0.8677918209749109,0.2554406602593029,0.06346122995018959,0.04303795862942934,0.8516539573669434,0.23813461363315583,0.05
1589,0.06979731470346451,0.048206635696046496,0.8814094627604765,0.2555316870703417,0.06278214529156685,0.04217388536781073,0.8620720982551575,0.23975079655647277,0.05
1590,0.0709221494548461,0.04907919148750165,0.8873882994932287,0.2593814774471171,0.062325211614370345,0.04263187870383263,0.865517544746399,0.22076316177845,0.05
1591,0.06976041307344157,0.04773992902654059,0.8788653997813954,0.26463661299032326,0.06417162418365478,0.042872234061360356,0.8458784580230713,0.25681212842464446,0.05
1592,0.06966959071509979,0.04857443919514909,0.861364574993358,0.24963010935222402,0.0630138136446476,0.04250729139894247,0.8368172645568848,0.2427670031785965,0.05
1593,0.06983253491275451,0.048514743280761385,0.8553207867285785,0.2552916740669924,0.06279634609818459,0.0420475447550416,0.8290962219238281,0.24915677607059478,0.05
1594,0.07083995180094943,0.04943424770060707,0.8622157012715059,0.2556709305328481,0.0634898878633976,0.0427584758028388,0.8604025363922119,0.24254773259162904,0.05
1595,0.07143217040335431,0.04973983227768365,0.8854049724691054,0.25676578108002157,0.06266500726342202,0.042552392557263376,0.8749111294746399,0.22727006077766418,0.05
1596,0.0703906629453687,0.049013271270429384,0.9069098584792193,0.24616585584247813,0.06344487369060517,0.042755503207445145,0.8872350573539733,0.23634041249752044,0.05
1597,0.07038669266244944,0.04911102792795967,0.9050982419182273,0.24449365191599903,0.06265878789126873,0.041904484108090403,0.8765222668647766,0.23978163301944733,0.05
1598,0.07003421183018123,0.04866976882604992,0.8944103612619287,0.24840679238824284,0.06255456134676933,0.0414435938000679,0.8753005027770996,0.24715925753116608,0.05
1599,0.06980245713801946,0.048136919846429545,0.8958695145214305,0.2541368419633192,0.06350375115871429,0.043190383724868296,0.8714184284210205,0.2319836676120758,0.05
1600,0.06927353472394102,0.04785643539884511,0.8911663328900057,0.2501087328966926,0.06385459080338478,0.041915012337267396,0.8655535101890564,0.26568084955215454,0.05
1601,0.06963316044386696,0.047628954381627196,0.9008443916545195,0.2599152694730198,0.06386611387133598,0.04266151376068592,0.8914394736289978,0.24580411314964296,0.05
1602,0.07110731610480477,0.04853596236995038,0.9258810421999764,0.2662508890909307,0.0648399718105793,0.04373413007706404,0.8998763203620911,0.24214157164096833,0.05
1603,0.06966503709554672,0.04759576160679845,0.9298596592510447,0.25541356468901916,0.06268697082996369,0.04225759692490101,0.9061803936958313,0.22735142409801484,0.05
1604,0.06959404555313728,0.04818541797644952,0.9215139466173509,0.24386977360529058,0.06278103142976761,0.042162380553781985,0.8896275877952575,0.23444752395153046,0.05
1605,0.07031725916792364,0.04822141983929802,0.8941732364542344,0.2630821352495867,0.06301145777106285,0.04273924231529236,0.8723477125167847,0.23097477555274964,0.05
1606,0.07064178936621722,0.04911126064903596,0.8889829761841718,0.25281395631677966,0.06280787661671638,0.042285284213721755,0.8636663913726806,0.2377185821533203,0.05
1607,0.06977889664909419,0.0489288880763685,0.879978193956263,0.24100452310898723,0.06268930062651634,0.04213042836636305,0.8562315583229065,0.2399311602115631,0.05
1608,0.0699899001594852,0.048352478072047234,0.8707675793591667,0.2585949240361943,0.062012863159179685,0.042136936262249944,0.8470662951469421,0.22810525000095366,0.05
1609,0.06973373999490458,0.04815723034827148,0.8624254991026485,0.2590450802270104,0.06245909333229065,0.042325399816036224,0.840420949459076,0.23458971679210663,0.05
1610,0.06966717848006417,0.04839820710613447,0.8654280234785641,0.25229382339645834,0.06493768617510795,0.04318156912922859,0.8494765520095825,0.26522702276706694,0.05
1611,0.06983892860658028,0.048592089730150556,0.8663533014409682,0.2516661067219341,0.06281259730458259,0.04274837840348482,0.8414048910140991,0.2330033928155899,0.05
1612,0.07033234988065327,0.04843838304719504,0.8686673290589276,0.2641458993448931,0.06225924864411354,0.042343130335211754,0.8682674288749694,0.22466887533664703,0.05
1613,0.06925458767834831,0.04789418014971649,0.8986233963685877,0.24748348225565517,0.06294218227267265,0.04256785828620195,0.8894442439079284,0.2295976012945175,0.05
1614,0.06985156632521573,0.04841566710349392,0.9141024912104887,0.24589748592937694,0.06220520511269569,0.04172475505620241,0.8908399820327759,0.23144102096557617,0.05
1615,0.0692756857503863,0.04777137343497837,0.9024508770774392,0.24959604442119598,0.062347622215747835,0.04168856311589479,0.8730347156524658,0.2385742336511612,0.05
1616,0.07009453457944534,0.04844677097657148,0.8873263246872846,0.2554900146582547,0.06778367832303048,0.04424540102481842,0.861638879776001,0.2984377324581146,0.05
1617,0.07115588468663833,0.04920830884400536,0.8963417235542747,0.25968317249241996,0.06280438825488091,0.04242833219468593,0.8822793006896973,0.2310652643442154,0.05
1618,0.06975164023392341,0.04779888601864085,0.8960729486802045,0.2598404971992268,0.06281955987215042,0.04234746731817722,0.861906099319458,0.2370606243610382,0.05
1619,0.0696612793733092,0.04828385548556552,0.8781343663440031,0.25192160203176384,0.06218268051743507,0.042292139306664464,0.8563171744346618,0.2265474021434784,0.05
1620,0.07056161542149152,0.04897442613454426,0.8786851272863501,0.25600675361997943,0.06401366293430329,0.042994022741913794,0.8615629434585571,0.24808021783828735,0.05
1621,0.07045678312287611,0.04877568781375885,0.8871655113556806,0.2561887940939735,0.06313232630491257,0.04162730667740107,0.860755181312561,0.25794934630393984,0.05
1622,0.06966611940194578,0.0479614606455845,0.884721857659957,0.25714880052734823,0.06326592415571212,0.04257254041731358,0.8666818857192993,0.24053130745887757,0.05
1623,0.06945856419556282,0.0476568813490517,0.8868822841083303,0.25865719160612893,0.06435813382267952,0.04330155774950981,0.858414626121521,0.24944861233234406,0.05
1624,0.07164146532030667,0.05011575554004487,0.8741517978556016,0.2556838384445976,0.06333421021699906,0.042796569690108296,0.8377971291542053,0.24319336116313933,0.05
1625,0.07003358904929723,0.048185883966438914,0.8505724598379696,0.26683961643892173,0.06485486477613449,0.04496986363083124,0.8170426726341248,0.23429147899150848,0.05
1626,0.0701898706748205,0.048965292927973414,0.838363040896023,0.2568189852377948,0.06315721422433854,0.042496177926659585,0.8348418951034546,0.246252378821373,0.05
1627,0.06940531927873106,0.048348910120480204,0.8724034709088943,0.24664748240919673,0.06384544596076011,0.0432294063270092,0.858479917049408,0.24062479734420777,0.05
1628,0.06984756711651297,0.048117045093985164,0.8789412133833941,0.25882219917633953,0.06278976872563362,0.04186496054753661,0.852304470539093,0.2480352431535721,0.05
1629,0.07012971534448512,0.04850327760419425,0.8962309640996596,0.2532825557624592,0.06309419721364976,0.04174698144197464,0.8759703636169434,0.25175024271011354,0.05
1630,0.06989467582281898,0.04770918026128236,0.9057491526884192,0.26256008095601024,0.06300459355115891,0.04184308089315891,0.8800342321395874,0.2472233772277832,0.05
1631,0.07163290285012301,0.04935812950134277,0.9046805395799524,0.26455936449415546,0.0639589823782444,0.04278053026646376,0.8737357020378113,0.2488219380378723,0.05
1632,0.07041352483279564,0.04854439746807603,0.8856886239612803,0.26024481215897727,0.06325800642371178,0.042865975946187976,0.8558757543563843,0.23666549026966094,0.05
1633,0.0699940615278833,0.048943484859431494,0.8735155883957358,0.2463084117454641,0.06379374712705613,0.04169470015913248,0.8440602898597718,0.27316886782646177,0.05
1634,0.07031919851022608,0.04845188514274709,0.8735306894077974,0.2626401159693213,0.06286562830209733,0.042847662791609765,0.8624662280082702,0.22786607444286347,0.05
1635,0.06926404158858691,0.047645716873161936,0.8816393122953528,0.2560386219445397,0.06294889152050018,0.041172458045184615,0.8643762230873108,0.2626534253358841,0.05
1636,0.06973680853843689,0.04837011359632015,0.8789199590682983,0.2515499004546334,0.06392786353826523,0.043332033604383466,0.8474293351173401,0.2424307346343994,0.05
1637,0.07112103591070455,0.04931855179807719,0.8604677600019118,0.26395611903246713,0.0631424568593502,0.04218152295798063,0.8491027355194092,0.24939814507961272,0.05
1638,0.06977649471339058,0.04843532162554124,0.8695250188603121,0.25291846517254324,0.0638826072216034,0.04347546044737101,0.8507012724876404,0.2380026787519455,0.05
1639,0.06953143942005494,0.048624476527466494,0.8658294817980599,0.24497336938100703,0.06309244483709335,0.042501801252365114,0.8379010915756225,0.2442326158285141,0.05
1640,0.06919841709382393,0.04741694811074173,0.8573950774529401,0.26415035917478447,0.0644442930817604,0.0445552546530962,0.8465093970298767,0.22847890257835388,0.05
1641,0.06931242631638751,0.04823771119117737,0.8639825056580936,0.24869780242443085,0.06268944442272187,0.04156602583825588,0.8465419054031372,0.25316004157066346,0.05
1642,0.06959914832430728,0.04776288897675626,0.8950485587120056,0.2577154732802335,0.06261762976646423,0.04130665920674801,0.9028014659881591,0.24565910696983337,0.05
1643,0.07057798127917682,0.048452919349074364,0.9358944787698633,0.25532233627403483,0.06294526159763336,0.04251851923763752,0.9172118782997132,0.2250924676656723,0.05
1644,0.06960352247252184,0.04771374867242925,0.932357553173514,0.25132397343130675,0.06349823027849197,0.0427469564601779,0.9025554299354553,0.23451437950134277,0.05
1645,0.06996191950405345,0.048078725443166846,0.9139083062901217,0.25488221733009114,0.06271991580724716,0.04223877396434546,0.8808656096458435,0.23344975113868713,0.05
1646,0.0693075889173676,0.04776057622888509,0.8940710705869338,0.2521260512225768,0.06288171857595444,0.04238768629729748,0.8724227547645569,0.23539610505104064,0.05
1647,0.07073312515721601,0.04923046643243117,0.8901896266376271,0.25201522515100594,0.06344335600733757,0.04256787002086639,0.8639711737632751,0.24471546113491058,0.05
1648,0.06912133141475565,0.04755192326710505,0.884753802243401,0.2544374106561436,0.06355717778205872,0.04284343384206295,0.8785627603530883,0.23856231272220613,0.05
1649,0.06945794667391215,0.04756172669722753,0.9024819731712341,0.25742799744886513,0.06454515233635902,0.0437870554625988,0.8802993297576904,0.23910206854343413,0.05
1650,0.06952162875848658,0.04789997166132226,0.8936963186544531,0.25369388215682087,0.06324641108512878,0.04190102554857731,0.868070101737976,0.2532936930656433,0.05
1651,0.06882741017376676,0.04739984464557732,0.8803828674204209,0.2524747436537462,0.06206710711121559,0.0409258846193552,0.8580137252807617,0.25122166275978086,0.05
1652,0.06993008010527667,0.04839648985687424,0.8799975514411926,0.2546722871415755,0.06378204002976418,0.043326002359390256,0.857702660560608,0.23758021593093873,0.05
1653,0.07006842708762955,0.048122076975072134,0.8897963937591103,0.26096770780927997,0.06331735178828239,0.04189047273248434,0.8908454060554505,0.2503684967756271,0.05
1654,0.07148660938529407,0.049133438726558405,0.9203810376279494,0.2629871946923873,0.0633178099989891,0.0420295337215066,0.9151709794998169,0.24273133873939515,0.05
1655,0.07019621944602798,0.04833853189997813,0.9375045159283806,0.24965285641305587,0.06415260806679726,0.04337509125471115,0.9242099642753601,0.2307083547115326,0.05
1656,0.0708564397166757,0.04858462172834312,0.9372634677325978,0.2579836740213282,0.06348368227481842,0.04310724027454853,0.9250085830688477,0.22252711951732634,0.05
1657,0.07135889788760859,0.049387146444881666,0.9706504169632407,0.24530494826681473,0.06432851925492286,0.042994190379977225,0.9559322476387024,0.23550012111663818,0.05
1658,0.07091822365627569,0.04871754709850339,0.9850588686325971,0.24700175839311936,0.06389957815408706,0.04266198463737965,0.9516337037086486,0.2344250947237015,0.05
1659,0.07088163407409892,0.048440687248812,0.9792331071460948,0.2529723276110256,0.06344710513949395,0.04268725775182247,0.9523896336555481,0.22471905648708343,0.05
1660,0.07095469622051015,0.04866180338842027,0.9812605310888851,0.24960575033636653,0.06258441433310509,0.04180421624332666,0.9529099941253663,0.22502200305461884,0.05
1661,0.07079030441887238,0.04856034970897086,0.9752455914721769,0.24954999457387364,0.06313796192407609,0.04185814075171947,0.9365684866905213,0.2382826954126358,0.05
1662,0.07160705065026003,0.0495250026750214,0.9567630922093111,0.25028835061718435,0.06344796270132065,0.04268624112010002,0.9191434144973755,0.23140575885772705,0.05
1663,0.06998360332320719,0.04808770547456601,0.9352426213376662,0.2508694424348719,0.06348859891295433,0.04310915581882,0.8987414002418518,0.2278406023979187,0.05
1664,0.06952555981629036,0.04787251802490038,0.9087829204166636,0.2513042635777417,0.06354207247495651,0.04208168350160122,0.8805115699768067,0.2531054675579071,0.05
1665,0.06983054867562126,0.048224379911142236,0.8983892973731545,0.2524455216001062,0.06393424645066262,0.04329230841249228,0.8769215106964111,0.23745446503162385,0.05
1666,0.07011155499254956,0.04858675533357788,0.9012634789242464,0.25024329651804533,0.0637956827878952,0.04291637539863587,0.8733680248260498,0.24291255474090576,0.05
1667,0.06929792923962369,0.04791749465991469,0.891186377581428,0.24937141467543208,0.06331583634018897,0.04314486421644688,0.8658275842666626,0.2302539110183716,0.05
1668,0.06895002065336003,0.0474386973416104,0.8819725022596472,0.25383197209414315,0.06283868849277496,0.04132207669317722,0.8562336802482605,0.25908553302288057,0.05
1669,0.06993202492594719,0.04846201179658666,0.8784759149831884,0.25370507994118857,0.06332467868924141,0.04278258495032787,0.8554864287376404,0.239744570851326,0.05
1670,0.07027038800365784,0.04901031273252824,0.8742913112920874,0.2503432280877057,0.06276637017726898,0.04314003735780716,0.850816285610199,0.22236339151859283,0.05
1671,0.0701628187123467,0.04854292510186925,0.8686418322955861,0.25866951136028066,0.06273490861058235,0.04243549667298794,0.8583573222160339,0.23431681096553802,0.05
1672,0.06947656720876694,0.0478087774313548,0.8834809766096228,0.2566596068003598,0.062236437946558,0.04211147539317608,0.8635230422019958,0.2297946333885193,0.05
1673,0.06996091893490623,0.0489368316005258,0.8846653945305768,0.2435486781246522,0.06326547786593437,0.042585970088839534,0.8591948032379151,0.2417511910200119,0.05
1674,0.07098354618338977,0.04964084989007782,0.8837787929703208,0.250098153072245,0.0639524631202221,0.04407868757843971,0.8583190560340881,0.22581171691417695,0.05
1675,0.07038780959213481,0.048926858231425285,0.8843332529067993,0.25235238495995016,0.06288152262568474,0.041774332895874976,0.8650793552398681,0.24912793338298797,0.05
1676,0.06978650938938646,0.04807992925977006,0.8824520181207096,0.2576411980039933,0.0623529352247715,0.04186903648078442,0.8550128698348999,0.238675457239151,0.05
1677,0.06982813994674121,0.04801678350743126,0.8773422521703383,0.2607586971100639,0.06280950456857681,0.042788238264620304,0.8506980895996094,0.23028571605682374,0.05
1678,0.06953840374070056,0.048028113210902494,0.8642503794501809,0.257355718051686,0.06314266622066497,0.04320499263703823,0.8327720642089844,0.23219907581806182,0.05
1679,0.06966409065267619,0.04821701698443469,0.8637082471567041,0.25619982358287363,0.06269148588180543,0.04191948063671589,0.8533141136169433,0.24477728605270385,0.05
1680,0.07022174820303917,0.04887103059274309,0.8804653532364789,0.25092127305619855,0.06384341493248939,0.04343024455010891,0.8798269987106323,0.2322980135679245,0.05
1681,0.06979487682966624,0.04869419632150846,0.9108006813946892,0.23985346187563503,0.06318653374910355,0.042602550610899924,0.8952695846557617,0.23262572288513184,0.05
1682,0.07069770531619296,0.04853977668373024,0.9130325562813703,0.2605520513127832,0.06334588527679444,0.04210739256814122,0.8851536631584167,0.24773909747600556,0.05
1683,0.0700186526074129,0.04792086801984731,0.9132989820312051,0.25929590709069195,0.06286798194050788,0.04155581947416067,0.8985806822776794,0.24652709066867828,0.05
1684,0.06954529662342633,0.04757570343859056,0.9183856038486257,0.255714748712147,0.0630639910697937,0.04243010990321636,0.888116717338562,0.23505427837371826,0.05
1685,0.0691847257754382,0.047362112933221984,0.9036594313733718,0.2557203568079892,0.06208809912204742,0.04182189311832189,0.8734625101089477,0.23063161075115204,0.05
1686,0.0706226952812251,0.049163563176989555,0.8883697250310112,0.2515086961143157,0.06334972083568573,0.04317572228610515,0.8621716976165772,0.2310456156730652,0.05
1687,0.07016847742831006,0.048316593117573685,0.8861913610907162,0.2597993997966542,0.06368200704455376,0.04249974247068167,0.8645541191101074,0.2507344394922256,0.05
1688,0.06982970719828326,0.0484628199654467,0.8828126577770009,0.2507752066149431,0.06310130357742309,0.042935986630618574,0.8590406537055969,0.23149817287921906,0.05
1689,0.0691597494570648,0.04721367786474088,0.8806124434751623,0.2627989456934087,0.06229002922773361,0.04083211980760097,0.861635160446167,0.25683115124702455,0.05
1690,0.07034440470092437,0.0488648504457053,0.8882509960847742,0.25194087712203755,0.06401154026389122,0.04225555453449488,0.8843152403831482,0.2582566440105438,0.05
1691,0.07062645212692373,0.04825529719100279,0.932335871107438,0.26095594465732574,0.06185712963342667,0.04069409668445587,0.9129297018051148,0.24067474603652955,0.05
1692,0.06991605964653633,0.04801368132671889,0.9475515274440541,0.24853728185681737,0.06274734586477279,0.0416297297924757,0.9270975947380066,0.23693283498287201,0.05
1693,0.0703930357361541,0.0479451047585291,0.9540306189480949,0.2581524866468766,0.06336246505379677,0.041709221340715884,0.9209718942642212,0.2488705188035965,0.05
1694,0.06988390622770085,0.0475117830450044,0.9323442052392399,0.26097363584181843,0.06368376538157464,0.04295008163899183,0.8966234564781189,0.23534900248050689,0.05
1695,0.0696173728827168,0.04821001760223333,0.9115363499697517,0.2458398140528623,0.06363343819975853,0.04257691819220781,0.8805094957351685,0.2450285166501999,0.05
1696,0.07044532982742086,0.04835130975526922,0.9000680797240314,0.26186678427107196,0.062142941355705264,0.04104689732193947,0.8742914795875549,0.24706259667873381,0.05
1697,0.06983492808306918,0.04837021845228532,0.896638316266677,0.24996652585618637,0.0633791983127594,0.04203037600964308,0.8698762893676758,0.2530011773109436,0.05
1698,0.06979967872886096,0.04805875032701913,0.891434090978959,0.2565317688619389,0.06277021542191505,0.0419745285063982,0.8676853895187377,0.24237662851810454,0.05
1699,0.06950905831421123,0.048062722582150906,0.8829683906891767,0.25233303799348716,0.06305765137076377,0.04249114170670509,0.8596201181411743,0.23940614759922027,0.05
1700,0.06954342455548398,0.04799377085531459,0.8746753299937529,0.2560580346514197,0.06310495808720588,0.04192023016512394,0.8544064283370971,0.25281326174736024,0.05
1701,0.06969550755970619,0.04835393137353308,0.8726897625362172,0.2522935884840348,0.06215755566954613,0.04218808226287365,0.8599895477294922,0.22739156186580659,0.05
1702,0.06950511980582685,0.047788433182765454,0.8880233238725102,0.25672906374230103,0.06411793529987335,0.04227929394692183,0.8712504267692566,0.2625227391719818,0.05
1703,0.07016889729044017,0.04862217407892732,0.873051850234761,0.2563241045264637,0.0637178897857666,0.04348412994295359,0.8351777911186218,0.23763964474201202,0.05
1704,0.06924367454998634,0.048048363998532295,0.850117728990667,0.25388264831374674,0.06240945346653461,0.042295197024941444,0.8329881429672241,0.23568752110004426,0.05
1705,0.06991615979110494,0.048402069465202445,0.8499399704091689,0.2602938019177493,0.06270580291748047,0.04184937216341496,0.8389552354812622,0.2493375539779663,0.05
1706,0.07003309796838199,0.04842095307129271,0.8717685552204356,0.257889185758198,0.06340579465031623,0.04191787242889404,0.8664628863334656,0.2564658999443054,0.05
1707,0.06999396094504524,0.048324388287523216,0.892282808528227,0.2549348990706837,0.06440180987119674,0.044063483364880085,0.877595329284668,0.2312474638223648,0.05
1708,0.07054206290665795,0.048986480516545916,0.8935266172184664,0.2524063289165497,0.06503250673413277,0.04377739205956459,0.8639846086502075,0.2523053914308548,0.05
1709,0.06921751139795079,0.04775118017021347,0.8768399673349717,0.25395864335929647,0.06428300514817238,0.04247805960476399,0.8572421073913574,0.2646504998207092,0.05
1710,0.07028269745847758,0.04864502566702226,0.8910956978797913,0.2545343076481539,0.0637712799012661,0.04301693551242351,0.8933740615844726,0.23641204535961152,0.05
1711,0.07059310179422884,0.04849595182082232,0.9435711713398204,0.253228774842094,0.06572011485695839,0.04399086982011795,0.9326992750167846,0.24804506301879883,0.05
1712,0.07053291863378357,0.047868565491893715,0.9573847756666296,0.2618100914885016,0.0632297158241272,0.04126551505178213,0.9316050171852112,0.2529630273580551,0.05
1713,0.06947882122853223,0.04737304326365976,0.956890625112197,0.25073745408478904,0.06301562488079071,0.04194528385996819,0.9296924710273743,0.23546833097934722,0.05
1714,0.06974069752237376,0.04716578657355379,0.9467436531010796,0.2621494794593138,0.06271040290594102,0.04220554921776056,0.920136833190918,0.22606971561908723,0.05
1715,0.06929555403835633,0.04745540559730109,0.9312908929937026,0.250544795218636,0.06304941773414612,0.042465290799736974,0.8999958157539367,0.23168332278728485,0.05
1716,0.07003925894113149,0.04794799821341739,0.9128807677942163,0.25924905345720406,0.062479985505342485,0.04144286029040813,0.8835572957992553,0.24403104782104493,0.05
1717,0.06935489440665525,0.04792397644589929,0.8917874658808989,0.2502608570982428,0.06263710558414459,0.04235035255551338,0.8644958376884461,0.23283591866493225,0.05
1718,0.06973882633097031,0.0479622446000576,0.9006573908469256,0.2554001746808781,0.06400768905878067,0.04139088504016399,0.8879773497581482,0.27474056780338285,0.05
1719,0.06985345154124148,0.04805254530819023,0.9069453653167275,0.25462903432986317,0.06361536085605621,0.04311861246824265,0.8774260878562927,0.23444973826408386,0.05
1720,0.06994053173591108,0.04809467604055124,0.8934292933520149,0.2582312506787917,0.06341578215360641,0.04213883904740214,0.8619607567787171,0.2531467109918594,0.05
1721,0.06940699478282648,0.047574126106851244,0.8777231188381419,0.2611127443173352,0.06253095865249633,0.04213054031133652,0.8650972723960877,0.23498894274234772,0.05
1722,0.06952895947238978,0.047905625008484894,0.9016439213472254,0.2521379213122761,0.06262067258358002,0.041349693574011324,0.8861499428749084,0.2481895864009857,0.05
1723,0.07046139349832255,0.048590850085020065,0.902933352133807,0.25682419450844035,0.062443279474973676,0.04142144042998552,0.8894404530525207,0.24254872798919677,0.05
1724,0.0713032153161133,0.04920419787659364,0.9095124567256254,0.2600778595489614,0.062314142286777494,0.04062904231250286,0.8887608766555786,0.25594981014728546,0.05
1725,0.06993510793237125,0.04791300743818283,0.8925101651864893,0.26194000770063963,0.0628286398947239,0.04287313483655453,0.8668100476264954,0.22574814260005951,0.05
1726,0.06986198815352776,0.04810923798119321,0.88037889845231,0.2589792267364614,0.06270162835717201,0.04201026521623134,0.8802631735801697,0.23777464032173157,0.05
1727,0.07020978629589081,0.04904715026564458,0.9065559786908767,0.2419415458160288,0.06358380317687988,0.04271487444639206,0.8936252355575561,0.2386535257101059,0.05
1728,0.07020494122715558,0.0486272809040897,0.915499704725602,0.24845328138155096,0.06311134099960328,0.041480797715485095,0.9035544991493225,0.2518999606370926,0.05
1729,0.06991626935846665,0.047834419042748565,0.9230839224422679,0.25702023944434,0.06413231939077377,0.04215988721698523,0.9060980558395386,0.2582290083169937,0.05
1730,0.06980851862360449,0.047450915855519915,0.9304463793249691,0.26106277897077446,0.06251955851912498,0.04080056138336659,0.9108887672424316,0.2522021919488907,0.05
1731,0.06939667594783447,0.047429698793327105,0.919872431194081,0.2553650605327943,0.06263395100831985,0.04165723584592342,0.883551049232483,0.24282412528991698,0.05
1732,0.07027648257858612,0.049033853499328386,0.8872593360788682,0.24740074487293467,0.06217832192778587,0.04129908876493573,0.8642187714576721,0.244740891456604,0.05
1733,0.06993936966447269,0.04851379114038804,0.8787181798149558,0.2527679204940796,0.06306340843439102,0.042688104510307315,0.8641980648040771,0.23466650843620301,0.05
1734,0.06968608739621499,0.04799337849459227,0.8837257869103375,0.25710901442696066,0.06220804527401924,0.04176926556974649,0.8836943745613098,0.23203669488430023,0.05
1735,0.06971142112332232,0.047969430685043335,0.9147097573560827,0.2518978820127599,0.06272584348917007,0.041799070313572884,0.8957550764083863,0.23938442766666412,0.05
1736,0.06941659617073395,0.047785738921340776,0.9257778911029592,0.247461579301778,0.06258989423513413,0.0419991472736001,0.9092257261276245,0.22996975779533385,0.05
1737,0.06925024420899503,0.0474367241429932,0.9269879074657664,0.25087283201077404,0.06362021714448929,0.04237525332719087,0.8958392024040223,0.2457314431667328,0.05
1738,0.06997678319320959,0.048028858159394824,0.9134860634803772,0.25626127421855927,0.06300190091133118,0.04296618327498436,0.8910440444946289,0.22250555455684662,0.05
1739,0.06997015217647833,0.04841847849242827,0.9091822259566363,0.24919704917599173,0.0626161627471447,0.04205701388418674,0.8911853790283203,0.23294591307640075,0.05
1740,0.06979504337205607,0.04808632788412711,0.908167796976426,0.25254072950166817,0.06305534094572067,0.04303390271961689,0.8796096324920655,0.22450684309005736,0.05
1741,0.06913063960040317,0.04795759598560193,0.8901410944321576,0.24543267225517945,0.06397125869989395,0.042813165858387944,0.8708673477172851,0.24898843169212342,0.05
1742,0.07011111014906098,0.04853483640095767,0.8909192961805007,0.253341621335815,0.06424915939569473,0.043480193987488744,0.8672454357147217,0.24193024933338164,0.05
1743,0.06971689839573468,0.04762823211357874,0.8884511099142187,0.2640831032220055,0.06344670653343201,0.04157012216746807,0.8735845208168029,0.262814798951149,0.05
1744,0.06966979998876066,0.04813508437398602,0.8927421675008886,0.2521458732731202,0.06282922178506851,0.041799255274236204,0.8712908744812011,0.24634114801883697,0.05
1745,0.07034510330242269,0.04838197722154505,0.8869832473642686,0.2618658630286946,0.062471214681863785,0.041535346582531926,0.8614707350730896,0.2464231878519058,0.05
1746,0.06989684744792826,0.048315681517124176,0.8727381019031301,0.257075689294759,0.06357225105166435,0.04358690846711397,0.8426968455314636,0.2311674624681473,0.05
1747,0.07035132935818504,0.04825948474600034,0.8586774503483492,0.2701013806988211,0.06328246518969535,0.04323105998337269,0.864900016784668,0.22804808616638184,0.05
1748,0.07031186911113121,0.048741188886411047,0.9253509535508997,0.2463434215854196,0.06319784894585609,0.04255139268934727,0.9256328105926513,0.2278026133775711,0.05
1749,0.07029361168251318,0.04812598666724037,0.9591720945694867,0.25151808209279003,0.06429786458611489,0.04262424726039171,0.9280987620353699,0.2478525757789612,0.05
1750,0.07052736050065826,0.04859276828082169,0.9507432054070866,0.24854319323511684,0.06385528445243835,0.04238543603569269,0.9187837719917298,0.24564020931720734,0.05
1751,0.07081672614988159,0.048998180557699764,0.9358825964086196,0.24919438011506023,0.06410538628697396,0.04391014017164707,0.89826819896698,0.22425128221511842,0.05
1752,0.06964443492538788,0.04787600237657042,0.9159760545281803,0.2521734299028621,0.06323153153061867,0.04340047873556614,0.8869864821434021,0.2192237615585327,0.05
1753,0.06989481694558088,0.04842174973557977,0.9174163446706884,0.2459780933225856,0.06325314939022064,0.04207876585423946,0.9111669301986695,0.24125429689884187,0.05
1754,0.07029237970709801,0.04875086258877726,0.9415206032640794,0.2425262086531695,0.06277505606412888,0.042122704721987245,0.9160025596618653,0.22984650135040283,0.05
1755,0.07046082309063743,0.04860383754267412,0.9343469177975374,0.2502703403725344,0.06340941712260247,0.04298540633171797,0.887573516368866,0.230965518951416,0.05
1756,0.06959777741747744,0.04796808191082057,0.9017164987676284,0.2522505968809128,0.06240897253155708,0.042322241514921186,0.868024468421936,0.22812970876693725,0.05
1757,0.06958842124132548,0.04777221578885527,0.8949881932314705,0.2573264775907292,0.06212241798639297,0.04210951142013073,0.8727183699607849,0.22571446001529694,0.05
1758,0.06907313010271858,0.047792436774162686,0.8968040908084196,0.24625305393162897,0.06279224008321763,0.04208599291741848,0.8674536228179932,0.24063425064086913,0.05
1759,0.06983576539684744,0.0484188980258563,0.8779719401808346,0.252742952283691,0.06327939033508301,0.04326123036444187,0.8377705454826355,0.2328090786933899,0.05
1760,0.07026657703168251,0.04858191530494129,0.8584558998837191,0.26200204649392295,0.0626087799668312,0.04287347365170717,0.8450379014015198,0.22569850385189055,0.05
1761,0.06990720112534131,0.04828585235073286,0.882209020502427,0.25598518725703745,0.06523970738053322,0.044885622709989546,0.8621900916099549,0.23464369475841523,0.05
1762,0.07112118886674151,0.04877646366024718,0.8985144811518052,0.2671916055328706,0.06273134797811508,0.041642110981047156,0.87591952085495,0.2466008335351944,0.05
1763,0.06967795399181984,0.04804207800942309,0.905257547602934,0.25166600416688356,0.06293185129761696,0.04270517732948065,0.8749527335166931,0.22954294085502625,0.05
1764,0.07023951586555033,0.04806079573052771,0.9024814227048088,0.26307813735569224,0.06301840245723725,0.04293365813791752,0.8725257873535156,0.22718975245952605,0.05
1765,0.0699504269834827,0.04797619559309062,0.8969287030837115,0.2600988807047115,0.06390167027711868,0.043395521119236946,0.866950273513794,0.2367329478263855,0.05
1766,0.06930751572636996,0.04796666202738004,0.8825508917079252,0.2503069148344152,0.06423700675368309,0.04398195445537567,0.8478326797485352,0.2355344772338867,0.05
1767,0.0714946947991848,0.04979744783657439,0.8683282136917114,0.26027929169290204,0.06323301494121551,0.04304864443838596,0.8454733252525329,0.23459275662899018,0.05
1768,0.06974832253421054,0.048281068311018104,0.8664112511803123,0.2560628521091798,0.06287412419915199,0.04242229294031859,0.8424108862876892,0.24055444300174714,0.05
1769,0.06933897843255717,0.04815192191916354,0.8615313382709727,0.251434862613678,0.06269859001040459,0.043214952759444716,0.8417498707771301,0.22132281959056854,0.05
1770,0.06920040223528356,0.04821049947949017,0.8639618473894456,0.24700569317621343,0.0630633570253849,0.043356312438845634,0.8439058899879456,0.22535968124866484,0.05
1771,0.06948658582918785,0.04839530379018363,0.8611715085366193,0.24959134617272546,0.06296002864837646,0.04294079709798097,0.8365440845489502,0.23307582139968872,0.05
1772,0.07034485809066716,0.04906098467900472,0.8577796781764311,0.2541215139276841,0.0631006933748722,0.04157533664256334,0.8292276382446289,0.26466161012649536,0.05
1773,0.06945476089330281,0.04816134854712907,0.8650030879413381,0.252867629422861,0.06287601217627525,0.043760172463953494,0.8551929473876954,0.21127817630767823,0.05
1774,0.07008932903409004,0.04895632757860072,0.8884984605452594,0.24496031946995678,0.06372143998742104,0.04298403654247522,0.8816214680671692,0.23842379748821257,0.05
1775,0.06947294447351904,0.04821085349163588,0.900150411269244,0.24521175377509175,0.064056196808815,0.0423781530931592,0.8710623502731323,0.2593484133481979,0.05
1776,0.06989764509832158,0.0481950871865539,0.8796147528816672,0.25812820476644177,0.06314534023404121,0.04309631958603859,0.8475887537002563,0.2314626842737198,0.05
1777,0.07033227186869173,0.0491209173684611,0.8625472538611468,0.2517176463323481,0.06304310634732246,0.042830214649438855,0.8399780869483948,0.23626220226287842,0.05
1778,0.06960179832051783,0.04821538432117771,0.8604783871594597,0.2556326003635631,0.06563244685530663,0.044665075838565826,0.8435536384582519,0.2506367087364197,0.05
1779,0.06994449018555529,0.04806156774215838,0.8750370425336501,0.2626510376439375,0.06320124641060829,0.04110010508447885,0.8748573184013366,0.26705137491226194,0.05
1780,0.0709367585094536,0.049015262547661274,0.9105976504438064,0.2563103770508486,0.06339355856180191,0.043288320675492285,0.9039146184921265,0.22132182717323304,0.05
1781,0.07050063833594322,0.04873498540152522,0.933920400984147,0.2485289784038768,0.06331881061196327,0.042551543191075326,0.919125235080719,0.23152033388614654,0.05
1782,0.0699545274324277,0.04776403373655151,0.9511545475791482,0.2535789757966995,0.06343997418880462,0.04291276764124632,0.9297524809837341,0.22459363639354707,0.05
1783,0.07045715105007677,0.04791895716505892,0.9537840520634371,0.26000707640367393,0.06293491348624229,0.04255703426897526,0.9285079121589661,0.22185603380203248,0.05
1784,0.07045477278092328,0.0482971082058023,0.9571467322461745,0.25172392673352184,0.06424403861165047,0.04243649300187826,0.9362768530845642,0.24889553785324098,0.05
1785,0.07032743688015376,0.04816618222085869,0.9605357261265025,0.251117971013574,0.06338913068175316,0.04278351254761219,0.9408498406410217,0.22394238412380219,0.05
1786,0.0701708103365758,0.048026388839763755,0.963432045543895,0.2502020045238383,0.06240751519799233,0.04186153337359429,0.9284121751785278,0.2252371907234192,0.05
1787,0.07019850567859762,0.048268265693503266,0.9436175262226778,0.24988130173262427,0.06285496801137924,0.042573309317231176,0.9014541625976562,0.22534233033657075,0.05
1788,0.06961728588623159,0.04796796664595604,0.9128097225637997,0.25042446395930124,0.0671375758945942,0.04351926296949386,0.8801724314689636,0.2963317632675171,0.05
1789,0.07000266475712552,0.04846634288482806,0.898229248383466,0.25108059802476096,0.06335225105285644,0.043205412849783895,0.8715320229530334,0.2286303758621216,0.05
1790,0.06940286716117579,0.04775999037220197,0.890505008837756,0.25475654093658223,0.06309002190828324,0.04202888496220112,0.8625282287597656,0.2487170934677124,0.05
1791,0.07077880532425992,0.04900555345503723,0.8828171246192035,0.2589016171062694,0.06332361623644829,0.04287261590361595,0.8734271287918091,0.2343345284461975,0.05
1792,0.0702087550478823,0.04844442283844247,0.9086923318750718,0.25354818824459524,0.06293901801109314,0.042877436615526676,0.8903740406036377,0.22315682768821715,0.05
1793,0.07002715678776011,0.048228284124942386,0.9187933767543119,0.25221877588945274,0.06299934983253479,0.042238529212772845,0.8902719736099243,0.2371620088815689,0.05
1794,0.07014860563418444,0.04783842230544371,0.9152349443996654,0.2631566708578783,0.063103137165308,0.04234278704971075,0.8853032946586609,0.23814634680747987,0.05
1795,0.06951771369751762,0.047464061199742204,0.9054800131741692,0.2599770461811739,0.06444690823554992,0.04302987121045589,0.871437156200409,0.2540533572435379,0.05
1796,0.07048038305605159,0.04882003783303149,0.8907752001986784,0.2550518644206664,0.06296992599964142,0.0425786005333066,0.863915991783142,0.2350432902574539,0.05
1797,0.06928127741112429,0.047777594231507355,0.8925102598526898,0.2515716394957374,0.06204995736479759,0.04164218530058861,0.8733232736587524,0.2334907829761505,0.05
1798,0.06930723413825035,0.04776289938565563,0.8898651038899141,0.25291366173940544,0.06316690295934677,0.042638062685728076,0.8629294395446777,0.23799090683460236,0.05
1799,0.06975340010488734,0.04789954182856223,0.890049159526825,0.2590673171422061,0.062332946062088015,0.04164298214018345,0.874299430847168,0.23893939554691315,0.05
1800,0.06981193252346095,0.047973132199224305,0.8963407067691579,0.25750786767286415,0.06344082430005074,0.0421900849789381,0.8696859121322632,0.25107758939266206,0.05
1801,0.06927035069640945,0.047474299174021274,0.887372588410097,0.25844652775455923,0.0628322146832943,0.04218138791620731,0.8644246935844422,0.24013157188892365,0.05
1802,0.07087253450470812,0.04902846059378456,0.8892143894644344,0.2590386201353634,0.06222743168473244,0.041509710066020486,0.8975199341773987,0.23485044836997987,0.05
1803,0.06952097595614545,0.04734822811887545,0.9495539209421944,0.253544197363012,0.06360935866832733,0.042820186167955396,0.9371460676193237,0.22835425436496734,0.05
1804,0.07094680013902047,0.04853056250687908,0.9626519434592303,0.25579436211025014,0.06362710148096085,0.042229817062616345,0.9345257520675659,0.24104053080081939,0.05
1805,0.07016551122069359,0.047772994045825565,0.9603701794848722,0.2557763001498054,0.06220761016011238,0.04153668470680714,0.9308796167373657,0.22724258601665498,0.05
1806,0.0701189777430366,0.04780807373497416,0.9585435776149526,0.254509357845082,0.06265346333384514,0.04139972422271967,0.9313936114311219,0.23879604041576385,0.05
1807,0.07023888607235516,0.04806763558265041,0.961583740570966,0.25110825808609233,0.06332927122712136,0.04237280413508415,0.966797149181366,0.2257699191570282,0.05
1808,0.07024877102059476,0.047232823008123564,1.0016693367677576,0.2599850840428296,0.06315813735127448,0.04161008410155773,0.9778780341148376,0.23538547158241271,0.05
1809,0.07023035230882027,0.047664218746563965,0.9914655264686135,0.2530295656007879,0.06350587010383606,0.04219448957592249,0.9606433272361755,0.234098944067955,0.05
1810,0.07034945400322185,0.04792912129093619,0.9751222449190476,0.25338221122236815,0.06262319311499595,0.04123755674809217,0.9501634359359741,0.237680059671402,0.05
1811,0.07049162116120844,0.048101913183927536,0.9691085815429688,0.2539724207976285,0.06275748163461685,0.04127988629043102,0.9500238299369812,0.23954716920852662,0.05
1812,0.06965727819239392,0.0475395408404224,0.9646350495955524,0.24942774281782262,0.0633569210767746,0.040492922998964787,0.941660487651825,0.26894783675670625,0.05
1813,0.06927499810562414,0.0472406313261565,0.9514417753500097,0.2503989750848097,0.06251896768808365,0.040896468237042426,0.9257452607154846,0.2473009318113327,0.05
1814,0.0700460915618083,0.04764764054733164,0.9486870976055369,0.2582315881462658,0.06242091655731201,0.041220958903431894,0.9312528729438782,0.23774856328964233,0.05
1815,0.06989477487171397,0.04776942401247866,0.9461232774397906,0.2532823629239026,0.06238854080438614,0.041603962890803814,0.9202946424484253,0.23163264393806457,0.05
1816,0.06958080784362905,0.04740629049346728,0.9313557042795069,0.25721922078553366,0.06252542659640312,0.041087604127824306,0.906997811794281,0.24735687375068666,0.05
1817,0.06992164166534648,0.04746604908038588,0.9155938309781692,0.26599307270611033,0.06281314715743065,0.04139727987349033,0.8880992650985717,0.25069751143455504,0.05
1818,0.06989828957354322,0.04814882171066368,0.9036967193379122,0.25425000927027536,0.06363519877195359,0.04209597241133452,0.8798011779785156,0.2548242896795273,0.05
1819,0.06918157900080961,0.04712097478263518,0.891462340074427,0.262919619679451,0.06384171918034554,0.04202677495777607,0.8721683025360107,0.2618652284145355,0.05
1820,0.07028068361036918,0.047774542451781386,0.8908544638577629,0.2719519217224682,0.06196171715855599,0.04061159957200289,0.878669536113739,0.2512684494256973,0.05
1821,0.0693847317905987,0.04733638049048536,0.9036245521377114,0.26024213433265686,0.062365589290857316,0.04104855563491583,0.8856897950172424,0.24920271039009095,0.05
1822,0.06898791189579402,0.047052274403326655,0.903044630499447,0.2581038168248008,0.06345613375306129,0.042292042076587676,0.8821783542633057,0.24684614539146424,0.05
1823,0.06961490871275172,0.04756119310417596,0.8931293697918162,0.2624484510982738,0.06232587322592735,0.041290527954697606,0.8674706816673279,0.24721274077892302,0.05
1824,0.06966986923533328,0.04777881667456206,0.8925864205640905,0.2593037731507245,0.06393417045474052,0.04240649454295635,0.8793091297149658,0.25469172894954684,0.05
1825,0.06987329156083219,0.047728882773834115,0.8959348236813265,0.2637011873371461,0.06304979249835015,0.041474869661033156,0.8826239347457886,0.25497367680072786,0.05
1826,0.0695151125683504,0.047914460520533955,0.901306268046884,0.25175177963340983,0.0628514401614666,0.0416647981852293,0.8858188152313232,0.2465690404176712,0.05
1827,0.0706886528607677,0.04849157307077857,0.9115615592283361,0.2616292878108866,0.06302805691957473,0.04227195139974356,0.9057321190834046,0.23397564589977266,0.05
1828,0.06998486159478917,0.04790382963769576,0.9232147581437055,0.25697769312297597,0.06287639737129211,0.04219221249222756,0.9124449253082275,0.23119468986988068,0.05
1829,0.06951979613479446,0.04779088288983878,0.925280914587133,0.24952208908165202,0.06346682906150818,0.04159309156239033,0.9051306247711182,0.2564486861228943,0.05
1830,0.07001055294976515,0.047827728859641976,0.9144111030242023,0.26077427145312815,0.06262559592723846,0.04133829716593027,0.8965243220329284,0.24644109904766082,0.05
1831,0.07122579348437927,0.04914156599518131,0.911668952773599,0.25935079770929675,0.06254026964306832,0.04157187920063734,0.9078877091407775,0.23779022991657256,0.05
1832,0.06979957726948402,0.047531449619461506,0.9320227959576775,0.25895800923599915,0.062121903896331786,0.04129530601203442,0.9186314105987549,0.23280565142631532,0.05
1833,0.06898277230999049,0.04747701556805302,0.9321902709848741,0.24367706740603728,0.06264000162482261,0.041169459000229836,0.9129434704780579,0.24682213366031647,0.05
1834,0.06971716179567225,0.0476426981827792,0.9283306773971108,0.25582312310443206,0.06271662637591362,0.04122804068028927,0.9038957834243775,0.2489925891160965,0.05
1835,0.06979213129071628,0.04768590519533438,0.915669279939988,0.25899064803824706,0.06356887444853783,0.04177143815904856,0.8869510531425476,0.25855851769447324,0.05
1836,0.0701903025893604,0.04767973994945779,0.9199241469888126,0.2662264231373282,0.06194094344973564,0.0409560564905405,0.9083765029907227,0.23802247941493987,0.05
1837,0.07111643079449148,0.0481345199925058,0.937558065442478,0.27212662293630485,0.06445516869425774,0.041871194168925284,0.9075081467628479,0.2701778709888458,0.05
1838,0.06947570447536076,0.04693328622071182,0.9324054402463576,0.2643672622301999,0.06370915696024895,0.041884190402925014,0.9219937205314637,0.2521005868911743,0.05
1839,0.07114230468869209,0.048032443751307094,0.9437794054255766,0.2734413506353603,0.0634072482585907,0.04104650355875492,0.9121915340423584,0.2647765755653381,0.05
1840,0.0698731999625178,0.047837335725917536,0.9220861862687504,0.25630005142268014,0.06664062142372132,0.044373676925897595,0.8918302536010743,0.26697282791137694,0.05
1841,0.07156688719987869,0.049327050719191044,0.9086317700498244,0.26307038875187144,0.06405018717050552,0.041685316152870654,0.8902506709098816,0.26924726366996765,0.05
1842,0.07020501135026708,0.04811376223669333,0.9193602625061484,0.2579529276665519,0.06353803277015686,0.04192254096269608,0.9021997332572937,0.25186993181705475,0.05
1843,0.07150654845377978,0.04853153732769629,0.9129284199546365,0.2769145264345057,0.06247170120477676,0.04068914838135242,0.8824874639511109,0.25915356874465945,0.05
1844,0.07008224397021182,0.04764251597225666,0.8904842418782851,0.2706977269228767,0.06733572408556938,0.04508949853479862,0.8653125166893005,0.27186199724674226,0.05
1845,0.07284286749713562,0.049923638758413935,0.8809602050220265,0.282192522112061,0.06446604579687118,0.042722387984395024,0.8563905000686646,0.26359509229660033,0.05
1846,0.07042097497512312,0.048332818948170715,0.8791544612716226,0.26593223652418924,0.06408739611506462,0.04225289598107338,0.8623862266540527,0.2642127275466919,0.05
1847,0.07020076123230598,0.04780584836707396,0.9040809869766235,0.2670820372946122,0.06242275163531304,0.041611267067492005,0.9046388387680053,0.2353018969297409,0.05
1848,0.06940017333802055,0.047294441172305274,0.9187893376630896,0.2583567789372276,0.0633376806974411,0.042000390402972695,0.9000988245010376,0.24672605991363525,0.05
1849,0.06961866446277674,0.047759738805539464,0.906664087491877,0.2558457167709575,0.06356661096215248,0.04226032830774784,0.8804001212120056,0.2500456154346466,0.05
1850,0.07019194390843897,0.04817553669871653,0.8802466708071092,0.26427881945582,0.06392483226954937,0.04276326783001423,0.8620355606079102,0.2508241981267929,0.05
1851,0.06907208154306692,0.047419501358971876,0.8720793618875391,0.2586357050082263,0.0633289322257042,0.04171158485114575,0.8623308539390564,0.2598807752132416,0.05
1852,0.07126809437485303,0.04921450706965783,0.8663307253052207,0.2678056157687131,0.06241295412182808,0.04140098635107279,0.8695199012756347,0.24633539617061614,0.05
1853,0.06918524512473274,0.046865250367452115,0.9083404926692739,0.2647318200153463,0.06297642290592194,0.041324812546372415,0.901971697807312,0.2526378363370895,0.05
1854,0.06979252025485039,0.04784403796143392,0.9080218602629269,0.25736528897986694,0.06317220404744148,0.04222583156079054,0.8825119256973266,0.24242508709430693,0.05
1855,0.0704300958005821,0.04839012256878264,0.8908355481484357,0.2626323778839672,0.06274192184209823,0.040129406936466695,0.8707847356796264,0.27809332609176635,0.05
1856,0.06965503688244258,0.047691832132199234,0.8817095546161428,0.2629221739137874,0.06627332866191864,0.04287146143615246,0.8619864463806153,0.29564004838466645,0.05
1857,0.06947186150971581,0.047483928830308074,0.8671657372923458,0.2663254921927172,0.06334150061011315,0.04084438309073448,0.8491395592689515,0.2801144450902939,0.05
1858,0.07013246000689619,0.04824630039579728,0.8561045106719521,0.26650229709989887,0.06317474395036697,0.04255144540220499,0.8387216091156006,0.2447216123342514,0.05
1859,0.06959915643229204,0.04795003671418218,0.8801866454236648,0.25694506308611703,0.0623620480298996,0.040512476302683356,0.8809014797210694,0.26081115305423735,0.05
1860,0.06991160398020464,0.04775907055420034,0.899690196794622,0.2631126098773059,0.06370173171162605,0.04213243145495653,0.8787515997886658,0.2556356579065323,0.05
1861,0.07154739998719271,0.049138995216173285,0.8960737480836756,0.2689533470308079,0.06268839463591576,0.04036738770082593,0.878124451637268,0.2707952409982681,0.05
1862,0.06994889632743947,0.04795333162388381,0.8934148935710683,0.261228299316238,0.0627041295170784,0.04173043221235275,0.8727458000183106,0.24492477774620056,0.05
1863,0.06909150674062617,0.04745434104081463,0.8815774146248313,0.2564278420280008,0.06214431747794151,0.04079836178570986,0.8610761284828186,0.2547038793563843,0.05
1864,0.07006922079359784,0.04764445553369382,0.8750291606959175,0.27348946560831633,0.0626933753490448,0.0422569589689374,0.8731132030487061,0.2341057240962982,0.05
1865,0.07099238059976522,0.04880577402518076,0.904023875208462,0.2629273525055717,0.06349919587373734,0.042634972184896466,0.8987082600593567,0.2375428110361099,0.05
1866,0.07063970166970701,0.04867156912737033,0.9159660725032582,0.2561694173251881,0.0634781040251255,0.04258850328624249,0.8990252256393433,0.23798699975013732,0.05
1867,0.0706544647760251,0.0483242726939566,0.9168869292034822,0.2632264416007435,0.06198651343584061,0.04104227926582098,0.8986090779304504,0.2391628712415695,0.05
1868,0.07071903041180443,0.04870173850041978,0.9116314193781685,0.2580195437459385,0.06402318328619003,0.04270520433783531,0.884961724281311,0.24936722815036774,0.05
1869,0.07033547255046227,0.048399940571364236,0.8972764470997978,0.25925532421645,0.0620840385556221,0.04047055207192898,0.8770415306091308,0.25686136782169344,0.05
1870,0.07034995209644823,0.04806529960649855,0.8935000475715188,0.2669930396711125,0.06234760507941246,0.04105951599776745,0.8923547387123107,0.24729081392288207,0.05
1871,0.07004442942493103,0.047988955479334384,0.9182120561599731,0.2574670516392764,0.061931031942367556,0.04064238872379065,0.9079531073570252,0.24418228566646577,0.05
1872,0.06971204368507161,0.047682067160220706,0.9174433525870828,0.2571108542820987,0.06276262924075127,0.042165504209697245,0.8971956968307495,0.23250338137149812,0.05
1873,0.0693091044531149,0.0475876250249498,0.9019620173117694,0.25403718562687144,0.06350236982107163,0.04181425217539072,0.8861253738403321,0.25653729140758513,0.05
1874,0.069479010780068,0.047434149090858066,0.9076333326451919,0.25937054613057303,0.06289320960640907,0.04068464487791061,0.9088458299636841,0.2624021261930466,0.05
1875,0.06937398279414457,0.04701973486910848,0.9306442562271567,0.26095611207625447,0.06256265640258789,0.04185908380895853,0.9154760718345643,0.23097627162933348,0.05
1876,0.06900635186363668,0.04650587117409005,0.9230823797338149,0.26539313705528483,0.062497105449438095,0.0416405575349927,0.9059828639030456,0.2359343498945236,0.05
1877,0.0696397268158548,0.047386071480372376,0.9189074880936566,0.26129158191821156,0.06311199069023132,0.041100529953837395,0.9039600014686584,0.25943723320961,0.05
1878,0.06934540039476227,0.04727958087973735,0.922461095978232,0.25682416996535135,0.06242046803236008,0.04116960000246763,0.9111716151237488,0.2427830219268799,0.05
1879,0.07013091247747927,0.04780095289735233,0.9247325343244216,0.26165268088088317,0.061646636575460434,0.04068080317229032,0.9024676084518433,0.23882317245006562,0.05
1880,0.06950719676473562,0.047381012645714427,0.911765547359691,0.2601705701912151,0.061514753848314285,0.040730145387351514,0.8897605776786804,0.23774008452892303,0.05
1881,0.0693690542350797,0.04743722125011332,0.8957496741238762,0.25948673574363484,0.06259006708860397,0.04229707270860672,0.8643633723258972,0.2329872101545334,0.05
1882,0.07125771330559955,0.04932836037786568,0.8742096914964563,0.26374512823189006,0.06375184655189514,0.0422769196331501,0.8815863609313965,0.253181254863739,0.05
1883,0.06887979049454718,0.04712734081070213,0.9108729081995347,0.25287441383389864,0.0622856467962265,0.040757624059915544,0.9070414781570435,0.24915215373039246,0.05
1884,0.07025307592223673,0.04795699183116941,0.9220305505920859,0.2615155770498164,0.0624102808535099,0.04062822312116623,0.9065227389335633,0.25433664619922636,0.05
1885,0.07004562458571266,0.04803939547170611,0.9245790488579694,0.25520877014188204,0.062301166355609894,0.04137666113674641,0.9070210456848145,0.2370859056711197,0.05
1886,0.07044383182245142,0.048263437498141736,0.9236290840541616,0.2588820606470108,0.06316753551363945,0.041762464493513105,0.9043920636177063,0.24722303152084352,0.05
1887,0.06927623950383242,0.04712828029604519,0.9192741057452034,0.2591043684412451,0.06340885609388351,0.04256245456635952,0.8964123010635376,0.23764558434486388,0.05
1888,0.07057399434201858,0.0478912866948282,0.9102115245426402,0.27161184303900776,0.06275249272584915,0.04139525257050991,0.8829389691352845,0.25055697560310364,0.05
1889,0.07012024565654643,0.04823680386385497,0.9049299990429598,0.25668282193296094,0.06203712001442909,0.04019266031682491,0.898068630695343,0.25727548599243166,0.05
1890,0.0694134524639915,0.047451992135714084,0.9159311932675979,0.2560429634416805,0.062262754142284396,0.04111159946769476,0.8926481962203979,0.24449345767498015,0.05
1891,0.06992161997100886,0.04811610522515634,0.9034630901673261,0.2554176712737364,0.062357868254184726,0.041581346467137334,0.8780896902084351,0.23991247713565828,0.05
1892,0.07068871049319997,0.04854064478593714,0.8899988216512343,0.2649615591063219,0.06236569285392761,0.041945379599928855,0.8733532667160034,0.23373562693595887,0.05
1893,0.07128473217873012,0.049054600407972056,0.8895733531783608,0.2666879646918353,0.062133584171533585,0.04107633456587791,0.8816974759101868,0.24480548202991487,0.05
1894,0.06966144328608233,0.04744018756729715,0.9038800001144409,0.26364912793916817,0.06372167095541954,0.0420479491353035,0.8930395364761352,0.2548665463924408,0.05
1895,0.0703279980841805,0.04804229561020346,0.9101635287789738,0.2636813433731304,0.062086956948041915,0.040487304143607614,0.8895908832550049,0.2540748566389084,0.05
1896,0.06999020322280772,0.04741357727085843,0.900840633055743,0.27136438559083376,0.06297562345862388,0.040259968303143975,0.8766416311264038,0.27898481786251067,0.05
1897,0.06945622449412066,0.04761946453329395,0.886855802115272,0.2593640395823647,0.06282928511500359,0.042194041050970556,0.8647376537322998,0.23975731134414674,0.05
1898,0.07031663112780627,0.047866267097346926,0.8854945126701804,0.27190836124560414,0.062019307911396024,0.039875039272010325,0.8960397958755493,0.26367741227149966,0.05
1899,0.07019993991536252,0.04753522048978245,0.9333022131639368,0.2666339602540521,0.07217949628829956,0.045982290804386136,0.9172119617462158,0.3405016899108887,0.05
1900,0.07053443285472252,0.047445945660857594,0.9412969631307265,0.2735103798263213,0.06327225863933564,0.041256147995591165,0.923913550376892,0.2555395156145096,0.05
1901,0.06984508936019505,0.047324257190613186,0.941442962955026,0.2621280498364392,0.06250293403863907,0.0414921622723341,0.9197489619255066,0.2362656444311142,0.05
1902,0.07120425823856802,0.048718323492828536,0.9323572341133567,0.2632472436217701,0.06198210567235947,0.04082375094294548,0.9077798247337341,0.24161112010478974,0.05
1903,0.07052380021880655,0.04812157548525754,0.9190239310264587,0.26423971793230844,0.0617351159453392,0.04027042854577303,0.8953224420547485,0.25022928416728973,0.05
1904,0.0698929538621622,0.04768674064646749,0.9186541648472056,0.2603934486122692,0.06252222359180451,0.04076102748513222,0.9085050821304321,0.2535229206085205,0.05
1905,0.07074617287691902,0.04815577682765091,0.9422717865775613,0.2633535774315105,0.06336246430873871,0.04129300229251385,0.923695170879364,0.25665020644664766,0.05
1906,0.07013721260077813,0.04832278739880113,0.9385337794528288,0.24858174078604756,0.06802616044878959,0.040760626271367076,0.914858877658844,0.3623388797044754,0.05
1907,0.07048698207911323,0.048198513905791676,0.9279952189501595,0.26017031862455253,0.062424350529909134,0.0412317281588912,0.9042160749435425,0.24300919473171234,0.05
1908,0.07087516631273662,0.04830362297156278,0.920184941852794,0.2673938589937547,0.06267992854118347,0.041996537335217,0.895396375656128,0.23458856642246245,0.05
1909,0.06916205935618457,0.04728835656800691,0.9088502491221708,0.25570401286377625,0.06379708200693131,0.04305206127464771,0.8875498294830322,0.2373904675245285,0.05
1910,0.06968053342664943,0.047710674979230934,0.9004926997072557,0.25929863049703483,0.06229461282491684,0.04103984013199806,0.8814925670623779,0.2487969219684601,0.05
1911,0.06913687529809334,0.04736511080580599,0.897029203527114,0.25602943231077757,0.06342466324567794,0.0415737695991993,0.880781638622284,0.2608615756034851,0.05
1912,0.06976191568024018,0.047439882641329485,0.9029688449466929,0.26584688530248757,0.063064194470644,0.041924739629030226,0.9031749367713928,0.24215410947799682,0.05
1913,0.07010797783732414,0.04821157400660655,0.9251821076168734,0.2528916667489445,0.06265687644481659,0.041878297738730905,0.9044177651405334,0.2346880167722702,0.05
1914,0.06961041732746012,0.047724414507255834,0.9216922977391411,0.2533815958920647,0.06221845932304859,0.04050815124064684,0.9053023457527161,0.25314571559429166,0.05
1915,0.0697537811801714,0.04794046863475267,0.9204876247574302,0.2521687299013138,0.06316436231136321,0.04295675605535507,0.897053849697113,0.22474135756492614,0.05
1916,0.06949807528187246,0.04771791146520306,0.9318854738684261,0.2492261800695868,0.06351697444915771,0.04166641067713499,0.9280252456665039,0.25140624344348905,0.05
1917,0.06999545215683825,0.04788034792770358,0.9409575637649087,0.25411057472229004,0.06207305341959,0.040676746889948844,0.9189435839653015,0.24413740634918213,0.05
1918,0.07073124541955836,0.04842844386311138,0.9303363175953135,0.25998875586425557,0.06188344061374664,0.040331213735044,0.9029661178588867,0.25045134127140045,0.05
1919,0.06894248899291544,0.04726636398802785,0.9098641311421114,0.2515496857026044,0.06214281618595123,0.0417238462716341,0.8889958739280701,0.2305802047252655,0.05
1920,0.07025642912177478,0.048549659769324696,0.8945231122129104,0.25523075461387634,0.0637938767671585,0.04294882137328386,0.8740219116210938,0.24209671318531037,0.05
1921,0.07072039978469119,0.048814406947178,0.8881773142253652,0.26048438513980193,0.06417140886187553,0.04325706884264946,0.8681242823600769,0.24466192126274108,0.05
1922,0.06926693833049606,0.047578311360934204,0.8761541703168083,0.25854171461918773,0.06252499669790268,0.04072468429803848,0.858378803730011,0.26433046758174894,0.05
1923,0.07059838403673734,0.048726735855726636,0.8794025603462668,0.2615524486583822,0.06273958310484887,0.042503150552511214,0.8680850505828858,0.2311116486787796,0.05
1924,0.06880838336313472,0.0475331440787105,0.8764143656281864,0.2502219089690377,0.06294768527150155,0.04228195771574974,0.8544771194458007,0.24241919219493865,0.05
1925,0.06976630494875066,0.048375019255806416,0.8668020542930154,0.2544653117656708,0.06211162731051445,0.041446297988295557,0.8704138398170471,0.23922383189201354,0.05
1926,0.07031814885490081,0.04850244927493965,0.8997602673137889,0.2563619324389626,0.06232976838946343,0.04202118758112192,0.9038501381874084,0.22540155351161956,0.05
1927,0.07002107448437635,0.048212567563442624,0.9352426283499774,0.24912161160917842,0.062356705963611606,0.04155420921742916,0.9217841267585755,0.23169308304786682,0.05
1928,0.06943035892703954,0.0475583419422893,0.9315438480938182,0.251131567884894,0.0628700613975525,0.04223050121217966,0.9140460014343261,0.22998200356960297,0.05
1929,0.07030528455096133,0.04800966546377715,0.9223616088137907,0.26144006935989156,0.06364616379141808,0.04165601320564747,0.9060925483703614,0.25858449637889863,0.05
1930,0.06975083951564397,0.048052348415641224,0.918030321598053,0.2503637575051364,0.06322629600763321,0.042440726235508916,0.9103019118309021,0.2336510181427002,0.05
1931,0.0697010115665548,0.04784385432653567,0.9267109527307398,0.2518009736257441,0.06296683251857757,0.04136270768940449,0.9095326423645019,0.25017595291137695,0.05
1932,0.06973673556657399,0.04812875795452034,0.9190263222245609,0.24835430786890142,0.06421811133623123,0.04342725295573473,0.8914843320846557,0.23752028346061707,0.05
1933,0.0699541180887643,0.04851762545021141,0.9001676054561839,0.2486963210737004,0.06229238323867321,0.04136231718584895,0.8900880932807922,0.24058371782302856,0.05
1934,0.06965645139708239,0.04771705837372471,0.9096147558268379,0.25686488695004406,0.06205432340502739,0.04073441671207547,0.8931019067764282,0.24777775704860688,0.05
1935,0.07048499430803691,0.0483849343350705,0.915159779436448,0.2589692517238505,0.06210402548313141,0.04031934384256601,0.9027280330657959,0.25514802932739256,0.05
1936,0.06914359177736674,0.04730198532342911,0.9157269281499526,0.2536867594017702,0.0651293620467186,0.044124769791960713,0.8966012120246887,0.24077160954475402,0.05
1937,0.07031151805730428,0.04805248438873712,0.9184163458207074,0.2614973888677709,0.06429435908794404,0.04314044713973999,0.904420280456543,0.24219422042369843,0.05
1938,0.06960226025651484,0.04774421311038382,0.9205903936834896,0.25304286444888396,0.06204884797334671,0.040601864084601404,0.9117178320884705,0.2465961456298828,0.05
1939,0.0694414204096093,0.04724454058005529,0.9327519360710593,0.2573872059583664,0.06476618349552155,0.04307385962456465,0.9132947087287903,0.2511875659227371,0.05
1940,0.07045589540811147,0.048458758412915116,0.9282380272360409,0.25429512823329253,0.06294061541557312,0.0405243156477809,0.8998324513435364,0.26835952401161195,0.05
1941,0.06951089751194506,0.047283183564158046,0.912248762214885,0.2621045121375252,0.06202366724610329,0.040044425055384636,0.8840624809265136,0.26277233064174654,0.05
1942,0.06933117285370827,0.04718302327263005,0.8984665344743168,0.26326968915322246,0.06140158697962761,0.040075503289699554,0.88720623254776,0.24908045828342437,0.05
1943,0.06962171941995621,0.047736326561254615,0.905297784244313,0.25664831522633047,0.0625833049416542,0.04101894609630108,0.8816318154335022,0.2549607872962952,0.05
1944,0.06971155983560226,0.04784701151006362,0.8922719569767222,0.25883657441419716,0.06300668567419052,0.041907811723649505,0.8690234661102295,0.24817277491092682,0.05
1945,0.0696064895566772,0.04738179418970557,0.8826008298817802,0.26797373592853546,0.06246902942657471,0.04136793632060289,0.8748774290084839,0.24704635739326478,0.05
1946,0.07033285608186442,0.0485726007643868,0.9015654080054339,0.2548920275533901,0.06206383779644966,0.039800837822258475,0.888497269153595,0.26756052672863007,0.05
1947,0.06986766286632594,0.04756229918669252,0.9008155815741595,0.26594416534199433,0.0648099958896637,0.044109546765685084,0.8864786505699158,0.23671326637268067,0.05
1948,0.06961823189083267,0.04753009492860121,0.9060913008802077,0.26054447538712444,0.06299520656466484,0.0416219325736165,0.8974279880523681,0.24797991216182708,0.05
1949,0.0699820178834831,0.04813952853574472,0.91571645526325,0.25370650606996875,0.06362027749419212,0.04265627190470696,0.9079630613327027,0.23768750131130217,0.05
1950,0.06997164974317831,0.04758722674758995,0.932774543762207,0.26113356036298413,0.06271884888410569,0.041350575909018514,0.9223630785942077,0.24289285242557526,0.05
1951,0.07016233683508985,0.0476034900502247,0.9441341792835909,0.26235009379246654,0.06290331184864044,0.041697102785110476,0.9265536189079284,0.23881348967552185,0.05
1952,0.0701270806877052,0.04724416323006153,0.9382014730397392,0.2700180551585029,0.062154312431812284,0.040472565405070784,0.9118772506713867,0.25125945508480074,0.05
1953,0.07023945187821108,0.047609690138522315,0.932505421778735,0.2660941472824882,0.06195029243826866,0.039973240718245505,0.9145614266395569,0.25662870407104493,0.05
1954,0.06970855440287028,0.04756904360564316,0.934146036120022,0.25596100179588094,0.06306682229042053,0.04059576420113444,0.9114132761955261,0.26713851392269133,0.05
1955,0.06984236420077436,0.04716102998046314,0.9273443712907679,0.2681578055900686,0.0626065969467163,0.040904341265559196,0.9022812843322754,0.2535888493061066,0.05
1956,0.07011520774925456,0.04811844613183947,0.9171317009364858,0.2565089087275898,0.06216493546962738,0.04101127739995718,0.8925332188606262,0.24456650614738465,0.05
1957,0.06960820187540616,0.04764197361381615,0.9055609527756187,0.2582123726606369,0.06318759247660637,0.041802747547626494,0.8818825244903564,0.2513204157352448,0.05
1958,0.06897243178066086,0.04687459657297415,0.8913548904306748,0.263685719055288,0.06329408884048462,0.04259954895824194,0.872998321056366,0.23929111957550048,0.05
1959,0.06878841865588636,0.04698956144206664,0.8818401028128231,0.25960911372128653,0.06186719313263893,0.040516647323966024,0.8526249170303345,0.25648593008518217,0.05
1960,0.06972696325358223,0.04847518880577648,0.8589650392532349,0.25324249092270346,0.06799163818359374,0.04685512185096741,0.841510820388794,0.25442818105220794,0.05
1961,0.06972705879632164,0.04771883358411929,0.8555253007832695,0.2690594485577415,0.06313069984316826,0.04194998778402805,0.8479328632354737,0.25402767658233644,0.05
1962,0.0696944476050489,0.04768022719551535,0.8683295460308299,0.26661848408334393,0.06293351873755455,0.040905971080064774,0.8549263000488281,0.2695657253265381,0.05
1963,0.06985857162405462,0.0479383565047208,0.8699152750127456,0.2644212482606663,0.06327233836054802,0.041868130676448345,0.8566977620124817,0.256744584441185,0.05
1964,0.06927040460355141,0.04767355870674638,0.8755304988692788,0.2568308255251716,0.06329967528581619,0.04187859781086445,0.8607097625732422,0.25627959966659547,0.05
1965,0.0697113536298275,0.04770381222752964,0.8813149648554185,0.26388783402302685,0.06411599963903428,0.04246918372809887,0.8580305337905884,0.26133024990558623,0.05
1966,0.06965962359133888,0.04785018293734859,0.8716624519404244,0.2618563271620694,0.0637781124562025,0.04244789835065603,0.8463102221488953,0.2573421984910965,0.05
1967,0.06901626486112089,0.04696076746810885,0.8616655188448289,0.2687768305049223,0.06253004521131515,0.04186271782964468,0.8483307719230652,0.24368036389350892,0.05
1968,0.06904318227487452,0.04737923995536916,0.8686290839139152,0.2595530161086251,0.061644204705953595,0.04066710826009512,0.8513648629188537,0.24926898777484893,0.05
1969,0.06984924262060839,0.04767542507718591,0.8658620119094849,0.2703039444544736,0.0613624919205904,0.040128007996827364,0.8448323130607605,0.2557232230901718,0.05
1970,0.07201228312709752,0.049990450086839056,0.852117096676546,0.2700132236761205,0.06236134991049767,0.041373129561543466,0.8371899724006653,0.2523263990879059,0.05
1971,0.06961820165024084,0.04767895741936039,0.8666309223455542,0.26545870391761556,0.06638822332024574,0.04629675224423409,0.8656023144721985,0.22870897650718688,0.05
1972,0.07018259364892454,0.04816395833211787,0.8799760902629179,0.26437746338984547,0.06292822882533074,0.04199890848249197,0.8693963646888733,0.24470713138580322,0.05
1973,0.07037681647959877,0.04862065339351401,0.9120300342054928,0.2527172381387037,0.06314816400408745,0.040518660470843314,0.928970205783844,0.26679604649543764,0.05
1974,0.07010286301374435,0.047756657552193195,0.961236999315374,0.2546767092802945,0.06272687986493111,0.0405346030369401,0.9394842624664307,0.2559486925601959,0.05
1975,0.06979010889635366,0.04767367397161091,0.9528947051833657,0.25174976622357087,0.06299205869436264,0.04115701522678137,0.9253673553466797,0.25162739157676695,0.05
1976,0.07047968774157412,0.04827143262852641,0.9411652649150175,0.25593201816082,0.0628724068403244,0.041462792083621025,0.9092255473136902,0.24634715914726257,0.05
1977,0.06994841488845208,0.04750691420015167,0.9257270939209882,0.26368460935704846,0.06272156611084938,0.04177434742450714,0.896972143650055,0.23954994678497316,0.05
1978,0.06963892171488088,0.04742764769231572,0.9082933453952565,0.26256682942895326,0.06213562861084938,0.04078624807298183,0.8828338503837585,0.2504208654165268,0.05
1979,0.07080161593416158,0.04851901081993299,0.9006774530691259,0.26551662210155935,0.06303262561559678,0.039885588176548484,0.8782687544822693,0.2872869610786438,0.05
1980,0.06939395341803045,0.04701887597055996,0.9002936552552616,0.26744282508597655,0.0628910668194294,0.03998440243303776,0.8883467197418213,0.280463907122612,0.05
1981,0.06909110090311836,0.0471615933758371,0.9059720319860122,0.2573957390644971,0.06241314262151718,0.04188505373895168,0.8820665121078491,0.2341484785079956,0.05
1982,0.07024496728006531,0.04826929288751939,0.8915387076490066,0.261205734575496,0.06312482133507728,0.04108849279582501,0.8624895453453064,0.26822862923145296,0.05
1983,0.07046563989099335,0.04838088121922577,0.8915282417746151,0.2633895374396268,0.06187666468322277,0.03970269067212939,0.8883753538131713,0.2658043891191483,0.05
1984,0.07018225399010322,0.04789319733048186,0.913865888819975,0.2630079581457026,0.06341463923454285,0.042940654419362546,0.8957998037338257,0.230319744348526,0.05
1985,0.06933376521748655,0.04714090289438472,0.9089052992708543,0.2620761973016402,0.06431479156017303,0.042046222276985644,0.8854771375656127,0.26827595829963685,0.05
1986,0.0697596636326874,0.0476496530806317,0.8974193860502804,0.2627163231372833,0.06261762082576752,0.04110625628381968,0.8711264848709106,0.25600196719169616,0.05
1987,0.07078515716335353,0.048170236322809666,0.8788652700536391,0.2765253545606838,0.062348971515893935,0.041809665597975255,0.8579085230827331,0.23920441269874573,0.05
1988,0.07028279891785454,0.0480429303339299,0.8820507386151482,0.26838722474434795,0.06280211880803108,0.041418854519724844,0.881691312789917,0.2513270378112793,0.05
1989,0.07018304528558955,0.048293095191611964,0.9017162147690269,0.25745575831216927,0.06365518420934677,0.04296310842037201,0.8782745599746704,0.23818661272525787,0.05
1990,0.06905232041197665,0.04740131219082019,0.8886968563584721,0.2552808163797154,0.06283040568232537,0.04220246598124504,0.8673627853393555,0.23908620476722717,0.05
1991,0.06948266923427582,0.04761639631846372,0.8730786197325763,0.26270973594749675,0.062166132032871246,0.041663377359509465,0.8492923855781556,0.24019664227962495,0.05
1992,0.07024096259299446,0.04870549929054344,0.8538423215641695,0.259940802174456,0.06306088417768478,0.041717308759689334,0.8339416861534119,0.2600831389427185,0.05
1993,0.07076081282952253,0.04858554822995382,0.8440254470881294,0.2747001910910887,0.06611700206995011,0.044168425165116786,0.8375273942947388,0.27146604657173157,0.05
1994,0.07154681796536726,0.048931839711525864,0.8810524835306055,0.276089072227478,0.06244695261120796,0.041377151384949684,0.8966936826705932,0.24205731153488158,0.05
1995,0.07016762630904422,0.04785206859164378,0.9359275803846472,0.25912562187980204,0.062439045310020445,0.04165857881307602,0.9212486743927002,0.23135962188243867,0.05
1996,0.06986964318682165,0.04811792842605535,0.935924140846028,0.247849463539965,0.062725879997015,0.04199774246662855,0.9072953701019287,0.2331036925315857,0.05
1997,0.06950678544885971,0.04767767230377478,0.9227718640776241,0.25202787798993725,0.06266109868884087,0.04166884608566761,0.8978541612625122,0.24027423560619354,0.05
1998,0.07038147506468437,0.048214534626287574,0.9071000674191643,0.261918801595183,0.0617723137140274,0.04080528616905212,0.885653042793274,0.24220991134643555,0.05
1999,0.07069235119749517,0.048573089544387424,0.9175123081487768,0.25888275574235353,0.06334684491157531,0.041651421785354616,0.9029298901557923,0.2533225119113922,0.05
2000,0.07035417832872447,0.048196978319217175,0.921523020547979,0.2588394003755906,0.06255633607506753,0.04079008661210537,0.8949148058891296,0.2563419997692108,0.05
