experiment,variant,sigma,sample_idx,phi,psi
original,baseline,0.01,0,-75.32518,-2.692057
original,baseline,0.01,1,-74.209015,-5.628875
original,baseline,0.01,2,-73.87348,-6.980617
original,baseline,0.01,3,-74.42425,-5.244845
original,baseline,0.01,4,-74.59659,-4.219516
original,baseline,0.01,5,-73.75746,-6.879779
original,baseline,0.01,6,-74.17905,-6.0153627
original,baseline,0.01,7,-73.663216,-7.0249686
original,baseline,0.01,8,-74.941956,-4.2896304
original,baseline,0.01,9,-74.71564,-3.792342
original,baseline,0.01,10,-73.48872,-7.3318863
original,baseline,0.01,11,-75.40255,-3.8067455
original,baseline,0.01,12,-75.26921,-2.1104105
original,baseline,0.01,13,-74.38922,-4.299989
original,baseline,0.01,14,-73.88208,-4.945091
original,baseline,0.01,15,-74.26477,-5.204554
original,baseline,0.01,16,-75.1774,-3.3588831
original,baseline,0.01,17,-73.76377,-5.709699
original,baseline,0.01,18,-74.14701,-4.658296
original,baseline,0.01,19,-74.2995,-5.446403
original,baseline,0.01,20,-74.638145,-4.4612417
original,baseline,0.01,21,-74.013855,-5.5491037
original,baseline,0.01,22,-75.00995,-3.2638593
original,baseline,0.01,23,-74.88281,-3.4925547
original,baseline,0.01,24,-73.86863,-5.58461
original,baseline,0.01,25,-74.181305,-5.102051
original,baseline,0.01,26,-74.79329,-3.837066
original,baseline,0.01,27,-74.12968,-5.874062
original,baseline,0.01,28,-74.19959,-5.3480973
original,baseline,0.01,29,-74.182144,-5.327705
original,baseline,0.01,30,-74.575455,-3.9894447
original,baseline,0.01,31,-74.40874,-4.632779
original,baseline,0.01,32,-74.62292,-4.7958307
original,baseline,0.01,33,-74.082664,-4.936612
original,baseline,0.01,34,-74.41777,-4.942539
original,baseline,0.01,35,-74.3327,-4.89981
original,baseline,0.01,36,-74.97581,-4.2512417
original,baseline,0.01,37,-75.185005,-4.0169673
original,baseline,0.01,38,-74.98237,-4.345877
original,baseline,0.01,39,-75.65835,-2.5463037
original,baseline,0.01,40,-75.38081,-3.7328095
original,baseline,0.01,41,-74.456154,-4.47715
original,baseline,0.01,42,-74.38662,-5.011801
original,baseline,0.01,43,-74.43331,-4.8912024
original,baseline,0.01,44,-74.14043,-6.2795644
original,baseline,0.01,45,-74.848915,-4.02174
original,baseline,0.01,46,-74.20499,-5.3820853
original,baseline,0.01,47,-74.22219,-4.448909
original,baseline,0.01,48,-73.53555,-7.369423
original,baseline,0.01,49,-74.437836,-5.056899
original,baseline,0.01,50,-73.80727,-6.090326
original,baseline,0.01,51,-74.42195,-4.1931367
original,baseline,0.01,52,-74.60523,-4.100856
original,baseline,0.01,53,-74.3556,-4.1592135
original,baseline,0.01,54,-75.15345,-3.0423856
original,baseline,0.01,55,-73.976364,-5.780078
original,baseline,0.01,56,-74.30848,-5.521329
original,baseline,0.01,57,-74.55913,-4.8365073
original,baseline,0.01,58,-74.83318,-4.218013
original,baseline,0.01,59,-74.883644,-3.183349
original,baseline,0.01,60,-75.24688,-4.8452854
original,baseline,0.01,61,-74.73898,-3.4782493
original,baseline,0.01,62,-73.85556,-6.405985
original,baseline,0.01,63,-74.119835,-5.740573
original,baseline,0.01,64,-74.436485,-4.6097493
original,baseline,0.01,65,-74.73799,-5.1906567
original,baseline,0.01,66,-74.17456,-5.6974087
original,baseline,0.01,67,-74.52241,-4.3270664
original,baseline,0.01,68,-75.10654,-3.3434188
original,baseline,0.01,69,-74.13643,-5.7791476
original,baseline,0.01,70,-74.009,-5.677876
original,baseline,0.01,71,-74.62397,-5.2217574
original,baseline,0.01,72,-73.95856,-6.4509997
original,baseline,0.01,73,-74.83225,-3.780114
original,baseline,0.01,74,-74.64015,-5.437972
original,baseline,0.01,75,-74.44016,-4.9682026
original,baseline,0.01,76,-74.77491,-2.980559
original,baseline,0.01,77,-75.25593,-4.448994
original,baseline,0.01,78,-75.00036,-3.940938
original,baseline,0.01,79,-74.54762,-5.127017
original,baseline,0.01,80,-73.91102,-5.9725285
original,baseline,0.01,81,-73.84324,-6.4710116
original,baseline,0.01,82,-74.17739,-5.733162
original,baseline,0.01,83,-75.49927,-1.8266429
original,baseline,0.01,84,-74.80467,-3.9741974
original,baseline,0.01,85,-74.653564,-4.6623793
original,baseline,0.01,86,-74.757805,-4.3597484
original,baseline,0.01,87,-74.110565,-4.0328035
original,baseline,0.01,88,-74.919945,-3.9267063
original,baseline,0.01,89,-74.67138,-4.903159
original,baseline,0.01,90,-74.664246,-5.0654764
original,baseline,0.01,91,-73.87343,-5.7839303
original,baseline,0.01,92,-74.495514,-4.6961937
original,baseline,0.01,93,-74.30438,-4.8320746
original,baseline,0.01,94,-75.33397,-2.7440932
original,baseline,0.01,95,-74.995804,-2.8695655
original,baseline,0.01,96,-74.42062,-5.332632
original,baseline,0.01,97,-73.63838,-6.0428414
original,baseline,0.01,98,-74.061676,-5.8553715
original,baseline,0.01,99,-74.552574,-4.448381
original,baseline,0.01,100,-74.993805,-3.2437522
original,baseline,0.01,101,-74.008705,-5.057591
original,baseline,0.01,102,-74.12286,-5.204729
original,baseline,0.01,103,-74.37476,-5.255114
original,baseline,0.01,104,-73.97306,-5.9799094
original,baseline,0.01,105,-74.1395,-5.484488
original,baseline,0.01,106,-74.38347,-4.6255608
original,baseline,0.01,107,-74.224655,-5.3533826
original,baseline,0.01,108,-74.963234,-3.8476143
original,baseline,0.01,109,-75.035995,-4.4079294
original,baseline,0.01,110,-74.250046,-5.02392
original,baseline,0.01,111,-74.63709,-4.1408978
original,baseline,0.01,112,-74.34626,-4.544349
original,baseline,0.01,113,-74.36038,-4.5393047
original,baseline,0.01,114,-75.62715,-1.9637787
original,baseline,0.01,115,-74.64612,-4.100658
original,baseline,0.01,116,-74.65381,-4.9358387
original,baseline,0.01,117,-73.69354,-7.0815988
original,baseline,0.01,118,-74.12045,-4.9451284
original,baseline,0.01,119,-74.88881,-4.6537395
original,baseline,0.01,120,-74.2411,-5.214189
original,baseline,0.01,121,-74.79745,-3.4905822
original,baseline,0.01,122,-73.58953,-5.671155
original,baseline,0.01,123,-74.40286,-3.745883
original,baseline,0.01,124,-74.839554,-4.232022
original,baseline,0.01,125,-74.89676,-3.811437
original,baseline,0.01,126,-74.31729,-4.8751535
original,baseline,0.01,127,-74.26609,-4.984236
original,baseline,0.01,128,-73.95701,-5.706133
original,baseline,0.01,129,-74.46491,-4.6333723
original,baseline,0.01,130,-74.466064,-3.6840193
original,baseline,0.01,131,-74.60221,-4.6323996
original,baseline,0.01,132,-75.03718,-3.5294278
original,baseline,0.01,133,-74.899506,-3.9531415
original,baseline,0.01,134,-74.61853,-4.7691364
original,baseline,0.01,135,-73.908455,-5.9606657
original,baseline,0.01,136,-74.37603,-5.2518883
original,baseline,0.01,137,-74.80704,-4.210832
original,baseline,0.01,138,-74.68043,-4.3559775
original,baseline,0.01,139,-73.6896,-6.690803
original,baseline,0.01,140,-75.05083,-2.7771645
original,baseline,0.01,141,-74.42812,-5.4573474
original,baseline,0.01,142,-74.77676,-5.048972
original,baseline,0.01,143,-74.95068,-5.1595626
original,baseline,0.01,144,-74.3934,-5.9838166
original,baseline,0.01,145,-75.06269,-3.2010763
original,baseline,0.01,146,-73.83329,-6.507074
original,baseline,0.01,147,-74.27966,-5.1979275
original,baseline,0.01,148,-75.63596,-3.16131
original,baseline,0.01,149,-74.84603,-5.0635834
original,baseline,0.01,150,-74.0945,-4.343941
original,baseline,0.01,151,-74.12003,-5.028431
original,baseline,0.01,152,-73.65985,-5.4616084
original,baseline,0.01,153,-75.42351,-2.5887194
original,baseline,0.01,154,-74.20804,-6.0293407
original,baseline,0.01,155,-74.939354,-4.337579
original,baseline,0.01,156,-74.4151,-4.7942557
original,baseline,0.01,157,-74.78513,-4.6108623
original,baseline,0.01,158,-74.81616,-4.8120437
original,baseline,0.01,159,-74.12803,-5.810667
original,baseline,0.01,160,-74.48999,-5.3866377
original,baseline,0.01,161,-74.220566,-5.9062257
original,baseline,0.01,162,-74.49637,-4.431377
original,baseline,0.01,163,-74.137886,-5.917265
original,baseline,0.01,164,-74.632614,-3.3373785
original,baseline,0.01,165,-74.34476,-3.4386926
original,baseline,0.01,166,-75.127266,-2.371674
original,baseline,0.01,167,-74.245575,-5.226421
original,baseline,0.01,168,-74.70196,-3.9564512
original,baseline,0.01,169,-74.90407,-3.4279976
original,baseline,0.01,170,-74.758736,-5.1530733
original,baseline,0.01,171,-73.643616,-7.472571
original,baseline,0.01,172,-73.42599,-6.651727
original,baseline,0.01,173,-74.37718,-4.536041
original,baseline,0.01,174,-74.19467,-6.1316853
original,baseline,0.01,175,-75.52341,-2.4851093
original,baseline,0.01,176,-74.89236,-3.64105
original,baseline,0.01,177,-74.69578,-4.880152
original,baseline,0.01,178,-74.813484,-3.8524487
original,baseline,0.01,179,-74.91553,-5.0456233
original,baseline,0.01,180,-73.56233,-7.122135
original,baseline,0.01,181,-74.09654,-4.879276
original,baseline,0.01,182,-74.504,-4.5623
original,baseline,0.01,183,-75.04706,-3.6851232
original,baseline,0.01,184,-74.34858,-4.887911
original,baseline,0.01,185,-73.99256,-5.336017
original,baseline,0.01,186,-73.794395,-5.1845655
original,baseline,0.01,187,-74.00336,-5.597026
original,baseline,0.01,188,-73.84756,-5.8880634
original,baseline,0.01,189,-75.002174,-4.3654466
original,baseline,0.01,190,-74.36295,-5.1522894
original,baseline,0.01,191,-74.945435,-4.085256
original,baseline,0.01,192,-74.68529,-5.1938386
original,baseline,0.01,193,-74.4747,-4.0417385
original,baseline,0.01,194,-74.94239,-4.602972
original,baseline,0.01,195,-74.303604,-4.9199977
original,baseline,0.01,196,-74.6925,-4.6456447
original,baseline,0.01,197,-74.257614,-4.9911075
original,baseline,0.01,198,-74.314125,-4.036512
original,baseline,0.01,199,-74.85771,-3.499438
original,baseline,0.05,0,-73.766464,-5.1329923
original,baseline,0.05,1,-76.12706,-3.2800605
original,baseline,0.05,2,-74.26923,-10.287229
original,baseline,0.05,3,-76.29465,-0.61029714
original,baseline,0.05,4,-74.273766,-5.4974427
original,baseline,0.05,5,-75.32382,-2.316028
original,baseline,0.05,6,-75.33526,-3.6918476
original,baseline,0.05,7,-74.92926,1.2125063
original,baseline,0.05,8,-73.33089,-5.4588366
original,baseline,0.05,9,-79.63919,3.1301322
original,baseline,0.05,10,-75.4549,-4.8660183
original,baseline,0.05,11,-71.48999,-10.499514
original,baseline,0.05,12,-72.66897,-3.5168972
original,baseline,0.05,13,-72.49974,-9.823596
original,baseline,0.05,14,-71.46709,-12.16465
original,baseline,0.05,15,-75.13485,-0.14590818
original,baseline,0.05,16,-75.57271,-2.7983944
original,baseline,0.05,17,-78.166626,2.9253535
original,baseline,0.05,18,-74.65758,-2.7531664
original,baseline,0.05,19,-73.428185,-4.3303437
original,baseline,0.05,20,-76.04868,-3.4048095
original,baseline,0.05,21,-69.619095,-9.547586
original,baseline,0.05,22,-72.86022,-8.622186
original,baseline,0.05,23,-74.38732,-6.939603
original,baseline,0.05,24,-72.85595,-11.417143
original,baseline,0.05,25,-69.95576,-15.886833
original,baseline,0.05,26,-75.14369,1.9911525
original,baseline,0.05,27,-76.559166,-1.7714468
original,baseline,0.05,28,-76.79861,-1.7360581
original,baseline,0.05,29,-76.14021,-1.0010206
original,baseline,0.05,30,-78.56872,4.6847534
original,baseline,0.05,31,-73.05868,-11.422491
original,baseline,0.05,32,-75.689964,1.6162329
original,baseline,0.05,33,-76.491486,-4.0716166
original,baseline,0.05,34,-71.51369,-9.42722
original,baseline,0.05,35,-77.71532,3.5463674
original,baseline,0.05,36,-76.173325,-5.406817
original,baseline,0.05,37,-74.413345,-3.3740199
original,baseline,0.05,38,-73.88334,-6.3008804
original,baseline,0.05,39,-76.24469,1.1158172
original,baseline,0.05,40,-69.43708,-15.601446
original,baseline,0.05,41,-78.27788,2.195045
original,baseline,0.05,42,-76.03545,-5.649518
original,baseline,0.05,43,-76.67296,0.8006921
original,baseline,0.05,44,-74.2725,-6.5430346
original,baseline,0.05,45,-74.54061,-4.6266174
original,baseline,0.05,46,-74.1885,-7.4608555
original,baseline,0.05,47,-74.75862,-2.1789935
original,baseline,0.05,48,-73.84189,-5.399324
original,baseline,0.05,49,-75.585304,-3.2085023
original,baseline,0.05,50,-69.67211,-15.98954
original,baseline,0.05,51,-72.86999,-13.519172
original,baseline,0.05,52,-77.924324,-0.95647806
original,baseline,0.05,53,-73.12927,-10.436188
original,baseline,0.05,54,-76.83758,-1.7080154
original,baseline,0.05,55,-72.28758,-7.9735994
original,baseline,0.05,56,-74.316925,-1.6642097
original,baseline,0.05,57,-76.41516,0.81829685
original,baseline,0.05,58,-77.05705,-4.2634535
original,baseline,0.05,59,-72.95802,-8.256974
original,baseline,0.05,60,-75.71591,-3.6591086
original,baseline,0.05,61,-74.266,-8.113097
original,baseline,0.05,62,-74.779274,-3.8734019
original,baseline,0.05,63,-77.79732,0.4705122
original,baseline,0.05,64,-75.94181,-3.3655596
original,baseline,0.05,65,-74.40307,-8.416248
original,baseline,0.05,66,-75.52424,-1.304731
original,baseline,0.05,67,-76.872154,-2.6939545
original,baseline,0.05,68,-73.50083,-6.1104045
original,baseline,0.05,69,-77.06779,-2.700728
original,baseline,0.05,70,-75.458755,-0.10933475
original,baseline,0.05,71,-79.15252,4.072687
original,baseline,0.05,72,-73.22374,-5.1927047
original,baseline,0.05,73,-76.54832,2.5256455
original,baseline,0.05,74,-73.45963,-8.154464
original,baseline,0.05,75,-74.04665,-6.2387
original,baseline,0.05,76,-72.92827,-7.04309
original,baseline,0.05,77,-75.80274,-6.2683587
original,baseline,0.05,78,-75.619995,-1.3289115
original,baseline,0.05,79,-73.08682,-2.9083643
original,baseline,0.05,80,-74.53328,-11.01559
original,baseline,0.05,81,-75.015335,-3.0126367
original,baseline,0.05,82,-72.521866,-8.633041
original,baseline,0.05,83,-75.61017,-3.4863033
original,baseline,0.05,84,-71.64198,-13.22598
original,baseline,0.05,85,-75.135254,-6.688931
original,baseline,0.05,86,-73.07123,-6.290101
original,baseline,0.05,87,-75.248764,0.62217635
original,baseline,0.05,88,-78.34148,0.029845947
original,baseline,0.05,89,-70.4878,-14.528466
original,baseline,0.05,90,-75.33116,-1.3817273
original,baseline,0.05,91,-73.259254,-9.538305
original,baseline,0.05,92,-72.65993,-3.277544
original,baseline,0.05,93,-75.28621,-6.49774
original,baseline,0.05,94,-73.39458,-9.773428
original,baseline,0.05,95,-76.1074,-2.1477466
original,baseline,0.05,96,-75.75865,-3.221571
original,baseline,0.05,97,-74.41295,-5.9963737
original,baseline,0.05,98,-74.42197,-7.60373
original,baseline,0.05,99,-77.98594,-3.720008
original,baseline,0.05,100,-73.22479,-4.6056223
original,baseline,0.05,101,-74.50768,-2.7033007
original,baseline,0.05,102,-75.385925,-4.321237
original,baseline,0.05,103,-74.10567,-1.3895
original,baseline,0.05,104,-77.244255,-0.72193044
original,baseline,0.05,105,-74.87456,-2.5705388
original,baseline,0.05,106,-72.51114,-9.202129
original,baseline,0.05,107,-70.20109,-17.575397
original,baseline,0.05,108,-75.051216,1.0860497
original,baseline,0.05,109,-74.61839,-8.776987
original,baseline,0.05,110,-75.10829,-6.5481853
original,baseline,0.05,111,-77.32803,1.2097476
original,baseline,0.05,112,-74.213554,-3.5350616
original,baseline,0.05,113,-73.49186,-7.6881447
original,baseline,0.05,114,-72.64069,-14.044109
original,baseline,0.05,115,-72.645706,-7.535197
original,baseline,0.05,116,-76.31438,-1.4765075
original,baseline,0.05,117,-72.4179,-11.595296
original,baseline,0.05,118,-75.76087,-1.5619079
original,baseline,0.05,119,-75.51659,-5.1217194
original,baseline,0.05,120,-72.742424,-12.1728735
original,baseline,0.05,121,-74.49839,-4.260705
original,baseline,0.05,122,-78.6162,13.915327
original,baseline,0.05,123,-72.57853,-14.386238
original,baseline,0.05,124,-71.86454,-7.5146065
original,baseline,0.05,125,-77.9474,1.9652935
original,baseline,0.05,126,-77.064926,0.20060128
original,baseline,0.05,127,-73.45348,-6.3574123
original,baseline,0.05,128,-72.53655,-12.484399
original,baseline,0.05,129,-75.79492,-2.173397
original,baseline,0.05,130,-69.70305,-16.111448
original,baseline,0.05,131,-74.16151,-4.2540126
original,baseline,0.05,132,-73.7324,-5.210991
original,baseline,0.05,133,-74.97515,-6.933305
original,baseline,0.05,134,-72.998314,-9.348585
original,baseline,0.05,135,-78.77491,3.9486759
original,baseline,0.05,136,-76.51227,-4.662205
original,baseline,0.05,137,-74.27313,-5.290187
original,baseline,0.05,138,-77.06235,-0.33200902
original,baseline,0.05,139,-75.27947,-5.0676346
original,baseline,0.05,140,-75.00861,-1.7805119
original,baseline,0.05,141,-72.41014,-5.196967
original,baseline,0.05,142,-73.001205,-6.9169526
original,baseline,0.05,143,-75.79362,-0.4076904
original,baseline,0.05,144,-78.78442,11.601733
original,baseline,0.05,145,-76.157906,0.8247274
original,baseline,0.05,146,-73.71875,-6.845852
original,baseline,0.05,147,-70.611725,-13.716456
original,baseline,0.05,148,-75.606804,-1.6663551
original,baseline,0.05,149,-76.46221,-3.0953853
original,baseline,0.05,150,-70.704025,-12.353219
original,baseline,0.05,151,-74.52881,-9.269418
original,baseline,0.05,152,-69.80991,-10.501691
original,baseline,0.05,153,-79.40614,6.6565332
original,baseline,0.05,154,-72.844666,-8.38976
original,baseline,0.05,155,-74.164795,-9.577773
original,baseline,0.05,156,-75.99936,1.1239116
original,baseline,0.05,157,-79.21188,1.8838745
original,baseline,0.05,158,-74.77296,0.42423144
original,baseline,0.05,159,-73.51317,-8.485207
original,baseline,0.05,160,-73.24465,-11.618529
original,baseline,0.05,161,-75.28802,-2.1636078
original,baseline,0.05,162,-71.05546,-11.624004
original,baseline,0.05,163,-76.979454,3.301452
original,baseline,0.05,164,-72.09053,-13.694127
original,baseline,0.05,165,-75.45228,-1.428655
original,baseline,0.05,166,-71.03957,-12.428166
original,baseline,0.05,167,-77.93217,5.266721
original,baseline,0.05,168,-73.63224,-5.6210256
original,baseline,0.05,169,-73.37096,-10.504358
original,baseline,0.05,170,-74.124176,-10.187358
original,baseline,0.05,171,-73.49755,-7.6120553
original,baseline,0.05,172,-75.90404,-3.8951607
original,baseline,0.05,173,-71.78497,-10.481508
original,baseline,0.05,174,-75.053795,-5.805414
original,baseline,0.05,175,-74.67374,-1.0466338
original,baseline,0.05,176,-77.08735,-0.009232274
original,baseline,0.05,177,-70.94615,-12.815709
original,baseline,0.05,178,-75.05704,-6.328914
original,baseline,0.05,179,-77.35903,1.8068292
original,baseline,0.05,180,-73.7758,-7.7590995
original,baseline,0.05,181,-72.61395,-9.982585
original,baseline,0.05,182,-75.03898,-4.745382
original,baseline,0.05,183,-74.360466,-4.3326287
original,baseline,0.05,184,-76.80516,5.038924
original,baseline,0.05,185,-72.89412,-9.846979
original,baseline,0.05,186,-71.20469,-7.7687693
original,baseline,0.05,187,-71.95606,-7.285961
original,baseline,0.05,188,-77.52243,4.4890494
original,baseline,0.05,189,-70.4759,-15.446153
original,baseline,0.05,190,-71.79084,-9.735127
original,baseline,0.05,191,-78.819855,4.3253217
original,baseline,0.05,192,-72.58683,-9.839213
original,baseline,0.05,193,-84.95824,12.4898405
original,baseline,0.05,194,-71.83583,-10.285338
original,baseline,0.05,195,-73.88935,-5.1391635
original,baseline,0.05,196,-79.817726,6.5681252
original,baseline,0.05,197,-74.42628,-5.700864
original,baseline,0.05,198,-73.999146,-11.077059
original,baseline,0.05,199,-71.85341,-8.6683445
original,baseline,0.1,0,-77.66608,1.9385175
original,baseline,0.1,1,-79.83684,11.865909
original,baseline,0.1,2,-92.13786,44.41218
original,baseline,0.1,3,-76.075874,-5.9681907
original,baseline,0.1,4,-79.98277,11.584946
original,baseline,0.1,5,-67.86728,-20.813482
original,baseline,0.1,6,-79.89399,1.2692856
original,baseline,0.1,7,-73.36159,-13.688708
original,baseline,0.1,8,-66.82938,-23.00141
original,baseline,0.1,9,-68.38207,-18.724735
original,baseline,0.1,10,-72.34804,-8.88438
original,baseline,0.1,11,-80.3981,3.7689245
original,baseline,0.1,12,-71.108444,-13.613353
original,baseline,0.1,13,-71.1311,-17.305464
original,baseline,0.1,14,-69.91811,-10.811011
original,baseline,0.1,15,-72.29164,-16.002346
original,baseline,0.1,16,-84.05988,9.297638
original,baseline,0.1,17,-78.24663,2.4487689
original,baseline,0.1,18,-76.777245,-0.9791323
original,baseline,0.1,19,-73.63074,-8.324046
original,baseline,0.1,20,-76.22701,0.9743466
original,baseline,0.1,21,-72.40383,-13.486879
original,baseline,0.1,22,-70.95365,-2.1100175
original,baseline,0.1,23,-74.07861,-4.774401
original,baseline,0.1,24,-80.02387,1.5556908
original,baseline,0.1,25,-79.562225,3.4629822
original,baseline,0.1,26,-78.692535,5.795323
original,baseline,0.1,27,-76.04887,0.44429353
original,baseline,0.1,28,-68.72653,-17.376034
original,baseline,0.1,29,-75.82204,-8.077574
original,baseline,0.1,30,-84.947365,38.044495
original,baseline,0.1,31,-68.020355,-20.61228
original,baseline,0.1,32,-74.06199,-13.191214
original,baseline,0.1,33,-72.51745,-15.223105
original,baseline,0.1,34,-72.75534,-5.1320024
original,baseline,0.1,35,-76.26468,-3.4101243
original,baseline,0.1,36,-69.46368,-16.750824
original,baseline,0.1,37,-73.155106,-0.24992749
original,baseline,0.1,38,-71.73054,-6.0765724
original,baseline,0.1,39,-68.01915,-21.25532
original,baseline,0.1,40,-78.80948,-0.32205993
original,baseline,0.1,41,-76.74116,2.327296
original,baseline,0.1,42,-87.84605,11.9778
original,baseline,0.1,43,-70.502785,-11.681152
original,baseline,0.1,44,-68.54621,-19.294828
original,baseline,0.1,45,-76.228935,2.2691138
original,baseline,0.1,46,-77.5102,0.59275526
original,baseline,0.1,47,-77.46275,-4.817863
original,baseline,0.1,48,-75.40743,-7.4793544
original,baseline,0.1,49,-73.68367,-6.514331
original,baseline,0.1,50,-66.23154,-19.676504
original,baseline,0.1,51,-73.01373,-7.383554
original,baseline,0.1,52,-72.74293,-11.180959
original,baseline,0.1,53,-77.376785,0.42495328
original,baseline,0.1,54,-91.27104,16.022118
original,baseline,0.1,55,-73.71563,-12.041575
original,baseline,0.1,56,-73.13246,-5.850749
original,baseline,0.1,57,-69.14337,-17.925465
original,baseline,0.1,58,-69.13648,-17.118841
original,baseline,0.1,59,-68.90698,-17.439497
original,baseline,0.1,60,-79.427,1.6506388
original,baseline,0.1,61,-85.23655,56.81427
original,baseline,0.1,62,-71.36156,-11.501652
original,baseline,0.1,63,-73.66196,-8.472336
original,baseline,0.1,64,-69.61127,-13.659128
original,baseline,0.1,65,-69.17335,-15.46494
original,baseline,0.1,66,-69.19875,-3.606201
original,baseline,0.1,67,-71.44671,-5.444693
original,baseline,0.1,68,-67.57166,-21.280321
original,baseline,0.1,69,-73.336876,-9.781114
original,baseline,0.1,70,-71.32689,-8.183143
original,baseline,0.1,71,-76.8576,-4.9817133
original,baseline,0.1,72,-74.29069,-2.0848482
original,baseline,0.1,73,-73.39215,9.239291
original,baseline,0.1,74,-75.89523,-0.9270841
original,baseline,0.1,75,-74.24464,-6.2487707
original,baseline,0.1,76,-66.368385,-24.490236
original,baseline,0.1,77,-75.32782,-3.1857023
original,baseline,0.1,78,-74.06214,-9.6089945
original,baseline,0.1,79,-65.60982,-12.741118
original,baseline,0.1,80,-71.063354,-18.993954
original,baseline,0.1,81,-68.42101,-17.207493
original,baseline,0.1,82,-80.19452,9.603405
original,baseline,0.1,83,-66.92688,-23.896008
original,baseline,0.1,84,-74.06177,-9.508651
original,baseline,0.1,85,-70.95564,-1.8363842
original,baseline,0.1,86,-75.924904,-7.2890744
original,baseline,0.1,87,-78.97964,-6.026875
original,baseline,0.1,88,-79.77366,8.754884
original,baseline,0.1,89,-75.21839,-13.4026
original,baseline,0.1,90,-76.92631,-0.5261517
original,baseline,0.1,91,-79.423386,8.0404825
original,baseline,0.1,92,-83.74645,10.629958
original,baseline,0.1,93,-73.513664,-2.092484
original,baseline,0.1,94,-85.845436,16.387032
original,baseline,0.1,95,-78.24593,0.97880685
original,baseline,0.1,96,-70.24204,-16.591694
original,baseline,0.1,97,-65.76334,-29.49415
original,baseline,0.1,98,-80.03065,9.745389
original,baseline,0.1,99,-72.443306,-15.791655
original,baseline,0.1,100,-71.991745,-11.8040905
original,baseline,0.1,101,-75.6077,6.4895663
original,baseline,0.1,102,-69.96647,-8.16646
original,baseline,0.1,103,-81.004585,4.0622544
original,baseline,0.1,104,-78.9238,-1.9601109
original,baseline,0.1,105,-75.4158,-7.6828012
original,baseline,0.1,106,-72.032486,-7.7873673
original,baseline,0.1,107,-82.77528,21.820425
original,baseline,0.1,108,-70.75772,-11.125709
original,baseline,0.1,109,-80.616714,13.057247
original,baseline,0.1,110,-75.3161,-8.027811
original,baseline,0.1,111,-72.70038,-9.369435
original,baseline,0.1,112,-74.05605,-2.947886
original,baseline,0.1,113,-67.72044,-21.456842
original,baseline,0.1,114,-71.80121,-11.394832
original,baseline,0.1,115,-74.48462,-3.2725124
original,baseline,0.1,116,-77.31802,-7.573232
original,baseline,0.1,117,-67.83112,-17.839682
original,baseline,0.1,118,-79.5798,26.637278
original,baseline,0.1,119,-82.59917,11.537465
original,baseline,0.1,120,-67.64215,-20.109571
original,baseline,0.1,121,-69.742065,-9.286294
original,baseline,0.1,122,-77.66149,-0.025514528
original,baseline,0.1,123,-82.98304,46.63015
original,baseline,0.1,124,-73.51894,-1.1329958
original,baseline,0.1,125,-76.157616,-8.296845
original,baseline,0.1,126,-74.8721,-7.536154
original,baseline,0.1,127,-69.02698,-20.29545
original,baseline,0.1,128,-73.57882,-6.294478
original,baseline,0.1,129,-74.3649,-4.165937
original,baseline,0.1,130,-81.56842,26.105137
original,baseline,0.1,131,-73.98794,-7.177701
original,baseline,0.1,132,-68.07444,-20.584673
original,baseline,0.1,133,-77.73192,10.086379
original,baseline,0.1,134,-67.49517,-21.233654
original,baseline,0.1,135,-77.3116,-1.5802362
original,baseline,0.1,136,-83.1204,15.388223
original,baseline,0.1,137,-68.31296,-19.121408
original,baseline,0.1,138,-82.191124,4.7146773
original,baseline,0.1,139,-68.26832,-19.450434
original,baseline,0.1,140,-74.32198,-13.266566
original,baseline,0.1,141,-74.70617,-12.213165
original,baseline,0.1,142,-71.99633,-9.435275
original,baseline,0.1,143,-71.712585,-9.842716
original,baseline,0.1,144,-73.15742,-10.879269
original,baseline,0.1,145,-70.62892,-12.41377
original,baseline,0.1,146,-65.445076,-27.63229
original,baseline,0.1,147,-67.13071,-23.147743
original,baseline,0.1,148,-76.93464,5.338906
original,baseline,0.1,149,-78.164314,2.3356671
original,baseline,0.1,150,-65.587,-28.360767
original,baseline,0.1,151,-73.33815,-7.99393
original,baseline,0.1,152,-67.293434,-21.157215
original,baseline,0.1,153,-75.85851,0.22243465
original,baseline,0.1,154,-69.596085,-9.893569
original,baseline,0.1,155,-65.21478,-25.932665
original,baseline,0.1,156,-67.27901,-21.692184
original,baseline,0.1,157,-65.971054,-26.569462
original,baseline,0.1,158,-72.649445,-4.2254
original,baseline,0.1,159,-68.29007,-19.135935
original,baseline,0.1,160,-71.06542,-10.2944565
original,baseline,0.1,161,-75.40028,-4.6015387
original,baseline,0.1,162,-75.56566,-8.437026
original,baseline,0.1,163,-71.043076,-4.5154204
original,baseline,0.1,164,-89.83906,19.731232
original,baseline,0.1,165,-83.52804,38.900475
original,baseline,0.1,166,-65.06465,-28.72266
original,baseline,0.1,167,-75.55973,-3.662786
original,baseline,0.1,168,-70.47081,-1.801267
original,baseline,0.1,169,-75.09269,-7.7786613
original,baseline,0.1,170,-67.96901,-20.042437
original,baseline,0.1,171,-83.54916,8.302328
original,baseline,0.1,172,-76.23647,-9.879783
original,baseline,0.1,173,-76.614586,-1.5984533
original,baseline,0.1,174,-69.927505,-9.002645
original,baseline,0.1,175,-76.54763,-1.23179
original,baseline,0.1,176,-79.8179,4.785023
original,baseline,0.1,177,-75.198135,-6.5582395
original,baseline,0.1,178,-77.37531,0.85102427
original,baseline,0.1,179,-80.56771,12.451601
original,baseline,0.1,180,-71.12024,-15.433112
original,baseline,0.1,181,-79.75339,6.860734
original,baseline,0.1,182,-67.74237,-20.213886
original,baseline,0.1,183,-72.88979,1.3591273
original,baseline,0.1,184,-80.898346,20.083746
original,baseline,0.1,185,-71.08994,-7.345613
original,baseline,0.1,186,-70.9136,-7.9650955
original,baseline,0.1,187,-83.24067,20.91002
original,baseline,0.1,188,-75.321,-1.1147193
original,baseline,0.1,189,-71.33132,-8.862074
original,baseline,0.1,190,-68.73118,-7.6344366
original,baseline,0.1,191,-82.81552,36.419125
original,baseline,0.1,192,-68.4366,-18.776888
original,baseline,0.1,193,-78.120995,-0.13100265
original,baseline,0.1,194,-77.296974,-4.0816593
original,baseline,0.1,195,-81.92266,28.012302
original,baseline,0.1,196,-76.81846,0.33069372
original,baseline,0.1,197,-86.42836,19.174433
original,baseline,0.1,198,-74.49794,-13.333457
original,baseline,0.1,199,-74.70425,-8.138938
original,baseline,0.2,0,-72.31208,-11.18434
original,baseline,0.2,1,-76.05982,-19.360138
original,baseline,0.2,2,-78.950935,-5.995413
original,baseline,0.2,3,-96.98728,40.196095
original,baseline,0.2,4,-66.70543,0.6543269
original,baseline,0.2,5,-70.26531,-5.2772045
original,baseline,0.2,6,-63.67228,-34.118896
original,baseline,0.2,7,-78.78205,-6.5673356
original,baseline,0.2,8,-76.78284,11.655108
original,baseline,0.2,9,-71.4127,-5.7118697
original,baseline,0.2,10,-76.263336,-3.3511417
original,baseline,0.2,11,-81.44664,72.221275
original,baseline,0.2,12,-85.65656,54.6203
original,baseline,0.2,13,-66.4795,-25.642735
original,baseline,0.2,14,-70.98885,-17.588118
original,baseline,0.2,15,-64.94885,-32.26402
original,baseline,0.2,16,-64.95616,-29.678045
original,baseline,0.2,17,-83.6458,24.306194
original,baseline,0.2,18,-68.24932,-19.45907
original,baseline,0.2,19,-59.767303,-14.518086
original,baseline,0.2,20,-67.20163,-21.887447
original,baseline,0.2,21,-66.637634,-18.680204
original,baseline,0.2,22,-61.871834,-32.519608
original,baseline,0.2,23,-76.56867,0.2518711
original,baseline,0.2,24,-67.17557,-22.838976
original,baseline,0.2,25,-77.31046,-0.9018219
original,baseline,0.2,26,-78.1814,32.48891
original,baseline,0.2,27,-80.03601,1.8440984
original,baseline,0.2,28,-76.284035,2.3124688
original,baseline,0.2,29,-85.98601,-0.86595565
original,baseline,0.2,30,-63.465202,-35.369396
original,baseline,0.2,31,-85.8444,29.52559
original,baseline,0.2,32,-64.302055,-33.773533
original,baseline,0.2,33,-75.24076,-1.595748
original,baseline,0.2,34,-77.273865,1.1380514
original,baseline,0.2,35,-68.67028,-17.662607
original,baseline,0.2,36,-83.29146,-7.786846
original,baseline,0.2,37,-84.39553,41.312595
original,baseline,0.2,38,-59.518097,11.828416
original,baseline,0.2,39,-85.33156,9.8159895
original,baseline,0.2,40,-58.610584,-31.0983
original,baseline,0.2,41,-63.0031,-32.907936
original,baseline,0.2,42,-81.737625,6.9779816
original,baseline,0.2,43,-69.27782,-20.232582
original,baseline,0.2,44,-78.25502,34.715942
original,baseline,0.2,45,-89.783195,8.954468
original,baseline,0.2,46,-68.421684,-10.487177
original,baseline,0.2,47,-96.86413,104.69061
original,baseline,0.2,48,-79.517075,9.387802
original,baseline,0.2,49,-79.27577,25.361872
original,baseline,0.2,50,-66.18932,-27.43521
original,baseline,0.2,51,-86.39288,67.19161
original,baseline,0.2,52,-71.71877,-6.486436
original,baseline,0.2,53,-71.660904,-15.04426
original,baseline,0.2,54,-68.42441,-17.328375
original,baseline,0.2,55,-82.46295,44.50771
original,baseline,0.2,56,-65.38871,-22.463049
original,baseline,0.2,57,-79.59931,-1.4819772
original,baseline,0.2,58,-78.055466,-11.896251
original,baseline,0.2,59,-74.73734,43.248158
original,baseline,0.2,60,-68.03197,-20.084682
original,baseline,0.2,61,-65.56341,-26.530437
original,baseline,0.2,62,-70.386826,-25.661314
original,baseline,0.2,63,-41.25069,28.254442
original,baseline,0.2,64,-78.1232,0.3835271
original,baseline,0.2,65,-85.13446,11.842126
original,baseline,0.2,66,-68.710556,-17.384987
original,baseline,0.2,67,-71.31695,-12.430236
original,baseline,0.2,68,-64.5317,-32.503807
original,baseline,0.2,69,-64.903595,-29.524485
original,baseline,0.2,70,-73.043686,-14.257214
original,baseline,0.2,71,-68.0643,-13.860319
original,baseline,0.2,72,-65.75494,7.313281
original,baseline,0.2,73,-79.815186,32.455887
original,baseline,0.2,74,-64.54505,-24.540844
original,baseline,0.2,75,-73.14778,-7.631139
original,baseline,0.2,76,-72.68168,-8.106106
original,baseline,0.2,77,-71.070435,-2.1385858
original,baseline,0.2,78,-67.19232,18.45462
original,baseline,0.2,79,-87.39029,10.208385
original,baseline,0.2,80,-68.158485,-18.376865
original,baseline,0.2,81,-66.0741,-0.77142835
original,baseline,0.2,82,-83.81153,-2.3572621
original,baseline,0.2,83,-58.432476,-11.235879
original,baseline,0.2,84,-68.09062,-5.853679
original,baseline,0.2,85,-91.11431,74.34696
original,baseline,0.2,86,-81.84762,5.144659
original,baseline,0.2,87,-63.997086,-33.307465
original,baseline,0.2,88,-68.34097,-19.329752
original,baseline,0.2,89,-81.101326,19.808973
original,baseline,0.2,90,-81.979256,-8.289277
original,baseline,0.2,91,-73.95343,-0.7985207
original,baseline,0.2,92,-85.23025,60.622322
original,baseline,0.2,93,-87.197815,12.301416
original,baseline,0.2,94,-82.975655,17.332426
original,baseline,0.2,95,-72.177864,-11.964051
original,baseline,0.2,96,-86.168396,10.267303
original,baseline,0.2,97,-64.49722,-26.33852
original,baseline,0.2,98,-85.45489,-3.4625661
original,baseline,0.2,99,-63.519535,-17.19562
original,baseline,0.2,100,-65.242615,86.870415
original,baseline,0.2,101,-75.91281,-1.4249686
original,baseline,0.2,102,-71.26341,-3.254899
original,baseline,0.2,103,-75.17852,24.038727
original,baseline,0.2,104,-88.291,42.714314
original,baseline,0.2,105,-72.44305,-11.0268755
original,baseline,0.2,106,-67.522385,51.194084
original,baseline,0.2,107,-66.832954,-22.489649
original,baseline,0.2,108,-98.44788,107.09899
original,baseline,0.2,109,-64.20647,-32.514797
original,baseline,0.2,110,-63.84834,-32.718227
original,baseline,0.2,111,-74.2672,-3.858098
original,baseline,0.2,112,-92.05907,22.181555
original,baseline,0.2,113,-72.392715,12.739017
original,baseline,0.2,114,-65.66313,-27.615282
original,baseline,0.2,115,-77.06864,12.125779
original,baseline,0.2,116,-90.33842,14.187469
original,baseline,0.2,117,-79.56097,12.084434
original,baseline,0.2,118,-64.35864,-27.818365
original,baseline,0.2,119,-60.209473,-29.26337
original,baseline,0.2,120,-71.57604,-17.93656
original,baseline,0.2,121,-81.759766,-4.2485495
original,baseline,0.2,122,-88.50178,40.437725
original,baseline,0.2,123,-70.444496,-7.110267
original,baseline,0.2,124,-79.49939,17.696936
original,baseline,0.2,125,-72.71625,14.035862
original,baseline,0.2,126,-76.81963,-11.640135
original,baseline,0.2,127,-68.47278,-4.5089717
original,baseline,0.2,128,-67.05235,-17.971779
original,baseline,0.2,129,-73.51936,-7.7154565
original,baseline,0.2,130,-77.28414,-13.910468
original,baseline,0.2,131,-74.431496,2.512805
original,baseline,0.2,132,-93.81181,66.586655
original,baseline,0.2,133,-75.00063,12.416384
original,baseline,0.2,134,-63.55529,-34.099724
original,baseline,0.2,135,-65.83856,-12.523598
original,baseline,0.2,136,-63.84197,-8.576093
original,baseline,0.2,137,-65.52042,-27.950539
original,baseline,0.2,138,-75.5928,0.54133934
original,baseline,0.2,139,-64.4629,-26.127848
original,baseline,0.2,140,-76.00416,3.1300333
original,baseline,0.2,141,-72.917305,-0.8928687
original,baseline,0.2,142,-87.22696,14.033558
original,baseline,0.2,143,-74.09606,-15.303481
original,baseline,0.2,144,-68.12455,-20.364405
original,baseline,0.2,145,-84.812096,6.569998
original,baseline,0.2,146,-64.39192,-31.023857
original,baseline,0.2,147,-85.40751,22.479492
original,baseline,0.2,148,-83.69834,0.30637416
original,baseline,0.2,149,-64.48457,-31.392565
original,baseline,0.2,150,-78.15113,0.86688876
original,baseline,0.2,151,-61.97461,-13.124913
original,baseline,0.2,152,-93.577866,14.423413
original,baseline,0.2,153,-77.50319,-5.2437735
original,baseline,0.2,154,-82.261856,39.010544
original,baseline,0.2,155,-77.39319,-1.5186992
original,baseline,0.2,156,-74.404625,-19.867895
original,baseline,0.2,157,-78.64091,-10.348596
original,baseline,0.2,158,-64.819496,-30.87091
original,baseline,0.2,159,-74.84241,-13.216785
original,baseline,0.2,160,-83.20115,0.83721423
original,baseline,0.2,161,-65.76138,-26.887339
original,baseline,0.2,162,-68.209496,-16.071974
original,baseline,0.2,163,-84.42246,29.214151
original,baseline,0.2,164,-90.11325,13.399656
original,baseline,0.2,165,-67.34796,-25.63951
original,baseline,0.2,166,-65.12897,-23.394274
original,baseline,0.2,167,-81.24558,3.1908324
original,baseline,0.2,168,-83.28355,8.288467
original,baseline,0.2,169,-95.67154,53.770935
original,baseline,0.2,170,-61.73335,-39.465317
original,baseline,0.2,171,-73.160545,-4.6550846
original,baseline,0.2,172,-65.11416,-29.684515
original,baseline,0.2,173,-66.07502,-14.720576
original,baseline,0.2,174,-71.51443,-15.290743
original,baseline,0.2,175,-75.4213,-11.328866
original,baseline,0.2,176,-97.0955,41.27107
original,baseline,0.2,177,-67.88457,-15.867645
original,baseline,0.2,178,-74.07896,43.893383
original,baseline,0.2,179,-66.719604,-23.645578
original,baseline,0.2,180,-69.93308,36.421158
original,baseline,0.2,181,-76.055595,19.11624
original,baseline,0.2,182,-91.07513,56.453743
original,baseline,0.2,183,-78.26963,4.212186
original,baseline,0.2,184,-86.13292,54.696278
original,baseline,0.2,185,-67.559525,-16.928053
original,baseline,0.2,186,-76.08102,-13.87945
original,baseline,0.2,187,-68.847435,38.972725
original,baseline,0.2,188,-88.38204,1.1041727
original,baseline,0.2,189,-75.81269,-17.37126
original,baseline,0.2,190,-63.325943,-36.425602
original,baseline,0.2,191,-78.261765,66.98786
original,baseline,0.2,192,-63.648727,-32.631195
original,baseline,0.2,193,-67.2741,-22.340092
original,baseline,0.2,194,-74.28114,-13.596072
original,baseline,0.2,195,-71.089,-18.668928
original,baseline,0.2,196,-74.11251,-1.9184982
original,baseline,0.2,197,-73.57423,-12.140105
original,baseline,0.2,198,-70.47555,-5.994749
original,baseline,0.2,199,-69.4137,-4.6873055
original,baseline,0.5,0,-62.044647,-38.28213
original,baseline,0.5,1,28.19449,29.08488
original,baseline,0.5,2,-59.01131,-35.33237
original,baseline,0.5,3,-100.28812,110.945595
original,baseline,0.5,4,-109.98381,111.93807
original,baseline,0.5,5,-76.296135,118.94235
original,baseline,0.5,6,-59.847202,25.709513
original,baseline,0.5,7,-61.865543,-45.928246
original,baseline,0.5,8,-63.00353,-38.748833
original,baseline,0.5,9,-81.80998,-8.256974
original,baseline,0.5,10,-62.311295,-36.763706
original,baseline,0.5,11,-53.642593,-41.204933
original,baseline,0.5,12,-78.24495,19.999363
original,baseline,0.5,13,-62.213512,-38.594925
original,baseline,0.5,14,-60.08742,-42.68337
original,baseline,0.5,15,-114.32874,131.52939
original,baseline,0.5,16,-65.874214,133.19943
original,baseline,0.5,17,-95.57001,7.8894706
original,baseline,0.5,18,-85.151955,6.2237983
original,baseline,0.5,19,-67.121414,-23.464579
original,baseline,0.5,20,-69.80401,49.635784
original,baseline,0.5,21,-74.51401,40.074696
original,baseline,0.5,22,-51.685215,-44.14591
original,baseline,0.5,23,-66.54121,36.771996
original,baseline,0.5,24,-11.545232,84.317894
original,baseline,0.5,25,-98.8231,10.501646
original,baseline,0.5,26,-62.851215,-35.743355
original,baseline,0.5,27,-77.87653,57.011448
original,baseline,0.5,28,-114.52933,127.14206
original,baseline,0.5,29,-73.341286,-15.152065
original,baseline,0.5,30,-59.736076,-40.047512
original,baseline,0.5,31,-77.21332,-17.590986
original,baseline,0.5,32,-56.443314,-1.6453937
original,baseline,0.5,33,-62.734234,-35.574333
original,baseline,0.5,34,-56.90235,48.468815
original,baseline,0.5,35,-65.777176,-30.395052
original,baseline,0.5,36,-63.065914,-16.21101
original,baseline,0.5,37,-76.265396,-24.686592
original,baseline,0.5,38,-109.18686,116.81385
original,baseline,0.5,39,-59.273567,-42.235107
original,baseline,0.5,40,-58.421455,-30.843357
original,baseline,0.5,41,-44.712543,-5.0002418
original,baseline,0.5,42,-56.247322,-30.082823
original,baseline,0.5,43,-67.8004,-1.9540949
original,baseline,0.5,44,-109.64123,127.56221
original,baseline,0.5,45,-135.6606,54.767406
original,baseline,0.5,46,-59.942535,-5.3655534
original,baseline,0.5,47,-71.62878,-33.418255
original,baseline,0.5,48,-103.36029,105.81183
original,baseline,0.5,49,-19.144629,68.99387
original,baseline,0.5,50,-87.07901,49.42647
original,baseline,0.5,51,-90.80821,28.778074
original,baseline,0.5,52,-99.56179,51.808735
original,baseline,0.5,53,-63.79457,-34.422104
original,baseline,0.5,54,-132.43375,96.49288
original,baseline,0.5,55,-103.601494,137.365
original,baseline,0.5,56,-69.8531,-11.510946
original,baseline,0.5,57,-75.26233,-19.097248
original,baseline,0.5,58,-63.379684,-34.579136
original,baseline,0.5,59,-62.701214,-35.821312
original,baseline,0.5,60,-81.44575,89.91868
original,baseline,0.5,61,-59.43229,-30.29171
original,baseline,0.5,62,-69.648315,-3.7033205
original,baseline,0.5,63,-105.43594,124.41105
original,baseline,0.5,64,-8.019125,-24.230526
original,baseline,0.5,65,-70.5985,-21.352215
original,baseline,0.5,66,-91.38981,88.41158
original,baseline,0.5,67,-62.086285,-39.528366
original,baseline,0.5,68,-61.921635,-37.73781
original,baseline,0.5,69,48.26908,41.918568
original,baseline,0.5,70,-84.12318,-23.094227
original,baseline,0.5,71,-60.249233,-37.3931
original,baseline,0.5,72,-63.50468,-37.60115
original,baseline,0.5,73,-69.55798,59.288647
original,baseline,0.5,74,-64.69388,-30.340729
original,baseline,0.5,75,-75.01736,-20.539133
original,baseline,0.5,76,-99.92977,131.05649
original,baseline,0.5,77,-104.15154,117.47278
original,baseline,0.5,78,-102.04937,81.18024
original,baseline,0.5,79,-64.696045,-35.09582
original,baseline,0.5,80,-51.357834,-56.55036
original,baseline,0.5,81,-87.910095,70.477844
original,baseline,0.5,82,-66.88029,-23.629223
original,baseline,0.5,83,-63.64248,-34.76233
original,baseline,0.5,84,-67.59441,131.32964
original,baseline,0.5,85,-62.423244,-37.763157
original,baseline,0.5,86,-58.939728,47.106197
original,baseline,0.5,87,-62.611053,-35.91399
original,baseline,0.5,88,-106.30835,111.32267
original,baseline,0.5,89,-55.215843,-41.2924
original,baseline,0.5,90,-106.53676,136.99979
original,baseline,0.5,91,-60.114796,-32.82969
original,baseline,0.5,92,-95.945496,47.282948
original,baseline,0.5,93,-86.700134,78.79599
original,baseline,0.5,94,-62.415752,-31.15717
original,baseline,0.5,95,-62.605408,-38.453686
original,baseline,0.5,96,-90.01152,31.001911
original,baseline,0.5,97,-65.683655,132.30145
original,baseline,0.5,98,-61.474525,71.37476
original,baseline,0.5,99,-63.067062,-34.82781
original,baseline,0.5,100,-64.58086,-12.141312
original,baseline,0.5,101,-90.82319,27.762478
original,baseline,0.5,102,-66.12966,-31.248854
original,baseline,0.5,103,-65.33268,-29.756815
original,baseline,0.5,104,-79.352165,9.099518
original,baseline,0.5,105,-58.41868,-36.374115
original,baseline,0.5,106,-57.953423,27.467655
original,baseline,0.5,107,-91.40122,126.73039
original,baseline,0.5,108,-68.4569,-27.186148
original,baseline,0.5,109,-93.47406,105.52888
original,baseline,0.5,110,-68.83663,-21.014011
original,baseline,0.5,111,-63.23827,-30.676844
original,baseline,0.5,112,-63.788593,-35.814163
original,baseline,0.5,113,-108.2386,129.83533
original,baseline,0.5,114,-37.16522,36.212276
original,baseline,0.5,115,-72.21631,-14.011214
original,baseline,0.5,116,-54.036194,-37.593452
original,baseline,0.5,117,-82.237854,52.230736
original,baseline,0.5,118,-73.81614,0.4179558
original,baseline,0.5,119,-102.03419,113.042145
original,baseline,0.5,120,-112.8827,129.47223
original,baseline,0.5,121,-54.6435,-12.836039
original,baseline,0.5,122,-67.85391,-37.19314
original,baseline,0.5,123,-68.289696,-20.769327
original,baseline,0.5,124,-101.30077,122.82716
original,baseline,0.5,125,-111.88154,116.644554
original,baseline,0.5,126,-81.727715,-13.803782
original,baseline,0.5,127,-66.97317,132.03801
original,baseline,0.5,128,-56.597984,-46.29716
original,baseline,0.5,129,-91.1584,31.016674
original,baseline,0.5,130,-63.798622,-36.754276
original,baseline,0.5,131,-68.15848,124.0112
original,baseline,0.5,132,-56.835297,-39.02805
original,baseline,0.5,133,-105.98542,38.562782
original,baseline,0.5,134,-98.01263,54.859863
original,baseline,0.5,135,-117.90419,90.71707
original,baseline,0.5,136,-63.044373,-39.180367
original,baseline,0.5,137,-55.935234,-44.647747
original,baseline,0.5,138,-95.7759,6.345116
original,baseline,0.5,139,-64.52254,-34.92707
original,baseline,0.5,140,-67.85866,-20.569366
original,baseline,0.5,141,-64.420105,103.54625
original,baseline,0.5,142,-92.50711,122.92433
original,baseline,0.5,143,-102.69703,115.671234
original,baseline,0.5,144,-93.632675,18.013206
original,baseline,0.5,145,-54.867634,-39.876564
original,baseline,0.5,146,-70.72311,-37.47467
original,baseline,0.5,147,-126.28654,51.10929
original,baseline,0.5,148,-115.0936,70.132545
original,baseline,0.5,149,-118.51342,140.17769
original,baseline,0.5,150,-94.23978,7.1772437
original,baseline,0.5,151,-80.23987,-9.451209
original,baseline,0.5,152,-73.16971,-3.6306672
original,baseline,0.5,153,-110.33927,125.29712
original,baseline,0.5,154,-93.99523,129.71707
original,baseline,0.5,155,-125.44657,142.48964
original,baseline,0.5,156,-67.8219,45.077408
original,baseline,0.5,157,-64.757095,-29.49205
original,baseline,0.5,158,-65.10676,-36.08504
original,baseline,0.5,159,-80.70303,124.91664
original,baseline,0.5,160,-59.40188,-52.79984
original,baseline,0.5,161,-13.979006,58.92004
original,baseline,0.5,162,-95.95019,17.633968
original,baseline,0.5,163,-83.1944,63.577293
original,baseline,0.5,164,-58.64812,-31.896719
original,baseline,0.5,165,12.342105,79.05672
original,baseline,0.5,166,-86.45576,-8.668992
original,baseline,0.5,167,-75.26341,4.391825
original,baseline,0.5,168,-54.695908,-27.043177
original,baseline,0.5,169,-98.52145,28.899471
original,baseline,0.5,170,-60.72076,-20.939941
original,baseline,0.5,171,-119.850365,113.763954
original,baseline,0.5,172,17.312376,35.410088
original,baseline,0.5,173,-19.126661,-10.6666565
original,baseline,0.5,174,-63.211018,-30.51226
original,baseline,0.5,175,-121.31474,127.84485
original,baseline,0.5,176,-63.089577,-41.208565
original,baseline,0.5,177,-61.031662,-30.799599
original,baseline,0.5,178,-95.0369,111.05942
original,baseline,0.5,179,-60.947292,-39.31653
original,baseline,0.5,180,-125.58996,51.76077
original,baseline,0.5,181,-102.70401,13.869943
original,baseline,0.5,182,-111.55061,133.65546
original,baseline,0.5,183,-80.06985,-0.9634355
original,baseline,0.5,184,-115.92032,112.813095
original,baseline,0.5,185,-92.274124,89.19288
original,baseline,0.5,186,-53.435936,-1.1251856
original,baseline,0.5,187,-15.747076,3.1958094
original,baseline,0.5,188,-63.46138,105.5436
original,baseline,0.5,189,-64.32764,-33.83119
original,baseline,0.5,190,-63.061207,-37.42577
original,baseline,0.5,191,-63.070133,-28.921453
original,baseline,0.5,192,-93.22594,109.29838
original,baseline,0.5,193,-88.434715,7.251659
original,baseline,0.5,194,-96.36192,108.353874
original,baseline,0.5,195,-94.38309,60.62583
original,baseline,0.5,196,-104.30989,113.50295
original,baseline,0.5,197,-62.98343,-35.413815
original,baseline,0.5,198,-41.088226,19.613684
original,baseline,0.5,199,-35.36009,85.156235
original,baseline,1.0,0,-89.04958,55.70372
original,baseline,1.0,1,-121.93436,144.81648
original,baseline,1.0,2,-106.030266,160.15703
original,baseline,1.0,3,-102.84711,126.994896
original,baseline,1.0,4,-128.65942,30.808043
original,baseline,1.0,5,-127.423454,97.71993
original,baseline,1.0,6,-59.81634,-33.205215
original,baseline,1.0,7,-89.28438,-5.011244
original,baseline,1.0,8,-12.74343,76.40975
original,baseline,1.0,9,-104.52085,105.19929
original,baseline,1.0,10,-97.24698,143.62921
original,baseline,1.0,11,-50.840122,-55.436413
original,baseline,1.0,12,-93.08728,140.2024
original,baseline,1.0,13,-54.769623,-39.703403
original,baseline,1.0,14,-25.544224,-36.346943
original,baseline,1.0,15,-104.41665,166.42804
original,baseline,1.0,16,-119.44329,131.4641
original,baseline,1.0,17,-89.654274,-35.89119
original,baseline,1.0,18,-63.40271,-41.06885
original,baseline,1.0,19,-51.78003,-40.549435
original,baseline,1.0,20,-63.3567,-33.902206
original,baseline,1.0,21,-12.492524,-114.377594
original,baseline,1.0,22,-36.727272,-66.28357
original,baseline,1.0,23,-36.881687,-152.5614
original,baseline,1.0,24,-114.680786,0.44297686
original,baseline,1.0,25,-83.39071,162.20757
original,baseline,1.0,26,-108.147964,102.43542
original,baseline,1.0,27,-108.028786,89.46252
original,baseline,1.0,28,-60.108788,-42.531696
original,baseline,1.0,29,-70.42293,154.89061
original,baseline,1.0,30,-49.38073,-11.657449
original,baseline,1.0,31,-60.867786,-42.797367
original,baseline,1.0,32,-54.295807,-40.29699
original,baseline,1.0,33,-38.468876,-16.510098
original,baseline,1.0,34,-76.507744,-2.197859
original,baseline,1.0,35,-67.36253,-40.01106
original,baseline,1.0,36,-83.175224,77.559555
original,baseline,1.0,37,-60.483646,-42.410755
original,baseline,1.0,38,-129.01588,131.34598
original,baseline,1.0,39,-129.10191,162.883
original,baseline,1.0,40,-65.69927,149.64764
original,baseline,1.0,41,-41.567425,-68.28732
original,baseline,1.0,42,-114.82644,131.8418
original,baseline,1.0,43,-66.5885,-27.452177
original,baseline,1.0,44,-130.17584,18.390663
original,baseline,1.0,45,-74.78099,92.44797
original,baseline,1.0,46,-46.116505,-61.263454
original,baseline,1.0,47,-114.56455,14.480083
original,baseline,1.0,48,-48.27768,-58.887005
original,baseline,1.0,49,46.82676,54.68371
original,baseline,1.0,50,-45.750362,-24.69865
original,baseline,1.0,51,-64.79824,-42.476254
original,baseline,1.0,52,-70.74873,156.54317
original,baseline,1.0,53,-14.356,-144.55573
original,baseline,1.0,54,-56.75874,-58.604637
original,baseline,1.0,55,-94.822784,-15.2146
original,baseline,1.0,56,-57.819134,-59.673912
original,baseline,1.0,57,-75.8506,-27.169662
original,baseline,1.0,58,-73.2582,-47.036285
original,baseline,1.0,59,-27.927908,-75.254326
original,baseline,1.0,60,-125.8351,145.80074
original,baseline,1.0,61,-50.050953,-54.896175
original,baseline,1.0,62,-125.91257,134.37082
original,baseline,1.0,63,-130.61864,140.40016
original,baseline,1.0,64,-138.8747,136.1174
original,baseline,1.0,65,-97.75053,158.74738
original,baseline,1.0,66,-54.540817,144.24144
original,baseline,1.0,67,-93.359634,-7.0870023
original,baseline,1.0,68,-98.60444,-34.918903
original,baseline,1.0,69,-96.06081,159.87155
original,baseline,1.0,70,-105.3561,60.047802
original,baseline,1.0,71,-107.69963,118.5437
original,baseline,1.0,72,-58.7123,131.29407
original,baseline,1.0,73,-48.829895,-52.79928
original,baseline,1.0,74,-97.14686,108.20794
original,baseline,1.0,75,-111.87154,25.32071
original,baseline,1.0,76,-56.581303,-33.00958
original,baseline,1.0,77,-75.69813,55.865738
original,baseline,1.0,78,-94.91586,-23.86355
original,baseline,1.0,79,-62.383163,-48.01455
original,baseline,1.0,80,-51.905994,-59.73163
original,baseline,1.0,81,-66.18556,-31.312637
original,baseline,1.0,82,11.303296,39.996017
original,baseline,1.0,83,-53.384052,70.76226
original,baseline,1.0,84,-91.876854,-1.8748722
original,baseline,1.0,85,-120.971,134.6661
original,baseline,1.0,86,-88.19682,-19.167042
original,baseline,1.0,87,-125.371346,114.47296
original,baseline,1.0,88,-101.67779,92.66728
original,baseline,1.0,89,-91.27815,169.65749
original,baseline,1.0,90,-81.279076,-27.899313
original,baseline,1.0,91,-49.53647,-61.4499
original,baseline,1.0,92,-30.144707,-78.09978
original,baseline,1.0,93,-161.97145,151.48672
original,baseline,1.0,94,-56.461716,-59.641617
original,baseline,1.0,95,-115.72037,142.01471
original,baseline,1.0,96,-82.62026,-9.841408
original,baseline,1.0,97,-63.17411,-34.502132
original,baseline,1.0,98,-123.99349,76.08667
original,baseline,1.0,99,58.97594,42.169823
original,baseline,1.0,100,-83.50681,-17.820396
original,baseline,1.0,101,-68.2235,-20.111897
original,baseline,1.0,102,-66.36932,-44.19469
original,baseline,1.0,103,-19.269558,118.10076
original,baseline,1.0,104,-67.98882,-27.446283
original,baseline,1.0,105,-149.33101,-69.33476
original,baseline,1.0,106,-53.34796,21.141716
original,baseline,1.0,107,-78.64514,127.045
original,baseline,1.0,108,-59.870907,-46.109135
original,baseline,1.0,109,-66.52071,-40.65273
original,baseline,1.0,110,-118.70234,167.02827
original,baseline,1.0,111,-81.80831,-17.115013
original,baseline,1.0,112,-150.34512,158.48622
original,baseline,1.0,113,-64.52847,-33.22816
original,baseline,1.0,114,-44.679962,-70.499504
original,baseline,1.0,115,-45.736053,-74.38013
original,baseline,1.0,116,-56.276466,-59.580273
original,baseline,1.0,117,-65.03664,86.90326
original,baseline,1.0,118,-67.318275,-37.945362
original,baseline,1.0,119,-104.4265,148.24896
original,baseline,1.0,120,-108.31693,38.118263
original,baseline,1.0,121,-50.635475,-57.217075
original,baseline,1.0,122,21.92694,54.19585
original,baseline,1.0,123,-141.78242,105.05853
original,baseline,1.0,124,-62.99879,-31.998913
original,baseline,1.0,125,-126.93449,135.68289
original,baseline,1.0,126,-62.428196,123.27826
original,baseline,1.0,127,-31.870087,-65.97927
original,baseline,1.0,128,-104.54739,67.4424
original,baseline,1.0,129,-59.194946,-44.43454
original,baseline,1.0,130,-52.07125,-55.441956
original,baseline,1.0,131,-53.156433,104.20648
original,baseline,1.0,132,-37.26476,-72.56907
original,baseline,1.0,133,-74.67122,9.4019
original,baseline,1.0,134,-48.378212,56.793415
original,baseline,1.0,135,-25.356192,-22.718134
original,baseline,1.0,136,-23.550777,-36.084454
original,baseline,1.0,137,-48.059246,-61.89727
original,baseline,1.0,138,-62.641552,-36.368053
original,baseline,1.0,139,-112.62153,98.465836
original,baseline,1.0,140,-62.914677,-36.840374
original,baseline,1.0,141,-97.423004,122.34048
original,baseline,1.0,142,-56.85881,114.63159
original,baseline,1.0,143,-64.37741,58.70521
original,baseline,1.0,144,-108.44412,1.8435986
original,baseline,1.0,145,-139.95499,110.74077
original,baseline,1.0,146,-72.69394,-28.866163
original,baseline,1.0,147,-46.030453,-59.972168
original,baseline,1.0,148,33.944813,55.421307
original,baseline,1.0,149,-25.919693,58.81863
original,baseline,1.0,150,-47.35363,-64.39411
original,baseline,1.0,151,-64.7853,-39.506073
original,baseline,1.0,152,-103.34334,107.64731
original,baseline,1.0,153,-63.65514,-41.228443
original,baseline,1.0,154,-125.281364,157.25528
original,baseline,1.0,155,90.95015,96.06618
original,baseline,1.0,156,-103.78465,98.874825
original,baseline,1.0,157,-49.506905,-59.545033
original,baseline,1.0,158,-87.64671,134.72089
original,baseline,1.0,159,-40.278393,-72.0245
original,baseline,1.0,160,-48.20651,-52.993935
original,baseline,1.0,161,61.02603,36.587746
original,baseline,1.0,162,-80.11192,-46.90188
original,baseline,1.0,163,61.100185,33.840233
original,baseline,1.0,164,-64.357,140.12761
original,baseline,1.0,165,-69.09494,-23.300095
original,baseline,1.0,166,-65.2367,151.525
original,baseline,1.0,167,-97.09499,126.091896
original,baseline,1.0,168,-49.19632,-52.042095
original,baseline,1.0,169,-50.57285,-98.61162
original,baseline,1.0,170,-126.57043,-26.54502
original,baseline,1.0,171,-53.315872,-41.098312
original,baseline,1.0,172,-66.61915,156.4371
original,baseline,1.0,173,-60.627502,-52.25479
original,baseline,1.0,174,-67.280396,-47.654137
original,baseline,1.0,175,-69.19485,-41.603485
original,baseline,1.0,176,-61.800797,-44.653896
original,baseline,1.0,177,-114.3841,113.74019
original,baseline,1.0,178,-105.29509,132.92194
original,baseline,1.0,179,-27.616928,164.32822
original,baseline,1.0,180,-136.6447,-28.972525
original,baseline,1.0,181,-60.03187,-40.831432
original,baseline,1.0,182,-70.8986,-41.42025
original,baseline,1.0,183,-64.30736,-57.230453
original,baseline,1.0,184,-106.37508,96.199974
original,baseline,1.0,185,-96.937294,74.79858
original,baseline,1.0,186,-57.715954,-48.3815
original,baseline,1.0,187,-54.0059,-36.647087
original,baseline,1.0,188,-114.77839,127.64708
original,baseline,1.0,189,-98.93458,97.57695
original,baseline,1.0,190,41.73539,50.91358
original,baseline,1.0,191,43.77082,9.715524
original,baseline,1.0,192,-52.777027,-46.175785
original,baseline,1.0,193,-53.394547,-56.571953
original,baseline,1.0,194,-55.52026,-47.607704
original,baseline,1.0,195,-50.853157,-66.67098
original,baseline,1.0,196,-139.82437,148.9405
original,baseline,1.0,197,-110.011055,141.72824
original,baseline,1.0,198,-130.32275,171.09883
original,baseline,1.0,199,-65.47144,-35.538136
original,physics,0.01,0,-73.80908,-21.35346
original,physics,0.01,1,-72.83047,-22.776794
original,physics,0.01,2,-73.059784,-22.451014
original,physics,0.01,3,-73.76916,-21.367058
original,physics,0.01,4,-73.06244,-22.479645
original,physics,0.01,5,-73.67284,-21.518024
original,physics,0.01,6,-73.47409,-21.84222
original,physics,0.01,7,-73.37129,-22.01148
original,physics,0.01,8,-72.82263,-22.764765
original,physics,0.01,9,-73.203835,-22.266712
original,physics,0.01,10,-72.91893,-22.657732
original,physics,0.01,11,-72.91772,-22.627773
original,physics,0.01,12,-73.288734,-22.148972
original,physics,0.01,13,-72.959816,-22.564596
original,physics,0.01,14,-73.490425,-21.774006
original,physics,0.01,15,-73.4374,-21.922928
original,physics,0.01,16,-73.48132,-21.790854
original,physics,0.01,17,-73.63337,-21.582317
original,physics,0.01,18,-73.7737,-21.399738
original,physics,0.01,19,-73.274345,-22.169415
original,physics,0.01,20,-72.90201,-22.679317
original,physics,0.01,21,-73.1376,-22.347412
original,physics,0.01,22,-73.18444,-22.309113
original,physics,0.01,23,-73.69195,-21.530754
original,physics,0.01,24,-73.60102,-21.668133
original,physics,0.01,25,-73.37629,-21.990955
original,physics,0.01,26,-73.844246,-21.369375
original,physics,0.01,27,-72.354805,-23.456665
original,physics,0.01,28,-73.81258,-20.03623
original,physics,0.01,29,-72.82683,-22.81857
original,physics,0.01,30,-72.812546,-22.845041
original,physics,0.01,31,-72.43049,-23.302649
original,physics,0.01,32,-73.045105,-22.451002
original,physics,0.01,33,-73.03837,-22.514555
original,physics,0.01,34,-73.343796,-22.068466
original,physics,0.01,35,-73.68606,-21.488173
original,physics,0.01,36,-72.69012,-23.017288
original,physics,0.01,37,-73.32963,-22.054148
original,physics,0.01,38,-72.89821,-22.735619
original,physics,0.01,39,-73.8419,-21.397848
original,physics,0.01,40,-73.01158,-22.531502
original,physics,0.01,41,-73.25232,-22.18641
original,physics,0.01,42,-73.264275,-22.207735
original,physics,0.01,43,-73.49924,-21.808622
original,physics,0.01,44,-73.4481,-21.902985
original,physics,0.01,45,-72.94314,-22.593704
original,physics,0.01,46,-73.78127,-20.478498
original,physics,0.01,47,-72.8788,-22.699347
original,physics,0.01,48,-72.97912,-22.571115
original,physics,0.01,49,-73.213394,-22.228556
original,physics,0.01,50,-72.63353,-23.059223
original,physics,0.01,51,-74.09534,-20.112701
original,physics,0.01,52,-72.78765,-22.850752
original,physics,0.01,53,-73.8297,-21.335966
original,physics,0.01,54,-73.26308,-22.082193
original,physics,0.01,55,-73.47857,-21.834398
original,physics,0.01,56,-73.75704,-21.436317
original,physics,0.01,57,-73.23831,-22.162754
original,physics,0.01,58,-73.61613,-21.642578
original,physics,0.01,59,-72.6099,-23.122532
original,physics,0.01,60,-73.371056,-22.004683
original,physics,0.01,61,-72.46682,-23.335777
original,physics,0.01,62,-73.37591,-21.98002
original,physics,0.01,63,-73.28208,-22.053844
original,physics,0.01,64,-73.18833,-22.2522
original,physics,0.01,65,-73.11828,-22.353043
original,physics,0.01,66,-72.667145,-23.001032
original,physics,0.01,67,-73.210915,-22.192717
original,physics,0.01,68,-72.69693,-22.992907
original,physics,0.01,69,-73.01215,-22.500364
original,physics,0.01,70,-73.602844,-21.608717
original,physics,0.01,71,-73.7361,-21.492353
original,physics,0.01,72,-73.30492,-22.117674
original,physics,0.01,73,-73.358665,-21.93466
original,physics,0.01,74,-72.59247,-23.127531
original,physics,0.01,75,-72.12744,-23.841806
original,physics,0.01,76,-73.33899,-22.09793
original,physics,0.01,77,-73.22987,-22.258316
original,physics,0.01,78,-73.57903,-21.72771
original,physics,0.01,79,-74.02927,-21.069696
original,physics,0.01,80,-73.473724,-21.853525
original,physics,0.01,81,-73.66763,-21.597504
original,physics,0.01,82,-73.10748,-22.392668
original,physics,0.01,83,-73.01794,-22.464088
original,physics,0.01,84,-73.34523,-22.04517
original,physics,0.01,85,-72.794136,-22.808008
original,physics,0.01,86,-73.36246,-22.049227
original,physics,0.01,87,-72.868256,-22.70201
original,physics,0.01,88,-73.28645,-22.141426
original,physics,0.01,89,-73.167366,-22.224152
original,physics,0.01,90,-73.12,-22.398813
original,physics,0.01,91,-73.151436,-22.351515
original,physics,0.01,92,-73.028275,-22.46353
original,physics,0.01,93,-73.22101,-22.265179
original,physics,0.01,94,-73.18438,-22.324715
original,physics,0.01,95,-73.55737,-21.821383
original,physics,0.01,96,-73.25651,-22.1991
original,physics,0.01,97,-73.29163,-22.19299
original,physics,0.01,98,-73.03699,-22.496151
original,physics,0.01,99,-72.53082,-23.272177
original,physics,0.01,100,-73.19364,-22.297634
original,physics,0.01,101,-72.99316,-22.505903
original,physics,0.01,102,-73.15639,-22.304947
original,physics,0.01,103,-73.57331,-21.703976
original,physics,0.01,104,-73.755745,-21.062145
original,physics,0.01,105,-73.5447,-21.732239
original,physics,0.01,106,-74.060394,-20.695705
original,physics,0.01,107,-73.04739,-22.447784
original,physics,0.01,108,-73.09819,-22.417894
original,physics,0.01,109,-73.414154,-21.96686
original,physics,0.01,110,-73.10266,-22.42657
original,physics,0.01,111,-73.222664,-22.258938
original,physics,0.01,112,-73.427986,-21.9183
original,physics,0.01,113,-72.97638,-22.60243
original,physics,0.01,114,-73.41794,-21.912863
original,physics,0.01,115,-73.49571,-21.82267
original,physics,0.01,116,-72.57047,-23.202637
original,physics,0.01,117,-73.24854,-22.166348
original,physics,0.01,118,-73.68254,-21.595621
original,physics,0.01,119,-72.747856,-22.946112
original,physics,0.01,120,-72.91815,-22.64524
original,physics,0.01,121,-73.104256,-22.355207
original,physics,0.01,122,-73.156906,-22.332489
original,physics,0.01,123,-72.94035,-22.696507
original,physics,0.01,124,-73.687996,-21.53755
original,physics,0.01,125,-74.01025,-19.793207
original,physics,0.01,126,-73.61465,-21.632116
original,physics,0.01,127,-73.49054,-21.851603
original,physics,0.01,128,-73.14143,-22.361122
original,physics,0.01,129,-73.89156,-21.221981
original,physics,0.01,130,-72.82349,-22.786564
original,physics,0.01,131,-73.631836,-21.681719
original,physics,0.01,132,-72.817764,-22.726208
original,physics,0.01,133,-73.53653,-21.68163
original,physics,0.01,134,-73.79791,-21.394758
original,physics,0.01,135,-72.749306,-22.867754
original,physics,0.01,136,-73.1347,-22.358004
original,physics,0.01,137,-72.880775,-22.66577
original,physics,0.01,138,-73.22411,-22.181648
original,physics,0.01,139,-73.106346,-22.379868
original,physics,0.01,140,-74.065025,-21.05633
original,physics,0.01,141,-73.08847,-22.458927
original,physics,0.01,142,-73.1256,-22.320795
original,physics,0.01,143,-72.598305,-23.05865
original,physics,0.01,144,-72.989815,-22.6588
original,physics,0.01,145,-73.51992,-21.722872
original,physics,0.01,146,-72.48074,-23.317732
original,physics,0.01,147,-72.701546,-23.008806
original,physics,0.01,148,-73.01492,-22.477076
original,physics,0.01,149,-72.7632,-22.974089
original,physics,0.01,150,-73.080055,-22.428265
original,physics,0.01,151,-73.28117,-22.174934
original,physics,0.01,152,-73.705605,-21.478476
original,physics,0.01,153,-73.0167,-22.549463
original,physics,0.01,154,-72.678535,-22.975119
original,physics,0.01,155,-73.59715,-21.737415
original,physics,0.01,156,-73.23029,-22.124302
original,physics,0.01,157,-72.95701,-22.632679
original,physics,0.01,158,-73.4152,-21.87289
original,physics,0.01,159,-72.75889,-22.960436
original,physics,0.01,160,-73.3398,-22.056204
original,physics,0.01,161,-72.755424,-22.811842
original,physics,0.01,162,-73.03396,-22.493553
original,physics,0.01,163,-73.20465,-22.250292
original,physics,0.01,164,-72.671814,-23.045551
original,physics,0.01,165,-73.229225,-22.158234
original,physics,0.01,166,-72.647934,-22.950317
original,physics,0.01,167,-73.49592,-21.793535
original,physics,0.01,168,-73.6553,-21.606953
original,physics,0.01,169,-72.44189,-23.332237
original,physics,0.01,170,-73.482056,-21.885666
original,physics,0.01,171,-73.24905,-22.199913
original,physics,0.01,172,-73.47191,-21.843243
original,physics,0.01,173,-73.67522,-21.566927
original,physics,0.01,174,-72.96541,-22.564777
original,physics,0.01,175,-72.97098,-22.607376
original,physics,0.01,176,-72.843185,-22.769714
original,physics,0.01,177,-73.70044,-21.490297
original,physics,0.01,178,-72.714874,-22.909828
original,physics,0.01,179,-73.157486,-22.240894
original,physics,0.01,180,-73.63858,-21.597055
original,physics,0.01,181,-73.217094,-22.254316
original,physics,0.01,182,-72.938774,-22.581245
original,physics,0.01,183,-73.37033,-22.039742
original,physics,0.01,184,-72.684425,-22.976883
original,physics,0.01,185,-73.069176,-22.492884
original,physics,0.01,186,-73.73943,-21.447233
original,physics,0.01,187,-73.282036,-22.09745
original,physics,0.01,188,-72.92641,-22.58864
original,physics,0.01,189,-73.57853,-21.687244
original,physics,0.01,190,-73.31629,-22.04642
original,physics,0.01,191,-73.8421,-21.373024
original,physics,0.01,192,-73.37992,-21.961222
original,physics,0.01,193,-73.025826,-22.535263
original,physics,0.01,194,-72.765785,-22.820179
original,physics,0.01,195,-73.39909,-21.921696
original,physics,0.01,196,-73.423035,-21.975746
original,physics,0.01,197,-73.19,-22.297054
original,physics,0.01,198,-73.145065,-22.415794
original,physics,0.01,199,-73.11399,-22.367022
original,physics,0.05,0,-73.75511,-20.351286
original,physics,0.05,1,-73.35906,-22.504692
original,physics,0.05,2,-74.40357,-20.545101
original,physics,0.05,3,-73.84216,-18.144201
original,physics,0.05,4,-74.1064,-20.83173
original,physics,0.05,5,-72.70585,-23.012682
original,physics,0.05,6,-71.49755,-24.566872
original,physics,0.05,7,-73.03656,-22.689646
original,physics,0.05,8,-73.98295,-14.597384
original,physics,0.05,9,-73.54242,-21.736393
original,physics,0.05,10,-74.158676,-1.7717634
original,physics,0.05,11,-70.07776,-26.837858
original,physics,0.05,12,-74.422905,-17.222004
original,physics,0.05,13,-72.62023,-23.082354
original,physics,0.05,14,-71.66724,-24.548506
original,physics,0.05,15,-74.28954,-12.728632
original,physics,0.05,16,-73.98933,-11.16274
original,physics,0.05,17,-70.05004,-26.690554
original,physics,0.05,18,-72.069565,-23.923079
original,physics,0.05,19,-74.8956,-9.194777
original,physics,0.05,20,-70.232796,-26.396393
original,physics,0.05,21,-70.33176,-26.741709
original,physics,0.05,22,-73.84555,-19.851805
original,physics,0.05,23,-70.480225,-26.559244
original,physics,0.05,24,-73.64674,-21.548723
original,physics,0.05,25,-73.93395,-17.164616
original,physics,0.05,26,-74.322174,-13.150459
original,physics,0.05,27,-71.87907,-24.0937
original,physics,0.05,28,-72.28891,-23.955788
original,physics,0.05,29,-73.98162,-21.433855
original,physics,0.05,30,-71.1964,-25.11225
original,physics,0.05,31,-71.5325,-24.89928
original,physics,0.05,32,-74.46355,-8.430272
original,physics,0.05,33,-72.67066,-23.123142
original,physics,0.05,34,-74.53468,-20.56544
original,physics,0.05,35,-71.19108,-25.054516
original,physics,0.05,36,-69.56329,-27.54208
original,physics,0.05,37,-71.81187,-24.405201
original,physics,0.05,38,-73.24734,-19.83439
original,physics,0.05,39,-73.90794,-19.890005
original,physics,0.05,40,-73.94393,-13.823489
original,physics,0.05,41,-72.25297,-23.860556
original,physics,0.05,42,-73.80042,-21.496351
original,physics,0.05,43,-74.12462,-18.389908
original,physics,0.05,44,-74.297356,-19.595736
original,physics,0.05,45,-73.31661,-21.96227
original,physics,0.05,46,-73.03687,-19.72528
original,physics,0.05,47,-73.679,-21.771633
original,physics,0.05,48,-73.928734,-21.334047
original,physics,0.05,49,-74.53563,-11.347019
original,physics,0.05,50,-74.876144,-20.255226
original,physics,0.05,51,-73.9996,-18.836908
original,physics,0.05,52,-74.13058,-17.19097
original,physics,0.05,53,-73.454155,-13.201055
original,physics,0.05,54,-73.71256,-17.768833
original,physics,0.05,55,-74.0769,-20.184738
original,physics,0.05,56,-72.41602,-23.404297
original,physics,0.05,57,-72.519936,-23.005846
original,physics,0.05,58,-73.61813,-18.304483
original,physics,0.05,59,-71.79764,-23.843554
original,physics,0.05,60,-73.13806,-22.488142
original,physics,0.05,61,-73.52547,-21.512218
original,physics,0.05,62,-72.63827,-22.914375
original,physics,0.05,63,-74.49989,-19.876049
original,physics,0.05,64,-74.34013,-16.381147
original,physics,0.05,65,-72.6195,-23.07605
original,physics,0.05,66,-69.60033,-27.308636
original,physics,0.05,67,-72.37431,-23.298563
original,physics,0.05,68,-74.4423,-18.333303
original,physics,0.05,69,-70.879974,-25.68395
original,physics,0.05,70,-73.59056,-21.79526
original,physics,0.05,71,-73.92999,-21.434292
original,physics,0.05,72,-72.88977,-22.880474
original,physics,0.05,73,-73.468895,-22.04205
original,physics,0.05,74,-71.994194,-24.187984
original,physics,0.05,75,-74.65826,-20.090153
original,physics,0.05,76,-74.30115,-7.5142937
original,physics,0.05,77,-71.080345,-25.141138
original,physics,0.05,78,-74.49822,-19.915459
original,physics,0.05,79,-72.14732,-24.11118
original,physics,0.05,80,-69.393456,-27.61244
original,physics,0.05,81,-71.71346,-24.273031
original,physics,0.05,82,-73.6344,-20.206068
original,physics,0.05,83,-71.163704,-25.174898
original,physics,0.05,84,-71.49615,-24.898342
original,physics,0.05,85,-71.21615,-25.12957
original,physics,0.05,86,-71.117485,-25.01619
original,physics,0.05,87,-71.772644,-24.374125
original,physics,0.05,88,-71.735085,-24.441137
original,physics,0.05,89,-72.19969,-23.391804
original,physics,0.05,90,-72.295715,-23.504723
original,physics,0.05,91,-74.40941,-20.721481
original,physics,0.05,92,-73.27545,-18.745926
original,physics,0.05,93,-73.56976,-18.409986
original,physics,0.05,94,-72.71192,-22.619095
original,physics,0.05,95,-74.431816,-18.359268
original,physics,0.05,96,-69.35565,-27.676765
original,physics,0.05,97,-73.15285,-22.229004
original,physics,0.05,98,-72.089935,-23.759298
original,physics,0.05,99,-72.05532,-23.915709
original,physics,0.05,100,-69.971085,-26.8707
original,physics,0.05,101,-73.66598,-21.522644
original,physics,0.05,102,-72.71564,-22.877117
original,physics,0.05,103,-73.57152,-9.994551
original,physics,0.05,104,-73.07246,-19.733679
original,physics,0.05,105,-73.284096,-22.214727
original,physics,0.05,106,-74.06122,-19.665768
original,physics,0.05,107,-74.17667,-14.72988
original,physics,0.05,108,-70.34006,-26.238628
original,physics,0.05,109,-73.360115,-21.66401
original,physics,0.05,110,-72.1626,-23.439802
original,physics,0.05,111,-72.582184,-23.312014
original,physics,0.05,112,-74.44913,-20.683912
original,physics,0.05,113,-72.40753,-23.716898
original,physics,0.05,114,-71.82815,-24.119844
original,physics,0.05,115,-73.21167,-22.117264
original,physics,0.05,116,-73.149254,-22.138903
original,physics,0.05,117,-74.28579,-18.841213
original,physics,0.05,118,-73.21267,-21.621687
original,physics,0.05,119,-71.93734,-24.456722
original,physics,0.05,120,-74.42746,-14.694585
original,physics,0.05,121,-72.86871,-22.992718
original,physics,0.05,122,-73.1937,-22.27473
original,physics,0.05,123,-73.06308,-22.584234
original,physics,0.05,124,-73.94769,-15.147313
original,physics,0.05,125,-74.3347,-20.159927
original,physics,0.05,126,-73.61104,-21.718939
original,physics,0.05,127,-73.187836,-22.273071
original,physics,0.05,128,-74.02862,-21.17505
original,physics,0.05,129,-74.45777,-13.648494
original,physics,0.05,130,-74.76857,-18.64432
original,physics,0.05,131,-71.685715,-24.562548
original,physics,0.05,132,-75.208725,-17.024948
original,physics,0.05,133,-70.24937,-26.815268
original,physics,0.05,134,-73.8,-9.885583
original,physics,0.05,135,-72.06276,-23.903442
original,physics,0.05,136,-71.256516,-24.829147
original,physics,0.05,137,-71.99804,-24.429918
original,physics,0.05,138,-73.60113,-18.138882
original,physics,0.05,139,-73.24125,-11.145944
original,physics,0.05,140,-73.58492,-21.910238
original,physics,0.05,141,-71.64808,-24.234505
original,physics,0.05,142,-73.30951,-22.181446
original,physics,0.05,143,-71.85281,-23.885263
original,physics,0.05,144,-70.694954,-25.853603
original,physics,0.05,145,-73.90281,-11.407458
original,physics,0.05,146,-73.75517,-7.754404
original,physics,0.05,147,-72.23379,-23.574953
original,physics,0.05,148,-73.772446,-14.412034
original,physics,0.05,149,-71.75517,-24.327793
original,physics,0.05,150,-73.018295,-22.613388
original,physics,0.05,151,-70.3058,-26.621946
original,physics,0.05,152,-71.69386,-24.23524
original,physics,0.05,153,-71.641,-24.530613
original,physics,0.05,154,-73.57375,-21.947487
original,physics,0.05,155,-73.931946,-21.594683
original,physics,0.05,156,-73.71773,-9.6900015
original,physics,0.05,157,-72.1095,-23.754646
original,physics,0.05,158,-71.40435,-25.07772
original,physics,0.05,159,-71.60976,-24.337666
original,physics,0.05,160,-74.85831,-15.445204
original,physics,0.05,161,-73.33277,-22.239882
original,physics,0.05,162,-74.69325,-18.31156
original,physics,0.05,163,-72.74734,-23.095518
original,physics,0.05,164,-73.99876,-21.149427
original,physics,0.05,165,-72.04765,-23.911222
original,physics,0.05,166,-73.23484,-22.431181
original,physics,0.05,167,-74.36904,-20.716335
original,physics,0.05,168,-72.22954,-23.815891
original,physics,0.05,169,-72.94898,-22.627176
original,physics,0.05,170,-72.62684,-23.404167
original,physics,0.05,171,-71.40824,-24.966795
original,physics,0.05,172,-73.78228,-21.674738
original,physics,0.05,173,-74.713875,-19.660748
original,physics,0.05,174,-69.8634,-26.943304
original,physics,0.05,175,-74.667854,-16.626184
original,physics,0.05,176,-71.64169,-24.740368
original,physics,0.05,177,-68.67674,-29.027037
original,physics,0.05,178,-72.91685,-22.954838
original,physics,0.05,179,-69.97739,-26.742836
original,physics,0.05,180,-72.813576,-22.633848
original,physics,0.05,181,-73.93701,-9.29344
original,physics,0.05,182,-73.18617,-22.37479
original,physics,0.05,183,-73.44931,-21.88337
original,physics,0.05,184,-71.27624,-24.858397
original,physics,0.05,185,-74.796364,-18.768929
original,physics,0.05,186,-74.07835,-9.132748
original,physics,0.05,187,-71.42638,-24.984205
original,physics,0.05,188,-73.8741,-8.787509
original,physics,0.05,189,-74.32899,-18.629303
original,physics,0.05,190,-74.24587,-21.008434
original,physics,0.05,191,-73.25059,-22.312769
original,physics,0.05,192,-73.64559,-15.705875
original,physics,0.05,193,-72.691475,-23.508434
original,physics,0.05,194,-71.480606,-24.908827
original,physics,0.05,195,-72.60503,-23.173105
original,physics,0.05,196,-73.138626,-22.301874
original,physics,0.05,197,-72.36274,-23.521328
original,physics,0.05,198,-72.56484,-22.99118
original,physics,0.05,199,-71.643875,-24.632248
original,physics,0.1,0,-69.852844,-26.480053
original,physics,0.1,1,-70.37715,-25.575459
original,physics,0.1,2,-78.64414,17.098425
original,physics,0.1,3,-76.74759,-9.849649
original,physics,0.1,4,-73.37685,-22.558681
original,physics,0.1,5,-72.33452,-23.115755
original,physics,0.1,6,-70.308876,-26.302542
original,physics,0.1,7,-73.154396,13.78565
original,physics,0.1,8,-73.49112,-22.386673
original,physics,0.1,9,-68.3237,-29.531048
original,physics,0.1,10,-74.064156,-18.095324
original,physics,0.1,11,-70.1671,-26.632856
original,physics,0.1,12,-72.19223,-11.588632
original,physics,0.1,13,-74.60842,-7.8827105
original,physics,0.1,14,-73.09068,-4.880776
original,physics,0.1,15,-74.7373,-1.8505845
original,physics,0.1,16,-67.481285,-30.108377
original,physics,0.1,17,-72.67504,-23.023344
original,physics,0.1,18,-67.23878,-30.62608
original,physics,0.1,19,-74.27982,-14.448441
original,physics,0.1,20,-74.20311,-21.771765
original,physics,0.1,21,-74.52193,-1.0156066
original,physics,0.1,22,-71.246086,-24.70964
original,physics,0.1,23,-74.19892,-21.46441
original,physics,0.1,24,-78.43355,72.345825
original,physics,0.1,25,-75.08084,-10.430358
original,physics,0.1,26,-73.371925,-11.427532
original,physics,0.1,27,-74.40521,-1.850793
original,physics,0.1,28,-69.82907,-27.196758
original,physics,0.1,29,-67.6809,-30.41553
original,physics,0.1,30,-72.97141,-22.226429
original,physics,0.1,31,-74.96266,-0.73565435
original,physics,0.1,32,-72.04325,-23.664206
original,physics,0.1,33,-73.562454,-21.702322
original,physics,0.1,34,-66.39031,-32.01412
original,physics,0.1,35,-67.5927,-30.268616
original,physics,0.1,36,-74.07178,-2.8642466
original,physics,0.1,37,-68.4832,-28.336971
original,physics,0.1,38,-68.35955,-29.352457
original,physics,0.1,39,-70.18819,-26.527954
original,physics,0.1,40,-75.44831,-0.3116898
original,physics,0.1,41,-70.581924,-25.3199
original,physics,0.1,42,-73.540535,-21.713734
original,physics,0.1,43,-73.85987,-21.374046
original,physics,0.1,44,-74.04015,-21.135725
original,physics,0.1,45,-73.030754,-11.320981
original,physics,0.1,46,-72.84791,-8.533193
original,physics,0.1,47,-65.89212,-33.629158
original,physics,0.1,48,-73.16937,-22.784101
original,physics,0.1,49,-68.23789,-30.544544
original,physics,0.1,50,-73.21318,-20.675724
original,physics,0.1,51,-73.284065,-1.9534774
original,physics,0.1,52,-68.602875,-28.37172
original,physics,0.1,53,-73.37773,-22.096487
original,physics,0.1,54,-67.58373,-29.83028
original,physics,0.1,55,-73.42913,-17.746569
original,physics,0.1,56,-71.67298,-25.011246
original,physics,0.1,57,-71.64521,-24.147762
original,physics,0.1,58,-66.15345,-32.844078
original,physics,0.1,59,-70.758705,-25.839636
original,physics,0.1,60,-74.37266,-5.532594
original,physics,0.1,61,-69.289474,-27.130228
original,physics,0.1,62,-66.29591,-32.372967
original,physics,0.1,63,-71.91595,-23.430439
original,physics,0.1,64,-71.2041,-25.761364
original,physics,0.1,65,-72.04213,-24.479668
original,physics,0.1,66,-73.91239,-14.175123
original,physics,0.1,67,-69.786674,-26.95803
original,physics,0.1,68,-74.21238,-15.959051
original,physics,0.1,69,-72.19878,-24.070234
original,physics,0.1,70,-71.65271,-14.05898
original,physics,0.1,71,-74.40122,-20.793997
original,physics,0.1,72,-68.633224,-28.007816
original,physics,0.1,73,-68.67416,-28.650463
original,physics,0.1,74,-75.47842,-2.704366
original,physics,0.1,75,-70.519264,-26.032095
original,physics,0.1,76,-70.82864,-24.893892
original,physics,0.1,77,-67.02484,-30.519485
original,physics,0.1,78,-73.10189,-22.7506
original,physics,0.1,79,-74.660866,-20.752266
original,physics,0.1,80,-69.079544,-28.877016
original,physics,0.1,81,-73.29718,-21.164057
original,physics,0.1,82,-73.839455,-1.4607846
original,physics,0.1,83,-73.428955,-13.575651
original,physics,0.1,84,-72.94676,-23.19296
original,physics,0.1,85,-71.68058,-24.881395
original,physics,0.1,86,-74.55487,-20.945824
original,physics,0.1,87,-73.77631,-13.456574
original,physics,0.1,88,-67.73476,-30.312904
original,physics,0.1,89,-68.01899,-29.606197
original,physics,0.1,90,-70.78514,-25.069447
original,physics,0.1,91,-74.28777,-9.4126425
original,physics,0.1,92,-71.86194,29.29485
original,physics,0.1,93,-72.040375,-23.783234
original,physics,0.1,94,-72.732735,-22.77748
original,physics,0.1,95,-70.97289,-25.027113
original,physics,0.1,96,-75.786865,-19.179201
original,physics,0.1,97,-65.77346,-33.823673
original,physics,0.1,98,-66.03739,-33.066822
original,physics,0.1,99,-72.089554,-23.540133
original,physics,0.1,100,-72.65448,-22.735415
original,physics,0.1,101,-70.66554,-25.912481
original,physics,0.1,102,-72.68523,-19.232733
original,physics,0.1,103,-72.72578,-5.072929
original,physics,0.1,104,-75.761925,-14.662972
original,physics,0.1,105,-69.91958,-26.71747
original,physics,0.1,106,-66.234474,-30.526518
original,physics,0.1,107,-74.84106,1.1588128
original,physics,0.1,108,-74.83734,-15.403604
original,physics,0.1,109,-65.92281,-33.472202
original,physics,0.1,110,-75.38885,-0.32042113
original,physics,0.1,111,-69.77317,-26.880037
original,physics,0.1,112,-75.4689,-18.568256
original,physics,0.1,113,-73.53289,0.67996246
original,physics,0.1,114,-67.466866,-30.397577
original,physics,0.1,115,-73.850975,-4.168171
original,physics,0.1,116,-69.361275,-26.980087
original,physics,0.1,117,-73.331215,14.651056
original,physics,0.1,118,-72.22441,-23.463972
original,physics,0.1,119,-69.352165,-27.498783
original,physics,0.1,120,-65.05222,-36.01183
original,physics,0.1,121,-66.29104,-32.30128
original,physics,0.1,122,-70.37604,-26.997482
original,physics,0.1,123,-73.62956,0.50282884
original,physics,0.1,124,-72.63162,-16.302382
original,physics,0.1,125,-69.81758,-26.809242
original,physics,0.1,126,-72.863495,-23.405794
original,physics,0.1,127,-71.74789,-24.280403
original,physics,0.1,128,-72.973816,-14.960894
original,physics,0.1,129,-73.80539,8.908729
original,physics,0.1,130,-76.91225,14.9386835
original,physics,0.1,131,-73.60303,-17.792297
original,physics,0.1,132,-72.097725,-24.043438
original,physics,0.1,133,-73.52744,-0.042716477
original,physics,0.1,134,-74.09406,-21.038218
original,physics,0.1,135,-72.622375,-22.884201
original,physics,0.1,136,-70.00446,-26.94607
original,physics,0.1,137,-74.976425,-12.705731
original,physics,0.1,138,-72.68708,-24.15238
original,physics,0.1,139,-75.21492,-0.14094767
original,physics,0.1,140,-71.49661,-24.420729
original,physics,0.1,141,-71.475716,-25.194527
original,physics,0.1,142,-75.39308,-19.68803
original,physics,0.1,143,-71.17114,-24.85448
original,physics,0.1,144,-74.49687,-15.496461
original,physics,0.1,145,-70.24439,-26.58361
original,physics,0.1,146,-74.326294,-12.35054
original,physics,0.1,147,-73.01621,-22.810534
original,physics,0.1,148,-70.277824,-26.726091
original,physics,0.1,149,-75.8209,-14.45566
original,physics,0.1,150,-76.075806,-16.124025
original,physics,0.1,151,-77.857864,6.1996
original,physics,0.1,152,-70.94245,-24.749048
original,physics,0.1,153,-74.80364,-17.363338
original,physics,0.1,154,-72.603,-6.089748
original,physics,0.1,155,-71.97477,-24.580208
original,physics,0.1,156,-74.02777,-14.867881
original,physics,0.1,157,-75.746635,1.4038819
original,physics,0.1,158,-72.75438,-22.73972
original,physics,0.1,159,-73.23672,-16.559221
original,physics,0.1,160,-70.647255,-26.17957
original,physics,0.1,161,-65.96612,-31.562891
original,physics,0.1,162,-77.819824,4.39883
original,physics,0.1,163,-65.842804,-33.780964
original,physics,0.1,164,-75.19842,11.414169
original,physics,0.1,165,-68.491844,-28.973833
original,physics,0.1,166,-73.457344,-15.912063
original,physics,0.1,167,-74.236496,-1.2276075
original,physics,0.1,168,-72.77771,-23.109468
original,physics,0.1,169,-73.100296,18.833418
original,physics,0.1,170,-74.35809,-16.809155
original,physics,0.1,171,-72.55119,-21.515789
original,physics,0.1,172,-69.68175,-27.105124
original,physics,0.1,173,-66.508316,-31.185867
original,physics,0.1,174,-67.10622,-31.120104
original,physics,0.1,175,-69.97702,-26.147114
original,physics,0.1,176,-70.74077,-25.47851
original,physics,0.1,177,-71.63171,-11.659026
original,physics,0.1,178,-72.983925,-22.771315
original,physics,0.1,179,-71.070206,-25.459309
original,physics,0.1,180,-73.11549,-22.304735
original,physics,0.1,181,-75.14897,-11.659583
original,physics,0.1,182,-71.34255,-24.638893
original,physics,0.1,183,-73.80481,-15.084827
original,physics,0.1,184,-69.95711,-27.332886
original,physics,0.1,185,-71.49371,-25.356703
original,physics,0.1,186,-73.9497,-7.4938207
original,physics,0.1,187,-75.74267,3.2640755
original,physics,0.1,188,-73.74236,-8.54713
original,physics,0.1,189,-70.70719,-26.878899
original,physics,0.1,190,-73.77863,-17.49489
original,physics,0.1,191,-73.42932,-18.196589
original,physics,0.1,192,-74.84756,-16.195223
original,physics,0.1,193,-72.84727,-23.350895
original,physics,0.1,194,-72.42719,-23.401634
original,physics,0.1,195,-75.417404,-19.476585
original,physics,0.1,196,-72.280075,-24.046242
original,physics,0.1,197,-67.01851,-31.533524
original,physics,0.1,198,-73.09387,-20.480536
original,physics,0.1,199,-72.255875,-23.272861
original,physics,0.2,0,-63.819115,-38.642036
original,physics,0.2,1,-77.758675,0.9881445
original,physics,0.2,2,-69.797516,-26.814075
original,physics,0.2,3,-74.77287,-16.177448
original,physics,0.2,4,-76.19514,26.936277
original,physics,0.2,5,-66.436066,53.743595
original,physics,0.2,6,-78.292946,-18.469713
original,physics,0.2,7,-75.28949,-17.596106
original,physics,0.2,8,-80.58923,9.811341
original,physics,0.2,9,-73.293846,50.96458
original,physics,0.2,10,-73.29943,49.267754
original,physics,0.2,11,-69.94495,-26.82412
original,physics,0.2,12,-73.053375,6.0431056
original,physics,0.2,13,-75.157364,9.791941
original,physics,0.2,14,-70.983986,-26.545404
original,physics,0.2,15,-76.83078,4.2507696
original,physics,0.2,16,-69.542206,97.793655
original,physics,0.2,17,-74.40872,-19.884033
original,physics,0.2,18,-69.187416,-28.820774
original,physics,0.2,19,-88.91783,111.6272
original,physics,0.2,20,-66.262955,-32.59209
original,physics,0.2,21,-74.45775,-20.157118
original,physics,0.2,22,-66.221924,-32.629517
original,physics,0.2,23,-71.01159,-27.028687
original,physics,0.2,24,-70.652756,-27.204893
original,physics,0.2,25,-69.513054,-28.173418
original,physics,0.2,26,-75.31015,40.211365
original,physics,0.2,27,-71.33868,-26.001957
original,physics,0.2,28,-66.3908,-32.08327
original,physics,0.2,29,-62.788578,-40.091904
original,physics,0.2,30,-68.44951,-28.456537
original,physics,0.2,31,-70.19585,-25.819693
original,physics,0.2,32,-73.23478,-22.341158
original,physics,0.2,33,-70.678085,-25.492104
original,physics,0.2,34,-65.6197,-34.297146
original,physics,0.2,35,-80.62444,-0.7935655
original,physics,0.2,36,-73.50216,16.815966
original,physics,0.2,37,-73.72293,-22.072254
original,physics,0.2,38,-66.42539,-32.735714
original,physics,0.2,39,-69.13046,-28.957174
original,physics,0.2,40,-73.779,-13.207624
original,physics,0.2,41,-71.467026,-25.114296
original,physics,0.2,42,-73.64403,33.08623
original,physics,0.2,43,-70.25555,-25.98037
original,physics,0.2,44,-74.69581,-21.816008
original,physics,0.2,45,-76.77376,40.527386
original,physics,0.2,46,-75.12221,-6.762328
original,physics,0.2,47,-73.42718,56.532707
original,physics,0.2,48,-70.6522,-26.118221
original,physics,0.2,49,-65.352295,80.27378
original,physics,0.2,50,-68.36397,85.53199
original,physics,0.2,51,-68.58012,-30.977682
original,physics,0.2,52,-77.292336,-19.968407
original,physics,0.2,53,-69.19588,-28.745487
original,physics,0.2,54,-33.686134,49.14113
original,physics,0.2,55,-80.56515,17.092379
original,physics,0.2,56,-71.592575,-26.334946
original,physics,0.2,57,-77.24866,1.7044173
original,physics,0.2,58,-80.1127,45.375675
original,physics,0.2,59,-73.15785,15.900453
original,physics,0.2,60,-65.86579,-33.54899
original,physics,0.2,61,-69.30908,-27.819057
original,physics,0.2,62,-76.74492,-18.463556
original,physics,0.2,63,-70.89126,-24.78229
original,physics,0.2,64,-79.24794,45.488373
original,physics,0.2,65,-75.30414,-19.907827
original,physics,0.2,66,-68.57471,-28.159956
original,physics,0.2,67,-66.5286,-32.126205
original,physics,0.2,68,-69.459816,-28.690899
original,physics,0.2,69,-76.07944,0.17356011
original,physics,0.2,70,-71.763664,-9.586401
original,physics,0.2,71,-74.52264,-2.6910758
original,physics,0.2,72,-73.87104,4.0037384
original,physics,0.2,73,-71.36182,-25.461533
original,physics,0.2,74,-74.02504,-21.664272
original,physics,0.2,75,-72.762,-9.124849
original,physics,0.2,76,-72.51447,-14.592576
original,physics,0.2,77,-73.79249,11.063317
original,physics,0.2,78,-75.47736,113.09926
original,physics,0.2,79,-74.5188,-6.606132
original,physics,0.2,80,-62.428623,-40.35907
original,physics,0.2,81,-69.010056,-30.581646
original,physics,0.2,82,-74.12187,-6.949112
original,physics,0.2,83,-75.70575,-12.884014
original,physics,0.2,84,-65.14739,-35.944363
original,physics,0.2,85,-70.68554,-28.023684
original,physics,0.2,86,-64.5096,82.78353
original,physics,0.2,87,-63.81234,-38.61773
original,physics,0.2,88,-65.292854,-33.98644
original,physics,0.2,89,-76.096695,39.12847
original,physics,0.2,90,-81.302795,13.524763
original,physics,0.2,91,-69.75116,-27.549934
original,physics,0.2,92,-65.954056,-33.62919
original,physics,0.2,93,-66.49286,-32.25632
original,physics,0.2,94,-72.78421,-9.017244
original,physics,0.2,95,-71.16298,-24.562878
original,physics,0.2,96,-73.34105,26.858955
original,physics,0.2,97,-71.18611,-26.446487
original,physics,0.2,98,-69.99554,-26.650105
original,physics,0.2,99,-77.30165,-18.066721
original,physics,0.2,100,-72.132454,-23.903801
original,physics,0.2,101,-62.110825,-40.82096
original,physics,0.2,102,-63.657047,-36.0758
original,physics,0.2,103,-64.76104,-36.64704
original,physics,0.2,104,-72.919846,-23.82474
original,physics,0.2,105,-66.151306,-32.80024
original,physics,0.2,106,-75.69867,9.277977
original,physics,0.2,107,-75.10942,15.015566
original,physics,0.2,108,-75.03882,-6.0879097
original,physics,0.2,109,-75.88248,30.113667
original,physics,0.2,110,-73.94932,7.664102
original,physics,0.2,111,-74.4316,-6.3514934
original,physics,0.2,112,-65.510735,-34.60032
original,physics,0.2,113,-66.353325,25.669035
original,physics,0.2,114,-64.44197,-37.681732
original,physics,0.2,115,-65.58913,-34.24903
original,physics,0.2,116,-76.124794,-5.767684
original,physics,0.2,117,-73.26367,8.231141
original,physics,0.2,118,-64.64988,-37.226612
original,physics,0.2,119,-74.24906,22.944506
original,physics,0.2,120,-77.581154,60.504295
original,physics,0.2,121,-71.54992,-24.362446
original,physics,0.2,122,-75.292786,14.793566
original,physics,0.2,123,-75.46975,-17.489233
original,physics,0.2,124,-71.43388,-21.27278
original,physics,0.2,125,-63.379528,-32.355892
original,physics,0.2,126,-64.907936,-36.59445
original,physics,0.2,127,-71.452255,-15.643774
original,physics,0.2,128,-65.37475,-35.07623
original,physics,0.2,129,-70.30264,37.88904
original,physics,0.2,130,-64.87389,-31.092957
original,physics,0.2,131,-74.39373,0.8998687
original,physics,0.2,132,-75.98851,-19.10858
original,physics,0.2,133,-73.051575,59.447605
original,physics,0.2,134,-65.76912,-33.736847
original,physics,0.2,135,-74.151955,-21.295168
original,physics,0.2,136,-74.13586,-15.08061
original,physics,0.2,137,-81.396225,16.17205
original,physics,0.2,138,-73.12726,-22.848677
original,physics,0.2,139,-65.03943,-36.02937
original,physics,0.2,140,-64.52956,-37.568558
original,physics,0.2,141,-66.38282,-32.106445
original,physics,0.2,142,-75.58407,-19.684269
original,physics,0.2,143,-69.55655,29.162565
original,physics,0.2,144,-53.922695,52.418007
original,physics,0.2,145,-66.007164,-33.293358
original,physics,0.2,146,-67.01983,-30.83746
original,physics,0.2,147,-72.73934,-11.792805
original,physics,0.2,148,-78.645454,-5.3332067
original,physics,0.2,149,-67.1985,-31.135843
original,physics,0.2,150,-74.13836,-21.586937
original,physics,0.2,151,-67.99768,-29.655693
original,physics,0.2,152,-72.73815,-22.930775
original,physics,0.2,153,-78.65956,1.4139463
original,physics,0.2,154,-69.81513,-27.424757
original,physics,0.2,155,-74.361786,-17.879328
original,physics,0.2,156,-73.43674,6.740416
original,physics,0.2,157,-74.50172,0.466918
original,physics,0.2,158,-74.7397,-21.190773
original,physics,0.2,159,-66.56616,-31.537594
original,physics,0.2,160,-64.8403,-34.025505
original,physics,0.2,161,-68.61374,-29.337637
original,physics,0.2,162,-67.94738,18.965841
original,physics,0.2,163,-74.37275,-20.861502
original,physics,0.2,164,-86.80617,71.80797
original,physics,0.2,165,-63.57041,-39.10425
original,physics,0.2,166,-67.08452,-30.748152
original,physics,0.2,167,-78.97634,18.9436
original,physics,0.2,168,-82.785286,104.733376
original,physics,0.2,169,-63.8327,-33.16951
original,physics,0.2,170,-67.36405,-30.783825
original,physics,0.2,171,-73.18272,7.401401
original,physics,0.2,172,-69.55248,-26.737211
original,physics,0.2,173,-80.220726,0.64365375
original,physics,0.2,174,-66.182045,-32.990482
original,physics,0.2,175,-74.233055,9.996528
original,physics,0.2,176,-66.012955,-32.654884
original,physics,0.2,177,-71.399635,-25.490881
original,physics,0.2,178,-73.94656,18.043453
original,physics,0.2,179,-81.80462,9.973632
original,physics,0.2,180,-70.255936,-25.835197
original,physics,0.2,181,-69.08683,-28.32049
original,physics,0.2,182,-58.067837,45.193245
original,physics,0.2,183,-76.159096,-20.395304
original,physics,0.2,184,-66.52407,-32.09909
original,physics,0.2,185,-73.856766,34.499268
original,physics,0.2,186,-71.85034,13.283249
original,physics,0.2,187,-68.83915,-27.821825
original,physics,0.2,188,-72.75254,54.05102
original,physics,0.2,189,-84.74012,86.09127
original,physics,0.2,190,-71.11606,-23.064726
original,physics,0.2,191,-85.73948,23.93002
original,physics,0.2,192,-71.653534,-24.937315
original,physics,0.2,193,-64.24199,-38.077858
original,physics,0.2,194,-73.54222,-12.67822
original,physics,0.2,195,-64.25398,-38.049343
original,physics,0.2,196,-73.67224,-7.092165
original,physics,0.2,197,-79.65913,-16.679722
original,physics,0.2,198,-73.44832,-16.422081
original,physics,0.2,199,-72.53036,7.032911
original,physics,0.5,0,-82.582535,56.69451
original,physics,0.5,1,-81.42918,139.96545
original,physics,0.5,2,-34.19285,68.57475
original,physics,0.5,3,-78.83679,66.465
original,physics,0.5,4,-60.901726,-42.30142
original,physics,0.5,5,-52.68469,135.17195
original,physics,0.5,6,-73.80479,-26.078014
original,physics,0.5,7,-56.38768,-44.060513
original,physics,0.5,8,-73.66724,-8.152284
original,physics,0.5,9,-64.60045,-37.305004
original,physics,0.5,10,-104.10472,125.72368
original,physics,0.5,11,-78.18395,-10.925239
original,physics,0.5,12,-43.361042,8.753475
original,physics,0.5,13,-59.324738,-43.957912
original,physics,0.5,14,-83.87438,-5.4631615
original,physics,0.5,15,-71.363174,-26.304407
original,physics,0.5,16,-109.60414,120.378365
original,physics,0.5,17,-75.48934,-9.418818
original,physics,0.5,18,-59.726753,-42.06826
original,physics,0.5,19,-64.74829,-36.68905
original,physics,0.5,20,-65.60996,-34.829754
original,physics,0.5,21,-88.73842,83.46744
original,physics,0.5,22,-82.71172,58.738598
original,physics,0.5,23,-30.027348,1.7048906
original,physics,0.5,24,-98.13755,115.497185
original,physics,0.5,25,-83.615,107.43046
original,physics,0.5,26,-71.86835,-18.180515
original,physics,0.5,27,-113.097496,140.34344
original,physics,0.5,28,-68.560814,-31.444283
original,physics,0.5,29,-109.9686,122.86906
original,physics,0.5,30,-63.84403,-39.000275
original,physics,0.5,31,-83.849686,45.495518
original,physics,0.5,32,-65.079994,-35.90545
original,physics,0.5,33,-87.99075,126.700134
original,physics,0.5,34,-77.11193,-22.548105
original,physics,0.5,35,-68.44778,-31.504005
original,physics,0.5,36,-73.83304,13.967316
original,physics,0.5,37,-83.17944,68.19133
original,physics,0.5,38,-62.010715,-33.320957
original,physics,0.5,39,-65.002205,24.041935
original,physics,0.5,40,-63.735012,-38.665356
original,physics,0.5,41,-56.62204,-47.1343
original,physics,0.5,42,-102.51236,124.04184
original,physics,0.5,43,-36.22564,-15.518036
original,physics,0.5,44,-96.69072,80.78779
original,physics,0.5,45,-83.29262,9.856201
original,physics,0.5,46,-62.243298,-33.119476
original,physics,0.5,47,-58.52404,-45.953835
original,physics,0.5,48,-92.08453,137.9329
original,physics,0.5,49,-59.139633,-44.34348
original,physics,0.5,50,-86.32604,19.553074
original,physics,0.5,51,-60.806557,-43.17829
original,physics,0.5,52,-78.19436,-19.065248
original,physics,0.5,53,-64.08958,-38.571144
original,physics,0.5,54,-61.137768,-42.012543
original,physics,0.5,55,-83.80616,-14.104196
original,physics,0.5,56,-78.356445,-21.250853
original,physics,0.5,57,-61.461044,-41.83074
original,physics,0.5,58,-92.62956,80.475136
original,physics,0.5,59,-85.81778,71.52566
original,physics,0.5,60,-97.94993,116.646935
original,physics,0.5,61,-56.709766,-49.065956
original,physics,0.5,62,-96.38057,111.94811
original,physics,0.5,63,-62.66915,-41.030975
original,physics,0.5,64,-92.769684,41.87551
original,physics,0.5,65,-96.838875,132.81293
original,physics,0.5,66,-63.54049,5.399652
original,physics,0.5,67,-64.120026,-37.21129
original,physics,0.5,68,-28.250427,83.3598
original,physics,0.5,69,-106.839066,117.33036
original,physics,0.5,70,-73.41676,-21.868916
original,physics,0.5,71,-63.527737,-30.350567
original,physics,0.5,72,-71.278725,-26.344728
original,physics,0.5,73,-77.69867,-10.5201025
original,physics,0.5,74,-90.924965,105.22609
original,physics,0.5,75,-56.38407,109.698
original,physics,0.5,76,-75.60094,31.889933
original,physics,0.5,77,-69.90931,-28.215672
original,physics,0.5,78,-71.7156,-28.20395
original,physics,0.5,79,-61.976536,-41.084263
original,physics,0.5,80,-66.57498,-33.42415
original,physics,0.5,81,-65.652824,-34.602314
original,physics,0.5,82,-58.170555,112.641594
original,physics,0.5,83,-57.847675,-45.616413
original,physics,0.5,84,-100.541245,63.514927
original,physics,0.5,85,-67.930016,-30.357914
original,physics,0.5,86,-1.5282797,0.12327397
original,physics,0.5,87,-16.650667,-24.164877
original,physics,0.5,88,6.7573476,15.025324
original,physics,0.5,89,-82.63849,-3.2916412
original,physics,0.5,90,-73.94662,-26.728918
original,physics,0.5,91,-74.26325,-3.3210146
original,physics,0.5,92,-46.433178,89.64645
original,physics,0.5,93,-58.63758,-45.86653
original,physics,0.5,94,-84.2485,146.10551
original,physics,0.5,95,-80.63244,-16.465208
original,physics,0.5,96,-60.29727,-43.369743
original,physics,0.5,97,-83.4018,-11.708455
original,physics,0.5,98,-82.86094,132.59279
original,physics,0.5,99,-60.57356,-42.822483
original,physics,0.5,100,-62.009136,-40.851982
original,physics,0.5,101,-53.4946,-51.153866
original,physics,0.5,102,-98.31424,34.055294
original,physics,0.5,103,-60.2567,-43.03915
original,physics,0.5,104,5.532774,4.708567
original,physics,0.5,105,-66.8908,-33.209183
original,physics,0.5,106,-98.04452,108.49805
original,physics,0.5,107,-56.668087,-47.57375
original,physics,0.5,108,-81.89094,-14.848862
original,physics,0.5,109,-72.8538,-23.96336
original,physics,0.5,110,-65.09452,-35.919006
original,physics,0.5,111,-73.10555,110.604225
original,physics,0.5,112,-64.56203,-37.544
original,physics,0.5,113,-86.81726,43.11396
original,physics,0.5,114,-69.12276,-30.420862
original,physics,0.5,115,-59.666557,-45.880676
original,physics,0.5,116,-74.834015,-20.294945
original,physics,0.5,117,-72.51139,-28.960413
original,physics,0.5,118,-91.69648,135.74387
original,physics,0.5,119,-62.004093,-40.829926
original,physics,0.5,120,-75.67907,-19.937403
original,physics,0.5,121,-59.52975,-44.22484
original,physics,0.5,122,-62.728966,-40.154377
original,physics,0.5,123,-2.2292874,38.944572
original,physics,0.5,124,-74.201004,0.8352988
original,physics,0.5,125,-70.332146,-27.00428
original,physics,0.5,126,-77.47968,57.55058
original,physics,0.5,127,-78.79894,137.4629
original,physics,0.5,128,-53.778484,-50.662243
original,physics,0.5,129,-67.91997,132.03032
original,physics,0.5,130,-95.8772,140.91618
original,physics,0.5,131,-67.47181,97.41478
original,physics,0.5,132,-72.00458,-25.238127
original,physics,0.5,133,-88.03643,115.30452
original,physics,0.5,134,-61.298584,-41.925068
original,physics,0.5,135,-11.342099,-49.190296
original,physics,0.5,136,-70.75551,-26.050402
original,physics,0.5,137,-67.644554,-31.905952
original,physics,0.5,138,-58.35568,-45.92833
original,physics,0.5,139,-98.60444,88.72601
original,physics,0.5,140,-92.44467,82.663826
original,physics,0.5,141,-75.15931,-3.2414336
original,physics,0.5,142,-78.49646,127.93724
original,physics,0.5,143,-65.07686,-32.156845
original,physics,0.5,144,-66.40474,-31.236053
original,physics,0.5,145,-24.983154,25.60413
original,physics,0.5,146,-59.17269,-44.528267
original,physics,0.5,147,-73.559296,-3.9592934
original,physics,0.5,148,-65.01929,-31.080378
original,physics,0.5,149,-79.23567,-18.627266
original,physics,0.5,150,-76.78278,81.69768
original,physics,0.5,151,-65.97812,-32.47536
original,physics,0.5,152,-61.21554,-42.214474
original,physics,0.5,153,-69.18292,-28.905235
original,physics,0.5,154,-55.231647,-49.115765
original,physics,0.5,155,-90.98654,96.32058
original,physics,0.5,156,-63.001167,-39.60287
original,physics,0.5,157,-77.29735,-22.339375
original,physics,0.5,158,-113.53394,128.55199
original,physics,0.5,159,-10.179891,-12.219369
original,physics,0.5,160,-64.61005,-37.22391
original,physics,0.5,161,-82.05232,132.16095
original,physics,0.5,162,-64.20016,-38.197968
original,physics,0.5,163,-64.89286,-36.57111
original,physics,0.5,164,-86.295525,-20.88588
original,physics,0.5,165,-71.691216,-25.185835
original,physics,0.5,166,-61.093903,-42.025036
original,physics,0.5,167,-68.79901,-29.698406
original,physics,0.5,168,-74.573105,-24.28147
original,physics,0.5,169,-66.82125,98.29784
original,physics,0.5,170,-85.53794,33.92636
original,physics,0.5,171,-70.82298,-25.418274
original,physics,0.5,172,-60.276905,-43.775078
original,physics,0.5,173,-77.18471,-20.710196
original,physics,0.5,174,-64.196846,97.26429
original,physics,0.5,175,-75.925896,-23.803349
original,physics,0.5,176,-63.841633,-38.608032
original,physics,0.5,177,-115.622215,89.49762
original,physics,0.5,178,-67.15098,-31.27789
original,physics,0.5,179,-75.12515,-14.06292
original,physics,0.5,180,-64.92788,-33.519184
original,physics,0.5,181,-57.782127,-39.16025
original,physics,0.5,182,-101.87811,4.7182207
original,physics,0.5,183,-91.1855,138.16345
original,physics,0.5,184,-68.28193,-31.707626
original,physics,0.5,185,-80.74647,-15.44095
original,physics,0.5,186,-78.00329,-21.668228
original,physics,0.5,187,-56.67136,-46.95453
original,physics,0.5,188,-83.20591,6.7330575
original,physics,0.5,189,-116.82974,59.911385
original,physics,0.5,190,-63.99464,-38.36435
original,physics,0.5,191,-104.89738,92.840645
original,physics,0.5,192,-68.59494,-28.174717
original,physics,0.5,193,-71.420555,-24.328283
original,physics,0.5,194,-29.847197,92.24482
original,physics,0.5,195,-61.805637,-38.07906
original,physics,0.5,196,-77.71494,-18.697374
original,physics,0.5,197,-57.698788,-45.543915
original,physics,0.5,198,-84.41562,-11.814235
original,physics,0.5,199,-105.14157,76.06308
original,physics,1.0,0,-115.28815,151.64227
original,physics,1.0,1,-156.63927,84.09285
original,physics,1.0,2,-64.220505,-37.97266
original,physics,1.0,3,52.201797,17.967205
original,physics,1.0,4,-122.910904,137.86841
original,physics,1.0,5,-43.44633,-60.650234
original,physics,1.0,6,-133.77557,144.8576
original,physics,1.0,7,2.3565686,112.75306
original,physics,1.0,8,-61.749817,-45.722073
original,physics,1.0,9,-112.49517,159.10004
original,physics,1.0,10,-32.923386,118.50329
original,physics,1.0,11,-79.08281,7.9638085
original,physics,1.0,12,-59.80619,-45.85632
original,physics,1.0,13,-62.785027,-40.114353
original,physics,1.0,14,-17.736404,-40.720406
original,physics,1.0,15,-101.80992,2.9167843
original,physics,1.0,16,-138.83179,153.25063
original,physics,1.0,17,-63.480892,-61.874924
original,physics,1.0,18,-118.54066,126.28773
original,physics,1.0,19,-122.58626,75.69185
original,physics,1.0,20,78.985725,135.63042
original,physics,1.0,21,-117.94294,13.578068
original,physics,1.0,22,-91.17566,122.23249
original,physics,1.0,23,-56.6575,-48.10856
original,physics,1.0,24,-90.68752,129.5262
original,physics,1.0,25,-69.02202,-41.065525
original,physics,1.0,26,-43.59976,-62.85728
original,physics,1.0,27,-46.722683,-18.97619
original,physics,1.0,28,-61.44249,39.919724
original,physics,1.0,29,-116.23411,148.34433
original,physics,1.0,30,-56.637928,-49.30079
original,physics,1.0,31,-108.29519,134.00467
original,physics,1.0,32,-58.73067,-46.449944
original,physics,1.0,33,-74.058105,-21.2166
original,physics,1.0,34,-89.07014,96.98263
original,physics,1.0,35,-47.9312,-22.539896
original,physics,1.0,36,-43.259003,77.3142
original,physics,1.0,37,-80.48548,143.47694
original,physics,1.0,38,-66.92264,-31.855646
original,physics,1.0,39,-53.780766,-54.67431
original,physics,1.0,40,-74.32021,-34.45562
original,physics,1.0,41,-62.13582,-32.09182
original,physics,1.0,42,-83.667114,10.331632
original,physics,1.0,43,-110.927025,84.78859
original,physics,1.0,44,-56.812637,-48.484562
original,physics,1.0,45,-63.730114,-39.320812
original,physics,1.0,46,-35.779858,79.4543
original,physics,1.0,47,-81.74007,32.903004
original,physics,1.0,48,-113.15801,130.62022
original,physics,1.0,49,-77.917625,-16.886923
original,physics,1.0,50,-90.68955,97.31957
original,physics,1.0,51,-58.09038,-45.359383
original,physics,1.0,52,-59.29811,-44.546375
original,physics,1.0,53,-58.21084,-47.47693
original,physics,1.0,54,-43.322334,128.24347
original,physics,1.0,55,-106.07267,128.09448
original,physics,1.0,56,-52.14953,-53.66693
original,physics,1.0,57,-59.774254,-39.288067
original,physics,1.0,58,-61.78107,-41.66622
original,physics,1.0,59,-62.22927,-27.320946
original,physics,1.0,60,-100.90492,142.1372
original,physics,1.0,61,-133.55566,139.83026
original,physics,1.0,62,-51.715996,-53.720608
original,physics,1.0,63,-72.36745,-23.32359
original,physics,1.0,64,-104.21159,155.87971
original,physics,1.0,65,-63.64636,-41.165154
original,physics,1.0,66,-12.412635,-97.499016
original,physics,1.0,67,-122.479706,136.60445
original,physics,1.0,68,-107.26995,117.85889
original,physics,1.0,69,-100.44394,58.86761
original,physics,1.0,70,-53.18104,-51.129047
original,physics,1.0,71,-142.6422,142.87859
original,physics,1.0,72,-111.0288,112.82297
original,physics,1.0,73,-105.17775,80.843124
original,physics,1.0,74,-135.15616,155.09175
original,physics,1.0,75,-59.26058,-41.226543
original,physics,1.0,76,-105.45681,78.97199
original,physics,1.0,77,-133.51707,148.02551
original,physics,1.0,78,-52.968777,-52.757072
original,physics,1.0,79,-58.341496,-46.088413
original,physics,1.0,80,-112.24215,64.66635
original,physics,1.0,81,-83.56084,-14.114158
original,physics,1.0,82,-56.454456,-47.396587
original,physics,1.0,83,-87.10338,147.43596
original,physics,1.0,84,-41.808723,-60.946526
original,physics,1.0,85,-55.662273,-48.25322
original,physics,1.0,86,-74.651024,60.554253
original,physics,1.0,87,-70.3122,32.61009
original,physics,1.0,88,-90.77258,18.999
original,physics,1.0,89,-145.27417,155.27676
original,physics,1.0,90,-96.040924,144.29788
original,physics,1.0,91,-70.32657,131.45024
original,physics,1.0,92,-60.105297,-44.854725
original,physics,1.0,93,-52.811707,-52.386185
original,physics,1.0,94,-98.59532,-17.30771
original,physics,1.0,95,-119.13004,163.44644
original,physics,1.0,96,-63.238594,-30.453325
original,physics,1.0,97,-53.88816,-49.80435
original,physics,1.0,98,-64.61148,-42.936714
original,physics,1.0,99,67.89092,7.888758
original,physics,1.0,100,-149.60371,162.8716
original,physics,1.0,101,-47.986675,66.17544
original,physics,1.0,102,-114.32369,132.46461
original,physics,1.0,103,-56.549885,-47.096
original,physics,1.0,104,-85.43249,58.707302
original,physics,1.0,105,-82.658066,156.78676
original,physics,1.0,106,-58.554146,-41.796803
original,physics,1.0,107,-58.224625,-49.039764
original,physics,1.0,108,81.20458,32.05011
original,physics,1.0,109,-92.21704,52.371357
original,physics,1.0,110,-58.36706,-45.414776
original,physics,1.0,111,-119.43151,27.855553
original,physics,1.0,112,-63.34073,-39.301964
original,physics,1.0,113,82.09697,-43.85978
original,physics,1.0,114,-97.95443,-115.76809
original,physics,1.0,115,79.140656,-1.5751755
original,physics,1.0,116,-121.933525,147.94019
original,physics,1.0,117,-165.67236,-107.32548
original,physics,1.0,118,-73.65978,-1.8835696
original,physics,1.0,119,-46.481922,-59.50441
original,physics,1.0,120,32.34774,-160.25278
original,physics,1.0,121,-61.789062,-41.91082
original,physics,1.0,122,81.01703,11.980391
original,physics,1.0,123,-117.468925,130.01988
original,physics,1.0,124,46.309082,38.576653
original,physics,1.0,125,-60.644054,-45.26919
original,physics,1.0,126,-60.73849,-42.469536
original,physics,1.0,127,-55.991856,-48.507397
original,physics,1.0,128,-62.884117,-44.06717
original,physics,1.0,129,-107.68707,123.28516
original,physics,1.0,130,-47.056976,77.170456
original,physics,1.0,131,-121.71338,128.10692
original,physics,1.0,132,-99.44122,51.951706
original,physics,1.0,133,-102.47861,4.053772
original,physics,1.0,134,-31.423136,-8.82532
original,physics,1.0,135,-77.894684,135.41814
original,physics,1.0,136,-130.1361,139.2298
original,physics,1.0,137,-69.12153,-30.035305
original,physics,1.0,138,-140.08372,148.88153
original,physics,1.0,139,-66.26978,-40.112827
original,physics,1.0,140,-44.13526,-62.323185
original,physics,1.0,141,-105.16289,120.61064
original,physics,1.0,142,-113.95969,127.3522
original,physics,1.0,143,-43.987633,-62.11416
original,physics,1.0,144,-56.973984,-46.819458
original,physics,1.0,145,-63.404064,-37.00283
original,physics,1.0,146,-56.029396,-47.721706
original,physics,1.0,147,-102.58193,133.25975
original,physics,1.0,148,-92.1625,50.182335
original,physics,1.0,149,68.0155,31.131319
original,physics,1.0,150,-137.13313,149.06894
original,physics,1.0,151,-96.627174,149.29822
original,physics,1.0,152,-48.742405,-57.229256
original,physics,1.0,153,-51.25206,-53.989346
original,physics,1.0,154,-82.997475,131.22852
original,physics,1.0,155,-61.765636,-36.710323
original,physics,1.0,156,-52.54887,-44.540638
original,physics,1.0,157,-76.51636,15.437486
original,physics,1.0,158,-164.52951,104.08489
original,physics,1.0,159,-113.8751,124.751724
original,physics,1.0,160,-59.38749,-45.52902
original,physics,1.0,161,-115.771324,132.19598
original,physics,1.0,162,-78.658325,-20.8932
original,physics,1.0,163,-119.94436,113.6475
original,physics,1.0,164,-119.30321,-68.40831
original,physics,1.0,165,-116.06741,154.8083
original,physics,1.0,166,-121.97852,131.65094
original,physics,1.0,167,32.765724,7.0466566
original,physics,1.0,168,-73.64527,-26.28861
original,physics,1.0,169,-3.764132,92.407616
original,physics,1.0,170,-59.313663,-45.320595
original,physics,1.0,171,-147.69077,164.55266
original,physics,1.0,172,-120.23182,126.92069
original,physics,1.0,173,-47.44063,-57.96881
original,physics,1.0,174,-124.56389,133.07948
original,physics,1.0,175,-59.793438,-37.156715
original,physics,1.0,176,-64.232864,-38.27011
original,physics,1.0,177,-111.09258,121.47378
original,physics,1.0,178,-88.2499,136.10378
original,physics,1.0,179,-78.09439,15.058718
original,physics,1.0,180,-61.870625,-41.043888
original,physics,1.0,181,-82.66504,75.76357
original,physics,1.0,182,-93.08774,167.45732
original,physics,1.0,183,-120.66377,129.54123
original,physics,1.0,184,93.993774,17.073792
original,physics,1.0,185,35.82106,24.15219
original,physics,1.0,186,-91.58116,70.82242
original,physics,1.0,187,-103.98095,98.38508
original,physics,1.0,188,-83.36306,-22.569422
original,physics,1.0,189,-123.596016,136.23558
original,physics,1.0,190,-61.039486,-37.224556
original,physics,1.0,191,-70.03382,-28.149237
original,physics,1.0,192,-57.795616,-45.73218
original,physics,1.0,193,-58.433334,-47.097496
original,physics,1.0,194,-76.24602,-23.498812
original,physics,1.0,195,-61.332787,-41.716988
original,physics,1.0,196,-78.709526,-20.850069
original,physics,1.0,197,-33.144047,-159.37262
original,physics,1.0,198,-48.785088,-56.76195
original,physics,1.0,199,-84.24914,132.68983
